PDB ID,Ln.K_f.,HYDROPHOBICITY,MOLECULAR_WEIGHT,DEGREE,WEIGHTED_DEGREE,RESIDUE_FREQUENCY,CLUSTERING_COEFFICIENT
1AEY,2.09,0.7178387798,0.7464424304,0.7270508251,0.6985102534,0.8862170321,0.8840338039
1APS,1.48,0.660275837,0.7258378526,0.6495468948,0.6261952655,0.7632889947,0.8270498759
1AYE,6.8,0.8840606023,0.8202428632,0.8175130933,0.7742528056,0.9085271882,0.9275807531
1BDD,11.75,0.7877574893,0.8553675144,0.8755664559,0.8295691491,0.8710166754,0.9664340281
1BRS,3.4,0.7789015129,0.7748744226,0.7947394219,0.7954855244,0.8625292241,0.9164754945
1C8C,6.91,0.7163899894,0.7761526214,0.7615051696,0.7101756804,0.8424272432,0.8961407278
1C9O,7.2,0.6571969597,0.7562723098,0.711400328,0.6796028529,0.7709784636,0.8341963155
1CIS,3.87,0.6553427726,0.7488320051,0.7466234637,0.7498805809,0.7429655876,0.8679584903
1COA,3.87,0.6909160461,0.7593450095,0.7847528741,0.739924344,0.7316221273,0.8680355675
1CSP,6.98,0.6550065798,0.7490728724,0.7134027897,0.6468590299,0.7526348366,0.8489536939
1DIV,6.58,0.805236146,0.8413535529,0.8207981279,0.787528836,0.8869072402,0.9229519968
1EBD,9.68,0.9496493347,0.907892768,0.8977081881,0.8361536991,0.9569302485,0.959841449
1ENH,10.53,0.834981563,0.8949076344,0.8186676173,0.7473064779,0.8757520959,0.9630620393
1FKB,1.46,0.6259547242,0.7541115782,0.6830232075,0.6632691073,0.7401062938,0.8025127471
1G6P,6.3,0.5862866819,0.7417184551,0.6445414788,0.6332513703,0.8138812739,0.8418521504
1HDN,2.7,0.632600109,0.7421689097,0.7204224295,0.6813641804,0.7587049581,0.8390946273
1HRC,8.76,0.9026807973,0.8834681806,0.8623333753,0.7807975015,0.9422479728,0.941005074
1HZ6,4.1,0.7284324843,0.8074616699,0.8027388411,0.6732192999,0.8147934186,0.9264108044
1IMQ,7.31,0.9003814879,0.9013578706,0.886204558,0.783692278,0.9326668007,0.9347684088
1LMB,8.5,0.8626113405,0.8648042914,0.8755008157,0.7922869791,0.8643853188,0.9479879957
1LOP,6.6,0.7822598882,0.8500082798,0.8393307493,0.75578359,0.8971695649,0.8870688006
1MJC,5.24,0.6618460228,0.7739638465,0.7480926783,0.6543830386,0.8427226765,0.8957931178
1NYF,4.54,0.7429220887,0.7841073255,0.7597524893,0.7792030031,0.8512887693,0.8650200393
1PBA,6.8,0.7073972244,0.8046476016,0.8089234158,0.762811668,0.777152123,0.9138491011
1PCA,6.8,0.8782906194,0.8034774615,0.8273776741,0.7811508467,0.888696756,0.9157012974
1PGB,6,0.7633687163,0.8504292396,0.8138067173,0.6664907371,0.8049733251,0.9413536069
1PIN,9.44,0.7831454561,0.8559282068,0.8653240534,0.7421158548,0.882160128,0.9257600581
1PKS,1.05,0.6426383854,0.7634475802,0.7466906594,0.7591327564,0.8274892096,0.8610021642
1PNJ,1.10,0.7493905615,0.7946065481,0.8046322608,0.7795823754,0.8260775026,0.9119771436
1POH,2.7,0.6944739232,0.7716981975,0.7288755692,0.6449661371,0.8168913802,0.860584745
1RIS,5.9,0.6897477567,0.787557785,0.7814927611,0.7912535475,0.7919189554,0.8497901407
1SHF,4.5,0.7109970998,0.7711931156,0.7161381933,0.7233301113,0.8401597518,0.874052732
1SHG,1.41,0.6720593786,0.7700500383,0.6733685516,0.708031251,0.8453809157,0.8506930723
1SRL,4.04,0.7855407942,0.7181138176,0.6965928706,0.6882938278,0.8560486516,0.8347549507
1TEN,1.06,0.7077617288,0.7661389452,0.7287765578,0.6166409688,0.8598379712,0.8760976257
1TIT,3.47,0.5079966241,0.6677839938,0.681371518,0.6335901619,0.7320684407,0.8106296709
1UBQ,7.33,0.7426714917,0.8798028857,0.7950733197,0.7788187036,0.7783364397,0.9030093222
1URN,5.73,0.8304638003,0.842609643,0.853687865,0.7711180615,0.8635964558,0.9291774035
1VII,11.52,0.8652066739,0.8610029506,0.8420279676,0.8092364769,0.8894645332,0.9495020576
1VIK,6.8,0.7551488954,0.8397580244,0.7915126455,0.7648565511,0.8221099345,0.9180387623
1WIT,0.41,0.6185647512,0.7014150052,0.6668326733,0.6461960136,0.7663066034,0.8316774902
1YCC,9.62,0.9229564584,0.8666629005,0.8456084242,0.7483900992,0.9349570516,0.9247447704
256B,12.2,0.8001091014,0.8392616493,0.8511076094,0.7738357145,0.84470414,0.9242319431
2ABD,6.55,0.7531858233,0.7901803631,0.8175791323,0.7397652995,0.8305775157,0.9058356498
2ACY,0.92,0.6109317138,0.6712334284,0.6720799847,0.655555492,0.7332415876,0.805028724
2AIT,4.2,0.6785649492,0.7170366094,0.6945915052,0.7225166836,0.7897304277,0.8378455653
2CI2,3.9,0.7193325234,0.7590028723,0.7796155977,0.7370333538,0.7499618981,0.8710722171
2HQI,0.18,0.6617021142,0.7397021303,0.7168461122,0.6596982432,0.7965537685,0.8230922092
2PDD,9.8,0.7257907575,0.8447414192,0.7620057454,0.6859626437,0.8561877092,0.8704130828
2PTL,4.1,0.772515173,0.8516197878,0.8381265607,0.7077722293,0.8675817834,0.9251282369
2VIK,6.8,0.7752180964,0.7776441622,0.7979405301,0.7493249539,0.8624630059,0.8965735249
3MEF,5.3,0.6934786599,0.7668384783,0.765500742,0.7376365098,0.783923327,0.8955093073
