 0.00, 3.74, 6.42, 9.46, 11.98, 15.77, 16.23, 19.97, 22.42, 25.58, 28.83, 29.41, 32.72, 34.31, 32.60, 29.71, 26.58, 24.15, 20.40, 18.79, 15.51, 14.02, 11.64, 8.00, 8.47, 6.52, 8.65, 8.09, 11.11, 11.34, 11.08, 13.02, 15.40, 17.73, 20.89, 24.16, 26.96, 25.56, 28.07, 28.60, 26.09, 26.94, 26.46, 22.95, 22.37, 18.99, 18.71, 16.34, 15.92, 15.51, 13.15, 16.30, 17.09, 16.72, 19.32, 20.92, 24.51, 25.55, 29.27, 31.75, 30.56, 33.13, 34.89, 34.69, 31.79, 28.69, 25.42, 21.84, 18.80, 15.28, 12.21, 8.95, 6.62, 7.36, 7.79, 10.73, 10.77, 7.13, 6.01, 4.46, 7.66, 10.37, 12.11, 15.86, 18.97, 22.60, 25.37, 29.03, 31.15
 3.74, 0.00, 3.89, 6.71, 8.52, 12.31, 13.22, 16.98, 19.77, 22.83, 26.24, 27.00, 30.48, 32.30, 30.89, 27.90, 24.53, 21.98, 18.19, 16.28, 12.75, 11.10, 9.41, 5.68, 6.49, 6.42, 9.36, 9.32, 12.62, 12.04, 11.08, 13.26, 14.84, 17.31, 20.01, 23.34, 25.90, 24.37, 27.13, 28.05, 25.93, 27.08, 26.24, 22.87, 22.33, 19.20, 18.79, 16.86, 15.92, 15.76, 13.06, 15.63, 16.04, 14.88, 17.43, 19.41, 22.92, 24.17, 27.95, 30.60, 29.23, 31.74, 33.15, 32.75, 30.07, 26.89, 23.82, 20.32, 17.32, 14.11, 11.10, 8.78, 6.93, 9.28, 10.53, 13.86, 14.21, 10.56, 8.50, 5.58, 7.64, 9.64, 10.18, 13.99, 16.69, 20.44, 23.06, 26.83, 29.04
 6.42, 3.89, 0.00, 3.90, 6.32, 9.87, 9.95, 13.69, 16.21, 19.46, 22.86, 23.37, 26.80, 28.50, 27.13, 24.24, 20.89, 18.58, 14.73, 13.26, 10.03, 9.46, 8.56, 5.92, 8.53, 9.18, 11.33, 10.30, 12.87, 11.16, 9.06, 10.70, 11.55, 13.87, 16.32, 19.63, 22.13, 20.66, 23.56, 24.53, 22.66, 23.87, 22.78, 19.51, 19.06, 16.20, 15.99, 14.68, 13.91, 14.59, 12.47, 14.85, 14.33, 12.79, 14.69, 16.34, 19.66, 20.66, 24.40, 26.96, 25.45, 27.89, 29.27, 28.87, 26.19, 23.04, 19.95, 16.49, 13.46, 10.37, 7.48, 6.01, 5.59, 9.03, 11.52, 14.75, 15.09, 11.60, 8.49, 5.27, 6.22, 6.67, 6.61, 10.29, 12.94, 16.66, 19.25, 22.99, 25.20
 9.46, 6.71, 3.90, 0.00, 3.83, 7.06, 7.02, 10.69, 13.34, 16.26, 19.58, 20.49, 23.99, 26.04, 24.68, 21.52, 18.03, 15.34, 11.58, 9.60, 6.21, 5.79, 5.59, 4.76, 8.25, 9.90, 11.47, 10.55, 12.82, 10.50, 8.21, 10.36, 10.50, 13.35, 15.35, 18.88, 21.43, 20.38, 23.66, 24.61, 23.26, 24.28, 22.61, 19.38, 18.43, 15.72, 14.84, 13.77, 12.20, 12.93, 10.74, 12.32, 11.34, 9.22, 11.15, 13.26, 16.60, 18.08, 21.89, 24.77, 23.47, 26.14, 27.31, 27.13, 24.78, 21.88, 18.81, 15.74, 12.42, 10.17, 7.08, 7.18, 6.65, 10.37, 13.00, 16.43, 17.45, 14.33, 11.24, 8.70, 9.67, 8.82, 7.50, 10.32, 12.01, 15.58, 17.51, 21.22, 23.07
 11.98, 8.52, 6.32, 3.83, 0.00, 3.81, 5.58, 9.08, 12.45, 15.07, 18.66, 19.84, 23.53, 25.85, 25.02, 21.84, 18.11, 15.40, 11.83, 9.39, 5.82, 5.07, 6.90, 6.66, 9.09, 11.80, 13.94, 13.78, 16.33, 14.10, 11.86, 13.84, 13.29, 15.80, 17.11, 20.38, 22.42, 21.11, 24.45, 25.90, 24.92, 26.33, 24.51, 21.61, 20.93, 18.64, 17.84, 17.18, 15.38, 16.08, 13.69, 14.51, 13.41, 10.46, 12.09, 14.63, 17.58, 19.23, 22.94, 25.89, 24.33, 26.76, 27.40, 26.86, 24.84, 21.84, 19.25, 16.41, 13.56, 11.97, 9.75, 10.58, 10.41, 14.11, 16.54, 20.06, 20.98, 17.67, 14.61, 11.58, 11.82, 10.96, 8.49, 10.84, 11.65, 15.20, 16.89, 20.67, 22.72
 15.77, 12.31, 9.87, 7.06, 3.81, 0.00, 3.78, 6.18, 9.92, 12.09, 15.78, 17.16, 20.94, 23.49, 23.08, 19.93, 16.09, 13.48, 10.34, 7.89, 5.30, 5.86, 9.12, 10.05, 12.32, 15.34, 17.26, 17.08, 19.31, 16.74, 14.25, 15.86, 14.46, 16.65, 17.13, 20.11, 21.73, 20.50, 23.98, 25.70, 25.29, 26.84, 24.67, 22.15, 21.52, 19.78, 18.95, 18.91, 16.97, 18.01, 15.94, 16.04, 14.34, 10.80, 11.52, 14.10, 16.45, 18.17, 21.67, 24.65, 22.96, 25.21, 25.38, 24.68, 23.08, 20.22, 18.07, 15.77, 13.36, 12.82, 11.44, 13.27, 13.64, 17.39, 20.01, 23.48, 24.47, 21.24, 18.02, 15.04, 14.79, 13.25, 10.05, 11.17, 10.69, 13.76, 14.80, 18.45, 20.42
 16.23, 13.22, 9.95, 7.02, 5.58, 3.78, 0.00, 3.76, 6.90, 9.80, 13.45, 14.32, 18.02, 20.32, 19.68, 16.60, 12.82, 10.49, 7.06, 5.67, 4.28, 7.03, 9.84, 11.08, 14.16, 16.59, 18.00, 17.02, 18.60, 15.52, 12.51, 13.42, 11.38, 13.28, 13.45, 16.43, 18.13, 17.18, 20.77, 22.28, 22.02, 23.40, 21.06, 18.62, 17.98, 16.52, 15.88, 16.39, 14.82, 16.57, 15.27, 15.51, 13.09, 9.70, 9.39, 11.21, 13.37, 14.68, 18.18, 21.03, 19.29, 21.60, 21.99, 21.49, 19.72, 16.95, 14.55, 12.33, 9.77, 9.75, 8.88, 11.56, 12.72, 16.42, 19.50, 22.70, 23.61, 20.66, 17.18, 14.58, 14.08, 11.67, 8.43, 8.64, 7.83, 10.73, 11.70, 15.36, 17.22
 19.97, 16.98, 13.69, 10.69, 9.08, 6.18, 3.76, 0.00, 3.81, 6.25, 10.02, 11.01, 14.79, 17.34, 17.12, 14.11, 10.27, 8.28, 5.89, 5.43, 6.37, 9.52, 12.71, 14.54, 17.54, 20.11, 21.30, 20.27, 21.53, 18.24, 15.21, 15.74, 13.05, 14.45, 13.65, 16.14, 17.35, 16.72, 20.38, 22.02, 22.42, 23.80, 21.08, 19.14, 18.50, 17.72, 17.05, 18.19, 16.59, 18.61, 17.73, 17.38, 14.50, 11.00, 9.52, 10.91, 12.06, 13.31, 16.41, 19.24, 17.42, 19.54, 19.42, 18.89, 17.63, 15.23, 13.37, 12.07, 10.22, 11.51, 11.50, 14.69, 16.10, 19.68, 22.85, 25.94, 26.93, 24.14, 20.61, 18.16, 17.44, 14.67, 11.30, 10.33, 8.11, 9.79, 9.55, 12.86, 14.43
 22.42, 19.77, 16.21, 13.34, 12.45, 9.92, 6.90, 3.81, 0.00, 3.86, 7.22, 7.44, 11.16, 13.57, 13.33, 10.44, 6.67, 5.65, 4.54, 6.45, 8.90, 12.50, 15.32, 17.35, 20.64, 22.89, 23.69, 22.20, 22.87, 19.31, 16.13, 15.94, 12.66, 13.41, 11.74, 13.75, 14.71, 14.69, 18.37, 19.78, 20.69, 21.84, 18.78, 17.27, 16.60, 16.52, 16.01, 17.88, 16.67, 19.20, 19.08, 18.62, 15.24, 12.20, 9.59, 9.68, 9.73, 10.34, 13.05, 15.69, 13.80, 15.89, 15.72, 15.46, 14.37, 12.45, 10.71, 10.34, 9.03, 11.48, 12.27, 15.90, 17.78, 21.09, 24.46, 27.24, 28.21, 25.73, 22.15, 20.11, 19.25, 15.98, 12.92, 10.98, 8.16, 8.42, 6.99, 9.78, 10.84
 25.58, 22.83, 19.46, 16.26, 15.07, 12.09, 9.80, 6.25, 3.86, 0.00, 3.83, 5.57, 9.24, 12.43, 12.63, 9.64, 6.26, 5.31, 6.51, 7.83, 10.90, 14.20, 17.23, 19.79, 22.86, 25.35, 25.95, 24.69, 25.25, 21.74, 18.89, 18.95, 15.72, 16.60, 14.69, 16.38, 17.06, 17.49, 21.06, 22.40, 23.72, 24.67, 21.36, 20.13, 19.16, 19.30, 18.36, 20.28, 18.69, 20.98, 20.91, 19.79, 16.38, 13.37, 10.43, 10.65, 9.75, 10.90, 12.94, 15.73, 14.29, 16.32, 15.53, 15.55, 15.37, 14.22, 13.14, 13.59, 12.58, 15.21, 15.81, 19.36, 20.89, 24.12, 27.34, 30.18, 31.43, 29.04, 25.55, 23.59, 22.94, 19.76, 16.68, 14.82, 11.84, 11.54, 9.09, 10.74, 10.76
 28.83, 26.24, 22.86, 19.58, 18.66, 15.78, 13.45, 10.02, 7.22, 3.83, 0.00, 3.82, 6.51, 10.19, 10.52, 7.70, 5.58, 5.84, 8.79, 10.52, 14.02, 17.26, 20.08, 22.92, 26.02, 28.40, 28.66, 27.26, 27.42, 23.87, 21.21, 21.08, 17.76, 18.41, 16.13, 17.36, 17.83, 18.93, 22.31, 23.32, 25.07, 25.65, 22.10, 21.24, 20.02, 20.62, 19.50, 21.72, 20.17, 22.52, 22.91, 21.44, 17.90, 15.37, 11.99, 11.52, 9.41, 10.39, 11.41, 14.07, 13.17, 15.14, 14.02, 14.67, 15.21, 15.01, 14.33, 15.59, 14.90, 17.90, 18.64, 22.22, 23.75, 26.73, 29.91, 32.58, 33.98, 31.86, 28.45, 26.77, 26.24, 22.92, 20.06, 17.98, 14.96, 14.01, 10.89, 11.29, 10.00
 29.41, 27.00, 23.37, 20.49, 19.84, 17.16, 14.32, 11.01, 7.44, 5.57, 3.82, 0.00, 3.79, 6.88, 7.60, 5.64, 4.30, 6.86, 9.51, 12.26, 15.62, 19.19, 21.85, 24.31, 27.65, 29.79, 30.12, 28.36, 28.35, 24.66, 21.67, 20.87, 17.25, 17.09, 14.22, 14.73, 14.66, 15.93, 19.10, 20.11, 22.20, 22.85, 19.30, 18.97, 18.22, 19.43, 18.96, 21.68, 20.79, 23.61, 24.35, 23.35, 19.63, 17.30, 13.75, 12.41, 9.96, 9.46, 9.87, 11.75, 10.14, 11.62, 10.34, 10.89, 11.45, 11.58, 11.33, 13.27, 13.38, 16.84, 18.32, 22.09, 24.17, 27.07, 30.48, 32.91, 33.97, 31.94, 28.41, 26.84, 25.89, 22.32, 19.61, 16.93, 13.75, 11.93, 8.39, 7.91, 6.19
 32.72, 30.48, 26.80, 23.99, 23.53, 20.94, 18.02, 14.79, 11.16, 9.24, 6.51, 3.79, 0.00, 3.84, 5.36, 5.15, 6.45, 9.64, 12.73, 15.66, 19.16, 22.74, 25.24, 27.78, 31.18, 33.19, 33.31, 31.36, 31.03, 27.32, 24.43, 23.32, 19.67, 19.12, 15.94, 15.74, 15.25, 17.12, 19.87, 20.52, 23.07, 23.41, 19.77, 20.01, 19.25, 21.02, 20.64, 23.67, 23.03, 25.97, 27.10, 26.01, 22.23, 20.29, 16.56, 14.69, 11.56, 10.41, 9.34, 10.30, 9.11, 9.99, 8.16, 9.53, 11.00, 12.35, 12.70, 15.36, 15.92, 19.57, 21.28, 25.04, 27.22, 29.90, 33.32, 35.53, 36.59, 34.79, 31.32, 29.99, 29.02, 25.34, 22.86, 19.97, 16.84, 14.53, 10.84, 9.04, 5.86
 34.31, 32.30, 28.50, 26.04, 25.85, 23.49, 20.32, 17.34, 13.57, 12.43, 10.19, 6.88, 3.84, 0.00, 3.81, 6.29, 8.64, 12.36, 15.07, 18.42, 21.77, 25.48, 27.78, 30.06, 33.61, 35.37, 35.47, 33.24, 32.70, 28.94, 25.92, 24.29, 20.56, 19.32, 15.78, 14.69, 13.55, 15.79, 18.00, 18.41, 21.36, 21.58, 18.05, 18.98, 18.67, 21.05, 21.23, 24.60, 24.54, 27.76, 29.21, 28.45, 24.61, 22.93, 19.17, 16.79, 13.61, 11.44, 9.52, 8.99, 7.30, 6.91, 4.52, 6.64, 8.55, 10.92, 11.86, 15.14, 16.42, 20.21, 22.42, 26.17, 28.71, 31.20, 34.73, 36.65, 37.45, 35.83, 32.35, 31.21, 29.98, 26.17, 23.98, 20.75, 17.75, 14.88, 11.35, 8.55, 4.73
 32.60, 30.89, 27.13, 24.68, 25.02, 23.08, 19.68, 17.12, 13.33, 12.63, 10.52, 7.60, 5.36, 3.81, 0.00, 3.88, 7.28, 10.93, 13.67, 17.21, 20.62, 24.33, 26.21, 28.52, 32.18, 33.63, 33.40, 30.95, 30.06, 26.34, 23.50, 21.73, 18.14, 16.95, 13.61, 12.74, 12.42, 15.24, 17.63, 17.36, 19.98, 19.65, 15.93, 16.57, 15.73, 18.13, 18.11, 21.56, 21.66, 24.94, 26.74, 26.07, 22.23, 21.03, 17.22, 14.35, 11.02, 8.38, 5.89, 5.27, 4.36, 5.72, 5.76, 8.84, 9.40, 11.52, 11.31, 14.30, 15.01, 18.66, 20.63, 24.23, 26.65, 28.83, 32.28, 33.99, 34.92, 33.57, 30.26, 29.49, 28.57, 24.77, 22.98, 19.97, 17.46, 15.00, 11.94, 9.92, 6.46
 29.71, 27.90, 24.24, 21.52, 21.84, 19.93, 16.60, 14.11, 10.44, 9.64, 7.70, 5.64, 5.15, 6.29, 3.88, 0.00, 3.85, 7.18, 10.19, 13.58, 17.11, 20.75, 22.62, 25.14, 28.73, 30.28, 29.99, 27.70, 26.94, 23.23, 20.50, 19.17, 15.65, 15.20, 12.30, 12.55, 13.15, 15.59, 18.57, 18.47, 20.51, 20.26, 16.47, 16.21, 14.82, 16.48, 15.87, 19.00, 18.60, 21.70, 23.29, 22.43, 18.59, 17.28, 13.45, 10.75, 7.39, 5.46, 4.36, 6.38, 6.00, 8.72, 9.06, 11.37, 11.34, 12.34, 11.23, 13.42, 13.21, 16.66, 18.08, 21.66, 23.75, 26.04, 29.40, 31.33, 32.51, 31.04, 27.76, 26.91, 26.31, 22.62, 20.70, 18.09, 15.68, 13.92, 11.00, 10.19, 7.49
 26.58, 24.53, 20.89, 18.03, 18.11, 16.09, 12.82, 10.27, 6.67, 6.26, 5.58, 4.30, 6.45, 8.64, 7.28, 3.85, 0.00, 3.86, 6.62, 9.98, 13.46, 17.14, 19.25, 21.73, 25.26, 27.02, 27.00, 24.94, 24.60, 20.88, 17.99, 17.06, 13.50, 13.58, 11.04, 12.18, 13.15, 14.81, 18.22, 18.63, 20.22, 20.42, 16.78, 15.89, 14.57, 15.52, 14.77, 17.52, 16.73, 19.70, 20.77, 19.97, 16.15, 14.29, 10.57, 8.52, 6.01, 5.33, 6.79, 9.52, 8.43, 11.13, 11.33, 12.60, 12.06, 11.87, 10.26, 11.61, 10.83, 14.11, 15.25, 18.91, 20.89, 23.51, 26.89, 29.14, 30.32, 28.54, 25.15, 23.97, 23.38, 19.78, 17.55, 15.17, 12.67, 11.50, 8.83, 9.32, 7.92
 24.15, 21.98, 18.58, 15.34, 15.40, 13.48, 10.49, 8.28, 5.65, 5.31, 5.84, 6.86, 9.64, 12.36, 10.93, 7.18, 3.86, 0.00, 3.87, 6.52, 10.23, 13.73, 15.83, 18.61, 22.02, 23.90, 23.80, 22.02, 21.86, 18.26, 15.63, 15.45, 12.29, 13.44, 11.88, 14.03, 15.68, 16.92, 20.55, 21.01, 22.02, 22.22, 18.73, 17.10, 15.33, 15.31, 13.84, 15.89, 14.38, 16.92, 17.61, 16.52, 12.78, 10.66, 6.96, 5.80, 4.47, 6.23, 8.96, 12.36, 11.80, 14.80, 15.18, 16.28, 15.52, 14.73, 12.60, 12.89, 11.03, 13.56, 13.74, 17.16, 18.56, 21.27, 24.45, 26.96, 28.45, 26.56, 23.28, 22.03, 21.90, 18.61, 16.32, 14.71, 12.63, 12.60, 10.65, 12.20, 11.49
 20.40, 18.19, 14.73, 11.58, 11.83, 10.34, 7.06, 5.89, 4.54, 6.51, 8.79, 9.51, 12.73, 15.07, 13.67, 10.19, 6.62, 3.87, 0.00, 3.85, 6.97, 10.69, 12.71, 15.13, 18.64, 20.47, 20.65, 18.87, 19.07, 15.45, 12.53, 12.56, 9.52, 11.15, 10.33, 13.18, 15.23, 15.80, 19.55, 20.19, 20.61, 21.09, 17.96, 15.79, 14.23, 13.53, 12.25, 13.85, 12.34, 14.88, 15.12, 14.62, 11.03, 8.49, 5.46, 5.28, 6.41, 7.90, 11.39, 14.59, 13.55, 16.48, 17.20, 17.80, 16.34, 14.70, 12.02, 11.18, 8.55, 10.39, 10.17, 13.57, 15.00, 17.95, 21.21, 23.87, 25.21, 23.08, 19.72, 18.26, 18.14, 14.97, 12.65, 11.47, 9.93, 10.93, 10.16, 12.77, 13.14
 18.79, 16.28, 13.26, 9.60, 9.39, 7.89, 5.67, 5.43, 6.45, 7.83, 10.52, 12.26, 15.66, 18.42, 17.21, 13.58, 9.98, 6.52, 3.85, 0.00, 3.80, 7.22, 9.64, 12.47, 15.68, 17.90, 18.20, 17.00, 17.73, 14.44, 11.98, 13.15, 10.97, 13.47, 13.46, 16.61, 18.77, 18.96, 22.72, 23.54, 23.62, 24.22, 21.30, 18.80, 17.12, 15.71, 13.96, 14.58, 12.26, 13.92, 13.28, 12.40, 9.29, 5.88, 4.21, 6.63, 8.81, 11.24, 14.76, 18.17, 17.36, 20.30, 20.84, 21.27, 19.93, 18.05, 15.46, 14.12, 11.18, 11.99, 10.69, 13.45, 14.00, 17.14, 20.04, 23.08, 24.70, 22.34, 19.16, 17.44, 17.80, 15.21, 12.76, 12.63, 11.53, 13.38, 13.02, 15.94, 16.54
 15.51, 12.75, 10.03, 6.21, 5.82, 5.30, 4.28, 6.37, 8.90, 10.90, 14.02, 15.62, 19.16, 21.77, 20.62, 17.11, 13.46, 10.23, 6.97, 3.80, 0.00, 3.80, 6.47, 8.93, 12.06, 14.47, 15.23, 14.42, 15.84, 12.90, 10.58, 12.44, 11.09, 13.97, 14.75, 18.16, 20.45, 20.08, 23.75, 24.74, 24.30, 25.13, 22.63, 19.81, 18.37, 16.36, 14.77, 14.61, 12.22, 13.31, 11.75, 11.47, 9.23, 5.66, 6.44, 9.32, 12.18, 14.40, 18.09, 21.38, 20.36, 23.20, 23.87, 23.98, 22.32, 19.95, 17.21, 15.13, 11.93, 11.58, 9.48, 11.50, 11.52, 14.92, 17.62, 20.94, 22.48, 19.80, 16.70, 14.63, 15.22, 13.24, 10.85, 11.80, 11.57, 14.31, 14.86, 18.23, 19.42
 14.02, 11.10, 9.46, 5.79, 5.07, 5.86, 7.03, 9.52, 12.50, 14.20, 17.26, 19.19, 22.74, 25.48, 24.33, 20.75, 17.14, 13.73, 10.69, 7.22, 3.80, 0.00, 3.79, 6.44, 8.87, 11.72, 12.73, 12.79, 14.88, 12.67, 11.22, 13.94, 13.53, 16.73, 18.04, 21.57, 23.98, 23.41, 26.99, 28.01, 27.27, 28.11, 25.84, 22.80, 21.29, 18.84, 17.04, 16.08, 13.33, 13.39, 10.83, 10.53, 9.57, 6.42, 8.88, 12.24, 15.37, 17.88, 21.58, 24.96, 24.09, 26.98, 27.67, 27.72, 26.05, 23.57, 20.81, 18.48, 15.21, 14.19, 11.46, 12.38, 11.29, 14.52, 16.58, 20.16, 21.92, 19.10, 16.43, 14.25, 15.45, 14.38, 12.36, 14.22, 14.53, 17.60, 18.42, 21.88, 23.16
 11.64, 9.41, 8.56, 5.59, 6.90, 9.12, 9.84, 12.71, 15.32, 17.23, 20.08, 21.85, 25.24, 27.78, 26.21, 22.62, 19.25, 15.83, 12.71, 9.64, 6.47, 3.79, 0.00, 3.88, 6.51, 8.61, 9.06, 9.15, 11.38, 9.68, 9.10, 12.47, 13.09, 16.65, 18.66, 22.38, 25.21, 24.76, 28.22, 28.86, 27.70, 28.23, 26.20, 22.85, 21.08, 18.11, 16.08, 14.32, 11.49, 10.78, 7.66, 8.06, 8.21, 6.46, 9.88, 12.96, 16.53, 18.99, 22.77, 26.12, 25.53, 28.62, 29.74, 30.05, 28.09, 25.63, 22.53, 19.93, 16.35, 14.68, 11.27, 11.11, 8.97, 11.67, 13.25, 16.86, 18.90, 16.30, 14.09, 12.49, 14.54, 14.05, 13.01, 15.46, 16.53, 19.77, 20.90, 24.37, 25.57
 8.00, 5.68, 5.92, 4.76, 6.66, 10.05, 11.08, 14.54, 17.35, 19.79, 22.92, 24.31, 27.78, 30.06, 28.52, 25.14, 21.73, 18.61, 15.13, 12.47, 8.93, 6.44, 3.88, 0.00, 3.83, 5.59, 7.29, 7.65, 10.79, 9.75, 9.22, 12.45, 13.69, 16.98, 19.41, 23.07, 25.87, 24.98, 28.20, 28.94, 27.35, 28.10, 26.54, 23.09, 21.75, 18.58, 17.12, 15.08, 12.95, 12.25, 9.00, 10.67, 11.25, 9.97, 13.11, 15.75, 19.38, 21.37, 25.21, 28.30, 27.42, 30.32, 31.59, 31.62, 29.35, 26.55, 23.41, 20.37, 16.90, 14.48, 10.96, 9.73, 7.15, 9.85, 11.17, 14.90, 16.50, 13.50, 11.45, 9.50, 11.82, 12.24, 11.79, 14.96, 16.76, 20.33, 22.11, 25.77, 27.40
 8.47, 6.49, 8.53, 8.25, 9.09, 12.32, 14.16, 17.54, 20.64, 22.86, 26.02, 27.65, 31.18, 33.61, 32.18, 28.73, 25.26, 22.02, 18.64, 15.68, 12.06, 8.87, 6.51, 3.83, 0.00, 3.78, 6.57, 8.69, 12.35, 12.35, 12.59, 15.94, 17.46, 20.71, 23.21, 26.84, 29.58, 28.53, 31.68, 32.53, 30.82, 31.65, 30.24, 26.77, 25.47, 22.21, 20.71, 18.37, 16.16, 14.81, 11.15, 12.58, 14.01, 12.93, 16.36, 19.26, 22.88, 25.06, 28.89, 32.06, 31.20, 34.09, 35.25, 35.18, 32.97, 30.09, 27.05, 23.96, 20.60, 18.07, 14.62, 13.01, 10.08, 12.03, 12.28, 15.96, 17.58, 14.59, 13.31, 11.42, 13.92, 15.14, 14.81, 18.20, 20.03, 23.68, 25.51, 29.22, 30.94
 6.52, 6.42, 9.18, 9.90, 11.80, 15.34, 16.59, 20.11, 22.89, 25.35, 28.40, 29.79, 33.19, 35.37, 33.63, 30.28, 27.02, 23.90, 20.47, 17.90, 14.47, 11.72, 8.61, 5.59, 3.78, 0.00, 3.81, 6.19, 10.03, 10.98, 11.98, 15.27, 17.53, 20.74, 23.69, 27.32, 30.30, 29.34, 32.30, 32.82, 30.74, 31.32, 30.22, 26.59, 25.23, 21.70, 20.27, 17.47, 15.68, 13.99, 10.53, 12.80, 14.70, 14.51, 17.96, 20.43, 24.18, 26.14, 29.94, 32.96, 32.25, 35.21, 36.74, 36.83, 34.37, 31.52, 28.25, 25.01, 21.55, 18.64, 15.01, 12.55, 9.08, 9.87, 9.21, 12.71, 14.41, 11.69, 11.22, 10.22, 13.41, 15.15, 15.76, 19.33, 21.67, 25.32, 27.38, 31.06, 32.74
 8.65, 9.36, 11.33, 11.47, 13.94, 17.26, 18.00, 21.30, 23.69, 25.95, 28.66, 30.12, 33.31, 35.47, 33.40, 29.99, 27.00, 23.80, 20.65, 18.20, 15.23, 12.73, 9.06, 7.29, 6.57, 3.81, 0.00, 3.80, 7.15, 8.93, 11.03, 14.53, 17.18, 20.61, 23.73, 27.44, 30.71, 30.18, 33.19, 33.30, 31.22, 31.35, 30.13, 26.39, 24.57, 20.88, 18.99, 15.78, 13.82, 11.45, 8.09, 10.52, 13.04, 13.82, 17.37, 19.62, 23.41, 25.48, 29.18, 32.24, 31.96, 35.15, 36.91, 37.40, 34.96, 32.38, 28.92, 25.86, 22.20, 19.43, 15.62, 13.12, 9.29, 9.05, 7.68, 10.96, 13.49, 11.62, 11.67, 11.77, 15.32, 16.66, 17.58, 20.88, 23.16, 26.62, 28.43, 31.93, 33.23
 8.09, 9.32, 10.30, 10.55, 13.78, 17.08, 17.02, 20.27, 22.20, 24.69, 27.26, 28.36, 31.36, 33.24, 30.95, 27.70, 24.94, 22.02, 18.87, 17.00, 14.42, 12.79, 9.15, 7.65, 8.69, 6.19, 3.80, 0.00, 3.86, 5.47, 7.82, 11.09, 14.09, 17.42, 20.73, 24.38, 27.79, 27.46, 30.37, 30.20, 28.04, 27.93, 26.78, 23.00, 21.11, 17.35, 15.55, 12.23, 10.74, 8.76, 6.19, 9.60, 11.49, 12.71, 15.83, 17.45, 21.22, 22.92, 26.55, 29.41, 29.18, 32.37, 34.39, 35.03, 32.43, 29.98, 26.37, 23.34, 19.65, 16.83, 13.05, 10.37, 6.57, 5.61, 4.80, 8.24, 10.93, 9.33, 9.06, 9.93, 13.54, 14.46, 15.82, 18.88, 21.34, 24.61, 26.48, 29.84, 31.04
 11.11, 12.62, 12.87, 12.82, 16.33, 19.31, 18.60, 21.53, 22.87, 25.25, 27.42, 28.35, 31.03, 32.70, 30.06, 26.94, 24.60, 21.86, 19.07, 17.73, 15.84, 14.88, 11.38, 10.79, 12.35, 10.03, 7.15, 3.86, 0.00, 3.78, 7.32, 10.05, 13.38, 16.61, 20.03, 23.59, 27.22, 27.36, 30.17, 29.53, 27.37, 26.76, 25.57, 21.77, 19.47, 15.66, 13.55, 9.86, 8.72, 6.44, 5.56, 9.14, 10.89, 13.09, 15.75, 16.69, 20.30, 21.82, 25.21, 27.93, 28.08, 31.41, 33.74, 34.75, 32.12, 30.00, 26.25, 23.47, 19.77, 17.19, 13.60, 11.14, 7.95, 5.82, 5.04, 7.13, 10.42, 10.04, 10.06, 11.92, 15.36, 15.75, 17.40, 19.98, 22.38, 25.31, 26.96, 30.04, 30.88
 11.34, 12.04, 11.16, 10.50, 14.10, 16.74, 15.52, 18.24, 19.31, 21.74, 23.87, 24.66, 27.32, 28.94, 26.34, 23.23, 20.88, 18.26, 15.45, 14.44, 12.90, 12.67, 9.68, 9.75, 12.35, 10.98, 8.93, 5.47, 3.78, 0.00, 3.77, 6.77, 9.77, 13.20, 16.46, 20.08, 23.70, 23.94, 26.90, 26.32, 24.43, 23.88, 22.39, 18.62, 16.25, 12.52, 10.27, 6.87, 5.42, 4.41, 4.32, 7.89, 8.33, 10.27, 12.46, 13.14, 16.74, 18.15, 21.62, 24.35, 24.39, 27.71, 29.98, 30.99, 28.41, 26.35, 22.61, 19.95, 16.20, 13.91, 10.37, 8.60, 6.12, 5.41, 7.01, 9.34, 11.94, 11.00, 9.70, 10.99, 13.91, 13.43, 14.73, 16.90, 19.05, 21.81, 23.31, 26.32, 27.11
 11.08, 11.08, 9.06, 8.21, 11.86, 14.25, 12.51, 15.21, 16.13, 18.89, 21.21, 21.67, 24.43, 25.92, 23.50, 20.50, 17.99, 15.63, 12.53, 11.98, 10.58, 11.22, 9.10, 9.22, 12.59, 11.98, 11.03, 7.82, 7.32, 3.77, 0.00, 3.82, 6.33, 9.86, 13.03, 16.72, 20.22, 20.30, 23.33, 22.98, 21.22, 20.99, 19.37, 15.65, 13.60, 10.03, 8.30, 5.96, 5.12, 6.49, 6.60, 9.46, 8.41, 9.20, 10.66, 11.03, 14.58, 15.61, 19.20, 21.84, 21.45, 24.61, 26.78, 27.57, 24.91, 22.70, 18.98, 16.22, 12.47, 10.17, 6.66, 5.59, 4.58, 5.82, 8.93, 11.37, 13.08, 11.48, 9.00, 9.49, 11.62, 10.35, 11.36, 13.23, 15.35, 18.07, 19.70, 22.76, 23.76
 13.02, 13.26, 10.70, 10.36, 13.84, 15.86, 13.42, 15.74, 15.94, 18.95, 21.08, 20.87, 23.32, 24.29, 21.73, 19.17, 17.06, 15.45, 12.56, 13.15, 12.44, 13.94, 12.47, 12.45, 15.94, 15.27, 14.53, 11.09, 10.05, 6.77, 3.82, 0.00, 3.82, 6.57, 10.12, 13.59, 17.21, 17.45, 20.25, 19.57, 17.69, 17.25, 15.76, 11.99, 10.09, 6.44, 5.74, 4.57, 6.11, 8.87, 10.10, 12.71, 10.98, 11.65, 11.97, 11.16, 14.15, 14.22, 17.55, 19.68, 19.13, 22.10, 24.59, 25.42, 22.50, 20.40, 16.58, 13.88, 10.40, 8.14, 5.68, 5.32, 6.63, 7.37, 10.84, 12.39, 13.34, 12.13, 9.37, 10.23, 11.44, 9.42, 10.91, 11.98, 14.23, 16.49, 18.26, 21.05, 22.04
 15.40, 14.84, 11.55, 10.50, 13.29, 14.46, 11.38, 13.05, 12.66, 15.72, 17.76, 17.25, 19.67, 20.56, 18.14, 15.65, 13.50, 12.29, 9.52, 10.97, 11.09, 13.53, 13.09, 13.69, 17.46, 17.53, 17.18, 14.09, 13.38, 9.77, 6.33, 3.82, 0.00, 3.84, 6.71, 10.41, 13.95, 14.36, 17.46, 16.98, 15.71, 15.51, 13.42, 9.89, 8.09, 5.41, 5.20, 6.44, 7.47, 10.90, 12.16, 13.93, 11.27, 11.09, 10.27, 8.85, 11.35, 11.00, 14.37, 16.50, 15.63, 18.55, 20.88, 21.66, 18.82, 16.78, 12.98, 10.52, 6.96, 5.76, 4.61, 6.77, 9.09, 10.83, 14.43, 16.17, 16.95, 15.46, 12.29, 12.26, 12.52, 9.50, 9.88, 9.80, 11.34, 13.15, 14.61, 17.29, 18.23
 17.73, 17.31, 13.87, 13.35, 15.80, 16.65, 13.28, 14.45, 13.41, 16.60, 18.41, 17.09, 19.12, 19.32, 16.95, 15.20, 13.58, 13.44, 11.15, 13.47, 13.97, 16.73, 16.65, 16.98, 20.71, 20.74, 20.61, 17.42, 16.61, 13.20, 9.86, 6.57, 3.84, 0.00, 3.82, 7.06, 10.66, 11.16, 13.97, 13.23, 11.93, 11.74, 9.70, 6.20, 5.35, 4.13, 6.39, 8.83, 10.81, 14.40, 15.92, 17.72, 14.93, 14.61, 13.21, 11.14, 12.64, 11.08, 13.84, 15.15, 13.79, 16.25, 18.85, 19.50, 16.33, 14.34, 10.53, 8.18, 5.59, 5.15, 6.48, 8.80, 11.93, 13.41, 17.05, 18.32, 18.47, 17.16, 13.95, 13.97, 13.35, 9.94, 10.51, 9.32, 10.76, 11.75, 13.43, 15.67, 16.74
 20.89, 20.01, 16.32, 15.35, 17.11, 17.13, 13.45, 13.65, 11.74, 14.69, 16.13, 14.22, 15.94, 15.78, 13.61, 12.30, 11.04, 11.88, 10.33, 13.46, 14.75, 18.04, 18.66, 19.41, 23.21, 23.69, 23.73, 20.73, 20.03, 16.46, 13.03, 10.12, 6.71, 3.82, 0.00, 3.80, 7.28, 8.38, 11.50, 10.93, 10.74, 10.80, 7.91, 5.57, 5.51, 6.67, 8.68, 11.84, 13.39, 17.10, 18.65, 19.90, 16.67, 15.87, 13.65, 11.12, 11.53, 9.15, 11.40, 12.31, 10.37, 12.58, 15.08, 15.70, 12.56, 10.81, 7.01, 5.62, 4.31, 6.42, 8.93, 12.00, 15.21, 17.06, 20.73, 22.12, 22.27, 20.85, 17.52, 17.11, 16.02, 12.29, 11.92, 9.53, 9.68, 9.46, 10.50, 12.21, 13.12
 24.16, 23.34, 19.63, 18.88, 20.38, 20.11, 16.43, 16.14, 13.75, 16.38, 17.36, 14.73, 15.74, 14.69, 12.74, 12.55, 12.18, 14.03, 13.18, 16.61, 18.16, 21.57, 22.38, 23.07, 26.84, 27.32, 27.44, 24.38, 23.59, 20.08, 16.72, 13.59, 10.41, 7.06, 3.80, 0.00, 3.84, 6.00, 8.56, 7.54, 8.26, 8.34, 5.03, 4.73, 6.36, 9.08, 11.62, 15.03, 16.90, 20.67, 22.39, 23.60, 20.29, 19.47, 16.96, 14.18, 13.78, 10.65, 11.74, 11.46, 8.95, 10.19, 12.97, 13.49, 10.06, 8.81, 5.59, 5.78, 6.88, 9.33, 12.41, 15.33, 18.74, 20.43, 24.08, 25.19, 25.04, 23.79, 20.52, 20.16, 18.64, 14.92, 14.58, 11.62, 11.31, 9.88, 10.59, 11.24, 12.02
 26.96, 25.90, 22.13, 21.43, 22.42, 21.73, 18.13, 17.35, 14.71, 17.06, 17.83, 14.66, 15.25, 13.55, 12.42, 13.15, 13.15, 15.68, 15.23, 18.77, 20.45, 23.98, 25.21, 25.87, 29.58, 30.30, 30.71, 27.79, 27.22, 23.70, 20.22, 17.21, 13.95, 10.66, 7.28, 3.84, 0.00, 3.79, 5.79, 5.51, 7.87, 8.85, 6.09, 7.72, 10.00, 12.89, 15.43, 18.85, 20.59, 24.33, 25.89, 26.96, 23.55, 22.37, 19.66, 17.00, 16.10, 12.81, 13.19, 12.20, 8.94, 8.68, 10.95, 10.77, 7.08, 6.04, 4.34, 6.24, 9.02, 11.82, 15.30, 18.36, 21.92, 23.83, 27.53, 28.70, 28.34, 26.92, 23.56, 22.88, 20.89, 17.17, 16.42, 12.96, 11.95, 9.45, 9.79, 9.44, 10.50
 25.56, 24.37, 20.66, 20.38, 21.11, 20.50, 17.18, 16.72, 14.69, 17.49, 18.93, 15.93, 17.12, 15.79, 15.24, 15.59, 14.81, 16.92, 15.80, 18.96, 20.08, 23.41, 24.76, 24.98, 28.53, 29.34, 30.18, 27.46, 27.36, 23.94, 20.30, 17.45, 14.36, 11.16, 8.38, 6.00, 3.79, 0.00, 3.76, 5.74, 7.28, 9.72, 8.15, 9.16, 11.97, 14.15, 16.91, 19.92, 21.57, 25.17, 26.25, 27.58, 24.36, 22.81, 20.49, 18.39, 18.03, 15.20, 16.18, 15.66, 12.25, 11.88, 13.39, 12.20, 8.51, 5.90, 4.64, 4.95, 8.52, 10.76, 14.56, 17.48, 21.21, 23.37, 27.09, 28.42, 27.73, 25.97, 22.50, 21.39, 18.93, 15.35, 14.45, 10.84, 10.01, 7.61, 9.18, 9.63, 11.91
 28.07, 27.13, 23.56, 23.66, 24.45, 23.98, 20.77, 20.38, 18.37, 21.06, 22.31, 19.10, 19.87, 18.00, 17.63, 18.57, 18.22, 20.55, 19.55, 22.72, 23.75, 26.99, 28.22, 28.20, 31.68, 32.30, 33.19, 30.37, 30.17, 26.90, 23.33, 20.25, 17.46, 13.97, 11.50, 8.56, 5.79, 3.76, 0.00, 3.81, 5.97, 8.92, 8.58, 10.63, 14.01, 16.50, 19.63, 22.65, 24.66, 28.29, 29.49, 31.01, 27.85, 26.45, 24.17, 21.95, 21.48, 18.41, 18.96, 17.82, 14.47, 13.33, 14.86, 13.44, 9.89, 8.09, 8.08, 8.65, 12.08, 13.86, 17.67, 20.22, 24.04, 25.93, 29.56, 30.58, 29.55, 27.97, 24.68, 23.76, 21.06, 17.76, 17.28, 13.84, 13.35, 10.95, 12.47, 12.27, 14.38
 28.60, 28.05, 24.53, 24.61, 25.90, 25.70, 22.28, 22.02, 19.78, 22.40, 23.32, 20.11, 20.52, 18.41, 17.36, 18.47, 18.63, 21.01, 20.19, 23.54, 24.74, 28.01, 28.86, 28.94, 32.53, 32.82, 33.30, 30.20, 29.53, 26.32, 22.98, 19.57, 16.98, 13.23, 10.93, 7.54, 5.51, 5.74, 3.81, 0.00, 3.90, 5.61, 5.54, 8.46, 11.94, 14.88, 18.20, 21.37, 23.78, 27.48, 29.13, 30.73, 27.59, 26.69, 24.35, 21.70, 21.13, 17.79, 18.01, 16.48, 13.61, 12.68, 15.06, 14.55, 10.99, 10.11, 9.34, 10.04, 12.82, 14.48, 18.05, 20.39, 24.13, 25.56, 29.10, 29.74, 28.75, 27.64, 24.57, 24.23, 21.91, 18.61, 18.70, 15.53, 15.44, 13.32, 14.54, 14.17, 15.50
 26.09, 25.93, 22.66, 23.26, 24.92, 25.29, 22.02, 22.42, 20.69, 23.72, 25.07, 22.20, 23.07, 21.36, 19.98, 20.51, 20.22, 22.02, 20.61, 23.62, 24.30, 27.27, 27.70, 27.35, 30.82, 30.74, 31.22, 28.04, 27.37, 24.43, 21.22, 17.69, 15.71, 11.93, 10.74, 8.26, 7.87, 7.28, 5.97, 3.90, 0.00, 3.76, 5.60, 7.25, 11.08, 13.38, 17.04, 19.77, 22.50, 26.05, 27.63, 29.64, 26.82, 26.16, 24.29, 21.85, 21.92, 18.86, 19.67, 18.59, 16.03, 15.80, 18.41, 18.00, 14.31, 12.79, 11.17, 10.52, 12.56, 13.18, 16.51, 18.24, 21.97, 23.06, 26.46, 26.84, 25.56, 24.57, 21.72, 21.65, 19.34, 16.38, 17.18, 14.57, 15.43, 14.20, 16.20, 16.66, 18.28
 26.94, 27.08, 23.87, 24.28, 26.33, 26.84, 23.40, 23.80, 21.84, 24.67, 25.65, 22.85, 23.41, 21.58, 19.65, 20.26, 20.42, 22.22, 21.09, 24.22, 25.13, 28.11, 28.23, 28.10, 31.65, 31.32, 31.35, 27.93, 26.76, 23.88, 20.99, 17.25, 15.51, 11.74, 10.80, 8.34, 8.85, 9.72, 8.92, 5.61, 3.76, 0.00, 3.82, 5.87, 9.30, 12.01, 15.66, 18.52, 21.55, 25.13, 27.17, 29.15, 26.36, 26.19, 24.24, 21.43, 21.36, 18.15, 18.65, 17.32, 15.40, 15.50, 18.66, 19.00, 15.46, 14.62, 12.65, 12.33, 13.71, 14.36, 17.26, 18.82, 22.31, 22.95, 26.20, 26.24, 25.16, 24.68, 22.09, 22.59, 20.81, 17.87, 18.99, 16.64, 17.57, 16.44, 17.99, 18.24, 19.19
 26.46, 26.24, 22.78, 22.61, 24.51, 24.67, 21.06, 21.08, 18.78, 21.36, 22.10, 19.30, 19.77, 18.05, 15.93, 16.47, 16.78, 18.73, 17.96, 21.30, 22.63, 25.84, 26.20, 26.54, 30.24, 30.22, 30.13, 26.78, 25.57, 22.39, 19.37, 15.76, 13.42, 9.70, 7.91, 5.03, 6.09, 8.15, 8.58, 5.54, 5.60, 3.82, 0.00, 3.81, 6.83, 10.17, 13.43, 16.74, 19.41, 23.14, 25.26, 26.84, 23.78, 23.51, 21.22, 18.22, 17.82, 14.47, 14.85, 13.60, 11.66, 12.14, 15.43, 16.15, 12.70, 12.13, 9.84, 10.07, 11.32, 12.76, 15.68, 17.82, 21.25, 22.23, 25.66, 26.07, 25.49, 24.82, 21.97, 22.25, 20.69, 17.35, 17.91, 15.28, 15.64, 14.25, 15.22, 15.34, 15.89
 22.95, 22.87, 19.51, 19.38, 21.61, 22.15, 18.62, 19.14, 17.27, 20.13, 21.24, 18.97, 20.01, 18.98, 16.57, 16.21, 15.89, 17.10, 15.79, 18.80, 19.81, 22.80, 22.85, 23.09, 26.77, 26.59, 26.39, 23.00, 21.77, 18.62, 15.65, 11.99, 9.89, 6.20, 5.57, 4.73, 7.72, 9.16, 10.63, 8.46, 7.25, 5.87, 3.81, 0.00, 3.84, 6.53, 10.03, 13.12, 15.88, 19.55, 21.62, 23.39, 20.51, 20.42, 18.49, 15.69, 15.97, 13.11, 14.37, 14.06, 12.48, 13.94, 17.17, 17.96, 14.51, 13.31, 10.15, 9.22, 9.19, 9.92, 12.36, 14.28, 17.58, 18.46, 21.88, 22.37, 21.95, 21.25, 18.40, 18.84, 17.65, 14.36, 15.23, 13.15, 14.09, 13.59, 14.97, 15.94, 16.68
 22.37, 22.33, 19.06, 18.43, 20.93, 21.52, 17.98, 18.50, 16.60, 19.16, 20.02, 18.22, 19.25, 18.67, 15.73, 14.82, 14.57, 15.33, 14.23, 17.12, 18.37, 21.29, 21.08, 21.75, 25.47, 25.23, 24.57, 21.11, 19.47, 16.25, 13.60, 10.09, 8.09, 5.35, 5.51, 6.36, 10.00, 11.97, 14.01, 11.94, 11.08, 9.30, 6.83, 3.84, 0.00, 3.85, 6.68, 10.12, 12.83, 16.54, 19.00, 20.53, 17.63, 18.01, 16.05, 13.00, 13.37, 10.80, 12.29, 12.54, 11.88, 14.25, 17.59, 19.01, 15.93, 15.06, 11.60, 10.78, 9.57, 10.30, 11.75, 13.63, 16.39, 17.05, 20.35, 20.88, 21.06, 20.59, 17.90, 18.65, 18.18, 14.96, 15.78, 14.16, 15.01, 14.89, 15.75, 16.86, 17.02
 18.99, 19.20, 16.20, 15.72, 18.64, 19.78, 16.52, 17.72, 16.52, 19.30, 20.62, 19.43, 21.02, 21.05, 18.13, 16.48, 15.52, 15.31, 13.53, 15.71, 16.36, 18.84, 18.11, 18.58, 22.21, 21.70, 20.88, 17.35, 15.66, 12.52, 10.03, 6.44, 5.41, 4.13, 6.67, 9.08, 12.89, 14.15, 16.50, 14.88, 13.38, 12.01, 10.17, 6.53, 3.85, 0.00, 3.84, 6.60, 9.60, 13.17, 15.54, 17.44, 14.91, 15.62, 14.36, 11.85, 13.29, 11.72, 14.06, 15.17, 14.73, 17.45, 20.54, 21.81, 18.75, 17.37, 13.64, 11.91, 9.57, 9.06, 9.32, 10.53, 12.90, 13.30, 16.54, 17.15, 17.56, 17.09, 14.51, 15.53, 15.64, 12.79, 14.04, 13.34, 14.85, 15.68, 16.95, 18.77, 19.22
 18.71, 18.79, 15.99, 14.84, 17.84, 18.95, 15.88, 17.05, 16.01, 18.36, 19.50, 18.96, 20.64, 21.23, 18.11, 15.87, 14.77, 13.84, 12.25, 13.96, 14.77, 17.04, 16.08, 17.12, 20.71, 20.27, 18.99, 15.55, 13.55, 10.27, 8.30, 5.74, 5.20, 6.39, 8.68, 11.62, 15.43, 16.91, 19.63, 18.20, 17.04, 15.66, 13.43, 10.03, 6.68, 3.84, 0.00, 3.83, 6.25, 9.90, 12.67, 14.16, 11.61, 12.87, 11.76, 9.31, 11.18, 10.55, 13.24, 15.11, 15.35, 18.60, 21.49, 23.08, 20.42, 19.23, 15.48, 13.93, 10.96, 10.59, 9.69, 10.82, 12.21, 12.55, 15.54, 16.44, 17.65, 17.24, 14.87, 15.94, 16.78, 14.15, 15.03, 14.79, 16.01, 17.12, 17.92, 19.85, 19.90
 16.34, 16.86, 14.68, 13.77, 17.18, 18.91, 16.39, 18.19, 17.88, 20.28, 21.72, 21.68, 23.67, 24.60, 21.56, 19.00, 17.52, 15.89, 13.85, 14.58, 14.61, 16.08, 14.32, 15.08, 18.37, 17.47, 15.78, 12.23, 9.86, 6.87, 5.96, 4.57, 6.44, 8.83, 11.84, 15.03, 18.85, 19.92, 22.65, 21.37, 19.77, 18.52, 16.74, 13.12, 10.12, 6.60, 3.83, 0.00, 3.82, 6.82, 9.67, 11.75, 10.09, 12.05, 12.10, 10.67, 13.36, 13.60, 16.54, 18.71, 19.04, 22.35, 25.12, 26.59, 23.93, 22.45, 18.64, 16.63, 13.28, 11.96, 9.89, 9.76, 10.01, 9.62, 12.18, 13.06, 14.75, 14.55, 12.66, 14.21, 15.86, 13.99, 15.31, 16.01, 17.73, 19.50, 20.60, 22.92, 23.19
 15.92, 15.92, 13.91, 12.20, 15.38, 16.97, 14.82, 16.59, 16.67, 18.69, 20.17, 20.79, 23.03, 24.54, 21.66, 18.60, 16.73, 14.38, 12.34, 12.26, 12.22, 13.33, 11.49, 12.95, 16.16, 15.68, 13.82, 10.74, 8.72, 5.42, 5.12, 6.11, 7.47, 10.81, 13.39, 16.90, 20.59, 21.57, 24.66, 23.78, 22.50, 21.55, 19.41, 15.88, 12.83, 9.60, 6.25, 3.82, 0.00, 3.80, 6.60, 8.07, 6.32, 8.70, 9.32, 8.78, 12.01, 13.33, 16.58, 19.36, 19.83, 23.35, 25.72, 27.18, 24.85, 23.34, 19.63, 17.68, 14.02, 12.91, 10.20, 10.31, 9.64, 9.90, 12.17, 13.86, 16.15, 15.51, 13.59, 14.57, 16.57, 14.83, 15.47, 16.47, 17.81, 19.84, 20.61, 23.12, 23.29
 15.51, 15.76, 14.59, 12.93, 16.08, 18.01, 16.57, 18.61, 19.20, 20.98, 22.52, 23.61, 25.97, 27.76, 24.94, 21.70, 19.70, 16.92, 14.88, 13.92, 13.31, 13.39, 10.78, 12.25, 14.81, 13.99, 11.45, 8.76, 6.44, 4.41, 6.49, 8.87, 10.90, 14.40, 17.10, 20.67, 24.33, 25.17, 28.29, 27.48, 26.05, 25.13, 23.14, 19.55, 16.54, 13.17, 9.90, 6.82, 3.80, 0.00, 3.87, 5.52, 5.77, 9.01, 10.85, 11.32, 14.68, 16.56, 19.78, 22.74, 23.40, 26.98, 29.22, 30.69, 28.46, 26.88, 23.20, 21.12, 17.37, 15.94, 12.74, 12.06, 10.14, 9.79, 10.97, 12.79, 15.74, 15.27, 14.06, 15.21, 17.87, 16.84, 17.57, 19.15, 20.63, 22.97, 23.78, 26.45, 26.62
 13.15, 13.06, 12.47, 10.74, 13.69, 15.94, 15.27, 17.73, 19.08, 20.91, 22.91, 24.35, 27.10, 29.21, 26.74, 23.29, 20.77, 17.61, 15.12, 13.28, 11.75, 10.83, 7.66, 9.00, 11.15, 10.53, 8.09, 6.19, 5.56, 4.32, 6.60, 10.10, 12.16, 15.92, 18.65, 22.39, 25.89, 26.25, 29.49, 29.13, 27.63, 27.17, 25.26, 21.62, 19.00, 15.54, 12.67, 9.67, 6.60, 3.87, 0.00, 3.80, 5.64, 7.96, 10.96, 12.60, 16.26, 18.51, 22.01, 25.17, 25.46, 28.95, 30.87, 31.97, 29.78, 27.84, 24.26, 21.87, 18.02, 16.24, 12.62, 11.57, 8.80, 9.04, 9.84, 12.54, 15.53, 14.39, 13.19, 13.73, 16.67, 16.16, 16.62, 18.77, 20.34, 23.13, 24.15, 27.17, 27.70
 16.30, 15.63, 14.85, 12.32, 14.51, 16.04, 15.51, 17.38, 18.62, 19.79, 21.44, 23.35, 26.01, 28.45, 26.07, 22.43, 19.97, 16.52, 14.62, 12.40, 11.47, 10.53, 8.06, 10.67, 12.58, 12.80, 10.52, 9.60, 9.14, 7.89, 9.46, 12.71, 13.93, 17.72, 19.90, 23.60, 26.96, 27.58, 31.01, 30.73, 29.64, 29.15, 26.84, 23.39, 20.53, 17.44, 14.16, 11.75, 8.07, 5.52, 3.80, 0.00, 3.85, 6.54, 9.61, 11.75, 15.15, 18.00, 21.34, 24.78, 25.37, 28.97, 30.62, 31.89, 30.09, 28.42, 25.02, 23.03, 19.24, 18.10, 14.72, 14.46, 12.05, 12.77, 13.58, 16.23, 19.31, 18.15, 16.82, 16.98, 19.66, 18.81, 18.63, 20.43, 21.38, 23.92, 24.38, 27.22, 27.39
 17.09, 16.04, 14.33, 11.34, 13.41, 14.34, 13.09, 14.50, 15.24, 16.38, 17.90, 19.63, 22.23, 24.61, 22.23, 18.59, 16.15, 12.78, 11.03, 9.29, 9.23, 9.57, 8.21, 11.25, 14.01, 14.70, 13.04, 11.49, 10.89, 8.33, 8.41, 10.98, 11.27, 14.93, 16.67, 20.29, 23.55, 24.36, 27.85, 27.59, 26.82, 26.36, 23.78, 20.51, 17.63, 14.91, 11.61, 10.09, 6.32, 5.77, 5.64, 3.85, 0.00, 3.82, 6.00, 7.90, 11.34, 14.20, 17.60, 21.08, 21.60, 25.20, 26.79, 28.12, 26.39, 24.87, 21.53, 19.82, 16.12, 15.53, 12.58, 13.25, 11.82, 13.19, 14.94, 17.56, 20.25, 18.93, 16.93, 16.83, 18.93, 17.35, 16.80, 17.97, 18.52, 20.73, 20.92, 23.58, 23.62
 16.72, 14.88, 12.79, 9.22, 10.46, 10.80, 9.70, 11.00, 12.20, 13.37, 15.37, 17.30, 20.29, 22.93, 21.03, 17.28, 14.29, 10.66, 8.49, 5.88, 5.66, 6.42, 6.46, 9.97, 12.93, 14.51, 13.82, 12.71, 13.09, 10.27, 9.20, 11.65, 11.09, 14.61, 15.87, 19.47, 22.37, 22.81, 26.45, 26.69, 26.16, 26.19, 23.51, 20.42, 18.01, 15.62, 12.87, 12.05, 8.70, 9.01, 7.96, 6.54, 3.82, 0.00, 3.86, 7.19, 10.60, 13.59, 17.18, 20.76, 20.74, 24.13, 25.28, 26.20, 24.62, 22.85, 19.76, 18.03, 14.45, 14.12, 11.41, 12.75, 11.80, 14.15, 16.34, 19.37, 21.67, 19.74, 17.24, 16.30, 17.88, 16.09, 14.76, 15.80, 15.91, 18.23, 18.34, 21.22, 21.55
 19.32, 17.43, 14.69, 11.15, 12.09, 11.52, 9.39, 9.52, 9.59, 10.43, 11.99, 13.75, 16.56, 19.17, 17.22, 13.45, 10.57, 6.96, 5.46, 4.21, 6.44, 8.88, 9.88, 13.11, 16.36, 17.96, 17.37, 15.83, 15.75, 12.46, 10.66, 11.97, 10.27, 13.21, 13.65, 16.96, 19.66, 20.49, 24.17, 24.35, 24.29, 24.24, 21.22, 18.49, 16.05, 14.36, 11.76, 12.10, 9.32, 10.85, 10.96, 9.61, 6.00, 3.86, 0.00, 3.82, 6.87, 9.98, 13.50, 17.14, 17.16, 20.57, 21.63, 22.74, 21.36, 19.95, 17.01, 15.86, 12.59, 13.24, 11.45, 13.75, 13.81, 16.24, 18.89, 21.64, 23.69, 21.88, 19.06, 18.13, 19.11, 16.62, 14.99, 15.06, 14.48, 16.11, 15.63, 18.12, 18.06
 20.92, 19.41, 16.34, 13.26, 14.63, 14.10, 11.21, 10.91, 9.68, 10.65, 11.52, 12.41, 14.69, 16.79, 14.35, 10.75, 8.52, 5.80, 5.28, 6.63, 9.32, 12.24, 12.96, 15.75, 19.26, 20.43, 19.62, 17.45, 16.69, 13.14, 11.03, 11.16, 8.85, 11.14, 11.12, 14.18, 17.00, 18.39, 21.95, 21.70, 21.85, 21.43, 18.22, 15.69, 13.00, 11.85, 9.31, 10.67, 8.78, 11.32, 12.60, 11.75, 7.90, 7.19, 3.82, 0.00, 3.80, 6.47, 10.04, 13.59, 13.88, 17.45, 18.92, 20.44, 18.95, 17.94, 14.88, 14.18, 11.15, 12.41, 11.37, 14.02, 14.78, 16.85, 19.77, 22.04, 23.89, 22.44, 19.56, 19.05, 19.75, 16.82, 15.53, 14.91, 14.26, 15.22, 14.49, 16.49, 16.01
 24.51, 22.92, 19.66, 16.60, 17.58, 16.45, 13.37, 12.06, 9.73, 9.75, 9.41, 9.96, 11.56, 13.61, 11.02, 7.39, 6.01, 4.47, 6.41, 8.81, 12.18, 15.37, 16.53, 19.38, 22.88, 24.18, 23.41, 21.22, 20.30, 16.74, 14.58, 14.15, 11.35, 12.64, 11.53, 13.78, 16.10, 18.03, 21.48, 21.13, 21.92, 21.36, 17.82, 15.97, 13.37, 13.29, 11.18, 13.36, 12.01, 14.68, 16.26, 15.15, 11.34, 10.60, 6.87, 3.80, 0.00, 3.84, 6.77, 10.53, 11.18, 14.79, 16.06, 17.98, 16.98, 16.67, 14.07, 14.36, 12.14, 14.33, 14.16, 17.17, 18.33, 20.37, 23.37, 25.46, 27.19, 25.85, 22.89, 22.37, 22.71, 19.48, 17.97, 16.62, 15.29, 15.32, 13.73, 14.90, 13.63
 25.55, 24.17, 20.66, 18.08, 19.23, 18.17, 14.68, 13.31, 10.34, 10.90, 10.39, 9.46, 10.41, 11.44, 8.38, 5.46, 5.33, 6.23, 7.90, 11.24, 14.40, 17.88, 18.99, 21.37, 25.06, 26.14, 25.48, 22.92, 21.82, 18.15, 15.61, 14.22, 11.00, 11.08, 9.15, 10.65, 12.81, 15.20, 18.41, 17.79, 18.86, 18.15, 14.47, 13.11, 10.80, 11.72, 10.55, 13.60, 13.33, 16.56, 18.51, 18.00, 14.20, 13.59, 9.98, 6.47, 3.84, 0.00, 3.84, 7.20, 7.58, 11.29, 13.07, 15.22, 13.93, 13.97, 11.39, 12.25, 10.72, 13.45, 14.19, 17.41, 19.25, 21.16, 24.41, 26.17, 27.49, 26.28, 23.21, 22.82, 22.71, 19.19, 17.91, 15.94, 14.55, 13.87, 12.25, 12.84, 11.37
 29.27, 27.95, 24.40, 21.89, 22.94, 21.67, 18.18, 16.41, 13.05, 12.94, 11.41, 9.87, 9.34, 9.52, 5.89, 4.36, 6.79, 8.96, 11.39, 14.76, 18.09, 21.58, 22.77, 25.21, 28.89, 29.94, 29.18, 26.55, 25.21, 21.62, 19.20, 17.55, 14.37, 13.84, 11.40, 11.74, 13.19, 16.18, 18.96, 18.01, 19.67, 18.65, 14.85, 14.37, 12.29, 14.06, 13.24, 16.54, 16.58, 19.78, 22.01, 21.34, 17.60, 17.18, 13.50, 10.04, 6.77, 3.84, 0.00, 3.81, 5.58, 9.19, 11.05, 13.94, 13.23, 14.30, 12.44, 14.24, 13.55, 16.59, 17.73, 20.94, 22.92, 24.65, 27.87, 29.39, 30.65, 29.66, 26.65, 26.40, 26.14, 22.52, 21.28, 18.97, 17.30, 15.92, 13.75, 13.25, 10.83
 31.75, 30.60, 26.96, 24.77, 25.89, 24.65, 21.03, 19.24, 15.69, 15.73, 14.07, 11.75, 10.30, 8.99, 5.27, 6.38, 9.52, 12.36, 14.59, 18.17, 21.38, 24.96, 26.12, 28.30, 32.06, 32.96, 32.24, 29.41, 27.93, 24.35, 21.84, 19.68, 16.50, 15.15, 12.31, 11.46, 12.20, 15.66, 17.82, 16.48, 18.59, 17.32, 13.60, 14.06, 12.54, 15.17, 15.11, 18.71, 19.36, 22.74, 25.17, 24.78, 21.08, 20.76, 17.14, 13.59, 10.53, 7.20, 3.81, 0.00, 3.79, 6.68, 9.18, 12.54, 11.92, 13.79, 12.49, 14.90, 15.04, 18.23, 19.92, 23.10, 25.43, 26.99, 30.28, 31.51, 32.48, 31.66, 28.66, 28.55, 27.99, 24.28, 23.25, 20.57, 18.91, 16.95, 14.79, 13.47, 10.75
 30.56, 29.23, 25.45, 23.47, 24.33, 22.96, 19.29, 17.42, 13.80, 14.29, 13.17, 10.14, 9.11, 7.30, 4.36, 6.00, 8.43, 11.80, 13.55, 17.36, 20.36, 24.09, 25.53, 27.42, 31.20, 32.25, 31.96, 29.18, 28.08, 24.39, 21.45, 19.13, 15.63, 13.79, 10.37, 8.95, 8.94, 12.25, 14.47, 13.61, 16.03, 15.40, 11.66, 12.48, 11.88, 14.73, 15.35, 19.04, 19.83, 23.40, 25.46, 25.37, 21.60, 20.74, 17.16, 13.88, 11.18, 7.58, 5.58, 3.79, 0.00, 3.80, 6.54, 9.34, 8.23, 10.02, 9.00, 11.83, 12.68, 16.17, 18.42, 21.83, 24.54, 26.42, 29.93, 31.31, 31.95, 30.82, 27.58, 27.13, 26.11, 22.30, 21.04, 17.99, 16.09, 13.71, 11.56, 10.01, 7.67
 33.13, 31.74, 27.89, 26.14, 26.76, 25.21, 21.60, 19.54, 15.89, 16.32, 15.14, 11.62, 9.99, 6.91, 5.72, 8.72, 11.13, 14.80, 16.48, 20.30, 23.20, 26.98, 28.62, 30.32, 34.09, 35.21, 35.15, 32.37, 31.41, 27.71, 24.61, 22.10, 18.55, 16.25, 12.58, 10.19, 8.68, 11.88, 13.33, 12.68, 15.80, 15.50, 12.14, 13.94, 14.25, 17.45, 18.60, 22.35, 23.35, 26.98, 28.95, 28.97, 25.20, 24.13, 20.57, 17.45, 14.79, 11.29, 9.19, 6.68, 3.80, 0.00, 3.86, 6.69, 6.00, 8.94, 9.33, 12.79, 14.62, 18.20, 20.93, 24.38, 27.37, 29.33, 32.92, 34.25, 34.61, 33.40, 30.09, 29.49, 28.07, 24.22, 22.88, 19.49, 17.35, 14.35, 12.10, 9.54, 7.18
 34.89, 33.15, 29.27, 27.31, 27.40, 25.38, 21.99, 19.42, 15.72, 15.53, 14.02, 10.34, 8.16, 4.52, 5.76, 9.06, 11.33, 15.18, 17.20, 20.84, 23.87, 27.67, 29.74, 31.59, 35.25, 36.74, 36.91, 34.39, 33.74, 29.98, 26.78, 24.59, 20.88, 18.85, 15.08, 12.97, 10.95, 13.39, 14.86, 15.06, 18.41, 18.66, 15.43, 17.17, 17.59, 20.54, 21.49, 25.12, 25.72, 29.22, 30.87, 30.62, 26.79, 25.28, 21.63, 18.92, 16.06, 13.07, 11.05, 9.18, 6.54, 3.86, 0.00, 3.83, 5.46, 8.88, 10.45, 14.15, 16.24, 20.00, 22.76, 26.41, 29.36, 31.66, 35.30, 36.91, 37.32, 35.83, 32.37, 31.38, 29.81, 25.95, 24.12, 20.59, 17.88, 14.57, 11.64, 8.29, 5.31
 34.69, 32.75, 28.87, 27.13, 26.86, 24.68, 21.49, 18.89, 15.46, 15.55, 14.67, 10.89, 9.53, 6.64, 8.84, 11.37, 12.60, 16.28, 17.80, 21.27, 23.98, 27.72, 30.05, 31.62, 35.18, 36.83, 37.40, 35.03, 34.75, 30.99, 27.57, 25.42, 21.66, 19.50, 15.70, 13.49, 10.77, 12.20, 13.44, 14.55, 18.00, 19.00, 16.15, 17.96, 19.01, 21.81, 23.08, 26.59, 27.18, 30.69, 31.97, 31.89, 28.12, 26.20, 22.74, 20.44, 17.98, 15.22, 13.94, 12.54, 9.34, 6.69, 3.83, 0.00, 3.76, 6.89, 9.69, 13.37, 16.05, 19.75, 22.81, 26.50, 29.63, 32.19, 35.90, 37.66, 37.82, 36.04, 32.45, 31.11, 29.16, 25.36, 23.28, 19.57, 16.62, 12.99, 10.17, 6.38, 4.89
 31.79, 30.07, 26.19, 24.78, 24.84, 23.08, 19.72, 17.63, 14.37, 15.37, 15.21, 11.45, 11.00, 8.55, 9.40, 11.34, 12.06, 15.52, 16.34, 19.93, 22.32, 26.05, 28.09, 29.35, 32.97, 34.37, 34.96, 32.43, 32.12, 28.41, 24.91, 22.50, 18.82, 16.33, 12.56, 10.06, 7.08, 8.51, 9.89, 10.99, 14.31, 15.46, 12.70, 14.51, 15.93, 18.75, 20.42, 23.93, 24.85, 28.46, 29.78, 30.09, 26.39, 24.62, 21.36, 18.95, 16.98, 13.93, 13.23, 11.92, 8.23, 6.00, 5.46, 3.76, 0.00, 3.79, 6.40, 10.11, 13.08, 16.64, 19.91, 23.48, 26.78, 29.22, 32.95, 34.57, 34.54, 32.81, 29.25, 28.03, 25.99, 22.19, 20.41, 16.65, 14.10, 10.48, 8.48, 5.41, 5.45
 28.69, 26.89, 23.04, 21.88, 21.84, 20.22, 16.95, 15.23, 12.45, 14.22, 15.01, 11.58, 12.35, 10.92, 11.52, 12.34, 11.87, 14.73, 14.70, 18.05, 19.95, 23.57, 25.63, 26.55, 30.09, 31.52, 32.38, 29.98, 30.00, 26.35, 22.70, 20.40, 16.78, 14.34, 10.81, 8.81, 6.04, 5.90, 8.09, 10.11, 12.79, 14.62, 12.13, 13.31, 15.06, 17.37, 19.23, 22.45, 23.34, 26.88, 27.84, 28.42, 24.87, 22.85, 19.95, 17.94, 16.67, 13.97, 14.30, 13.79, 10.02, 8.94, 8.88, 6.89, 3.79, 0.00, 3.84, 7.02, 10.37, 13.72, 17.15, 20.67, 24.08, 26.69, 30.45, 32.21, 32.02, 30.04, 26.40, 24.91, 22.66, 18.94, 17.01, 13.19, 10.65, 6.96, 5.84, 4.24, 6.64
 25.42, 23.82, 19.95, 18.81, 19.25, 18.07, 14.55, 13.37, 10.71, 13.14, 14.33, 11.33, 12.70, 11.86, 11.31, 11.23, 10.26, 12.60, 12.02, 15.46, 17.21, 20.81, 22.53, 23.41, 27.05, 28.25, 28.92, 26.37, 26.25, 22.61, 18.98, 16.58, 12.98, 10.53, 7.01, 5.59, 4.34, 4.64, 8.08, 9.34, 11.17, 12.65, 9.84, 10.15, 11.60, 13.64, 15.48, 18.64, 19.63, 23.20, 24.26, 25.02, 21.53, 19.76, 17.01, 14.88, 14.07, 11.39, 12.44, 12.49, 9.00, 9.33, 10.45, 9.69, 6.40, 3.84, 0.00, 3.77, 6.78, 10.25, 13.62, 17.13, 20.52, 23.00, 26.76, 28.47, 28.38, 26.50, 22.90, 21.63, 19.65, 15.83, 14.19, 10.52, 8.51, 5.58, 5.48, 5.98, 7.92
 21.84, 20.32, 16.49, 15.74, 16.41, 15.77, 12.33, 12.07, 10.34, 13.59, 15.59, 13.27, 15.36, 15.14, 14.30, 13.42, 11.61, 12.89, 11.18, 14.12, 15.13, 18.48, 19.93, 20.37, 23.96, 25.01, 25.86, 23.34, 23.47, 19.95, 16.22, 13.88, 10.52, 8.18, 5.62, 5.78, 6.24, 4.95, 8.65, 10.04, 10.52, 12.33, 10.07, 9.22, 10.78, 11.91, 13.93, 16.63, 17.68, 21.12, 21.87, 23.03, 19.82, 18.03, 15.86, 14.18, 14.36, 12.25, 14.24, 14.90, 11.83, 12.79, 14.15, 13.37, 10.11, 7.02, 3.77, 0.00, 3.85, 6.75, 10.35, 13.71, 17.23, 19.80, 23.55, 25.34, 25.09, 23.02, 19.38, 17.97, 15.89, 12.08, 10.57, 6.94, 5.80, 4.38, 6.55, 8.76, 11.16
 18.80, 17.32, 13.46, 12.42, 13.56, 13.36, 9.77, 10.22, 9.03, 12.58, 14.90, 13.38, 15.92, 16.42, 15.01, 13.21, 10.83, 11.03, 8.55, 11.18, 11.93, 15.21, 16.35, 16.90, 20.60, 21.55, 22.20, 19.65, 19.77, 16.20, 12.47, 10.40, 6.96, 5.59, 4.31, 6.88, 9.02, 8.52, 12.08, 12.82, 12.56, 13.71, 11.32, 9.19, 9.57, 9.57, 10.96, 13.28, 14.02, 17.37, 18.02, 19.24, 16.12, 14.45, 12.59, 11.15, 12.14, 10.72, 13.55, 15.04, 12.68, 14.62, 16.24, 16.05, 13.08, 10.37, 6.78, 3.85, 0.00, 3.82, 6.84, 10.46, 13.75, 16.39, 20.14, 22.10, 22.21, 20.12, 16.47, 15.16, 13.69, 9.84, 8.40, 5.63, 5.51, 6.31, 8.23, 11.09, 12.96
 15.28, 14.11, 10.37, 10.17, 11.97, 12.82, 9.75, 11.51, 11.48, 15.21, 17.90, 16.84, 19.57, 20.21, 18.66, 16.66, 14.11, 13.56, 10.39, 11.99, 11.58, 14.19, 14.68, 14.48, 18.07, 18.64, 19.43, 16.83, 17.19, 13.91, 10.17, 8.14, 5.76, 5.15, 6.42, 9.33, 11.82, 10.76, 13.86, 14.48, 13.18, 14.36, 12.76, 9.92, 10.30, 9.06, 10.59, 11.96, 12.91, 15.94, 16.24, 18.10, 15.53, 14.12, 13.24, 12.41, 14.33, 13.45, 16.59, 18.23, 16.17, 18.20, 20.00, 19.75, 16.64, 13.72, 10.25, 6.75, 3.82, 0.00, 3.84, 6.97, 10.55, 13.16, 16.90, 18.87, 18.74, 16.47, 12.78, 11.44, 9.97, 6.14, 5.59, 4.32, 6.63, 8.89, 11.56, 14.69, 16.76
 12.21, 11.10, 7.48, 7.08, 9.75, 11.44, 8.88, 11.50, 12.27, 15.81, 18.64, 18.32, 21.28, 22.42, 20.63, 18.08, 15.25, 13.74, 10.17, 10.69, 9.48, 11.46, 11.27, 10.96, 14.62, 15.01, 15.62, 13.05, 13.60, 10.37, 6.66, 5.68, 4.61, 6.48, 8.93, 12.41, 15.30, 14.56, 17.67, 18.05, 16.51, 17.26, 15.68, 12.36, 11.75, 9.32, 9.69, 9.89, 10.20, 12.74, 12.62, 14.72, 12.58, 11.41, 11.45, 11.37, 14.16, 14.19, 17.73, 19.92, 18.42, 20.93, 22.76, 22.81, 19.91, 17.15, 13.62, 10.35, 6.84, 3.84, 0.00, 3.85, 6.92, 9.83, 13.53, 15.87, 16.22, 13.81, 10.16, 8.87, 8.59, 5.49, 5.49, 6.61, 9.05, 11.94, 14.25, 17.57, 19.34
 8.95, 8.78, 6.01, 7.18, 10.58, 13.27, 11.56, 14.69, 15.90, 19.36, 22.22, 22.09, 25.04, 26.17, 24.23, 21.66, 18.91, 17.16, 13.57, 13.45, 11.50, 12.38, 11.11, 9.73, 13.01, 12.55, 13.12, 10.37, 11.14, 8.60, 5.59, 5.32, 6.77, 8.80, 12.00, 15.33, 18.36, 17.48, 20.22, 20.39, 18.24, 18.82, 17.82, 14.28, 13.63, 10.53, 10.82, 9.76, 10.31, 12.06, 11.57, 14.46, 13.25, 12.75, 13.75, 14.02, 17.17, 17.41, 20.94, 23.10, 21.83, 24.38, 26.41, 26.50, 23.48, 20.67, 17.13, 13.71, 10.46, 6.97, 3.85, 0.00, 3.86, 6.42, 10.07, 12.38, 12.55, 9.98, 6.33, 5.49, 6.34, 4.86, 6.82, 9.28, 12.35, 15.43, 17.99, 21.33, 23.15
 6.62, 6.93, 5.59, 6.65, 10.41, 13.64, 12.72, 16.10, 17.78, 20.89, 23.75, 24.17, 27.22, 28.71, 26.65, 23.75, 20.89, 18.56, 15.00, 14.00, 11.52, 11.29, 8.97, 7.15, 10.08, 9.08, 9.29, 6.57, 7.95, 6.12, 4.58, 6.63, 9.09, 11.93, 15.21, 18.74, 21.92, 21.21, 24.04, 24.13, 21.97, 22.31, 21.25, 17.58, 16.39, 12.90, 12.21, 10.01, 9.64, 10.14, 8.80, 12.05, 11.82, 11.80, 13.81, 14.78, 18.33, 19.25, 22.92, 25.43, 24.54, 27.37, 29.36, 29.63, 26.78, 24.08, 20.52, 17.23, 13.75, 10.55, 6.92, 3.86, 0.00, 3.81, 7.01, 10.05, 11.03, 8.35, 5.48, 5.16, 7.94, 8.01, 9.61, 12.56, 15.37, 18.64, 20.93, 24.35, 25.97
 7.36, 9.28, 9.03, 10.37, 14.11, 17.39, 16.42, 19.68, 21.09, 24.12, 26.73, 27.07, 29.90, 31.20, 28.83, 26.04, 23.51, 21.27, 17.95, 17.14, 14.92, 14.52, 11.67, 9.85, 12.03, 9.87, 9.05, 5.61, 5.82, 5.41, 5.82, 7.37, 10.83, 13.41, 17.06, 20.43, 23.83, 23.37, 25.93, 25.56, 23.06, 22.95, 22.23, 18.46, 17.05, 13.30, 12.55, 9.62, 9.90, 9.79, 9.04, 12.77, 13.19, 14.15, 16.24, 16.85, 20.37, 21.16, 24.65, 26.99, 26.42, 29.33, 31.66, 32.19, 29.22, 26.69, 23.00, 19.80, 16.39, 13.16, 9.83, 6.42, 3.81, 0.00, 3.76, 6.30, 7.63, 5.81, 4.41, 6.59, 9.85, 10.52, 12.89, 15.68, 18.67, 21.73, 24.03, 27.27, 28.69
 7.79, 10.53, 11.52, 13.00, 16.54, 20.01, 19.50, 22.85, 24.46, 27.34, 29.91, 30.48, 33.32, 34.73, 32.28, 29.40, 26.89, 24.45, 21.21, 20.04, 17.62, 16.58, 13.25, 11.17, 12.28, 9.21, 7.68, 4.80, 5.04, 7.01, 8.93, 10.84, 14.43, 17.05, 20.73, 24.08, 27.53, 27.09, 29.56, 29.10, 26.46, 26.20, 25.66, 21.88, 20.35, 16.54, 15.54, 12.18, 12.17, 10.97, 9.84, 13.58, 14.94, 16.34, 18.89, 19.77, 23.37, 24.41, 27.87, 30.28, 29.93, 32.92, 35.30, 35.90, 32.95, 30.45, 26.76, 23.55, 20.14, 16.90, 13.53, 10.07, 7.01, 3.76, 0.00, 3.75, 6.14, 5.18, 6.27, 8.79, 12.40, 13.82, 16.24, 19.26, 22.27, 25.42, 27.71, 30.98, 32.34
 10.73, 13.86, 14.75, 16.43, 20.06, 23.48, 22.70, 25.94, 27.24, 30.18, 32.58, 32.91, 35.53, 36.65, 33.99, 31.33, 29.14, 26.96, 23.87, 23.08, 20.94, 20.16, 16.86, 14.90, 15.96, 12.71, 10.96, 8.24, 7.13, 9.34, 11.37, 12.39, 16.17, 18.32, 22.12, 25.19, 28.70, 28.42, 30.58, 29.74, 26.84, 26.24, 26.07, 22.37, 20.88, 17.15, 16.44, 13.06, 13.86, 12.79, 12.54, 16.23, 17.56, 19.37, 21.64, 22.04, 25.46, 26.17, 29.39, 31.51, 31.31, 34.25, 36.91, 37.66, 34.57, 32.21, 28.47, 25.34, 22.10, 18.87, 15.87, 12.38, 10.05, 6.30, 3.75, 0.00, 3.70, 5.39, 7.81, 11.18, 14.44, 15.90, 18.78, 21.56, 24.72, 27.66, 30.02, 33.10, 34.37
 10.77, 14.21, 15.09, 17.45, 20.98, 24.47, 23.61, 26.93, 28.21, 31.43, 33.98, 33.97, 36.59, 37.45, 34.92, 32.51, 30.32, 28.45, 25.21, 24.70, 22.48, 21.92, 18.90, 16.50, 17.58, 14.41, 13.49, 10.93, 10.42, 11.94, 13.08, 13.34, 16.95, 18.47, 22.27, 25.04, 28.34, 27.73, 29.55, 28.75, 25.56, 25.16, 25.49, 21.95, 21.06, 17.56, 17.65, 14.75, 16.15, 15.74, 15.53, 19.31, 20.25, 21.67, 23.69, 23.89, 27.19, 27.49, 30.65, 32.48, 31.95, 34.61, 37.32, 37.82, 34.54, 32.02, 28.38, 25.09, 22.21, 18.74, 16.22, 12.55, 11.03, 7.63, 6.14, 3.70, 0.00, 3.81, 6.95, 10.55, 13.26, 15.12, 18.44, 21.19, 24.64, 27.53, 30.23, 33.30, 34.85
 7.13, 10.56, 11.60, 14.33, 17.67, 21.24, 20.66, 24.14, 25.73, 29.04, 31.86, 31.94, 34.79, 35.83, 33.57, 31.04, 28.54, 26.56, 23.08, 22.34, 19.80, 19.10, 16.30, 13.50, 14.59, 11.69, 11.62, 9.33, 10.04, 11.00, 11.48, 12.13, 15.46, 17.16, 20.85, 23.79, 26.92, 25.97, 27.97, 27.64, 24.57, 24.68, 24.82, 21.25, 20.59, 17.09, 17.24, 14.55, 15.51, 15.27, 14.39, 18.15, 18.93, 19.74, 21.88, 22.44, 25.85, 26.28, 29.66, 31.66, 30.82, 33.40, 35.83, 36.04, 32.81, 30.04, 26.50, 23.02, 20.12, 16.47, 13.81, 9.98, 8.35, 5.81, 5.18, 5.39, 3.81, 0.00, 3.78, 6.96, 9.87, 12.15, 15.32, 18.39, 21.88, 25.02, 27.85, 31.13, 32.95
 6.01, 8.50, 8.49, 11.24, 14.61, 18.02, 17.18, 20.61, 22.15, 25.55, 28.45, 28.41, 31.32, 32.35, 30.26, 27.76, 25.15, 23.28, 19.72, 19.16, 16.70, 16.43, 14.09, 11.45, 13.31, 11.22, 11.67, 9.06, 10.06, 9.70, 9.00, 9.37, 12.29, 13.95, 17.52, 20.52, 23.56, 22.50, 24.68, 24.57, 21.72, 22.09, 21.97, 18.40, 17.90, 14.51, 14.87, 12.66, 13.59, 14.06, 13.19, 16.82, 16.93, 17.24, 19.06, 19.56, 22.89, 23.21, 26.65, 28.66, 27.58, 30.09, 32.37, 32.45, 29.25, 26.40, 22.90, 19.38, 16.47, 12.78, 10.16, 6.33, 5.48, 4.41, 6.27, 7.81, 6.95, 3.78, 0.00, 3.79, 6.65, 8.46, 11.59, 14.62, 18.10, 21.25, 24.10, 27.43, 29.33
 4.46, 5.58, 5.27, 8.70, 11.58, 15.04, 14.58, 18.16, 20.11, 23.59, 26.77, 26.84, 29.99, 31.21, 29.49, 26.91, 23.97, 22.03, 18.26, 17.44, 14.63, 14.25, 12.49, 9.50, 11.42, 10.22, 11.77, 9.93, 11.92, 10.99, 9.49, 10.23, 12.26, 13.97, 17.11, 20.16, 22.88, 21.39, 23.76, 24.23, 21.65, 22.59, 22.25, 18.84, 18.65, 15.53, 15.94, 14.21, 14.57, 15.21, 13.73, 16.98, 16.83, 16.30, 18.13, 19.05, 22.37, 22.82, 26.40, 28.55, 27.13, 29.49, 31.38, 31.11, 28.03, 24.91, 21.63, 17.97, 15.16, 11.44, 8.87, 5.49, 5.16, 6.59, 8.79, 11.18, 10.55, 6.96, 3.79, 0.00, 3.78, 6.23, 8.78, 12.28, 15.71, 19.15, 22.13, 25.67, 27.89
 7.66, 7.64, 6.22, 9.67, 11.82, 14.79, 14.08, 17.44, 19.25, 22.94, 26.24, 25.89, 29.02, 29.98, 28.57, 26.31, 23.38, 21.90, 18.14, 17.80, 15.22, 15.45, 14.54, 11.82, 13.92, 13.41, 15.32, 13.54, 15.36, 13.91, 11.62, 11.44, 12.52, 13.35, 16.02, 18.64, 20.89, 18.93, 21.06, 21.91, 19.34, 20.81, 20.69, 17.65, 18.18, 15.64, 16.78, 15.86, 16.57, 17.87, 16.67, 19.66, 18.93, 17.88, 19.11, 19.75, 22.71, 22.71, 26.14, 27.99, 26.11, 28.07, 29.81, 29.16, 25.99, 22.66, 19.65, 15.89, 13.69, 9.97, 8.59, 6.34, 7.94, 9.85, 12.40, 14.44, 13.26, 9.87, 6.65, 3.78, 0.00, 3.87, 6.65, 9.92, 13.56, 16.89, 20.22, 23.72, 26.29
 10.37, 9.64, 6.67, 8.82, 10.96, 13.25, 11.67, 14.67, 15.98, 19.76, 22.92, 22.32, 25.34, 26.17, 24.77, 22.62, 19.78, 18.61, 14.97, 15.21, 13.24, 14.38, 14.05, 12.24, 15.14, 15.15, 16.66, 14.46, 15.75, 13.43, 10.35, 9.42, 9.50, 9.94, 12.29, 14.92, 17.17, 15.35, 17.76, 18.61, 16.38, 17.87, 17.35, 14.36, 14.96, 12.79, 14.15, 13.99, 14.83, 16.84, 16.16, 18.81, 17.35, 16.09, 16.62, 16.82, 19.48, 19.19, 22.52, 24.28, 22.30, 24.22, 25.95, 25.36, 22.19, 18.94, 15.83, 12.08, 9.84, 6.14, 5.49, 4.86, 8.01, 10.52, 13.82, 15.90, 15.12, 12.15, 8.46, 6.23, 3.87, 0.00, 3.82, 6.45, 10.15, 13.32, 16.59, 20.01, 22.50
 12.11, 10.18, 6.61, 7.50, 8.49, 10.05, 8.43, 11.30, 12.92, 16.68, 20.06, 19.61, 22.86, 23.98, 22.98, 20.70, 17.55, 16.32, 12.65, 12.76, 10.85, 12.36, 13.01, 11.79, 14.81, 15.76, 17.58, 15.82, 17.40, 14.73, 11.36, 10.91, 9.88, 10.51, 11.92, 14.58, 16.42, 14.45, 17.28, 18.70, 17.18, 18.99, 17.91, 15.23, 15.78, 14.04, 15.03, 15.31, 15.47, 17.57, 16.62, 18.63, 16.80, 14.76, 14.99, 15.53, 17.97, 17.91, 21.28, 23.25, 21.04, 22.88, 24.12, 23.28, 20.41, 17.01, 14.19, 10.57, 8.40, 5.59, 5.49, 6.82, 9.61, 12.89, 16.24, 18.78, 18.44, 15.32, 11.59, 8.78, 6.65, 3.82, 0.00, 3.86, 7.09, 10.67, 13.83, 17.49, 20.15
 15.86, 13.99, 10.29, 10.32, 10.84, 11.17, 8.64, 10.33, 10.98, 14.82, 17.98, 16.93, 19.97, 20.75, 19.97, 18.09, 15.17, 14.71, 11.47, 12.63, 11.80, 14.22, 15.46, 14.96, 18.20, 19.33, 20.88, 18.88, 19.98, 16.90, 13.23, 11.98, 9.80, 9.32, 9.53, 11.62, 12.96, 10.84, 13.84, 15.53, 14.57, 16.64, 15.28, 13.15, 14.16, 13.34, 14.79, 16.01, 16.47, 19.15, 18.77, 20.43, 17.97, 15.80, 15.06, 14.91, 16.62, 15.94, 18.97, 20.57, 17.99, 19.49, 20.59, 19.57, 16.65, 13.19, 10.52, 6.94, 5.63, 4.32, 6.61, 9.28, 12.56, 15.68, 19.26, 21.56, 21.19, 18.39, 14.62, 12.28, 9.92, 6.45, 3.86, 0.00, 3.79, 6.98, 10.37, 13.89, 16.71
 18.97, 16.69, 12.94, 12.01, 11.65, 10.69, 7.83, 8.11, 8.16, 11.84, 14.96, 13.75, 16.84, 17.75, 17.46, 15.68, 12.67, 12.63, 9.93, 11.53, 11.57, 14.53, 16.53, 16.76, 20.03, 21.67, 23.16, 21.34, 22.38, 19.05, 15.35, 14.23, 11.34, 10.76, 9.68, 11.31, 11.95, 10.01, 13.35, 15.44, 15.43, 17.57, 15.64, 14.09, 15.01, 14.85, 16.01, 17.73, 17.81, 20.63, 20.34, 21.38, 18.52, 15.91, 14.48, 14.26, 15.29, 14.55, 17.30, 18.91, 16.09, 17.35, 17.88, 16.62, 14.10, 10.65, 8.51, 5.80, 5.51, 6.63, 9.05, 12.35, 15.37, 18.67, 22.27, 24.72, 24.64, 21.88, 18.10, 15.71, 13.56, 10.15, 7.09, 3.79, 0.00, 3.80, 6.89, 10.59, 13.56
 22.60, 20.44, 16.66, 15.58, 15.20, 13.76, 10.73, 9.79, 8.42, 11.54, 14.01, 11.93, 14.53, 14.88, 15.00, 13.92, 11.50, 12.60, 10.93, 13.38, 14.31, 17.60, 19.77, 20.33, 23.68, 25.32, 26.62, 24.61, 25.31, 21.81, 18.07, 16.49, 13.15, 11.75, 9.46, 9.88, 9.45, 7.61, 10.95, 13.32, 14.20, 16.44, 14.25, 13.59, 14.89, 15.68, 17.12, 19.50, 19.84, 22.97, 23.13, 23.92, 20.73, 18.23, 16.11, 15.22, 15.32, 13.87, 15.92, 16.95, 13.71, 14.35, 14.57, 12.99, 10.48, 6.96, 5.58, 4.38, 6.31, 8.89, 11.94, 15.43, 18.64, 21.73, 25.42, 27.66, 27.53, 25.02, 21.25, 19.15, 16.89, 13.32, 10.67, 6.98, 3.80, 0.00, 3.86, 7.11, 10.40
 25.37, 23.06, 19.25, 17.51, 16.89, 14.80, 11.70, 9.55, 6.99, 9.09, 10.89, 8.39, 10.84, 11.35, 11.94, 11.00, 8.83, 10.65, 10.16, 13.02, 14.86, 18.42, 20.90, 22.11, 25.51, 27.38, 28.43, 26.48, 26.96, 23.31, 19.70, 18.26, 14.61, 13.43, 10.50, 10.59, 9.79, 9.18, 12.47, 14.54, 16.20, 17.99, 15.22, 14.97, 15.75, 16.95, 17.92, 20.60, 20.61, 23.78, 24.15, 24.38, 20.92, 18.34, 15.63, 14.49, 13.73, 12.25, 13.75, 14.79, 11.56, 12.10, 11.64, 10.17, 8.48, 5.84, 5.48, 6.55, 8.23, 11.56, 14.25, 17.99, 20.93, 24.03, 27.71, 30.02, 30.23, 27.85, 24.10, 22.13, 20.22, 16.59, 13.83, 10.37, 6.89, 3.86, 0.00, 3.86, 6.90
 29.03, 26.83, 22.99, 21.22, 20.67, 18.45, 15.36, 12.86, 9.78, 10.74, 11.29, 7.91, 9.04, 8.55, 9.92, 10.19, 9.32, 12.20, 12.77, 15.94, 18.23, 21.88, 24.37, 25.77, 29.22, 31.06, 31.93, 29.84, 30.04, 26.32, 22.76, 21.05, 17.29, 15.67, 12.21, 11.24, 9.44, 9.63, 12.27, 14.17, 16.66, 18.24, 15.34, 15.94, 16.86, 18.77, 19.85, 22.92, 23.12, 26.45, 27.17, 27.22, 23.58, 21.22, 18.12, 16.49, 14.90, 12.84, 13.25, 13.47, 10.01, 9.54, 8.29, 6.38, 5.41, 4.24, 5.98, 8.76, 11.09, 14.69, 17.57, 21.33, 24.35, 27.27, 30.98, 33.10, 33.30, 31.13, 27.43, 25.67, 23.72, 20.01, 17.49, 13.89, 10.59, 7.11, 3.86, 0.00, 3.83
 31.15, 29.04, 25.20, 23.07, 22.72, 20.42, 17.22, 14.43, 10.84, 10.76, 10.00, 6.19, 5.86, 4.73, 6.46, 7.49, 7.92, 11.49, 13.14, 16.54, 19.42, 23.16, 25.57, 27.40, 30.94, 32.74, 33.23, 31.04, 30.88, 27.11, 23.76, 22.04, 18.23, 16.74, 13.12, 12.02, 10.50, 11.91, 14.38, 15.50, 18.28, 19.19, 15.89, 16.68, 17.02, 19.22, 19.90, 23.19, 23.29, 26.62, 27.70, 27.39, 23.62, 21.55, 18.06, 16.01, 13.63, 11.37, 10.83, 10.75, 7.67, 7.18, 5.31, 4.89, 5.45, 6.64, 7.92, 11.16, 12.96, 16.76, 19.34, 23.15, 25.97, 28.69, 32.34, 34.37, 34.85, 32.95, 29.33, 27.89, 26.29, 22.50, 20.15, 16.71, 13.56, 10.40, 6.90, 3.83, 0.00
