 0.00, 3.82, 6.97, 10.29, 12.74, 15.60, 16.76, 17.72, 20.99, 21.42, 25.03, 25.21, 23.88, 22.47, 19.34, 18.07, 17.88, 14.83, 14.82, 13.37, 11.96, 10.67, 7.26, 6.76, 5.85, 7.25, 10.52, 12.82, 14.37, 13.11, 15.88, 16.09, 17.40, 16.15, 13.29, 13.10, 10.15, 11.01, 11.03, 11.11, 14.01, 16.72, 15.28, 16.33, 15.52, 15.44, 15.33, 13.25, 15.07, 13.58, 15.65, 14.17, 10.47, 9.05, 6.54, 6.43
 3.82, 0.00, 3.82, 7.01, 9.15, 12.14, 13.67, 14.51, 18.01, 18.63, 22.37, 22.92, 22.08, 20.72, 17.30, 16.19, 15.49, 12.56, 12.30, 10.67, 10.13, 9.43, 7.00, 6.24, 6.66, 6.78, 10.55, 12.30, 12.99, 11.75, 13.82, 13.27, 14.52, 13.46, 11.21, 11.65, 9.16, 11.04, 11.21, 12.46, 14.92, 17.35, 15.99, 16.19, 14.93, 13.91, 13.21, 10.49, 11.79, 10.20, 11.92, 10.43, 6.69, 5.46, 4.17, 4.87
 6.97, 3.82, 0.00, 3.82, 5.90, 8.80, 10.51, 12.05, 15.50, 16.80, 20.58, 21.69, 21.14, 20.35, 16.67, 15.07, 13.55, 10.33, 9.18, 6.99, 6.76, 6.94, 6.10, 6.62, 8.84, 9.32, 13.10, 14.89, 15.19, 14.28, 15.65, 14.18, 15.03, 13.82, 12.42, 12.76, 10.29, 12.07, 11.41, 13.11, 14.69, 17.16, 16.48, 16.28, 15.35, 13.70, 13.17, 9.85, 10.97, 10.05, 10.73, 8.34, 5.28, 5.21, 6.21, 5.58
 10.29, 7.01, 3.82, 0.00, 3.83, 5.40, 6.76, 8.31, 11.74, 13.30, 17.07, 18.51, 18.31, 17.85, 14.06, 12.36, 10.26, 7.28, 5.98, 4.48, 6.33, 6.52, 7.37, 7.42, 10.34, 10.42, 13.84, 15.45, 15.42, 15.21, 16.02, 13.84, 13.86, 12.28, 11.72, 11.93, 9.99, 11.96, 11.26, 13.81, 14.78, 16.66, 16.18, 15.20, 14.16, 11.78, 11.19, 7.60, 8.62, 8.85, 8.98, 5.66, 4.27, 6.62, 9.10, 9.12
 12.74, 9.15, 5.90, 3.83, 0.00, 3.82, 7.13, 8.80, 12.31, 14.38, 18.09, 20.08, 20.53, 20.12, 16.30, 14.97, 12.33, 9.94, 7.84, 5.37, 7.76, 9.47, 10.74, 11.13, 13.76, 13.34, 16.71, 17.71, 16.93, 16.24, 16.26, 13.55, 13.98, 13.29, 13.55, 14.61, 13.28, 15.63, 15.08, 17.59, 18.44, 20.35, 19.97, 18.81, 17.56, 14.79, 13.56, 9.75, 9.25, 8.89, 7.45, 4.62, 4.66, 6.33, 9.67, 9.55
 15.60, 12.14, 8.80, 5.40, 3.82, 0.00, 3.82, 5.90, 8.95, 11.59, 15.08, 17.51, 18.28, 18.40, 14.68, 13.15, 9.93, 8.18, 5.91, 4.90, 8.54, 9.95, 12.16, 12.44, 15.47, 15.13, 18.15, 19.21, 18.42, 18.42, 18.20, 15.13, 14.65, 13.49, 14.39, 15.03, 14.02, 16.13, 15.38, 18.29, 18.53, 19.94, 19.88, 18.19, 17.11, 13.95, 12.99, 9.48, 9.01, 10.10, 8.32, 4.92, 7.03, 9.79, 13.21, 13.22
 16.76, 13.67, 10.51, 6.76, 7.13, 3.82, 0.00, 3.84, 5.93, 8.87, 12.18, 14.64, 15.19, 15.88, 12.31, 10.24, 6.67, 5.36, 3.62, 5.36, 9.05, 9.38, 12.05, 12.12, 15.41, 15.42, 18.06, 19.48, 19.13, 19.83, 19.90, 16.97, 15.73, 13.73, 14.59, 14.37, 13.34, 14.86, 13.84, 16.98, 16.69, 17.56, 17.80, 15.77, 15.07, 11.90, 11.71, 8.89, 9.44, 11.71, 10.71, 7.11, 9.19, 12.49, 15.60, 15.68
 17.72, 14.51, 12.05, 8.31, 8.80, 5.90, 3.84, 0.00, 3.82, 5.70, 9.30, 11.63, 12.70, 12.97, 9.46, 8.41, 5.25, 5.96, 6.56, 8.68, 12.29, 11.96, 13.89, 12.90, 15.57, 14.81, 16.84, 17.74, 17.05, 18.25, 18.00, 14.99, 13.06, 10.88, 12.39, 12.38, 12.36, 14.37, 14.26, 17.83, 17.94, 18.20, 17.80, 15.17, 13.72, 10.08, 9.15, 6.87, 6.89, 9.99, 9.37, 6.49, 9.23, 12.96, 16.19, 17.13
 20.99, 18.01, 15.50, 11.74, 12.31, 8.95, 5.93, 3.82, 0.00, 3.82, 6.43, 9.45, 10.92, 12.17, 9.35, 8.14, 4.95, 7.30, 8.30, 11.18, 14.66, 14.13, 16.44, 15.54, 18.29, 17.77, 19.40, 20.40, 19.87, 21.49, 21.19, 18.20, 15.80, 13.39, 15.11, 14.58, 14.75, 16.19, 15.86, 19.44, 18.96, 18.62, 18.61, 15.61, 14.57, 11.08, 10.85, 9.71, 10.03, 13.48, 12.84, 10.25, 13.03, 16.77, 19.94, 20.76
 21.42, 18.63, 16.80, 13.30, 14.38, 11.59, 8.87, 5.70, 3.82, 0.00, 3.82, 6.01, 7.80, 8.61, 6.19, 6.28, 4.91, 8.40, 10.70, 13.76, 17.05, 15.85, 17.49, 15.79, 17.92, 16.98, 17.89, 18.60, 18.12, 20.32, 20.06, 17.40, 14.43, 11.62, 13.45, 12.67, 13.62, 15.12, 15.54, 19.30, 19.16, 18.25, 17.64, 14.22, 12.62, 9.12, 8.69, 8.87, 9.41, 13.21, 13.41, 11.42, 13.89, 17.69, 20.61, 21.99
 25.03, 22.37, 20.58, 17.07, 18.09, 15.08, 12.18, 9.30, 6.43, 3.82, 0.00, 3.83, 6.80, 8.55, 7.79, 8.36, 7.88, 11.62, 13.94, 17.20, 20.44, 19.14, 20.89, 19.18, 21.19, 20.29, 20.77, 21.37, 20.92, 23.43, 23.05, 20.45, 17.18, 14.45, 16.45, 15.46, 16.71, 17.83, 18.27, 21.94, 21.49, 20.03, 19.57, 15.94, 14.59, 11.56, 11.50, 12.43, 12.88, 16.68, 16.84, 15.11, 17.69, 21.49, 24.39, 25.80
 25.21, 22.92, 21.69, 18.51, 20.08, 17.51, 14.64, 11.63, 9.45, 6.01, 3.83, 0.00, 3.82, 5.36, 6.22, 7.79, 9.05, 12.79, 15.81, 19.20, 22.13, 20.26, 21.46, 19.25, 20.72, 19.73, 19.53, 20.10, 20.01, 22.97, 22.90, 20.83, 17.33, 14.25, 15.83, 14.33, 15.95, 16.75, 17.69, 21.26, 21.04, 19.07, 18.17, 14.37, 12.82, 10.41, 10.70, 12.76, 13.75, 17.49, 18.42, 16.88, 18.92, 22.63, 25.13, 26.83
 23.88, 22.08, 21.14, 18.31, 20.53, 18.28, 15.19, 12.70, 10.92, 7.80, 6.80, 3.82, 0.00, 3.82, 5.39, 6.18, 8.71, 12.03, 15.48, 19.04, 21.47, 19.04, 19.93, 17.64, 18.92, 18.41, 17.98, 19.09, 19.73, 22.82, 23.38, 21.73, 18.43, 14.91, 15.57, 13.24, 14.38, 14.40, 15.23, 18.56, 18.23, 15.87, 14.94, 11.15, 10.09, 8.58, 10.10, 12.64, 14.61, 18.22, 19.68, 17.76, 19.13, 22.72, 24.78, 26.33
 22.47, 20.72, 20.35, 17.85, 20.12, 18.40, 15.88, 12.97, 12.17, 8.61, 8.55, 5.36, 3.82, 0.00, 3.82, 6.63, 9.69, 12.65, 16.27, 19.46, 21.87, 19.37, 19.63, 16.78, 17.39, 16.28, 15.32, 15.96, 16.51, 19.83, 20.41, 19.13, 15.75, 12.23, 12.77, 10.56, 12.49, 13.04, 14.80, 18.19, 18.65, 16.50, 14.70, 10.95, 8.70, 7.22, 7.86, 11.12, 12.95, 16.26, 18.25, 16.88, 17.91, 21.30, 23.13, 25.14
 19.34, 17.30, 16.67, 14.06, 16.30, 14.68, 12.31, 9.46, 9.35, 6.19, 7.79, 6.22, 5.39, 3.82, 0.00, 3.82, 6.47, 9.18, 12.73, 15.76, 18.26, 15.97, 16.35, 13.63, 14.67, 13.57, 13.38, 14.26, 14.63, 17.54, 18.12, 16.51, 13.39, 9.73, 10.27, 8.24, 9.77, 10.87, 12.39, 16.07, 16.65, 15.17, 13.51, 9.88, 7.39, 4.46, 4.76, 7.50, 9.57, 13.00, 14.86, 13.20, 14.22, 17.69, 19.70, 21.57
 18.07, 16.19, 15.07, 12.36, 14.97, 13.15, 10.24, 8.41, 8.14, 6.28, 8.36, 7.79, 6.18, 6.63, 3.82, 0.00, 3.80, 6.19, 9.90, 13.28, 15.50, 13.02, 13.86, 11.73, 13.53, 13.39, 13.95, 15.67, 16.50, 18.96, 19.89, 18.13, 15.50, 11.85, 11.84, 9.41, 9.40, 9.67, 10.03, 13.69, 13.64, 12.32, 11.42, 7.94, 6.77, 4.00, 6.26, 7.61, 10.45, 13.82, 15.35, 12.82, 13.65, 17.15, 19.12, 20.35
 17.88, 15.49, 13.55, 10.26, 12.33, 9.93, 6.67, 5.25, 4.95, 4.91, 7.88, 9.05, 8.71, 9.69, 6.47, 3.80, 0.00, 3.81, 6.87, 10.38, 13.11, 11.35, 13.07, 11.73, 14.33, 14.29, 15.72, 17.36, 17.68, 19.58, 20.13, 17.81, 15.48, 12.28, 12.81, 11.22, 10.80, 11.58, 11.18, 14.81, 14.44, 13.88, 13.67, 10.70, 9.91, 6.76, 7.85, 7.36, 9.53, 12.94, 13.59, 10.60, 12.05, 15.71, 18.19, 19.04
 14.83, 12.56, 10.33, 7.28, 9.94, 8.18, 5.36, 5.96, 7.30, 8.40, 11.62, 12.79, 12.03, 12.65, 9.18, 6.19, 3.81, 0.00, 3.80, 7.18, 9.46, 7.56, 9.47, 8.74, 11.92, 12.52, 14.69, 16.81, 17.42, 18.74, 19.68, 17.51, 15.91, 12.93, 12.71, 11.18, 9.58, 10.18, 8.97, 12.36, 12.05, 12.45, 12.51, 10.44, 10.14, 7.54, 8.80, 7.10, 9.71, 12.33, 12.98, 9.47, 10.05, 13.37, 15.58, 15.90
 14.82, 12.30, 9.18, 5.98, 7.84, 5.91, 3.62, 6.56, 8.30, 10.70, 13.94, 15.81, 15.48, 16.27, 12.73, 9.90, 6.87, 3.80, 0.00, 3.82, 6.54, 6.08, 9.09, 9.73, 13.36, 14.21, 17.02, 19.08, 19.41, 20.08, 20.81, 18.36, 17.34, 14.97, 14.92, 14.02, 12.11, 12.88, 11.12, 13.92, 13.36, 14.58, 15.18, 13.71, 13.69, 11.20, 11.94, 9.32, 11.05, 13.02, 12.77, 8.96, 9.64, 12.56, 15.00, 14.59
 13.37, 10.67, 6.99, 4.48, 5.37, 4.90, 5.36, 8.68, 11.18, 13.76, 17.20, 19.20, 19.04, 19.46, 15.76, 13.28, 10.38, 7.18, 3.82, 0.00, 3.82, 5.50, 8.41, 9.92, 13.49, 14.36, 17.70, 19.64, 19.75, 19.68, 20.36, 17.91, 17.68, 15.95, 15.75, 15.49, 13.33, 14.45, 12.70, 14.96, 14.81, 16.80, 17.32, 16.41, 16.23, 13.87, 14.06, 10.78, 11.86, 12.77, 12.04, 8.39, 8.42, 10.46, 12.86, 11.81
 11.96, 10.13, 6.76, 6.33, 7.76, 8.54, 9.05, 12.29, 14.66, 17.05, 20.44, 22.13, 21.47, 21.87, 18.26, 15.50, 13.11, 9.46, 6.54, 3.82, 0.00, 3.82, 6.60, 9.43, 12.96, 14.66, 18.20, 20.57, 21.17, 20.79, 21.99, 20.00, 20.19, 18.46, 17.57, 17.02, 14.19, 14.66, 12.32, 13.64, 13.41, 16.10, 16.95, 16.89, 17.26, 15.64, 16.29, 13.20, 14.74, 15.15, 14.84, 11.43, 10.33, 11.32, 12.71, 10.72
 10.67, 9.43, 6.94, 6.52, 9.47, 9.95, 9.38, 11.96, 14.13, 15.85, 19.14, 20.26, 19.04, 19.37, 15.97, 13.02, 11.35, 7.56, 6.08, 5.50, 3.82, 0.00, 3.82, 6.50, 10.22, 12.43, 15.65, 18.45, 19.61, 19.73, 21.39, 19.77, 19.57, 17.26, 15.89, 14.62, 11.45, 11.26, 8.59, 9.97, 9.75, 12.37, 13.14, 13.26, 13.93, 12.83, 14.12, 11.63, 14.07, 14.89, 15.46, 11.96, 10.53, 11.98, 12.94, 11.57
 7.26, 7.00, 6.10, 7.37, 10.74, 12.16, 12.05, 13.89, 16.44, 17.49, 20.89, 21.46, 19.93, 19.63, 16.35, 13.86, 13.07, 9.47, 9.09, 8.41, 6.60, 3.82, 0.00, 3.82, 6.96, 9.71, 12.97, 16.00, 17.60, 17.53, 19.72, 18.75, 18.88, 16.63, 14.51, 13.16, 9.59, 9.24, 6.98, 7.70, 8.84, 11.80, 11.77, 12.54, 12.95, 12.55, 13.73, 11.54, 14.22, 14.44, 15.78, 12.79, 10.34, 11.06, 10.98, 9.86
 6.76, 6.24, 6.62, 7.42, 11.13, 12.44, 12.12, 12.90, 15.54, 15.79, 19.18, 19.25, 17.64, 16.78, 13.63, 11.73, 11.73, 8.74, 9.73, 9.92, 9.43, 6.50, 3.82, 0.00, 3.82, 6.25, 9.30, 12.39, 14.19, 14.60, 16.97, 16.29, 16.10, 13.59, 11.10, 9.48, 5.82, 5.89, 5.02, 6.92, 9.13, 11.18, 9.99, 10.27, 9.85, 9.56, 10.54, 8.88, 11.93, 12.26, 14.37, 11.78, 9.21, 10.40, 10.32, 10.58
 5.85, 6.66, 8.84, 10.34, 13.76, 15.47, 15.41, 15.57, 18.29, 17.92, 21.19, 20.72, 18.92, 17.39, 14.67, 13.53, 14.33, 11.92, 13.36, 13.49, 12.96, 10.22, 6.96, 3.82, 0.00, 3.82, 6.37, 9.75, 12.22, 12.61, 15.60, 15.78, 15.84, 13.50, 10.25, 8.60, 5.15, 5.25, 6.30, 7.30, 10.63, 12.33, 10.12, 10.84, 9.85, 10.43, 11.04, 10.17, 13.06, 12.81, 15.63, 13.80, 10.81, 11.31, 10.23, 11.26
 7.25, 6.78, 9.32, 10.42, 13.34, 15.13, 15.42, 14.81, 17.77, 16.98, 20.29, 19.73, 18.41, 16.28, 13.57, 13.39, 14.29, 12.52, 14.21, 14.36, 14.66, 12.43, 9.71, 6.25, 3.82, 0.00, 3.82, 6.34, 8.42, 8.95, 11.91, 12.32, 12.39, 10.35, 6.85, 6.14, 4.13, 6.55, 8.96, 10.78, 13.97, 15.12, 12.47, 12.24, 10.05, 9.91, 9.23, 8.48, 10.74, 10.05, 13.35, 12.32, 9.40, 9.97, 9.17, 11.44
 10.52, 10.55, 13.10, 13.84, 16.71, 18.15, 18.06, 16.84, 19.40, 17.89, 20.77, 19.53, 17.98, 15.32, 13.38, 13.95, 15.72, 14.69, 17.02, 17.70, 18.20, 15.65, 12.97, 9.30, 6.37, 3.82, 0.00, 3.82, 7.20, 8.88, 12.08, 13.21, 12.77, 10.55, 6.77, 5.43, 5.15, 6.92, 10.36, 12.04, 15.37, 15.75, 12.46, 12.05, 9.35, 10.03, 9.35, 10.07, 12.30, 11.94, 15.61, 15.00, 12.55, 13.32, 12.49, 15.06
 12.82, 12.30, 14.89, 15.45, 17.71, 19.21, 19.48, 17.74, 20.40, 18.60, 21.37, 20.10, 19.09, 15.96, 14.26, 15.67, 17.36, 16.81, 19.08, 19.64, 20.57, 18.45, 16.00, 12.39, 9.75, 6.34, 3.82, 0.00, 3.83, 6.16, 9.17, 10.94, 10.60, 9.17, 5.74, 6.28, 7.86, 10.39, 13.90, 15.82, 19.08, 19.31, 15.97, 15.09, 11.87, 11.87, 10.05, 10.90, 12.06, 11.17, 14.98, 15.30, 13.17, 13.75, 13.11, 16.33
 14.37, 12.99, 15.19, 15.42, 16.93, 18.42, 19.13, 17.05, 19.87, 18.12, 20.92, 20.01, 19.73, 16.51, 14.63, 16.50, 17.68, 17.42, 19.41, 19.75, 21.17, 19.61, 17.60, 14.19, 12.22, 8.42, 7.20, 3.83, 0.00, 3.82, 5.68, 7.56, 7.39, 7.12, 4.88, 7.50, 9.83, 13.08, 16.36, 18.71, 21.75, 22.07, 18.94, 17.59, 14.11, 13.14, 10.32, 10.68, 10.56, 9.09, 12.76, 13.95, 12.30, 12.85, 12.81, 16.42
 13.11, 11.75, 14.28, 15.21, 16.24, 18.42, 19.83, 18.25, 21.49, 20.32, 23.43, 22.97, 22.82, 19.83, 17.54, 18.96, 19.58, 18.74, 20.08, 19.68, 20.79, 19.73, 17.53, 14.60, 12.61, 8.95, 8.88, 6.16, 3.82, 0.00, 3.82, 6.60, 8.34, 9.24, 7.28, 10.21, 11.55, 14.86, 17.71, 19.71, 22.89, 23.80, 20.89, 19.96, 16.79, 15.71, 12.94, 12.26, 11.69, 9.04, 12.30, 13.90, 11.69, 11.11, 10.50, 14.28
 15.88, 13.82, 15.65, 16.02, 16.26, 18.20, 19.90, 18.00, 21.19, 20.06, 23.05, 22.90, 23.38, 20.41, 18.12, 19.89, 20.13, 19.68, 20.81, 20.36, 21.99, 21.39, 19.72, 16.97, 15.60, 11.91, 12.08, 9.17, 5.68, 3.82, 0.00, 3.82, 6.28, 8.69, 8.38, 11.99, 13.88, 17.50, 20.23, 22.62, 25.53, 26.35, 23.59, 22.21, 18.85, 17.13, 13.81, 12.90, 11.18, 8.26, 10.85, 13.37, 12.00, 11.63, 11.96, 15.75
 16.09, 13.27, 14.18, 13.84, 13.55, 15.13, 16.97, 14.99, 18.20, 17.40, 20.45, 20.83, 21.73, 19.13, 16.51, 18.13, 17.81, 17.51, 18.36, 17.91, 20.00, 19.77, 18.75, 16.29, 15.78, 12.32, 13.21, 10.94, 7.56, 6.60, 3.82, 0.00, 3.83, 6.90, 7.93, 11.72, 13.55, 17.36, 19.69, 22.46, 24.95, 25.78, 23.40, 21.66, 18.39, 16.00, 12.47, 10.93, 8.38, 5.35, 7.30, 10.23, 9.69, 9.99, 11.52, 15.05
 17.40, 14.52, 15.03, 13.86, 13.98, 14.65, 15.73, 13.06, 15.80, 14.43, 17.18, 17.33, 18.43, 15.75, 13.39, 15.50, 15.48, 15.91, 17.34, 17.68, 20.19, 19.57, 18.88, 16.10, 15.84, 12.39, 12.77, 10.60, 7.39, 8.34, 6.28, 3.83, 0.00, 3.83, 6.35, 9.90, 12.47, 16.21, 18.71, 21.86, 24.09, 24.39, 21.98, 19.74, 16.29, 13.63, 9.87, 9.09, 6.41, 5.21, 7.49, 9.86, 10.22, 11.79, 13.77, 17.12
 16.15, 13.46, 13.82, 12.28, 13.29, 13.49, 13.73, 10.88, 13.39, 11.62, 14.45, 14.25, 14.91, 12.23, 9.73, 11.85, 12.28, 12.93, 14.97, 15.95, 18.46, 17.26, 16.63, 13.59, 13.50, 10.35, 10.55, 9.17, 7.12, 9.24, 8.69, 6.90, 3.83, 0.00, 3.80, 6.57, 9.39, 12.97, 15.50, 18.84, 20.89, 20.89, 18.48, 16.04, 12.57, 9.85, 6.06, 5.97, 4.50, 5.34, 8.30, 9.16, 9.47, 11.89, 13.84, 16.91
 13.29, 11.21, 12.42, 11.72, 13.55, 14.39, 14.59, 12.39, 15.11, 13.45, 16.45, 15.83, 15.57, 12.77, 10.27, 11.84, 12.81, 12.71, 14.92, 15.75, 17.57, 15.89, 14.51, 11.10, 10.25, 6.85, 6.77, 5.74, 4.88, 7.28, 8.38, 7.93, 6.35, 3.80, 0.00, 3.81, 6.46, 10.11, 13.03, 16.02, 18.52, 18.69, 15.97, 14.07, 10.62, 8.79, 5.69, 5.88, 6.42, 6.40, 10.10, 10.31, 9.21, 11.07, 12.09, 15.21
 13.10, 11.65, 12.76, 11.93, 14.61, 15.03, 14.37, 12.38, 14.58, 12.67, 15.46, 14.33, 13.24, 10.56, 8.24, 9.41, 11.22, 11.18, 14.02, 15.49, 17.02, 14.62, 13.16, 9.48, 8.60, 6.14, 5.43, 6.28, 7.50, 10.21, 11.99, 11.72, 9.90, 6.57, 3.81, 0.00, 3.82, 6.84, 10.06, 13.13, 15.51, 15.26, 12.38, 10.39, 6.87, 5.73, 4.00, 5.74, 8.18, 9.30, 12.73, 11.88, 10.73, 12.94, 13.68, 16.25
 10.15, 9.16, 10.29, 9.99, 13.28, 14.02, 13.34, 12.36, 14.75, 13.62, 16.71, 15.95, 14.38, 12.49, 9.77, 9.40, 10.80, 9.58, 12.11, 13.33, 14.19, 11.45, 9.59, 5.82, 5.15, 4.13, 5.15, 7.86, 9.83, 11.55, 13.88, 13.55, 12.47, 9.39, 6.46, 3.82, 0.00, 3.82, 6.65, 9.60, 12.13, 12.49, 9.86, 8.70, 6.21, 5.83, 6.00, 6.17, 9.45, 10.30, 13.42, 11.74, 9.85, 11.78, 12.11, 13.99
 11.01, 11.04, 12.07, 11.96, 15.63, 16.13, 14.86, 14.37, 16.19, 15.12, 17.83, 16.75, 14.40, 13.04, 10.87, 9.67, 11.58, 10.18, 12.88, 14.45, 14.66, 11.26, 9.24, 5.89, 5.25, 6.55, 6.92, 10.39, 13.08, 14.86, 17.50, 17.36, 16.21, 12.97, 10.11, 6.84, 3.82, 0.00, 3.82, 6.42, 8.98, 9.02, 6.13, 5.82, 4.77, 6.45, 8.49, 9.21, 12.84, 14.00, 16.90, 14.75, 12.88, 14.68, 14.61, 15.83
 11.03, 11.21, 11.41, 11.26, 15.08, 15.38, 13.84, 14.26, 15.86, 15.54, 18.27, 17.69, 15.23, 14.80, 12.39, 10.03, 11.18, 8.97, 11.12, 12.70, 12.32, 8.59, 6.98, 5.02, 6.30, 8.96, 10.36, 13.90, 16.36, 17.71, 20.23, 19.69, 18.71, 15.50, 13.03, 10.06, 6.65, 3.82, 0.00, 3.82, 5.49, 6.41, 5.08, 5.79, 6.87, 8.11, 10.74, 10.63, 14.34, 15.66, 17.96, 15.18, 13.39, 15.20, 15.24, 15.54
 11.11, 12.46, 13.11, 13.81, 17.59, 18.29, 16.98, 17.83, 19.44, 19.30, 21.94, 21.26, 18.56, 18.19, 16.07, 13.69, 14.81, 12.36, 13.92, 14.96, 13.64, 9.97, 7.70, 6.92, 7.30, 10.78, 12.04, 15.82, 18.71, 19.71, 22.62, 22.46, 21.86, 18.84, 16.02, 13.13, 9.60, 6.42, 3.82, 0.00, 3.82, 5.98, 5.28, 8.03, 9.85, 11.77, 14.37, 14.22, 17.82, 18.72, 21.05, 18.30, 16.08, 17.22, 16.55, 16.33
 14.01, 14.92, 14.69, 14.78, 18.44, 18.53, 16.69, 17.94, 18.96, 19.16, 21.49, 21.04, 18.23, 18.65, 16.65, 13.64, 14.44, 12.05, 13.36, 14.81, 13.41, 9.75, 8.84, 9.13, 10.63, 13.97, 15.37, 19.08, 21.75, 22.89, 25.53, 24.95, 24.09, 20.89, 18.52, 15.51, 12.13, 8.98, 5.49, 3.82, 0.00, 3.82, 5.81, 8.29, 11.14, 12.79, 15.89, 15.68, 19.33, 20.72, 22.61, 19.46, 17.76, 19.28, 19.09, 18.44
 16.72, 17.35, 17.16, 16.66, 20.35, 19.94, 17.56, 18.20, 18.62, 18.25, 20.03, 19.07, 15.87, 16.50, 15.17, 12.32, 13.88, 12.45, 14.58, 16.80, 16.10, 12.37, 11.80, 11.18, 12.33, 15.12, 15.75, 19.31, 22.07, 23.80, 26.35, 25.78, 24.39, 20.89, 18.69, 15.26, 12.49, 9.02, 6.41, 5.98, 3.82, 0.00, 3.82, 5.95, 9.54, 11.75, 15.31, 15.96, 19.74, 21.63, 23.71, 20.64, 19.38, 21.38, 21.47, 21.32
 15.28, 15.99, 16.48, 16.18, 19.97, 19.88, 17.80, 17.80, 18.61, 17.64, 19.57, 18.17, 14.94, 14.70, 13.51, 11.42, 13.67, 12.51, 15.18, 17.32, 16.95, 13.14, 11.77, 9.99, 10.12, 12.47, 12.46, 15.97, 18.94, 20.89, 23.59, 23.40, 21.98, 18.48, 15.97, 12.38, 9.86, 6.13, 5.08, 5.28, 5.81, 3.82, 0.00, 3.82, 6.76, 9.73, 13.09, 14.25, 18.06, 19.75, 22.30, 19.65, 18.15, 20.07, 19.94, 20.40
 16.33, 16.19, 16.28, 15.20, 18.81, 18.19, 15.77, 15.17, 15.61, 14.22, 15.94, 14.37, 11.15, 10.95, 9.88, 7.94, 10.70, 10.44, 13.71, 16.41, 16.89, 13.26, 12.54, 10.27, 10.84, 12.24, 12.05, 15.09, 17.59, 19.96, 22.21, 21.66, 19.74, 16.04, 14.07, 10.39, 8.70, 5.82, 5.79, 8.03, 8.29, 5.95, 3.82, 0.00, 3.82, 6.57, 10.23, 11.91, 15.66, 17.89, 20.35, 17.78, 16.91, 19.40, 19.92, 20.79
 15.52, 14.93, 15.35, 14.16, 17.56, 17.11, 15.07, 13.72, 14.57, 12.62, 14.59, 12.82, 10.09, 8.70, 7.39, 6.77, 9.91, 10.14, 13.69, 16.23, 17.26, 13.93, 12.95, 9.85, 9.85, 10.05, 9.35, 11.87, 14.11, 16.79, 18.85, 18.39, 16.29, 12.57, 10.62, 6.87, 6.21, 4.77, 6.87, 9.85, 11.14, 9.54, 6.76, 3.82, 0.00, 3.82, 6.95, 9.31, 12.87, 15.05, 17.82, 15.76, 14.96, 17.54, 18.20, 19.72
 15.44, 13.91, 13.70, 11.78, 14.79, 13.95, 11.90, 10.08, 11.08, 9.12, 11.56, 10.41, 8.58, 7.22, 4.46, 4.00, 6.76, 7.54, 11.20, 13.87, 15.64, 12.83, 12.55, 9.56, 10.43, 9.91, 10.03, 11.87, 13.14, 15.71, 17.13, 16.00, 13.63, 9.85, 8.79, 5.73, 5.83, 6.45, 8.11, 11.77, 12.79, 11.75, 9.73, 6.57, 3.82, 0.00, 3.82, 6.07, 9.50, 12.20, 14.61, 12.51, 12.36, 15.44, 16.83, 18.47
 15.33, 13.21, 13.17, 11.19, 13.56, 12.99, 11.71, 9.15, 10.85, 8.69, 11.50, 10.70, 10.10, 7.86, 4.76, 6.26, 7.85, 8.80, 11.94, 14.06, 16.29, 14.12, 13.73, 10.54, 11.04, 9.23, 9.35, 10.05, 10.32, 12.94, 13.81, 12.47, 9.87, 6.06, 5.69, 4.00, 6.00, 8.49, 10.74, 14.37, 15.89, 15.31, 13.09, 10.23, 6.95, 3.82, 0.00, 3.82, 6.37, 9.05, 11.68, 10.37, 10.49, 13.60, 15.31, 17.54
 13.25, 10.49, 9.85, 7.60, 9.75, 9.48, 8.89, 6.87, 9.71, 8.87, 12.43, 12.76, 12.64, 11.12, 7.50, 7.61, 7.36, 7.10, 9.32, 10.78, 13.20, 11.63, 11.54, 8.88, 10.17, 8.48, 10.07, 10.90, 10.68, 12.26, 12.90, 10.93, 9.09, 5.97, 5.88, 5.74, 6.17, 9.21, 10.63, 14.22, 15.68, 15.96, 14.25, 11.91, 9.31, 6.07, 3.82, 0.00, 3.82, 6.36, 8.57, 6.73, 6.82, 10.20, 12.39, 14.39
 15.07, 11.79, 10.97, 8.62, 9.25, 9.01, 9.44, 6.89, 10.03, 9.41, 12.88, 13.75, 14.61, 12.95, 9.57, 10.45, 9.53, 9.71, 11.05, 11.86, 14.74, 14.07, 14.22, 11.93, 13.06, 10.74, 12.30, 12.06, 10.56, 11.69, 11.18, 8.38, 6.41, 4.50, 6.42, 8.18, 9.45, 12.84, 14.34, 17.82, 19.33, 19.74, 18.06, 15.66, 12.87, 9.50, 6.37, 3.82, 0.00, 3.82, 5.40, 4.95, 6.33, 9.62, 12.47, 14.82
 13.58, 10.20, 10.05, 8.85, 8.89, 10.10, 11.71, 9.99, 13.48, 13.21, 16.68, 17.49, 18.22, 16.26, 13.00, 13.82, 12.94, 12.33, 13.02, 12.77, 15.15, 14.89, 14.44, 12.26, 12.81, 10.05, 11.94, 11.17, 9.09, 9.04, 8.26, 5.35, 5.21, 5.34, 6.40, 9.30, 10.30, 14.00, 15.66, 18.72, 20.72, 21.63, 19.75, 17.89, 15.05, 12.20, 9.05, 6.36, 3.82, 0.00, 3.82, 5.23, 5.03, 7.05, 9.72, 12.58
 15.65, 11.92, 10.73, 8.98, 7.45, 8.32, 10.71, 9.37, 12.84, 13.41, 16.84, 18.42, 19.68, 18.25, 14.86, 15.35, 13.59, 12.98, 12.77, 12.04, 14.84, 15.46, 15.78, 14.37, 15.63, 13.35, 15.61, 14.98, 12.76, 12.30, 10.85, 7.30, 7.49, 8.30, 10.10, 12.73, 13.42, 16.90, 17.96, 21.05, 22.61, 23.71, 22.30, 20.35, 17.82, 14.61, 11.68, 8.57, 5.40, 3.82, 0.00, 3.82, 5.58, 7.51, 11.00, 13.17
 14.17, 10.43, 8.34, 5.66, 4.62, 4.92, 7.11, 6.49, 10.25, 11.42, 15.11, 16.88, 17.76, 16.88, 13.20, 12.82, 10.60, 9.47, 8.96, 8.39, 11.43, 11.96, 12.79, 11.78, 13.80, 12.32, 15.00, 15.30, 13.95, 13.90, 13.37, 10.23, 9.86, 9.16, 10.31, 11.88, 11.74, 14.75, 15.18, 18.30, 19.46, 20.64, 19.65, 17.78, 15.76, 12.51, 10.37, 6.73, 4.95, 5.23, 3.82, 0.00, 3.83, 7.10, 10.73, 12.13
 10.47, 6.69, 5.28, 4.27, 4.66, 7.03, 9.19, 9.23, 13.03, 13.89, 17.69, 18.92, 19.13, 17.91, 14.22, 13.65, 12.05, 10.05, 9.64, 8.42, 10.33, 10.53, 10.34, 9.21, 10.81, 9.40, 12.55, 13.17, 12.30, 11.69, 12.00, 9.69, 10.22, 9.47, 9.21, 10.73, 9.85, 12.88, 13.39, 16.08, 17.76, 19.38, 18.15, 16.91, 14.96, 12.36, 10.49, 6.82, 6.33, 5.03, 5.58, 3.83, 0.00, 3.81, 7.08, 8.71
 9.05, 5.46, 5.21, 6.62, 6.33, 9.79, 12.49, 12.96, 16.77, 17.69, 21.49, 22.63, 22.72, 21.30, 17.69, 17.15, 15.71, 13.37, 12.56, 10.46, 11.32, 11.98, 11.06, 10.40, 11.31, 9.97, 13.32, 13.75, 12.85, 11.11, 11.63, 9.99, 11.79, 11.89, 11.07, 12.94, 11.78, 14.68, 15.20, 17.22, 19.28, 21.38, 20.07, 19.40, 17.54, 15.44, 13.60, 10.20, 9.62, 7.05, 7.51, 7.10, 3.81, 0.00, 3.82, 5.73
 6.54, 4.17, 6.21, 9.10, 9.67, 13.21, 15.60, 16.19, 19.94, 20.61, 24.39, 25.13, 24.78, 23.13, 19.70, 19.12, 18.19, 15.58, 15.00, 12.86, 12.71, 12.94, 10.98, 10.32, 10.23, 9.17, 12.49, 13.11, 12.81, 10.50, 11.96, 11.52, 13.77, 13.84, 12.09, 13.68, 12.11, 14.61, 15.24, 16.55, 19.09, 21.47, 19.94, 19.92, 18.20, 16.83, 15.31, 12.39, 12.47, 9.72, 11.00, 10.73, 7.08, 3.82, 0.00, 3.82
 6.43, 4.87, 5.58, 9.12, 9.55, 13.22, 15.68, 17.13, 20.76, 21.99, 25.80, 26.83, 26.33, 25.14, 21.57, 20.35, 19.04, 15.90, 14.59, 11.81, 10.72, 11.57, 9.86, 10.58, 11.26, 11.44, 15.06, 16.33, 16.42, 14.28, 15.75, 15.05, 17.12, 16.91, 15.21, 16.25, 13.99, 15.83, 15.54, 16.33, 18.44, 21.32, 20.40, 20.79, 19.72, 18.47, 17.54, 14.39, 14.82, 12.58, 13.17, 12.13, 8.71, 5.73, 3.82, 0.00
