 0.00, 3.83, 6.93, 9.60, 13.20, 14.79, 18.60, 20.79, 24.56, 26.75, 30.41, 32.39, 35.09, 33.42, 34.97, 33.11, 32.76, 31.47, 28.95, 27.77, 27.50, 25.32, 23.02, 22.88, 22.05, 19.21, 17.75, 18.22, 16.66, 13.57, 13.55, 14.48, 11.60, 9.03, 8.81, 9.53, 12.34, 13.17, 16.14, 18.42, 21.45, 24.40, 25.95, 29.01, 31.16, 31.04, 32.96, 30.99, 31.30, 32.96, 33.97, 32.01, 34.16, 37.05, 35.45, 35.18, 33.11, 29.97, 28.38, 25.08, 22.01, 18.88, 15.58, 12.87, 9.69, 6.05, 4.88, 4.22, 6.23, 8.94, 9.79, 10.36, 13.81, 14.93, 14.16, 16.14, 18.82, 19.15, 19.56, 22.14, 24.50, 25.65, 28.90, 28.46, 25.18, 26.73, 23.72, 19.89, 18.18, 14.48, 14.03, 11.44, 12.09, 14.69, 16.29, 14.34, 16.50
 3.83, 0.00, 3.81, 6.51, 10.26, 12.46, 16.08, 18.76, 22.42, 25.00, 28.70, 30.44, 33.42, 32.08, 33.80, 32.07, 32.14, 30.74, 27.95, 27.15, 27.21, 24.73, 22.39, 22.88, 22.15, 18.89, 17.84, 19.00, 17.20, 13.94, 14.83, 16.12, 13.06, 11.10, 9.73, 10.29, 12.03, 12.29, 14.61, 16.83, 19.40, 22.42, 23.52, 26.70, 28.68, 28.25, 30.09, 28.13, 28.23, 30.14, 31.44, 29.78, 32.25, 34.90, 33.21, 32.62, 30.59, 27.65, 26.22, 22.74, 19.94, 16.54, 13.61, 10.68, 8.29, 5.39, 5.67, 6.18, 6.17, 9.85, 10.67, 9.83, 13.16, 15.10, 14.06, 15.16, 18.29, 19.08, 18.92, 21.17, 23.99, 25.06, 28.02, 27.29, 23.81, 24.92, 21.66, 17.89, 15.66, 11.87, 10.73, 7.77, 8.39, 10.95, 12.86, 11.34, 14.01
 6.93, 3.81, 0.00, 3.84, 7.12, 9.88, 13.35, 16.27, 19.88, 22.53, 26.28, 27.67, 30.73, 29.47, 31.07, 29.26, 29.64, 28.40, 25.36, 24.65, 25.14, 22.66, 20.08, 20.98, 20.68, 17.19, 16.16, 18.01, 16.51, 13.00, 14.36, 16.32, 13.65, 11.91, 9.35, 9.22, 9.79, 9.44, 11.21, 13.46, 15.83, 18.97, 19.99, 23.30, 25.43, 25.07, 27.13, 25.49, 25.82, 27.98, 29.26, 27.83, 30.40, 32.84, 30.86, 30.06, 27.80, 24.86, 23.24, 19.64, 16.80, 13.21, 10.35, 7.13, 5.60, 4.20, 6.46, 8.70, 8.71, 12.44, 12.34, 10.58, 13.93, 15.92, 14.08, 14.68, 18.21, 18.81, 17.90, 20.21, 23.25, 23.83, 26.59, 25.39, 21.96, 22.99, 19.80, 16.15, 13.90, 10.24, 9.00, 6.26, 5.53, 8.62, 9.97, 8.02, 10.54
 9.60, 6.51, 3.84, 0.00, 3.80, 6.37, 9.74, 12.77, 16.30, 19.13, 22.85, 24.31, 27.48, 26.46, 28.35, 26.87, 27.41, 25.85, 22.80, 22.58, 23.01, 20.18, 17.92, 19.32, 18.75, 15.06, 14.82, 16.94, 15.01, 11.86, 14.18, 15.92, 13.20, 12.50, 9.71, 10.41, 9.97, 10.21, 10.85, 12.09, 13.95, 16.67, 17.36, 20.45, 22.26, 21.74, 23.61, 21.80, 22.15, 24.19, 25.44, 24.01, 26.64, 29.04, 27.11, 26.33, 24.20, 21.32, 19.96, 16.40, 13.87, 10.41, 8.17, 5.97, 5.45, 6.26, 7.58, 9.84, 8.93, 12.37, 11.70, 8.92, 11.77, 14.06, 11.99, 11.77, 15.48, 16.37, 15.05, 17.01, 20.28, 20.86, 23.36, 22.11, 18.56, 19.34, 16.05, 12.45, 10.09, 6.51, 5.64, 4.35, 4.65, 8.47, 10.28, 8.86, 11.25
 13.20, 10.26, 7.12, 3.80, 0.00, 3.79, 6.44, 9.79, 13.12, 16.09, 19.79, 20.92, 24.21, 23.38, 25.28, 23.91, 24.82, 23.26, 20.02, 20.14, 20.95, 18.02, 15.77, 17.78, 17.51, 13.71, 13.93, 16.66, 14.92, 12.06, 14.91, 16.93, 14.71, 14.54, 11.31, 11.77, 10.04, 10.08, 9.33, 9.66, 10.79, 13.27, 13.65, 16.73, 18.51, 18.02, 20.05, 18.49, 19.15, 21.34, 22.50, 21.28, 24.00, 26.17, 23.98, 23.04, 20.71, 17.85, 16.41, 12.76, 10.41, 6.86, 5.55, 4.67, 6.30, 8.84, 10.45, 13.11, 12.23, 15.33, 14.04, 10.82, 13.08, 15.22, 12.63, 11.62, 15.44, 16.17, 14.03, 15.78, 19.21, 19.28, 21.39, 19.68, 16.21, 16.76, 13.62, 10.40, 8.21, 5.63, 5.42, 6.18, 5.60, 9.03, 10.16, 8.86, 10.51
 14.79, 12.46, 9.88, 6.37, 3.79, 0.00, 3.86, 6.41, 10.03, 12.77, 16.49, 18.03, 21.16, 20.24, 22.37, 21.27, 21.97, 20.07, 17.04, 17.44, 17.88, 14.69, 12.91, 15.08, 14.39, 10.61, 11.63, 14.29, 12.26, 10.08, 13.50, 15.15, 13.22, 13.95, 10.98, 12.21, 10.22, 11.38, 10.33, 9.38, 10.43, 12.00, 12.64, 15.10, 16.66, 16.47, 18.38, 16.63, 17.72, 19.39, 20.02, 18.37, 20.79, 23.22, 21.12, 20.64, 18.35, 15.23, 13.87, 10.56, 8.21, 5.66, 5.06, 6.51, 7.49, 10.45, 11.10, 13.64, 12.81, 15.18, 13.14, 9.77, 11.45, 13.08, 10.15, 8.72, 12.43, 12.94, 10.44, 12.17, 15.55, 15.51, 17.62, 15.99, 12.49, 13.32, 10.37, 7.05, 5.95, 4.48, 6.71, 8.86, 9.26, 12.66, 13.86, 12.45, 13.56
 18.60, 16.08, 13.35, 9.74, 6.44, 3.86, 0.00, 3.83, 6.73, 9.97, 13.56, 14.78, 18.17, 17.76, 20.14, 19.47, 20.67, 18.57, 15.46, 16.63, 17.36, 13.97, 12.68, 15.59, 15.02, 11.48, 13.28, 16.16, 14.26, 12.79, 16.39, 17.94, 16.34, 17.48, 14.54, 15.64, 13.14, 14.01, 12.02, 10.11, 9.76, 10.33, 10.10, 12.10, 13.15, 12.73, 14.54, 12.85, 14.21, 15.94, 16.51, 15.17, 17.79, 19.90, 17.60, 16.89, 14.56, 11.59, 10.55, 7.24, 6.03, 4.69, 6.69, 9.13, 10.99, 14.19, 14.94, 17.39, 16.27, 18.42, 16.33, 12.81, 13.64, 15.27, 12.46, 10.13, 13.37, 14.03, 10.89, 11.72, 15.21, 14.75, 16.09, 14.00, 10.59, 10.67, 7.85, 5.65, 5.12, 6.17, 8.27, 11.25, 11.52, 14.29, 15.26, 14.39, 15.15
 20.79, 18.76, 16.27, 12.77, 9.79, 6.41, 3.83, 0.00, 3.82, 6.41, 10.09, 11.82, 14.93, 14.34, 16.93, 16.60, 17.57, 15.13, 12.30, 13.89, 14.27, 10.70, 10.17, 13.28, 12.44, 9.38, 12.00, 14.68, 12.88, 12.37, 16.06, 17.28, 16.27, 18.02, 15.41, 16.82, 14.21, 15.73, 13.67, 10.96, 10.53, 9.89, 10.10, 11.01, 11.80, 12.09, 13.80, 12.18, 14.28, 15.23, 14.91, 12.99, 15.03, 17.43, 15.13, 15.13, 12.72, 9.32, 8.22, 5.93, 5.16, 6.30, 8.41, 11.65, 13.05, 16.35, 16.62, 19.01, 18.16, 19.73, 17.08, 13.87, 14.20, 15.02, 12.06, 9.67, 12.18, 12.26, 8.64, 9.27, 12.38, 11.36, 12.48, 10.21, 6.93, 7.57, 5.75, 4.66, 6.67, 8.67, 11.58, 14.68, 15.15, 18.07, 18.94, 17.78, 18.14
 24.56, 22.42, 19.88, 16.30, 13.12, 10.03, 6.73, 3.82, 0.00, 3.80, 6.96, 8.47, 11.84, 12.01, 15.01, 15.41, 16.83, 14.13, 11.56, 14.09, 14.61, 11.13, 11.48, 14.92, 14.16, 11.80, 14.78, 17.35, 15.73, 15.76, 19.39, 20.45, 19.68, 21.65, 19.14, 20.50, 17.72, 19.06, 16.60, 13.51, 12.18, 10.44, 9.80, 9.43, 9.14, 9.39, 10.69, 9.21, 11.92, 12.47, 11.62, 9.89, 11.90, 13.96, 11.40, 11.47, 9.03, 5.64, 5.46, 4.72, 6.39, 8.82, 11.70, 15.05, 16.77, 20.13, 20.43, 22.72, 21.69, 23.08, 20.45, 17.24, 17.03, 17.77, 15.12, 12.37, 14.16, 14.33, 10.66, 10.20, 12.87, 11.42, 11.34, 8.57, 6.01, 5.31, 4.97, 6.52, 8.85, 11.72, 14.37, 17.75, 18.21, 20.76, 21.52, 20.69, 20.87
 26.75, 25.00, 22.53, 19.13, 16.09, 12.77, 9.97, 6.41, 3.80, 0.00, 3.77, 6.08, 8.71, 8.44, 11.64, 12.44, 13.63, 10.66, 8.57, 11.62, 11.87, 8.64, 9.95, 13.30, 12.61, 11.21, 14.43, 16.70, 15.54, 16.29, 19.65, 20.54, 20.42, 22.65, 20.37, 21.74, 18.90, 20.59, 18.14, 14.69, 13.47, 10.98, 11.02, 9.63, 9.31, 10.71, 12.02, 11.18, 14.38, 14.24, 12.37, 10.19, 10.97, 13.21, 10.58, 11.68, 9.14, 5.63, 4.96, 6.40, 7.83, 11.13, 13.68, 17.33, 18.77, 22.19, 22.30, 24.65, 23.99, 25.05, 22.05, 19.23, 18.94, 18.96, 16.23, 13.92, 15.04, 14.42, 10.78, 10.36, 12.00, 9.60, 8.98, 5.53, 4.64, 5.23, 7.15, 9.09, 12.12, 14.82, 17.78, 21.04, 21.43, 24.16, 24.73, 23.55, 23.34
 30.41, 28.70, 26.28, 22.85, 19.79, 16.49, 13.56, 10.09, 6.96, 3.77, 0.00, 3.90, 5.65, 6.40, 10.11, 12.02, 13.33, 10.14, 9.10, 12.74, 12.82, 10.21, 12.34, 15.43, 14.74, 14.11, 17.41, 19.36, 18.37, 19.56, 22.79, 23.44, 23.56, 25.99, 23.90, 25.31, 22.47, 24.17, 21.62, 18.05, 16.54, 13.58, 13.32, 10.94, 9.67, 11.27, 11.91, 11.47, 14.90, 14.03, 11.30, 9.20, 8.91, 10.78, 8.15, 10.13, 8.07, 5.63, 6.22, 9.12, 11.20, 14.70, 17.37, 21.05, 22.51, 25.93, 25.93, 28.17, 27.46, 28.29, 25.25, 22.54, 21.89, 21.72, 19.26, 16.89, 17.39, 16.73, 13.39, 12.34, 13.17, 10.52, 8.55, 5.16, 6.48, 6.26, 9.43, 12.17, 15.28, 18.27, 21.21, 24.60, 25.06, 27.66, 28.20, 27.14, 26.83
 32.39, 30.44, 27.67, 24.31, 20.92, 18.03, 14.78, 11.82, 8.47, 6.08, 3.90, 0.00, 3.88, 5.99, 9.05, 11.05, 13.37, 10.99, 9.56, 13.29, 14.35, 12.34, 13.80, 17.15, 17.24, 16.49, 19.34, 21.73, 21.13, 21.91, 25.05, 26.15, 26.32, 28.41, 25.95, 26.89, 23.70, 24.89, 21.90, 18.24, 16.04, 12.65, 11.81, 8.64, 6.82, 9.02, 10.01, 10.84, 14.63, 14.26, 11.71, 10.82, 10.91, 11.54, 8.12, 9.17, 6.31, 4.65, 4.93, 8.70, 11.45, 15.12, 18.22, 21.88, 23.88, 27.50, 27.99, 30.53, 29.87, 31.07, 28.12, 25.23, 24.89, 24.98, 22.30, 19.93, 20.86, 20.24, 16.71, 15.94, 17.01, 14.26, 12.38, 8.91, 10.04, 9.43, 12.01, 14.66, 17.25, 20.18, 22.69, 25.97, 25.96, 28.23, 28.34, 27.41, 26.74
 35.09, 33.42, 30.73, 27.48, 24.21, 21.16, 18.17, 14.93, 11.84, 8.71, 5.65, 3.88, 0.00, 3.81, 6.65, 9.70, 11.73, 9.48, 9.34, 13.10, 13.87, 12.69, 14.74, 17.62, 17.81, 17.87, 20.68, 22.69, 22.47, 23.70, 26.56, 27.48, 28.10, 30.34, 28.11, 29.06, 25.92, 27.34, 24.45, 20.69, 18.71, 15.13, 14.84, 11.47, 10.01, 12.55, 13.34, 14.34, 18.07, 17.23, 14.17, 13.07, 12.03, 12.54, 9.67, 11.59, 9.45, 8.47, 8.45, 12.19, 14.45, 18.26, 21.08, 24.83, 26.59, 30.19, 30.52, 33.06, 32.63, 33.58, 30.41, 27.81, 27.39, 27.03, 24.39, 22.32, 22.80, 21.74, 18.46, 17.72, 18.01, 14.88, 12.60, 9.49, 11.86, 11.85, 14.98, 17.65, 20.57, 23.44, 26.17, 29.41, 29.41, 31.82, 31.86, 30.70, 29.83
 33.42, 32.08, 29.47, 26.46, 23.38, 20.24, 17.76, 14.34, 12.01, 8.44, 6.40, 5.99, 3.81, 0.00, 3.81, 6.58, 8.05, 5.70, 5.95, 9.59, 10.24, 9.63, 11.78, 14.32, 14.79, 15.33, 17.88, 19.71, 19.93, 21.33, 23.86, 24.83, 25.84, 28.01, 25.90, 26.76, 23.70, 25.34, 22.69, 18.92, 17.46, 13.97, 14.65, 11.74, 11.48, 14.49, 15.94, 16.70, 20.44, 19.84, 16.95, 15.26, 14.21, 15.48, 12.80, 14.77, 12.27, 10.27, 9.01, 12.24, 13.52, 17.36, 19.66, 23.45, 24.90, 28.44, 28.71, 31.34, 31.32, 32.19, 28.81, 26.52, 26.40, 25.64, 22.80, 21.25, 21.76, 20.12, 16.92, 16.85, 16.83, 13.30, 11.72, 8.52, 11.16, 12.35, 15.34, 17.38, 20.51, 22.95, 25.89, 28.88, 28.78, 31.47, 31.41, 29.82, 28.76
 34.97, 33.80, 31.07, 28.35, 25.28, 22.37, 20.14, 16.93, 15.01, 11.64, 10.11, 9.05, 6.65, 3.81, 0.00, 3.79, 5.72, 5.38, 6.14, 8.77, 10.12, 10.84, 12.42, 14.49, 15.77, 16.72, 18.62, 20.47, 21.36, 22.65, 24.74, 25.99, 27.40, 29.29, 27.11, 27.56, 24.39, 25.87, 23.18, 19.46, 18.03, 14.51, 15.65, 12.80, 13.21, 16.64, 18.53, 19.77, 23.59, 23.26, 20.47, 19.00, 17.95, 19.01, 16.23, 17.94, 15.21, 13.31, 11.41, 14.36, 15.17, 18.94, 20.98, 24.69, 26.18, 29.75, 30.25, 33.11, 33.45, 34.44, 30.96, 28.86, 29.09, 28.16, 25.10, 23.96, 24.62, 22.62, 19.49, 19.93, 19.76, 16.07, 14.89, 11.86, 14.43, 15.97, 18.72, 20.40, 23.40, 25.51, 28.35, 31.08, 30.61, 33.28, 32.84, 31.00, 29.51
 33.11, 32.07, 29.26, 26.87, 23.91, 21.27, 19.47, 16.60, 15.41, 12.44, 12.02, 11.05, 9.70, 6.58, 3.79, 0.00, 3.82, 5.46, 4.96, 6.14, 8.59, 9.98, 10.50, 12.35, 14.45, 15.32, 16.53, 18.59, 20.01, 20.92, 22.67, 24.32, 25.93, 27.42, 25.09, 25.14, 21.90, 23.21, 20.59, 17.00, 15.84, 12.57, 14.45, 12.24, 13.72, 17.33, 19.82, 21.11, 24.89, 25.05, 22.65, 21.14, 20.56, 21.86, 18.87, 20.17, 17.01, 14.62, 11.88, 14.03, 14.00, 17.50, 19.12, 22.68, 24.14, 27.68, 28.43, 31.53, 32.21, 33.41, 29.92, 27.95, 28.66, 27.70, 24.38, 23.66, 24.71, 22.46, 19.31, 20.44, 20.51, 16.82, 16.47, 13.33, 15.27, 17.28, 19.47, 20.49, 23.25, 24.87, 27.57, 29.93, 29.13, 31.83, 31.10, 28.95, 27.17
 32.76, 32.14, 29.64, 27.41, 24.82, 21.97, 20.67, 17.57, 16.83, 13.63, 13.33, 13.37, 11.73, 8.05, 5.72, 3.82, 0.00, 3.84, 5.32, 5.09, 6.17, 8.75, 9.81, 10.57, 12.54, 14.29, 15.37, 16.75, 18.47, 19.89, 21.24, 22.55, 24.58, 26.23, 24.34, 24.61, 21.74, 23.54, 21.44, 18.02, 17.63, 14.78, 17.15, 15.35, 16.87, 20.33, 22.67, 23.49, 27.18, 27.06, 24.50, 22.49, 21.53, 23.31, 20.71, 22.49, 19.56, 16.91, 14.32, 16.22, 15.63, 18.92, 19.96, 23.44, 24.32, 27.62, 27.98, 30.90, 31.85, 32.69, 29.03, 27.50, 28.17, 26.72, 23.52, 23.26, 23.92, 21.24, 18.52, 19.92, 19.39, 15.65, 15.69, 13.17, 15.40, 18.01, 20.30, 21.05, 24.08, 25.49, 28.48, 30.74, 30.17, 33.17, 32.63, 30.22, 28.55
 31.47, 30.74, 28.40, 25.85, 23.26, 20.07, 18.57, 15.13, 14.13, 10.66, 10.14, 10.99, 9.48, 5.70, 5.38, 5.46, 3.84, 0.00, 3.77, 5.56, 5.14, 6.34, 8.68, 9.98, 10.84, 12.49, 14.45, 15.70, 16.70, 18.46, 20.31, 21.20, 22.91, 24.99, 23.24, 24.04, 21.29, 23.40, 21.34, 17.79, 17.40, 14.49, 16.49, 14.56, 15.53, 18.66, 20.60, 20.96, 24.55, 24.11, 21.42, 19.12, 18.01, 20.06, 17.71, 19.81, 17.18, 14.44, 12.35, 14.45, 14.19, 17.65, 18.90, 22.54, 23.32, 26.60, 26.63, 29.28, 29.88, 30.52, 26.87, 25.21, 25.48, 24.05, 21.05, 20.46, 20.83, 18.33, 15.59, 16.55, 15.91, 12.13, 11.88, 9.42, 11.94, 14.57, 17.11, 18.16, 21.44, 23.17, 26.36, 28.92, 28.77, 31.86, 31.73, 29.56, 28.33
 28.95, 27.95, 25.36, 22.80, 20.02, 17.04, 15.46, 12.30, 11.56, 8.57, 9.10, 9.56, 9.34, 5.95, 6.14, 4.96, 5.32, 3.77, 0.00, 3.84, 5.39, 5.28, 6.29, 8.76, 10.15, 10.70, 12.52, 14.59, 15.48, 16.54, 18.67, 20.06, 21.41, 23.18, 20.97, 21.51, 18.47, 20.26, 17.92, 14.28, 13.66, 10.73, 12.85, 11.27, 12.77, 15.92, 18.28, 18.73, 22.30, 22.38, 20.15, 18.12, 17.78, 19.76, 16.98, 18.44, 15.36, 12.27, 9.53, 11.14, 10.63, 14.10, 15.53, 19.20, 20.33, 23.79, 24.19, 27.09, 27.61, 28.65, 25.15, 23.17, 23.76, 22.77, 19.49, 18.74, 19.76, 17.55, 14.35, 15.61, 15.84, 12.26, 12.45, 9.29, 10.74, 13.25, 15.20, 15.92, 18.87, 20.44, 23.40, 25.86, 25.46, 28.43, 28.14, 26.01, 24.71
 27.77, 27.15, 24.65, 22.58, 20.14, 17.44, 16.63, 13.89, 14.09, 11.62, 12.74, 13.29, 13.10, 9.59, 8.77, 6.14, 5.09, 5.56, 3.84, 0.00, 3.83, 5.61, 5.03, 6.26, 8.87, 9.89, 10.59, 12.54, 14.30, 15.19, 16.64, 18.33, 20.15, 21.54, 19.42, 19.58, 16.66, 18.54, 16.59, 13.26, 13.44, 11.19, 14.17, 13.39, 15.62, 18.78, 21.47, 21.89, 25.33, 25.67, 23.66, 21.53, 21.30, 23.47, 20.72, 22.07, 18.87, 15.61, 12.53, 13.30, 11.73, 14.58, 15.14, 18.52, 19.28, 22.55, 23.03, 26.09, 27.13, 28.20, 24.62, 23.06, 24.12, 22.85, 19.41, 19.38, 20.57, 17.92, 15.06, 17.11, 17.23, 13.79, 14.82, 12.14, 13.16, 16.12, 17.58, 17.55, 20.28, 21.20, 24.09, 26.08, 25.43, 28.53, 28.02, 25.46, 23.89
 27.50, 27.21, 25.14, 23.01, 20.95, 17.88, 17.36, 14.27, 14.61, 11.87, 12.82, 14.35, 13.87, 10.24, 10.12, 8.59, 6.17, 5.14, 5.39, 3.83, 0.00, 3.84, 5.29, 5.07, 6.40, 8.66, 9.94, 10.83, 12.41, 14.19, 15.55, 16.51, 18.59, 20.47, 18.95, 19.73, 17.35, 19.86, 18.45, 15.32, 16.02, 14.05, 16.87, 16.08, 17.83, 20.72, 22.99, 22.88, 26.18, 26.07, 23.84, 21.21, 20.57, 23.17, 20.91, 22.78, 20.00, 16.69, 14.16, 15.02, 13.46, 16.15, 16.39, 19.71, 19.84, 22.81, 22.65, 25.31, 26.37, 26.93, 23.19, 21.99, 22.72, 20.95, 17.79, 18.03, 18.59, 15.59, 13.23, 15.26, 14.67, 11.22, 12.58, 10.71, 12.07, 15.48, 17.16, 17.12, 20.21, 21.18, 24.43, 26.53, 26.37, 29.73, 29.64, 27.07, 25.90
 25.32, 24.73, 22.66, 20.18, 18.02, 14.69, 13.97, 10.70, 11.13, 8.64, 10.21, 12.34, 12.69, 9.63, 10.84, 9.98, 8.75, 6.34, 5.28, 5.61, 3.84, 0.00, 3.84, 5.47, 5.20, 6.21, 8.76, 10.11, 10.55, 12.27, 14.46, 15.29, 16.68, 18.85, 17.17, 18.38, 15.96, 18.56, 17.04, 13.81, 14.39, 12.52, 14.93, 14.32, 15.78, 18.22, 20.28, 19.74, 22.85, 22.73, 20.70, 17.96, 17.66, 20.46, 18.28, 20.03, 17.38, 13.90, 11.67, 12.22, 10.77, 13.47, 13.98, 17.45, 17.68, 20.75, 20.46, 22.99, 23.61, 24.22, 20.56, 18.98, 19.46, 18.01, 14.84, 14.58, 15.28, 12.64, 9.83, 11.69, 11.62, 8.26, 9.85, 7.76, 8.40, 11.91, 13.37, 13.32, 16.51, 17.71, 21.06, 23.42, 23.56, 26.93, 27.17, 24.88, 24.12
 23.02, 22.39, 20.08, 17.92, 15.77, 12.91, 12.68, 10.17, 11.48, 9.95, 12.34, 13.80, 14.74, 11.78, 12.42, 10.50, 9.81, 8.68, 6.29, 5.03, 5.29, 3.84, 0.00, 3.77, 5.49, 5.06, 6.25, 8.76, 9.83, 10.42, 12.43, 14.14, 15.48, 16.97, 14.79, 15.40, 12.65, 15.01, 13.46, 10.31, 11.34, 10.06, 13.09, 13.32, 15.59, 18.04, 20.62, 20.29, 23.31, 23.81, 22.28, 19.88, 20.20, 22.82, 20.29, 21.43, 18.38, 14.73, 11.83, 11.41, 8.96, 11.11, 11.10, 14.44, 14.80, 18.00, 18.23, 21.19, 22.12, 23.20, 19.66, 18.03, 19.23, 18.09, 14.53, 14.63, 16.17, 13.64, 10.73, 13.31, 14.02, 11.19, 13.18, 10.84, 10.46, 13.70, 14.29, 13.45, 16.02, 16.57, 19.57, 21.49, 21.14, 24.47, 24.37, 21.81, 20.78
 22.88, 22.88, 20.98, 19.32, 17.78, 15.08, 15.59, 13.28, 14.92, 13.30, 15.43, 17.15, 17.62, 14.32, 14.49, 12.35, 10.57, 9.98, 8.76, 6.26, 5.07, 5.47, 3.77, 0.00, 3.85, 5.39, 5.13, 6.32, 8.58, 9.73, 10.69, 12.17, 14.33, 15.76, 14.18, 14.82, 12.71, 15.53, 14.79, 12.28, 14.09, 13.33, 16.61, 16.98, 19.32, 21.81, 24.35, 23.90, 26.82, 27.18, 25.56, 22.90, 22.92, 25.77, 23.49, 24.89, 21.98, 18.35, 15.56, 15.13, 12.46, 14.05, 13.18, 16.00, 15.57, 18.25, 18.10, 20.89, 22.35, 23.08, 19.39, 18.48, 19.86, 18.10, 14.69, 15.69, 16.83, 13.72, 11.67, 14.70, 14.74, 12.12, 14.63, 13.06, 12.95, 16.53, 17.11, 15.94, 18.49, 18.57, 21.64, 23.19, 22.92, 26.43, 26.35, 23.48, 22.41
 22.05, 22.15, 20.68, 18.75, 17.51, 14.39, 15.02, 12.44, 14.16, 12.61, 14.74, 17.24, 17.81, 14.79, 15.77, 14.45, 12.54, 10.84, 10.15, 8.87, 6.40, 5.20, 5.49, 3.85, 0.00, 3.81, 5.49, 5.24, 6.08, 8.50, 10.00, 10.38, 12.32, 14.56, 13.58, 15.18, 13.65, 16.92, 16.50, 14.12, 15.96, 15.23, 18.06, 18.33, 20.13, 22.22, 24.30, 23.29, 25.96, 25.94, 24.27, 21.25, 21.12, 24.32, 22.49, 24.20, 21.71, 18.11, 15.94, 15.56, 13.17, 14.65, 13.80, 16.58, 15.70, 18.09, 17.22, 19.46, 20.62, 20.85, 17.05, 16.28, 17.13, 15.03, 11.91, 12.96, 13.52, 10.17, 8.56, 11.59, 11.24, 9.00, 12.04, 11.30, 10.95, 14.71, 15.27, 14.06, 16.91, 17.16, 20.57, 22.37, 22.74, 26.41, 26.88, 24.24, 23.76
 19.21, 18.89, 17.19, 15.06, 13.71, 10.61, 11.48, 9.38, 11.80, 11.21, 14.11, 16.49, 17.87, 15.33, 16.72, 15.32, 14.29, 12.49, 10.70, 9.89, 8.66, 6.21, 5.06, 5.39, 3.81, 0.00, 3.86, 5.57, 5.06, 6.09, 8.76, 9.81, 10.72, 12.73, 11.06, 12.71, 10.87, 14.05, 13.51, 11.21, 13.17, 12.96, 15.59, 16.43, 18.35, 20.03, 22.19, 21.01, 23.43, 23.81, 22.63, 19.83, 20.38, 23.50, 21.50, 22.70, 20.13, 16.43, 14.24, 13.07, 10.31, 11.22, 10.22, 13.01, 12.30, 14.95, 14.34, 16.83, 17.72, 18.42, 14.77, 13.43, 14.60, 13.17, 9.63, 10.33, 11.83, 9.15, 6.79, 10.19, 11.11, 9.43, 12.52, 11.33, 9.78, 13.19, 12.92, 11.11, 13.55, 13.56, 16.86, 18.65, 18.98, 22.63, 23.18, 20.67, 20.41
 17.75, 17.84, 16.16, 14.82, 13.93, 11.63, 13.28, 12.00, 14.78, 14.43, 17.41, 19.34, 20.68, 17.88, 18.62, 16.53, 15.37, 14.45, 12.52, 10.59, 9.94, 8.76, 6.25, 5.13, 5.49, 3.86, 0.00, 3.80, 5.39, 4.89, 6.21, 8.44, 9.96, 10.95, 9.07, 9.95, 8.23, 11.58, 11.67, 10.08, 12.88, 13.42, 16.56, 17.94, 20.43, 22.26, 24.79, 23.87, 26.26, 27.00, 26.04, 23.43, 24.12, 27.12, 24.93, 25.89, 23.06, 19.32, 16.69, 15.12, 11.77, 11.93, 9.91, 12.02, 10.85, 13.24, 12.99, 15.87, 17.50, 18.48, 14.95, 14.12, 16.12, 14.67, 11.09, 12.66, 14.51, 11.80, 10.11, 13.74, 14.65, 13.14, 16.28, 14.99, 13.54, 16.84, 16.26, 14.02, 15.82, 15.00, 17.82, 18.88, 18.70, 22.35, 22.51, 19.55, 18.94
 18.22, 19.00, 18.01, 16.94, 16.66, 14.29, 16.16, 14.68, 17.35, 16.70, 19.36, 21.73, 22.69, 19.71, 20.47, 18.59, 16.75, 15.70, 14.59, 12.54, 10.83, 10.11, 8.76, 6.32, 5.24, 5.57, 3.80, 0.00, 3.83, 5.26, 5.08, 5.89, 8.54, 10.06, 9.57, 11.13, 10.63, 14.29, 15.04, 13.80, 16.68, 17.11, 20.20, 21.34, 23.60, 25.43, 27.72, 26.54, 28.84, 29.23, 28.07, 25.13, 25.44, 28.72, 26.89, 28.24, 25.67, 21.97, 19.62, 18.36, 15.23, 15.45, 13.32, 15.04, 13.15, 14.73, 13.60, 15.81, 17.74, 17.99, 14.29, 14.36, 16.08, 13.83, 10.76, 13.13, 14.16, 10.91, 10.40, 14.08, 14.19, 13.06, 16.55, 16.07, 14.93, 18.46, 18.08, 15.86, 17.86, 16.97, 19.98, 20.92, 21.19, 24.95, 25.41, 22.43, 22.07
 16.66, 17.20, 16.51, 15.01, 14.92, 12.26, 14.26, 12.88, 15.73, 15.54, 18.37, 21.13, 22.47, 19.93, 21.36, 20.01, 18.47, 16.70, 15.48, 14.30, 12.41, 10.55, 9.83, 8.58, 6.08, 5.06, 5.39, 3.83, 0.00, 3.80, 5.60, 5.08, 6.27, 8.93, 8.69, 11.33, 11.12, 14.84, 15.56, 14.34, 17.01, 17.50, 20.08, 21.26, 23.10, 24.45, 26.37, 24.72, 26.68, 26.92, 25.96, 22.91, 23.41, 26.83, 25.31, 26.63, 24.40, 20.79, 18.96, 17.51, 14.65, 14.63, 12.66, 14.34, 12.28, 13.72, 11.97, 13.69, 15.04, 15.01, 11.19, 11.06, 12.39, 10.08, 7.02, 9.49, 10.42, 7.34, 7.28, 10.98, 11.43, 11.14, 14.83, 14.80, 13.03, 16.31, 15.54, 13.06, 15.02, 14.18, 17.40, 18.62, 19.48, 23.31, 24.31, 21.70, 21.95
 13.57, 13.94, 13.00, 11.86, 12.06, 10.08, 12.79, 12.37, 15.76, 16.29, 19.56, 21.91, 23.70, 21.33, 22.65, 20.92, 19.89, 18.46, 16.54, 15.19, 14.19, 12.27, 10.42, 9.73, 8.50, 6.09, 4.89, 5.26, 3.80, 0.00, 3.82, 5.45, 5.43, 6.69, 5.22, 7.72, 7.55, 11.27, 12.38, 11.82, 14.90, 16.15, 18.74, 20.56, 22.74, 23.88, 26.06, 24.52, 26.29, 27.06, 26.57, 23.87, 24.92, 28.13, 26.32, 27.12, 24.67, 21.03, 18.95, 16.83, 13.54, 12.61, 9.93, 10.97, 8.59, 10.03, 8.75, 11.19, 12.81, 13.62, 10.12, 9.64, 12.00, 10.64, 7.23, 9.68, 11.79, 9.66, 9.03, 12.74, 14.11, 13.88, 17.38, 16.78, 14.48, 17.38, 15.94, 12.90, 14.01, 12.39, 15.11, 15.79, 16.27, 20.08, 20.90, 18.14, 18.42
 13.55, 14.83, 14.36, 14.18, 14.91, 13.50, 16.39, 16.06, 19.39, 19.65, 22.79, 25.05, 26.56, 23.86, 24.74, 22.67, 21.24, 20.31, 18.67, 16.64, 15.55, 14.46, 12.43, 10.69, 10.00, 8.76, 6.21, 5.08, 5.60, 3.82, 0.00, 3.74, 5.44, 5.34, 5.14, 6.92, 7.98, 11.70, 13.63, 13.68, 17.15, 18.62, 21.55, 23.45, 25.90, 27.28, 29.62, 28.24, 30.07, 30.87, 30.31, 27.56, 28.42, 31.68, 29.85, 30.75, 28.19, 24.50, 22.19, 20.14, 16.67, 15.66, 12.59, 13.01, 10.14, 10.64, 9.26, 11.48, 14.05, 14.59, 11.32, 11.96, 14.58, 12.80, 10.00, 13.06, 14.75, 12.31, 12.35, 16.10, 16.94, 16.66, 20.27, 19.82, 17.90, 20.99, 19.72, 16.72, 17.72, 15.79, 18.16, 18.24, 18.46, 22.18, 22.75, 19.65, 19.68
 14.48, 16.12, 16.32, 15.92, 16.93, 15.15, 17.94, 17.28, 20.45, 20.54, 23.44, 26.15, 27.48, 24.83, 25.99, 24.32, 22.55, 21.20, 20.06, 18.33, 16.51, 15.29, 14.14, 12.17, 10.38, 9.81, 8.44, 5.89, 5.08, 5.45, 3.74, 0.00, 3.78, 5.56, 7.30, 10.02, 11.47, 15.20, 17.07, 16.88, 20.14, 21.29, 24.04, 25.65, 27.74, 28.99, 31.00, 29.28, 30.97, 31.38, 30.68, 27.64, 28.23, 31.71, 30.28, 31.50, 29.28, 25.66, 23.74, 21.97, 18.80, 18.06, 15.29, 15.84, 12.81, 12.87, 10.49, 11.53, 13.88, 13.43, 9.96, 11.42, 13.39, 10.82, 8.81, 12.36, 13.17, 10.55, 11.70, 15.20, 15.49, 15.80, 19.56, 19.82, 18.00, 21.13, 19.99, 17.09, 18.35, 16.63, 19.30, 19.60, 20.46, 24.25, 25.28, 22.44, 22.86
 11.60, 13.06, 13.65, 13.20, 14.71, 13.22, 16.34, 16.27, 19.68, 20.42, 23.56, 26.32, 28.10, 25.84, 27.40, 25.93, 24.58, 22.91, 21.41, 20.15, 18.59, 16.68, 15.48, 14.33, 12.32, 10.72, 9.96, 8.54, 6.27, 5.43, 5.44, 3.78, 0.00, 3.80, 5.82, 9.38, 11.16, 14.65, 16.62, 16.75, 19.90, 21.36, 23.68, 25.56, 27.45, 28.23, 30.04, 28.01, 29.29, 29.82, 29.53, 26.62, 27.61, 31.06, 29.75, 30.69, 28.68, 25.17, 23.57, 21.41, 18.37, 17.09, 14.28, 14.36, 11.11, 10.70, 7.69, 8.19, 10.18, 9.75, 6.26, 7.85, 10.11, 8.05, 6.36, 10.07, 11.30, 9.67, 11.01, 14.23, 15.22, 16.17, 19.86, 20.17, 17.73, 20.38, 18.64, 15.37, 16.03, 13.92, 16.35, 16.50, 17.79, 21.54, 22.99, 20.48, 21.47
 9.03, 11.10, 11.91, 12.50, 14.54, 13.95, 17.48, 18.02, 21.65, 22.65, 25.99, 28.41, 30.34, 28.01, 29.29, 27.42, 26.23, 24.99, 23.18, 21.54, 20.47, 18.85, 16.97, 15.76, 14.56, 12.73, 10.95, 10.06, 8.93, 6.69, 5.34, 5.56, 3.80, 0.00, 3.84, 6.74, 9.57, 12.68, 15.35, 16.30, 19.78, 21.81, 24.25, 26.56, 28.81, 29.59, 31.67, 29.85, 31.07, 32.00, 31.97, 29.30, 30.56, 33.86, 32.30, 32.93, 30.67, 27.13, 25.22, 22.71, 19.36, 17.52, 14.17, 13.39, 9.72, 8.38, 5.60, 6.61, 9.72, 10.12, 7.63, 9.30, 12.38, 11.13, 9.46, 12.84, 14.67, 13.30, 14.17, 17.49, 18.78, 19.47, 23.12, 23.03, 20.50, 23.08, 21.09, 17.59, 17.68, 14.98, 16.71, 16.02, 16.77, 20.35, 21.50, 18.73, 19.63
 8.81, 9.73, 9.35, 9.71, 11.31, 10.98, 14.54, 15.41, 19.14, 20.37, 23.90, 25.95, 28.11, 25.90, 27.11, 25.09, 24.34, 23.24, 20.97, 19.42, 18.95, 17.17, 14.79, 14.18, 13.58, 11.06, 9.07, 9.57, 8.69, 5.22, 5.14, 7.30, 5.82, 3.84, 0.00, 3.77, 5.95, 9.07, 11.56, 12.61, 16.11, 18.37, 20.77, 23.30, 25.71, 26.49, 28.78, 27.21, 28.53, 29.78, 29.88, 27.49, 29.01, 32.08, 30.20, 30.53, 28.05, 24.51, 22.39, 19.64, 16.16, 14.04, 10.52, 9.64, 6.06, 5.63, 4.33, 7.40, 9.95, 11.56, 9.07, 9.16, 12.60, 12.12, 9.52, 12.14, 14.76, 13.54, 13.35, 16.76, 18.58, 18.80, 22.25, 21.57, 18.89, 21.32, 19.20, 15.66, 15.55, 12.78, 14.35, 13.71, 13.88, 17.52, 18.32, 15.39, 16.05
 9.53, 10.29, 9.22, 10.41, 11.77, 12.21, 15.64, 16.82, 20.50, 21.74, 25.31, 26.89, 29.06, 26.76, 27.56, 25.14, 24.61, 24.04, 21.51, 19.58, 19.73, 18.38, 15.40, 14.82, 15.18, 12.71, 9.95, 11.13, 11.33, 7.72, 6.92, 10.02, 9.38, 6.74, 3.77, 0.00, 3.84, 6.18, 9.40, 11.29, 15.01, 17.72, 20.31, 23.14, 25.95, 26.89, 29.53, 28.37, 29.82, 31.43, 31.62, 29.49, 31.14, 34.00, 31.79, 31.86, 29.08, 25.54, 23.04, 20.13, 16.42, 14.04, 10.25, 8.72, 5.52, 5.16, 6.22, 9.74, 12.45, 14.61, 12.60, 12.45, 16.03, 15.83, 13.07, 15.33, 18.20, 16.89, 16.21, 19.68, 21.59, 21.35, 24.66, 23.51, 20.97, 23.39, 21.31, 17.88, 17.54, 14.70, 15.70, 14.57, 13.75, 17.06, 17.12, 13.74, 13.77
 12.34, 12.03, 9.79, 9.97, 10.04, 10.22, 13.14, 14.21, 17.72, 18.90, 22.47, 23.70, 25.92, 23.70, 24.39, 21.90, 21.74, 21.29, 18.47, 16.66, 17.35, 15.96, 12.65, 12.71, 13.65, 10.87, 8.23, 10.63, 11.12, 7.55, 7.98, 11.47, 11.16, 9.57, 5.95, 3.84, 0.00, 3.81, 5.99, 7.48, 11.24, 13.94, 16.64, 19.48, 22.43, 23.54, 26.38, 25.53, 27.25, 28.98, 29.07, 27.15, 28.84, 31.48, 29.02, 28.95, 25.96, 22.43, 19.72, 16.80, 13.03, 10.78, 7.07, 6.28, 4.55, 6.71, 8.59, 12.42, 14.40, 16.79, 14.46, 13.40, 16.69, 16.70, 13.41, 14.92, 18.04, 16.67, 15.15, 18.54, 20.63, 19.87, 22.87, 21.22, 18.80, 21.14, 19.26, 16.12, 15.99, 13.64, 14.80, 14.28, 12.99, 16.29, 15.92, 12.47, 11.87
 13.17, 12.29, 9.44, 10.21, 10.08, 11.38, 14.01, 15.73, 19.06, 20.59, 24.17, 24.89, 27.34, 25.34, 25.87, 23.21, 23.54, 23.40, 20.26, 18.54, 19.86, 18.56, 15.01, 15.53, 16.92, 14.05, 11.58, 14.29, 14.84, 11.27, 11.70, 15.20, 14.65, 12.68, 9.07, 6.18, 3.81, 0.00, 3.84, 7.05, 10.45, 13.79, 16.17, 19.44, 22.59, 23.52, 26.55, 26.02, 27.60, 29.77, 30.19, 28.69, 30.69, 33.02, 30.32, 29.80, 26.68, 23.36, 20.54, 17.35, 13.72, 10.94, 7.49, 5.51, 5.44, 7.39, 10.49, 14.33, 16.06, 18.99, 17.19, 15.83, 19.21, 19.76, 16.57, 17.64, 21.04, 20.02, 18.22, 21.37, 23.76, 22.90, 25.63, 23.64, 21.15, 23.10, 21.03, 17.99, 17.30, 14.83, 15.14, 14.11, 11.88, 14.58, 13.44, 9.76, 8.50
 16.14, 14.61, 11.21, 10.85, 9.33, 10.33, 12.02, 13.67, 16.60, 18.14, 21.62, 21.90, 24.45, 22.69, 23.18, 20.59, 21.44, 21.34, 17.92, 16.59, 18.45, 17.04, 13.46, 14.79, 16.50, 13.51, 11.67, 15.04, 15.56, 12.38, 13.63, 17.07, 16.62, 15.35, 11.56, 9.40, 5.99, 3.84, 0.00, 3.78, 6.72, 10.23, 12.49, 15.85, 19.09, 20.11, 23.29, 23.11, 24.91, 27.21, 27.58, 26.36, 28.44, 30.48, 27.56, 26.84, 23.57, 20.36, 17.41, 14.22, 10.75, 8.13, 5.55, 4.94, 7.07, 10.14, 13.10, 16.94, 18.08, 21.05, 19.04, 17.05, 20.03, 20.76, 17.34, 17.69, 21.16, 20.22, 17.78, 20.62, 23.16, 21.92, 24.22, 21.78, 19.43, 21.11, 19.24, 16.66, 16.12, 14.32, 14.73, 14.43, 11.97, 14.44, 12.97, 9.65, 7.74
 18.42, 16.83, 13.46, 12.09, 9.66, 9.38, 10.11, 10.96, 13.51, 14.69, 18.05, 18.24, 20.69, 18.92, 19.46, 17.00, 18.02, 17.79, 14.28, 13.26, 15.32, 13.81, 10.31, 12.28, 14.12, 11.21, 10.08, 13.80, 14.34, 11.82, 13.68, 16.88, 16.75, 16.30, 12.61, 11.29, 7.48, 7.05, 3.78, 0.00, 3.83, 6.76, 9.49, 12.51, 15.78, 17.17, 20.43, 20.40, 22.61, 24.66, 24.67, 23.39, 25.25, 27.24, 24.23, 23.70, 20.32, 17.01, 13.88, 10.96, 7.39, 5.77, 4.43, 6.44, 8.78, 12.40, 14.70, 18.45, 19.31, 21.93, 19.48, 17.21, 19.69, 20.20, 16.57, 16.49, 19.74, 18.62, 15.72, 18.36, 20.78, 19.13, 21.13, 18.45, 16.37, 18.11, 16.70, 14.62, 14.75, 13.79, 14.93, 15.59, 13.64, 16.30, 15.16, 12.34, 10.65
 21.45, 19.40, 15.83, 13.95, 10.79, 10.43, 9.76, 10.53, 12.18, 13.47, 16.54, 16.04, 18.71, 17.46, 18.03, 15.84, 17.63, 17.40, 13.66, 13.44, 16.02, 14.39, 11.34, 14.09, 15.96, 13.17, 12.88, 16.68, 17.01, 14.90, 17.15, 20.14, 19.90, 19.78, 16.11, 15.01, 11.24, 10.45, 6.72, 3.83, 0.00, 3.79, 5.89, 9.19, 12.57, 13.94, 17.40, 17.88, 20.24, 22.51, 22.57, 21.77, 23.80, 25.33, 22.07, 21.16, 17.64, 14.64, 11.47, 8.57, 5.87, 5.12, 6.36, 8.74, 11.82, 15.53, 17.85, 21.47, 21.85, 24.54, 22.16, 19.47, 21.53, 22.33, 18.77, 17.97, 21.17, 20.34, 17.03, 19.07, 21.63, 19.74, 21.11, 18.00, 16.11, 17.26, 16.07, 14.70, 14.83, 14.63, 15.57, 16.73, 14.70, 16.82, 15.47, 13.35, 11.52
 24.40, 22.42, 18.97, 16.67, 13.27, 12.00, 10.33, 9.89, 10.44, 10.98, 13.58, 12.65, 15.13, 13.97, 14.51, 12.57, 14.78, 14.49, 10.73, 11.19, 14.05, 12.52, 10.06, 13.33, 15.23, 12.96, 13.42, 17.11, 17.50, 16.15, 18.62, 21.29, 21.36, 21.81, 18.37, 17.72, 13.94, 13.79, 10.23, 6.76, 3.79, 0.00, 3.80, 5.93, 9.50, 11.61, 15.16, 16.04, 18.93, 20.85, 20.40, 19.64, 21.33, 22.67, 19.26, 18.56, 14.87, 11.89, 8.40, 6.41, 4.74, 6.56, 8.88, 11.97, 14.76, 18.57, 20.45, 23.93, 24.16, 26.52, 23.85, 21.09, 22.66, 23.20, 19.63, 18.49, 21.26, 20.27, 16.68, 18.32, 20.57, 18.22, 19.05, 15.63, 14.34, 15.40, 14.99, 14.49, 15.37, 16.05, 17.51, 19.30, 17.70, 19.86, 18.76, 16.93, 15.23
 25.95, 23.52, 19.99, 17.36, 13.65, 12.64, 10.10, 10.10, 9.80, 11.02, 13.32, 11.81, 14.84, 14.65, 15.65, 14.45, 17.15, 16.49, 12.85, 14.17, 16.87, 14.93, 13.09, 16.61, 18.06, 15.59, 16.56, 20.20, 20.08, 18.74, 21.55, 24.04, 23.68, 24.25, 20.77, 20.31, 16.64, 16.17, 12.49, 9.49, 5.89, 3.80, 0.00, 3.83, 6.93, 8.35, 12.00, 13.23, 15.99, 18.25, 18.18, 18.06, 20.17, 21.00, 17.50, 16.14, 12.51, 10.12, 7.26, 5.10, 5.64, 7.25, 10.55, 13.37, 16.57, 20.33, 22.28, 25.57, 25.27, 27.75, 25.37, 22.23, 23.47, 24.49, 21.16, 19.40, 22.20, 21.79, 18.08, 19.06, 21.63, 19.51, 19.82, 16.32, 14.85, 14.96, 14.39, 14.42, 14.88, 16.06, 17.11, 19.20, 17.66, 19.32, 18.30, 17.21, 15.85
 29.01, 26.70, 23.30, 20.45, 16.73, 15.10, 12.10, 11.01, 9.43, 9.63, 10.94, 8.64, 11.47, 11.74, 12.80, 12.24, 15.35, 14.56, 11.27, 13.39, 16.08, 14.32, 13.32, 16.98, 18.33, 16.43, 17.94, 21.34, 21.26, 20.56, 23.45, 25.65, 25.56, 26.56, 23.30, 23.14, 19.48, 19.44, 15.85, 12.51, 9.19, 5.93, 3.83, 0.00, 3.77, 6.60, 10.19, 12.03, 15.36, 17.08, 16.37, 16.37, 18.03, 18.53, 14.86, 13.73, 9.93, 7.86, 4.97, 5.21, 7.33, 10.17, 13.56, 16.74, 19.67, 23.47, 25.08, 28.25, 27.88, 30.03, 27.43, 24.32, 25.12, 25.87, 22.62, 20.64, 22.95, 22.41, 18.60, 19.11, 21.28, 18.79, 18.44, 14.74, 14.06, 13.94, 14.31, 15.27, 16.41, 18.25, 19.73, 22.23, 21.06, 22.79, 21.98, 20.98, 19.67
 31.16, 28.68, 25.43, 22.26, 18.51, 16.66, 13.15, 11.80, 9.14, 9.31, 9.67, 6.82, 10.01, 11.48, 13.21, 13.72, 16.87, 15.53, 12.77, 15.62, 17.83, 15.78, 15.59, 19.32, 20.13, 18.35, 20.43, 23.60, 23.10, 22.74, 25.90, 27.74, 27.45, 28.81, 25.71, 25.95, 22.43, 22.59, 19.09, 15.78, 12.57, 9.50, 6.93, 3.77, 0.00, 3.74, 6.85, 9.17, 12.72, 14.13, 13.24, 13.77, 15.48, 15.41, 11.69, 10.22, 6.47, 5.47, 4.47, 6.21, 9.59, 12.47, 16.13, 19.32, 22.18, 25.92, 27.25, 30.14, 29.37, 31.34, 28.82, 25.54, 25.82, 26.71, 23.78, 21.32, 23.28, 23.11, 19.33, 19.10, 21.21, 18.89, 17.86, 14.28, 13.82, 12.79, 13.57, 15.38, 16.63, 19.10, 20.62, 23.53, 22.77, 24.34, 23.90, 23.37, 22.46
 31.04, 28.25, 25.07, 21.74, 18.02, 16.47, 12.73, 12.09, 9.39, 10.71, 11.27, 9.02, 12.55, 14.49, 16.64, 17.33, 20.33, 18.66, 15.92, 18.78, 20.72, 18.22, 18.04, 21.81, 22.22, 20.03, 22.26, 25.43, 24.45, 23.88, 27.28, 28.99, 28.23, 29.59, 26.49, 26.89, 23.54, 23.52, 20.11, 17.17, 13.94, 11.61, 8.35, 6.60, 3.74, 0.00, 3.76, 6.26, 9.41, 11.38, 11.36, 12.62, 15.07, 14.65, 11.20, 8.69, 5.60, 5.82, 6.61, 7.17, 10.83, 12.94, 16.75, 19.59, 22.57, 26.14, 27.45, 30.10, 28.90, 30.96, 28.79, 25.27, 25.33, 26.70, 24.06, 21.21, 23.26, 23.70, 20.03, 19.38, 21.89, 20.12, 19.02, 15.77, 14.70, 12.84, 12.96, 14.89, 15.52, 18.19, 19.28, 22.32, 21.77, 22.96, 22.80, 22.84, 22.40
 32.96, 30.09, 27.13, 23.61, 20.05, 18.38, 14.54, 13.80, 10.69, 12.02, 11.91, 10.01, 13.34, 15.94, 18.53, 19.82, 22.67, 20.60, 18.28, 21.47, 22.99, 20.28, 20.62, 24.35, 24.30, 22.19, 24.79, 27.72, 26.37, 26.06, 29.62, 31.00, 30.04, 31.67, 28.78, 29.53, 26.38, 26.55, 23.29, 20.43, 17.40, 15.16, 12.00, 10.19, 6.85, 3.76, 0.00, 3.82, 6.76, 8.30, 8.48, 10.64, 13.29, 12.21, 9.17, 5.85, 4.31, 6.54, 8.98, 9.97, 13.73, 15.72, 19.49, 22.24, 25.04, 28.45, 29.48, 31.80, 30.24, 32.06, 30.05, 26.46, 26.02, 27.53, 25.28, 22.08, 23.76, 24.61, 21.14, 19.82, 22.25, 20.84, 19.25, 16.43, 15.44, 12.78, 13.07, 15.61, 16.22, 19.32, 20.38, 23.69, 23.60, 24.65, 24.91, 25.33, 25.29
 30.99, 28.13, 25.49, 21.80, 18.49, 16.63, 12.85, 12.18, 9.21, 11.18, 11.47, 10.84, 14.34, 16.70, 19.77, 21.11, 23.49, 20.96, 18.73, 21.89, 22.88, 19.74, 20.29, 23.90, 23.29, 21.01, 23.87, 26.54, 24.72, 24.52, 28.24, 29.28, 28.01, 29.85, 27.21, 28.37, 25.53, 26.02, 23.11, 20.40, 17.88, 16.04, 13.23, 12.03, 9.17, 6.26, 3.82, 0.00, 3.86, 5.19, 6.06, 7.97, 11.30, 10.80, 8.44, 5.52, 5.24, 6.59, 9.61, 10.01, 13.50, 15.13, 18.68, 21.32, 23.76, 26.95, 27.60, 29.57, 27.72, 29.32, 27.47, 23.85, 23.05, 24.72, 22.81, 19.37, 20.87, 22.14, 18.91, 17.20, 19.83, 18.97, 17.50, 15.18, 13.62, 10.48, 10.26, 12.96, 13.46, 16.84, 18.04, 21.58, 22.05, 23.28, 24.10, 24.62, 25.09
 31.30, 28.23, 25.82, 22.15, 19.15, 17.72, 14.21, 14.28, 11.92, 14.38, 14.90, 14.63, 18.07, 20.44, 23.59, 24.89, 27.18, 24.55, 22.30, 25.33, 26.18, 22.85, 23.31, 26.82, 25.96, 23.43, 26.26, 28.84, 26.68, 26.29, 30.07, 30.97, 29.29, 31.07, 28.53, 29.82, 27.25, 27.60, 24.91, 22.61, 20.24, 18.93, 15.99, 15.36, 12.72, 9.41, 6.76, 3.86, 0.00, 3.85, 7.01, 9.41, 13.08, 12.41, 11.02, 8.04, 8.93, 10.34, 13.23, 13.00, 16.13, 17.04, 20.38, 22.54, 24.91, 27.78, 28.35, 29.99, 27.72, 29.32, 27.93, 24.22, 23.18, 25.30, 23.83, 20.19, 21.68, 23.53, 20.63, 18.66, 21.52, 21.27, 19.92, 18.07, 16.11, 12.71, 11.71, 14.07, 13.74, 17.03, 17.67, 21.17, 21.95, 22.76, 23.95, 25.01, 25.96
 32.96, 30.14, 27.98, 24.19, 21.34, 19.39, 15.94, 15.23, 12.47, 14.24, 14.03, 14.26, 17.23, 19.84, 23.26, 25.05, 27.06, 24.11, 22.38, 25.67, 26.07, 22.73, 23.81, 27.18, 25.94, 23.81, 27.00, 29.23, 26.92, 27.06, 30.87, 31.38, 29.82, 32.00, 29.78, 31.43, 28.98, 29.77, 27.21, 24.66, 22.51, 20.85, 18.25, 17.08, 14.13, 11.38, 8.30, 5.19, 3.85, 0.00, 3.89, 6.66, 10.10, 9.19, 8.75, 6.55, 8.81, 10.58, 14.03, 14.57, 17.75, 19.13, 22.36, 24.79, 26.81, 29.65, 29.80, 31.20, 28.89, 30.04, 28.49, 24.96, 23.42, 25.22, 24.03, 20.30, 21.12, 22.99, 20.33, 17.80, 20.20, 20.09, 18.25, 16.88, 15.36, 11.64, 11.44, 14.47, 14.87, 18.48, 19.68, 23.38, 24.56, 25.71, 27.12, 27.97, 28.96
 33.97, 31.44, 29.26, 25.44, 22.50, 20.02, 16.51, 14.91, 11.62, 12.37, 11.30, 11.71, 14.17, 16.95, 20.47, 22.65, 24.50, 21.42, 20.15, 23.66, 23.84, 20.70, 22.28, 25.56, 24.27, 22.63, 26.04, 28.07, 25.96, 26.57, 30.31, 30.68, 29.53, 31.97, 29.88, 31.62, 29.07, 30.19, 27.58, 24.67, 22.57, 20.40, 18.18, 16.37, 13.24, 11.36, 8.48, 6.06, 7.01, 3.89, 0.00, 3.81, 6.59, 5.43, 5.07, 4.18, 7.07, 8.96, 12.67, 14.12, 17.40, 19.47, 22.70, 25.55, 27.42, 30.42, 30.40, 31.91, 29.90, 30.80, 28.83, 25.50, 23.89, 25.12, 23.79, 20.22, 20.61, 22.01, 19.29, 16.63, 18.45, 17.94, 15.58, 14.25, 13.50, 9.83, 10.91, 14.50, 15.85, 19.62, 21.43, 25.23, 26.37, 27.93, 29.21, 29.61, 30.30
 32.01, 29.78, 27.83, 24.01, 21.28, 18.37, 15.17, 12.99, 9.89, 10.19, 9.20, 10.82, 13.07, 15.26, 19.00, 21.14, 22.49, 19.12, 18.12, 21.53, 21.21, 17.96, 19.88, 22.90, 21.25, 19.83, 23.43, 25.13, 22.91, 23.87, 27.56, 27.64, 26.62, 29.30, 27.49, 29.49, 27.15, 28.69, 26.36, 23.39, 21.77, 19.64, 18.06, 16.37, 13.77, 12.62, 10.64, 7.97, 9.41, 6.66, 3.81, 0.00, 3.85, 5.23, 5.25, 6.56, 8.17, 8.58, 11.94, 13.39, 16.17, 18.37, 21.25, 24.24, 25.68, 28.60, 28.23, 29.61, 27.76, 28.34, 26.14, 23.03, 21.26, 22.09, 20.84, 17.38, 17.38, 18.61, 16.06, 13.19, 14.75, 14.35, 11.96, 11.07, 10.32, 6.67, 8.38, 12.17, 14.21, 17.99, 20.35, 24.19, 25.58, 27.61, 29.04, 29.07, 29.79
 34.16, 32.25, 30.40, 26.64, 24.00, 20.79, 17.79, 15.03, 11.90, 10.97, 8.91, 10.91, 12.03, 14.21, 17.95, 20.56, 21.53, 18.01, 17.78, 21.30, 20.57, 17.66, 20.20, 22.92, 21.12, 20.38, 24.12, 25.44, 23.41, 24.92, 28.42, 28.23, 27.61, 30.56, 29.01, 31.14, 28.84, 30.69, 28.44, 25.25, 23.80, 21.33, 20.17, 18.03, 15.48, 15.07, 13.29, 11.30, 13.08, 10.10, 6.59, 3.85, 0.00, 3.83, 5.21, 8.32, 9.94, 10.29, 13.35, 15.49, 18.08, 20.71, 23.41, 26.63, 27.82, 30.75, 30.14, 31.48, 29.86, 30.10, 27.63, 24.85, 22.92, 23.17, 22.00, 18.84, 18.22, 18.97, 16.67, 13.68, 14.24, 13.54, 10.41, 10.10, 10.62, 7.76, 10.62, 14.37, 16.99, 20.66, 23.38, 27.20, 28.62, 30.89, 32.27, 32.01, 32.55
 37.05, 34.90, 32.84, 29.04, 26.17, 23.22, 19.90, 17.43, 13.96, 13.21, 10.78, 11.54, 12.54, 15.48, 19.01, 21.86, 23.31, 20.06, 19.76, 23.47, 23.17, 20.46, 22.82, 25.77, 24.32, 23.50, 27.12, 28.72, 26.83, 28.13, 31.68, 31.71, 31.06, 33.86, 32.08, 34.00, 31.48, 33.02, 30.48, 27.24, 25.33, 22.67, 21.00, 18.53, 15.41, 14.65, 12.21, 10.80, 12.41, 9.19, 5.43, 5.23, 3.83, 0.00, 3.77, 6.47, 9.21, 10.91, 14.36, 16.78, 19.88, 22.58, 25.63, 28.84, 30.40, 33.46, 33.13, 34.59, 32.86, 33.32, 30.98, 28.02, 26.17, 26.69, 25.45, 22.16, 21.80, 22.65, 20.19, 17.31, 18.04, 17.17, 13.98, 13.21, 13.86, 10.80, 13.33, 17.16, 19.38, 23.14, 25.50, 29.34, 30.56, 32.49, 33.71, 33.72, 34.16
 35.45, 33.21, 30.86, 27.11, 23.98, 21.12, 17.60, 15.13, 11.40, 10.58, 8.15, 8.12, 9.67, 12.80, 16.23, 18.87, 20.71, 17.71, 16.98, 20.72, 20.91, 18.28, 20.29, 23.49, 22.49, 21.50, 24.93, 26.89, 25.31, 26.32, 29.85, 30.28, 29.75, 32.30, 30.20, 31.79, 29.02, 30.32, 27.56, 24.23, 22.07, 19.26, 17.50, 14.86, 11.69, 11.20, 9.17, 8.44, 11.02, 8.75, 5.07, 5.25, 5.21, 3.77, 0.00, 3.85, 5.64, 7.46, 10.89, 13.56, 16.86, 19.74, 22.99, 26.30, 28.14, 31.41, 31.43, 33.26, 31.75, 32.56, 30.09, 27.00, 25.62, 26.20, 24.47, 21.29, 21.48, 22.04, 19.10, 16.76, 17.86, 16.43, 13.54, 11.77, 12.35, 9.47, 12.03, 15.76, 17.97, 21.63, 23.92, 27.66, 28.48, 30.39, 31.27, 31.14, 31.30
 35.18, 32.62, 30.06, 26.33, 23.04, 20.64, 16.89, 15.13, 11.47, 11.68, 10.13, 9.17, 11.59, 14.77, 17.94, 20.17, 22.49, 19.81, 18.44, 22.07, 22.78, 20.03, 21.43, 24.89, 24.20, 22.70, 25.89, 28.24, 26.63, 27.12, 30.75, 31.50, 30.69, 32.93, 30.53, 31.86, 28.95, 29.80, 26.84, 23.70, 21.16, 18.56, 16.14, 13.73, 10.22, 8.69, 5.85, 5.52, 8.04, 6.55, 4.18, 6.56, 8.32, 6.47, 3.85, 0.00, 3.83, 7.00, 10.63, 12.76, 16.40, 18.92, 22.44, 25.51, 27.74, 31.05, 31.43, 33.37, 31.69, 32.88, 30.68, 27.32, 26.17, 27.24, 25.42, 22.07, 22.81, 23.68, 20.55, 18.42, 20.15, 18.87, 16.43, 14.30, 14.11, 10.96, 12.51, 15.99, 17.48, 21.08, 22.84, 26.50, 27.09, 28.58, 29.33, 29.56, 29.74
 33.11, 30.59, 27.80, 24.20, 20.71, 18.35, 14.56, 12.72, 9.03, 9.14, 8.07, 6.31, 9.45, 12.27, 15.21, 17.01, 19.56, 17.18, 15.36, 18.87, 20.00, 17.38, 18.38, 21.98, 21.71, 20.13, 23.06, 25.67, 24.40, 24.67, 28.19, 29.28, 28.68, 30.67, 28.05, 29.08, 25.96, 26.68, 23.57, 20.32, 17.64, 14.87, 12.51, 9.93, 6.47, 5.60, 4.31, 5.24, 8.93, 8.81, 7.07, 8.17, 9.94, 9.21, 5.64, 3.83, 0.00, 3.74, 7.03, 9.38, 13.11, 15.88, 19.48, 22.69, 25.09, 28.57, 29.22, 31.50, 30.15, 31.58, 29.20, 25.84, 25.18, 26.14, 23.88, 20.79, 21.97, 22.43, 18.98, 17.48, 19.38, 17.63, 15.64, 12.81, 12.54, 10.04, 11.50, 14.58, 16.17, 19.51, 21.32, 24.81, 24.99, 26.62, 27.01, 26.93, 26.78
 29.97, 27.65, 24.86, 21.32, 17.85, 15.23, 11.59, 9.32, 5.64, 5.63, 5.63, 4.65, 8.47, 10.27, 13.31, 14.62, 16.91, 14.44, 12.27, 15.61, 16.69, 13.90, 14.73, 18.35, 18.11, 16.43, 19.32, 21.97, 20.79, 21.03, 24.50, 25.66, 25.17, 27.13, 24.51, 25.54, 22.43, 23.36, 20.36, 17.01, 14.64, 11.89, 10.12, 7.86, 5.47, 5.82, 6.54, 6.59, 10.34, 10.58, 8.96, 8.58, 10.29, 10.91, 7.46, 7.00, 3.74, 0.00, 3.75, 6.19, 9.70, 12.72, 16.17, 19.55, 21.78, 25.31, 25.90, 28.30, 27.21, 28.64, 26.07, 22.82, 22.42, 23.17, 20.65, 17.81, 19.18, 19.31, 15.72, 14.69, 16.69, 14.74, 13.29, 10.11, 9.48, 7.68, 9.07, 11.78, 13.72, 16.85, 18.99, 22.41, 22.54, 24.54, 24.92, 24.43, 24.21
 28.38, 26.22, 23.24, 19.96, 16.41, 13.87, 10.55, 8.22, 5.46, 4.96, 6.22, 4.93, 8.45, 9.01, 11.41, 11.88, 14.32, 12.35, 9.53, 12.53, 14.16, 11.67, 11.83, 15.56, 15.94, 14.24, 16.69, 19.62, 18.96, 18.95, 22.19, 23.74, 23.57, 25.22, 22.39, 23.04, 19.72, 20.54, 17.41, 13.88, 11.47, 8.40, 7.26, 4.97, 4.47, 6.61, 8.98, 9.61, 13.23, 14.03, 12.67, 11.94, 13.35, 14.36, 10.89, 10.63, 7.03, 3.75, 0.00, 3.83, 6.89, 10.40, 13.74, 17.29, 19.61, 23.30, 24.18, 26.93, 26.29, 27.93, 25.17, 22.08, 22.25, 22.77, 19.81, 17.49, 19.24, 18.82, 15.04, 14.93, 16.90, 14.50, 13.76, 10.14, 9.53, 9.15, 10.20, 11.92, 13.89, 16.41, 18.60, 21.66, 21.32, 23.51, 23.47, 22.52, 21.86
 25.08, 22.74, 19.64, 16.40, 12.76, 10.56, 7.24, 5.93, 4.72, 6.40, 9.12, 8.70, 12.19, 12.24, 14.36, 14.03, 16.22, 14.45, 11.14, 13.30, 15.02, 12.22, 11.41, 15.13, 15.56, 13.07, 15.12, 18.36, 17.51, 16.83, 20.14, 21.97, 21.41, 22.71, 19.64, 20.13, 16.80, 17.35, 14.22, 10.96, 8.57, 6.41, 5.10, 5.21, 6.21, 7.17, 9.97, 10.01, 13.00, 14.57, 14.12, 13.39, 15.49, 16.78, 13.56, 12.76, 9.38, 6.19, 3.83, 0.00, 3.83, 6.77, 10.35, 13.72, 16.26, 19.95, 21.09, 23.94, 23.26, 25.24, 22.70, 19.46, 20.02, 20.93, 17.86, 15.60, 17.99, 17.81, 14.04, 14.42, 17.03, 15.11, 15.20, 11.87, 10.07, 9.87, 9.46, 10.07, 11.30, 13.35, 15.22, 18.08, 17.56, 19.73, 19.68, 18.74, 18.23
 22.01, 19.94, 16.80, 13.87, 10.41, 8.21, 6.03, 5.16, 6.39, 7.83, 11.20, 11.45, 14.45, 13.52, 15.17, 14.00, 15.63, 14.19, 10.63, 11.73, 13.46, 10.77, 8.96, 12.46, 13.17, 10.31, 11.77, 15.23, 14.65, 13.54, 16.67, 18.80, 18.37, 19.36, 16.16, 16.42, 13.03, 13.72, 10.75, 7.39, 5.87, 4.74, 5.64, 7.33, 9.59, 10.83, 13.73, 13.50, 16.13, 17.75, 17.40, 16.17, 18.08, 19.88, 16.86, 16.40, 13.11, 9.70, 6.89, 3.83, 0.00, 3.87, 6.90, 10.51, 12.87, 16.63, 17.89, 20.99, 20.76, 22.85, 20.19, 17.19, 18.35, 19.03, 15.64, 14.05, 16.80, 16.21, 12.55, 13.91, 16.52, 14.65, 15.65, 12.57, 10.44, 11.39, 10.47, 9.75, 10.85, 11.92, 13.93, 16.30, 15.53, 18.12, 17.93, 16.37, 15.70
 18.88, 16.54, 13.21, 10.41, 6.86, 5.66, 4.69, 6.30, 8.82, 11.13, 14.70, 15.12, 18.26, 17.36, 18.94, 17.50, 18.92, 17.65, 14.10, 14.58, 16.15, 13.47, 11.11, 14.05, 14.65, 11.22, 11.93, 15.45, 14.63, 12.61, 15.66, 18.06, 17.09, 17.52, 14.04, 14.04, 10.78, 10.94, 8.13, 5.77, 5.12, 6.56, 7.25, 10.17, 12.47, 12.94, 15.72, 15.13, 17.04, 19.13, 19.47, 18.37, 20.71, 22.58, 19.74, 18.92, 15.88, 12.72, 10.40, 6.77, 3.87, 0.00, 3.82, 6.95, 9.75, 13.47, 15.15, 18.34, 18.06, 20.60, 18.33, 15.23, 16.92, 18.09, 14.77, 13.41, 16.74, 16.54, 13.26, 14.96, 17.98, 16.76, 18.26, 15.59, 12.86, 13.67, 11.72, 9.88, 9.71, 9.68, 11.02, 12.88, 11.76, 14.39, 14.20, 12.57, 12.22
 15.58, 13.61, 10.35, 8.17, 5.55, 5.06, 6.69, 8.41, 11.70, 13.68, 17.37, 18.22, 21.08, 19.66, 20.98, 19.12, 19.96, 18.90, 15.53, 15.14, 16.39, 13.98, 11.10, 13.18, 13.80, 10.22, 9.91, 13.32, 12.66, 9.93, 12.59, 15.29, 14.28, 14.17, 10.52, 10.25, 7.07, 7.49, 5.55, 4.43, 6.36, 8.88, 10.55, 13.56, 16.13, 16.75, 19.49, 18.68, 20.38, 22.36, 22.70, 21.25, 23.41, 25.63, 22.99, 22.44, 19.48, 16.17, 13.74, 10.35, 6.90, 3.82, 0.00, 3.79, 6.11, 9.92, 11.78, 15.25, 15.52, 18.18, 15.91, 13.24, 15.62, 16.58, 13.15, 12.73, 16.25, 15.75, 13.02, 15.46, 18.33, 17.39, 19.57, 17.32, 14.51, 15.94, 13.80, 11.12, 10.74, 9.41, 10.67, 11.62, 10.34, 13.49, 13.32, 10.91, 10.63
 12.87, 10.68, 7.13, 5.97, 4.67, 6.51, 9.13, 11.65, 15.05, 17.33, 21.05, 21.88, 24.83, 23.45, 24.69, 22.68, 23.44, 22.54, 19.20, 18.52, 19.71, 17.45, 14.44, 16.00, 16.58, 13.01, 12.02, 15.04, 14.34, 10.97, 13.01, 15.84, 14.36, 13.39, 9.64, 8.72, 6.28, 5.51, 4.94, 6.44, 8.74, 11.97, 13.37, 16.74, 19.32, 19.59, 22.24, 21.32, 22.54, 24.79, 25.55, 24.24, 26.63, 28.84, 26.30, 25.51, 22.69, 19.55, 17.29, 13.72, 10.51, 6.95, 3.79, 0.00, 3.80, 7.16, 9.89, 13.43, 13.85, 17.00, 15.36, 12.93, 15.87, 17.20, 14.12, 14.14, 17.85, 17.65, 15.48, 18.00, 20.98, 20.47, 22.87, 20.87, 17.86, 19.14, 16.58, 13.50, 12.22, 9.83, 9.96, 9.61, 7.65, 10.80, 10.50, 7.67, 7.89
 9.69, 8.29, 5.60, 5.45, 6.30, 7.49, 10.99, 13.05, 16.77, 18.77, 22.51, 23.88, 26.59, 24.90, 26.18, 24.14, 24.32, 23.32, 20.33, 19.28, 19.84, 17.68, 14.80, 15.57, 15.70, 12.30, 10.85, 13.15, 12.28, 8.59, 10.14, 12.81, 11.11, 9.72, 6.06, 5.52, 4.55, 5.44, 7.07, 8.78, 11.82, 14.76, 16.57, 19.67, 22.18, 22.57, 25.04, 23.76, 24.91, 26.81, 27.42, 25.68, 27.82, 30.40, 28.14, 27.74, 25.09, 21.78, 19.61, 16.26, 12.87, 9.75, 6.11, 3.80, 0.00, 3.83, 6.25, 9.98, 11.05, 14.02, 12.31, 10.55, 13.94, 14.89, 11.99, 12.91, 16.45, 16.04, 14.60, 17.50, 20.20, 20.08, 22.94, 21.46, 18.43, 20.13, 17.55, 14.07, 13.01, 10.05, 10.61, 9.75, 8.74, 12.28, 12.62, 9.66, 10.38
 6.05, 5.39, 4.20, 6.26, 8.84, 10.45, 14.19, 16.35, 20.13, 22.19, 25.93, 27.50, 30.19, 28.44, 29.75, 27.68, 27.62, 26.60, 23.79, 22.55, 22.81, 20.75, 18.00, 18.25, 18.09, 14.95, 13.24, 14.73, 13.72, 10.03, 10.64, 12.87, 10.70, 8.38, 5.63, 5.16, 6.71, 7.39, 10.14, 12.40, 15.53, 18.57, 20.33, 23.47, 25.92, 26.14, 28.45, 26.95, 27.78, 29.65, 30.42, 28.60, 30.75, 33.46, 31.41, 31.05, 28.57, 25.31, 23.30, 19.95, 16.63, 13.47, 9.92, 7.16, 3.83, 0.00, 3.79, 7.26, 8.96, 12.08, 11.12, 10.23, 13.96, 14.94, 12.73, 14.28, 17.57, 17.36, 16.69, 19.59, 22.15, 22.50, 25.59, 24.50, 21.38, 23.08, 20.32, 16.63, 15.25, 11.80, 11.81, 9.92, 9.32, 12.58, 13.30, 10.49, 11.84
 4.88, 5.67, 6.46, 7.58, 10.45, 11.10, 14.94, 16.62, 20.43, 22.30, 25.93, 27.99, 30.52, 28.71, 30.25, 28.43, 27.98, 26.63, 24.19, 23.03, 22.65, 20.46, 18.23, 18.10, 17.22, 14.34, 12.99, 13.60, 11.97, 8.75, 9.26, 10.49, 7.69, 5.60, 4.33, 6.22, 8.59, 10.49, 13.10, 14.70, 17.85, 20.45, 22.28, 25.08, 27.25, 27.45, 29.48, 27.60, 28.35, 29.80, 30.40, 28.23, 30.14, 33.13, 31.43, 31.43, 29.22, 25.90, 24.18, 21.09, 17.89, 15.15, 11.78, 9.89, 6.25, 3.79, 0.00, 3.89, 6.24, 8.70, 7.54, 7.50, 11.27, 11.85, 10.16, 12.33, 15.17, 15.00, 15.09, 17.97, 20.24, 21.07, 24.37, 23.83, 20.70, 22.56, 19.85, 16.06, 15.00, 11.60, 12.28, 10.84, 11.50, 14.94, 16.33, 13.91, 15.51
 4.22, 6.18, 8.70, 9.84, 13.11, 13.64, 17.39, 19.01, 22.72, 24.65, 28.17, 30.53, 33.06, 31.34, 33.11, 31.53, 30.90, 29.28, 27.09, 26.09, 25.31, 22.99, 21.19, 20.89, 19.46, 16.83, 15.87, 15.81, 13.69, 11.19, 11.48, 11.53, 8.19, 6.61, 7.40, 9.74, 12.42, 14.33, 16.94, 18.45, 21.47, 23.93, 25.57, 28.25, 30.14, 30.10, 31.80, 29.57, 29.99, 31.20, 31.91, 29.61, 31.48, 34.59, 33.26, 33.37, 31.50, 28.30, 26.93, 23.94, 20.99, 18.34, 15.25, 13.43, 9.98, 7.26, 3.89, 0.00, 3.80, 5.45, 5.64, 6.97, 10.28, 10.91, 10.51, 12.88, 15.12, 15.43, 16.35, 18.84, 20.93, 22.38, 25.72, 25.69, 22.49, 24.18, 21.35, 17.57, 16.37, 12.97, 13.50, 11.93, 13.47, 16.60, 18.58, 16.66, 18.74
 6.23, 6.17, 8.71, 8.93, 12.23, 12.81, 16.27, 18.16, 21.69, 23.99, 27.46, 29.87, 32.63, 31.32, 33.45, 32.21, 31.85, 29.88, 27.61, 27.13, 26.37, 23.61, 22.12, 22.35, 20.62, 17.72, 17.50, 17.74, 15.04, 12.81, 14.05, 13.88, 10.18, 9.72, 9.95, 12.45, 14.40, 16.06, 18.08, 19.31, 21.85, 24.16, 25.27, 27.88, 29.37, 28.90, 30.24, 27.72, 27.72, 28.89, 29.90, 27.76, 29.86, 32.86, 31.75, 31.69, 30.15, 27.21, 26.29, 23.26, 20.76, 18.06, 15.52, 13.85, 11.05, 8.96, 6.24, 3.80, 0.00, 3.83, 5.40, 5.39, 8.10, 9.94, 10.17, 11.57, 13.86, 15.10, 15.95, 17.79, 20.25, 22.08, 25.13, 25.20, 21.74, 22.88, 19.74, 16.01, 14.31, 10.94, 11.14, 9.78, 12.23, 15.17, 17.78, 16.57, 19.17
 8.94, 9.85, 12.44, 12.37, 15.33, 15.18, 18.42, 19.73, 23.08, 25.05, 28.29, 31.07, 33.58, 32.19, 34.44, 33.41, 32.69, 30.52, 28.65, 28.20, 26.93, 24.22, 23.20, 23.08, 20.85, 18.42, 18.48, 17.99, 15.01, 13.62, 14.59, 13.43, 9.75, 10.12, 11.56, 14.61, 16.79, 18.99, 21.05, 21.93, 24.54, 26.52, 27.75, 30.03, 31.34, 30.96, 32.06, 29.32, 29.32, 30.04, 30.80, 28.34, 30.10, 33.32, 32.56, 32.88, 31.58, 28.64, 27.93, 25.24, 22.85, 20.60, 18.18, 17.00, 14.02, 12.08, 8.70, 5.45, 3.83, 0.00, 3.85, 5.87, 7.26, 8.23, 9.73, 11.59, 12.85, 14.12, 15.86, 17.47, 19.39, 21.68, 24.81, 25.45, 22.17, 23.46, 20.58, 17.06, 15.91, 13.08, 13.93, 13.18, 15.90, 18.85, 21.55, 20.34, 22.82
 9.79, 10.67, 12.34, 11.70, 14.04, 13.14, 16.33, 17.08, 20.45, 22.05, 25.25, 28.12, 30.41, 28.81, 30.96, 29.92, 29.03, 26.87, 25.15, 24.62, 23.19, 20.56, 19.66, 19.39, 17.05, 14.77, 14.95, 14.29, 11.19, 10.12, 11.32, 9.96, 6.26, 7.63, 9.07, 12.60, 14.46, 17.19, 19.04, 19.48, 22.16, 23.85, 25.37, 27.43, 28.82, 28.79, 30.05, 27.47, 27.93, 28.49, 28.83, 26.14, 27.63, 30.98, 30.09, 30.68, 29.20, 26.07, 25.17, 22.70, 20.19, 18.33, 15.91, 15.36, 12.31, 11.12, 7.54, 5.64, 5.40, 3.85, 0.00, 3.83, 5.75, 5.44, 6.22, 8.84, 10.12, 10.70, 12.46, 14.49, 16.21, 18.24, 21.54, 22.16, 19.07, 20.76, 18.22, 14.73, 14.30, 11.79, 13.58, 13.52, 15.92, 19.33, 21.68, 20.04, 22.04
 10.36, 9.83, 10.58, 8.92, 10.82, 9.77, 12.81, 13.87, 17.24, 19.23, 22.54, 25.23, 27.81, 26.52, 28.86, 27.95, 27.50, 25.21, 23.17, 23.06, 21.99, 18.98, 18.03, 18.48, 16.28, 13.43, 14.12, 14.36, 11.06, 9.64, 11.96, 11.42, 7.85, 9.30, 9.16, 12.45, 13.40, 15.83, 17.05, 17.21, 19.47, 21.09, 22.23, 24.32, 25.54, 25.27, 26.46, 23.85, 24.22, 24.96, 25.50, 23.03, 24.85, 28.02, 27.00, 27.32, 25.84, 22.82, 22.08, 19.46, 17.19, 15.23, 13.24, 12.93, 10.55, 10.23, 7.50, 6.97, 5.39, 5.87, 3.83, 0.00, 3.78, 5.47, 5.08, 6.23, 8.64, 9.91, 10.66, 12.41, 14.89, 16.75, 19.75, 19.98, 16.57, 17.87, 15.00, 11.36, 10.55, 7.98, 9.98, 10.54, 13.12, 16.59, 19.05, 17.69, 19.80
 13.81, 13.16, 13.93, 11.77, 13.08, 11.45, 13.64, 14.20, 17.03, 18.94, 21.89, 24.89, 27.39, 26.40, 29.09, 28.66, 28.17, 25.48, 23.76, 24.12, 22.72, 19.46, 19.23, 19.86, 17.13, 14.60, 16.12, 16.08, 12.39, 12.00, 14.58, 13.39, 10.11, 12.38, 12.60, 16.03, 16.69, 19.21, 20.03, 19.69, 21.53, 22.66, 23.47, 25.12, 25.82, 25.33, 26.02, 23.05, 23.18, 23.42, 23.89, 21.26, 22.92, 26.17, 25.62, 26.17, 25.18, 22.42, 22.25, 20.02, 18.35, 16.92, 15.62, 15.87, 13.94, 13.96, 11.27, 10.28, 8.10, 7.26, 5.75, 3.78, 0.00, 3.84, 5.40, 5.15, 6.28, 8.75, 10.06, 10.73, 13.09, 15.62, 18.31, 19.08, 15.71, 16.60, 13.82, 10.68, 10.23, 8.77, 11.13, 12.53, 15.58, 18.82, 21.57, 20.62, 22.83
 14.93, 15.10, 15.92, 14.06, 15.22, 13.08, 15.27, 15.02, 17.77, 18.96, 21.72, 24.98, 27.03, 25.64, 28.16, 27.70, 26.72, 24.05, 22.77, 22.85, 20.95, 18.01, 18.09, 18.10, 15.03, 13.17, 14.67, 13.83, 10.08, 10.64, 12.80, 10.82, 8.05, 11.13, 12.12, 15.83, 16.70, 19.76, 20.76, 20.20, 22.33, 23.20, 24.49, 25.87, 26.71, 26.70, 27.53, 24.72, 25.30, 25.22, 25.12, 22.09, 23.17, 26.69, 26.20, 27.24, 26.14, 23.17, 22.77, 20.93, 19.03, 18.09, 16.58, 17.20, 14.89, 14.94, 11.85, 10.91, 9.94, 8.23, 5.44, 5.47, 3.84, 0.00, 3.77, 5.49, 5.03, 6.23, 8.73, 9.92, 11.30, 13.89, 16.98, 18.18, 15.28, 16.88, 14.81, 11.94, 12.57, 11.47, 14.31, 15.65, 18.32, 21.80, 24.24, 22.81, 24.62
 14.16, 14.06, 14.08, 11.99, 12.63, 10.15, 12.46, 12.06, 15.12, 16.23, 19.26, 22.30, 24.39, 22.80, 25.10, 24.38, 23.52, 21.05, 19.49, 19.41, 17.79, 14.84, 14.53, 14.69, 11.91, 9.63, 11.09, 10.76, 7.02, 7.23, 10.00, 8.81, 6.36, 9.46, 9.52, 13.07, 13.41, 16.57, 17.34, 16.57, 18.77, 19.63, 21.16, 22.62, 23.78, 24.06, 25.28, 22.81, 23.83, 24.03, 23.79, 20.84, 22.00, 25.45, 24.47, 25.42, 23.88, 20.65, 19.81, 17.86, 15.64, 14.77, 13.15, 14.12, 11.99, 12.73, 10.16, 10.51, 10.17, 9.73, 6.22, 5.08, 5.40, 3.77, 0.00, 3.83, 5.30, 5.06, 6.24, 8.60, 10.42, 12.11, 15.42, 15.96, 12.99, 15.02, 13.01, 9.87, 10.85, 9.70, 12.90, 14.39, 16.47, 20.17, 22.16, 20.41, 21.81
 16.14, 15.16, 14.68, 11.77, 11.62, 8.72, 10.13, 9.67, 12.37, 13.92, 16.89, 19.93, 22.32, 21.25, 23.96, 23.66, 23.26, 20.46, 18.74, 19.38, 18.03, 14.58, 14.63, 15.69, 12.96, 10.33, 12.66, 13.13, 9.49, 9.68, 13.06, 12.36, 10.07, 12.84, 12.14, 15.33, 14.92, 17.64, 17.69, 16.49, 17.97, 18.49, 19.40, 20.64, 21.32, 21.21, 22.08, 19.37, 20.19, 20.30, 20.22, 17.38, 18.84, 22.16, 21.29, 22.07, 20.79, 17.81, 17.49, 15.60, 14.05, 13.41, 12.73, 14.14, 12.91, 14.28, 12.33, 12.88, 11.57, 11.59, 8.84, 6.23, 5.15, 5.49, 3.83, 0.00, 3.82, 5.53, 5.25, 6.24, 9.15, 11.01, 13.70, 14.08, 10.68, 11.97, 9.56, 6.48, 7.60, 7.47, 11.04, 13.42, 15.74, 19.22, 21.40, 20.15, 21.70
 18.82, 18.29, 18.21, 15.48, 15.44, 12.43, 13.37, 12.18, 14.16, 15.04, 17.39, 20.86, 22.80, 21.76, 24.62, 24.71, 23.92, 20.83, 19.76, 20.57, 18.59, 15.28, 16.17, 16.83, 13.52, 11.83, 14.51, 14.16, 10.42, 11.79, 14.75, 13.17, 11.30, 14.67, 14.76, 18.20, 18.04, 21.04, 21.16, 19.74, 21.17, 21.26, 22.20, 22.95, 23.28, 23.26, 23.76, 20.87, 21.68, 21.12, 20.61, 17.38, 18.22, 21.80, 21.48, 22.81, 21.97, 19.18, 19.24, 17.99, 16.80, 16.74, 16.25, 17.85, 16.45, 17.57, 15.17, 15.12, 13.86, 12.85, 10.12, 8.64, 6.28, 5.03, 5.30, 3.82, 0.00, 3.81, 5.51, 5.18, 6.87, 9.78, 12.40, 13.80, 10.96, 12.30, 10.71, 8.73, 10.52, 11.03, 14.49, 16.91, 19.46, 22.87, 25.17, 23.96, 25.49
 19.15, 19.08, 18.81, 16.37, 16.17, 12.94, 14.03, 12.26, 14.33, 14.42, 16.73, 20.24, 21.74, 20.12, 22.62, 22.46, 21.24, 18.33, 17.55, 17.92, 15.59, 12.64, 13.64, 13.72, 10.17, 9.15, 11.80, 10.91, 7.34, 9.66, 12.31, 10.55, 9.67, 13.30, 13.54, 16.89, 16.67, 20.02, 20.22, 18.62, 20.34, 20.27, 21.79, 22.41, 23.11, 23.70, 24.61, 22.14, 23.53, 22.99, 22.01, 18.61, 18.97, 22.65, 22.04, 23.68, 22.43, 19.31, 18.82, 17.81, 16.21, 16.54, 15.75, 17.65, 16.04, 17.36, 15.00, 15.43, 15.10, 14.12, 10.70, 9.91, 8.75, 6.23, 5.06, 5.53, 3.81, 0.00, 3.81, 5.42, 5.73, 7.83, 11.19, 12.57, 10.34, 12.75, 11.93, 10.08, 12.49, 12.81, 16.46, 18.64, 20.66, 24.31, 26.18, 24.46, 25.52
 19.56, 18.92, 17.90, 15.05, 14.03, 10.44, 10.89, 8.64, 10.66, 10.78, 13.39, 16.71, 18.46, 16.92, 19.49, 19.31, 18.52, 15.59, 14.35, 15.06, 13.23, 9.83, 10.73, 11.67, 8.56, 6.79, 10.11, 10.40, 7.28, 9.03, 12.35, 11.70, 11.01, 14.17, 13.35, 16.21, 15.15, 18.22, 17.78, 15.72, 17.03, 16.68, 18.08, 18.60, 19.33, 20.03, 21.14, 18.91, 20.63, 20.33, 19.29, 16.06, 16.67, 20.19, 19.10, 20.55, 18.98, 15.72, 15.04, 14.04, 12.55, 13.26, 13.02, 15.48, 14.60, 16.69, 15.09, 16.35, 15.95, 15.86, 12.46, 10.66, 10.06, 8.73, 6.24, 5.25, 5.51, 3.81, 0.00, 3.79, 5.61, 6.19, 9.38, 9.74, 7.05, 9.73, 8.98, 7.26, 10.24, 11.11, 14.91, 17.46, 19.06, 22.65, 24.20, 22.51, 23.27
 22.14, 21.17, 20.21, 17.01, 15.78, 12.17, 11.72, 9.27, 10.20, 10.36, 12.34, 15.94, 17.72, 16.85, 19.93, 20.44, 19.92, 16.55, 15.61, 17.11, 15.26, 11.69, 13.31, 14.70, 11.59, 10.19, 13.74, 14.08, 10.98, 12.74, 16.10, 15.20, 14.23, 17.49, 16.76, 19.68, 18.54, 21.37, 20.62, 18.36, 19.07, 18.32, 19.06, 19.11, 19.10, 19.38, 19.82, 17.20, 18.66, 17.80, 16.63, 13.19, 13.68, 17.31, 16.76, 18.42, 17.48, 14.69, 14.93, 14.42, 13.91, 14.96, 15.46, 18.00, 17.50, 19.59, 17.97, 18.84, 17.79, 17.47, 14.49, 12.41, 10.73, 9.92, 8.60, 6.24, 5.18, 5.42, 3.79, 0.00, 3.80, 5.62, 7.64, 8.73, 5.97, 7.56, 7.12, 6.69, 9.98, 11.88, 15.61, 18.66, 20.63, 23.96, 25.79, 24.57, 25.57
 24.50, 23.99, 23.25, 20.28, 19.21, 15.55, 15.21, 12.38, 12.87, 12.00, 13.17, 17.01, 18.01, 16.83, 19.76, 20.51, 19.39, 15.91, 15.84, 17.23, 14.67, 11.62, 14.02, 14.74, 11.24, 11.11, 14.65, 14.19, 11.43, 14.11, 16.94, 15.49, 15.22, 18.78, 18.58, 21.59, 20.63, 23.76, 23.16, 20.78, 21.63, 20.57, 21.63, 21.28, 21.21, 21.89, 22.25, 19.83, 21.52, 20.20, 18.45, 14.75, 14.24, 18.04, 17.86, 20.15, 19.38, 16.69, 16.90, 17.03, 16.52, 17.98, 18.33, 20.98, 20.20, 22.15, 20.24, 20.93, 20.25, 19.39, 16.21, 14.89, 13.09, 11.30, 10.42, 9.15, 6.87, 5.73, 5.61, 3.80, 0.00, 3.79, 6.05, 8.54, 7.40, 9.51, 10.30, 10.43, 13.78, 15.53, 19.29, 22.19, 24.13, 27.56, 29.31, 27.88, 28.69
 25.65, 25.06, 23.83, 20.86, 19.28, 15.51, 14.75, 11.36, 11.42, 9.60, 10.52, 14.26, 14.88, 13.30, 16.07, 16.82, 15.65, 12.13, 12.26, 13.79, 11.22, 8.26, 11.19, 12.12, 9.00, 9.43, 13.14, 13.06, 11.14, 13.88, 16.66, 15.80, 16.17, 19.47, 18.80, 21.35, 19.87, 22.90, 21.92, 19.13, 19.74, 18.22, 19.51, 18.79, 18.89, 20.12, 20.84, 18.97, 21.27, 20.09, 17.94, 14.35, 13.54, 17.17, 16.43, 18.87, 17.63, 14.74, 14.50, 15.11, 14.65, 16.76, 17.39, 20.47, 20.08, 22.50, 21.07, 22.38, 22.08, 21.68, 18.24, 16.75, 15.62, 13.89, 12.11, 11.01, 9.78, 7.83, 6.19, 5.62, 3.79, 0.00, 3.78, 5.50, 5.53, 8.61, 10.32, 10.89, 14.59, 16.48, 20.26, 23.18, 24.59, 28.03, 29.33, 27.67, 28.00
 28.90, 28.02, 26.59, 23.36, 21.39, 17.62, 16.09, 12.48, 11.34, 8.98, 8.55, 12.38, 12.60, 11.72, 14.89, 16.47, 15.69, 11.88, 12.45, 14.82, 12.58, 9.85, 13.18, 14.63, 12.04, 12.52, 16.28, 16.55, 14.83, 17.38, 20.27, 19.56, 19.86, 23.12, 22.25, 24.66, 22.87, 25.63, 24.22, 21.13, 21.11, 19.05, 19.82, 18.44, 17.86, 19.02, 19.25, 17.50, 19.92, 18.25, 15.58, 11.96, 10.41, 13.98, 13.54, 16.43, 15.64, 13.29, 13.76, 15.20, 15.65, 18.26, 19.57, 22.87, 22.94, 25.59, 24.37, 25.72, 25.13, 24.81, 21.54, 19.75, 18.31, 16.98, 15.42, 13.70, 12.40, 11.19, 9.38, 7.64, 6.05, 3.78, 0.00, 3.79, 5.59, 7.46, 10.34, 12.15, 15.90, 18.44, 22.08, 25.33, 26.72, 29.93, 31.20, 29.82, 30.08
 28.46, 27.29, 25.39, 22.11, 19.68, 15.99, 14.00, 10.21, 8.57, 5.53, 5.16, 8.91, 9.49, 8.52, 11.86, 13.33, 13.17, 9.42, 9.29, 12.14, 10.71, 7.76, 10.84, 13.06, 11.30, 11.33, 14.99, 16.07, 14.80, 16.78, 19.82, 19.82, 20.17, 23.03, 21.57, 23.51, 21.22, 23.64, 21.78, 18.45, 18.00, 15.63, 16.32, 14.74, 14.28, 15.77, 16.43, 15.18, 18.07, 16.88, 14.25, 11.07, 10.10, 13.21, 11.77, 14.30, 12.81, 10.11, 10.14, 11.87, 12.57, 15.59, 17.32, 20.87, 21.46, 24.50, 23.83, 25.69, 25.20, 25.45, 22.16, 19.98, 19.08, 18.18, 15.96, 14.08, 13.80, 12.57, 9.74, 8.73, 8.54, 5.50, 3.79, 0.00, 3.85, 6.02, 9.18, 11.18, 14.87, 17.49, 20.97, 24.21, 25.14, 28.21, 29.12, 27.71, 27.65
 25.18, 23.81, 21.96, 18.56, 16.21, 12.49, 10.59, 6.93, 6.01, 4.64, 6.48, 10.04, 11.86, 11.16, 14.43, 15.27, 15.40, 11.94, 10.74, 13.16, 12.07, 8.40, 10.46, 12.95, 10.95, 9.78, 13.54, 14.93, 13.03, 14.48, 17.90, 18.00, 17.73, 20.50, 18.89, 20.97, 18.80, 21.15, 19.43, 16.37, 16.11, 14.34, 14.85, 14.06, 13.82, 14.70, 15.44, 13.62, 16.11, 15.36, 13.50, 10.32, 10.62, 13.86, 12.35, 14.11, 12.54, 9.48, 9.53, 10.07, 10.44, 12.86, 14.51, 17.86, 18.43, 21.38, 20.70, 22.49, 21.74, 22.17, 19.07, 16.57, 15.71, 15.28, 12.99, 10.68, 10.96, 10.34, 7.05, 5.97, 7.40, 5.53, 5.59, 3.85, 0.00, 3.80, 5.76, 7.34, 11.06, 13.68, 17.17, 20.47, 21.57, 24.65, 25.78, 24.52, 24.81
 26.73, 24.92, 22.99, 19.34, 16.76, 13.32, 10.67, 7.57, 5.31, 5.23, 6.26, 9.43, 11.85, 12.35, 15.97, 17.28, 18.01, 14.57, 13.25, 16.12, 15.48, 11.91, 13.70, 16.53, 14.71, 13.19, 16.84, 18.46, 16.31, 17.38, 20.99, 21.13, 20.38, 23.08, 21.32, 23.39, 21.14, 23.10, 21.11, 18.11, 17.26, 15.40, 14.96, 13.94, 12.79, 12.84, 12.78, 10.48, 12.71, 11.64, 9.83, 6.67, 7.76, 10.80, 9.47, 10.96, 10.04, 7.68, 9.15, 9.87, 11.39, 13.67, 15.94, 19.14, 20.13, 23.08, 22.56, 24.18, 22.88, 23.46, 20.76, 17.87, 16.60, 16.88, 15.02, 11.97, 12.30, 12.75, 9.73, 7.56, 9.51, 8.61, 7.46, 6.02, 3.80, 0.00, 3.83, 7.17, 10.40, 13.74, 16.86, 20.49, 21.76, 24.46, 25.77, 25.05, 25.60
 23.72, 21.66, 19.80, 16.05, 13.62, 10.37, 7.85, 5.75, 4.97, 7.15, 9.43, 12.01, 14.98, 15.34, 18.72, 19.47, 20.30, 17.11, 15.20, 17.58, 17.16, 13.37, 14.29, 17.11, 15.27, 12.92, 16.26, 18.08, 15.54, 15.94, 19.72, 19.99, 18.64, 21.09, 19.20, 21.31, 19.26, 21.03, 19.24, 16.70, 16.07, 14.99, 14.39, 14.31, 13.57, 12.96, 13.07, 10.26, 11.71, 11.44, 10.91, 8.38, 10.62, 13.33, 12.03, 12.51, 11.50, 9.07, 10.20, 9.46, 10.47, 11.72, 13.80, 16.58, 17.55, 20.32, 19.85, 21.35, 19.74, 20.58, 18.22, 15.00, 13.82, 14.81, 13.01, 9.56, 10.71, 11.93, 8.98, 7.12, 10.30, 10.32, 10.34, 9.18, 5.76, 3.83, 0.00, 3.83, 6.64, 10.15, 13.14, 16.84, 18.32, 20.97, 22.56, 22.05, 23.00
 19.89, 17.89, 16.15, 12.45, 10.40, 7.05, 5.65, 4.66, 6.52, 9.09, 12.17, 14.66, 17.65, 17.38, 20.40, 20.49, 21.05, 18.16, 15.92, 17.55, 17.12, 13.32, 13.45, 15.94, 14.06, 11.11, 14.02, 15.86, 13.06, 12.90, 16.72, 17.09, 15.37, 17.59, 15.66, 17.88, 16.12, 17.99, 16.66, 14.62, 14.70, 14.49, 14.42, 15.27, 15.38, 14.89, 15.61, 12.96, 14.07, 14.47, 14.50, 12.17, 14.37, 17.16, 15.76, 15.99, 14.58, 11.78, 11.92, 10.07, 9.75, 9.88, 11.12, 13.50, 14.07, 16.63, 16.06, 17.57, 16.01, 17.06, 14.73, 11.36, 10.68, 11.94, 9.87, 6.48, 8.73, 10.08, 7.26, 6.69, 10.43, 10.89, 12.15, 11.18, 7.34, 7.17, 3.83, 0.00, 3.78, 6.64, 10.04, 13.54, 15.16, 18.12, 19.87, 19.14, 20.32
 18.18, 15.66, 13.90, 10.09, 8.21, 5.95, 5.12, 6.67, 8.85, 12.12, 15.28, 17.25, 20.57, 20.51, 23.40, 23.25, 24.08, 21.44, 18.87, 20.28, 20.21, 16.51, 16.02, 18.49, 16.91, 13.55, 15.82, 17.86, 15.02, 14.01, 17.72, 18.35, 16.03, 17.68, 15.55, 17.54, 15.99, 17.30, 16.12, 14.75, 14.83, 15.37, 14.88, 16.41, 16.63, 15.52, 16.22, 13.46, 13.74, 14.87, 15.85, 14.21, 16.99, 19.38, 17.97, 17.48, 16.17, 13.72, 13.89, 11.30, 10.85, 9.71, 10.74, 12.22, 13.01, 15.25, 15.00, 16.37, 14.31, 15.91, 14.30, 10.55, 10.23, 12.57, 10.85, 7.60, 10.52, 12.49, 10.24, 9.98, 13.78, 14.59, 15.90, 14.87, 11.06, 10.40, 6.64, 3.78, 0.00, 3.80, 6.55, 10.27, 12.15, 14.83, 16.93, 16.68, 18.38
 14.48, 11.87, 10.24, 6.51, 5.63, 4.48, 6.17, 8.67, 11.72, 14.82, 18.27, 20.18, 23.44, 22.95, 25.51, 24.87, 25.49, 23.17, 20.44, 21.20, 21.18, 17.71, 16.57, 18.57, 17.16, 13.56, 15.00, 16.97, 14.18, 12.39, 15.79, 16.63, 13.92, 14.98, 12.78, 14.70, 13.64, 14.83, 14.32, 13.79, 14.63, 16.05, 16.06, 18.25, 19.10, 18.19, 19.32, 16.84, 17.03, 18.48, 19.62, 17.99, 20.66, 23.14, 21.63, 21.08, 19.51, 16.85, 16.41, 13.35, 11.92, 9.68, 9.41, 9.83, 10.05, 11.80, 11.60, 12.97, 10.94, 13.08, 11.79, 7.98, 8.77, 11.47, 9.70, 7.47, 11.03, 12.81, 11.11, 11.88, 15.53, 16.48, 18.44, 17.49, 13.68, 13.74, 10.15, 6.64, 3.80, 0.00, 3.81, 6.96, 9.10, 12.21, 14.51, 14.01, 16.08
 14.03, 10.73, 9.00, 5.64, 5.42, 6.71, 8.27, 11.58, 14.37, 17.78, 21.21, 22.69, 26.17, 25.89, 28.35, 27.57, 28.48, 26.36, 23.40, 24.09, 24.43, 21.06, 19.57, 21.64, 20.57, 16.86, 17.82, 19.98, 17.40, 15.11, 18.16, 19.30, 16.35, 16.71, 14.35, 15.70, 14.80, 15.14, 14.73, 14.93, 15.57, 17.51, 17.11, 19.73, 20.62, 19.28, 20.38, 18.04, 17.67, 19.68, 21.43, 20.35, 23.38, 25.50, 23.92, 22.84, 21.32, 18.99, 18.60, 15.22, 13.93, 11.02, 10.67, 9.96, 10.61, 11.81, 12.28, 13.50, 11.14, 13.93, 13.58, 9.98, 11.13, 14.31, 12.90, 11.04, 14.49, 16.46, 14.91, 15.61, 19.29, 20.26, 22.08, 20.97, 17.17, 16.86, 13.14, 10.04, 6.55, 3.81, 0.00, 3.86, 6.32, 8.83, 11.61, 11.86, 14.54
 11.44, 7.77, 6.26, 4.35, 6.18, 8.86, 11.25, 14.68, 17.75, 21.04, 24.60, 25.97, 29.41, 28.88, 31.08, 29.93, 30.74, 28.92, 25.86, 26.08, 26.53, 23.42, 21.49, 23.19, 22.37, 18.65, 18.88, 20.92, 18.62, 15.79, 18.24, 19.60, 16.50, 16.02, 13.71, 14.57, 14.28, 14.11, 14.43, 15.59, 16.73, 19.30, 19.20, 22.23, 23.53, 22.32, 23.69, 21.58, 21.17, 23.38, 25.23, 24.19, 27.20, 29.34, 27.66, 26.50, 24.81, 22.41, 21.66, 18.08, 16.30, 12.88, 11.62, 9.61, 9.75, 9.92, 10.84, 11.93, 9.78, 13.18, 13.52, 10.54, 12.53, 15.65, 14.39, 13.42, 16.91, 18.64, 17.46, 18.66, 22.19, 23.18, 25.33, 24.21, 20.47, 20.49, 16.84, 13.54, 10.27, 6.96, 3.86, 0.00, 3.79, 6.32, 9.46, 9.70, 12.93
 12.09, 8.39, 5.53, 4.65, 5.60, 9.26, 11.52, 15.15, 18.21, 21.43, 25.06, 25.96, 29.41, 28.78, 30.61, 29.13, 30.17, 28.77, 25.46, 25.43, 26.37, 23.56, 21.14, 22.92, 22.74, 18.98, 18.70, 21.19, 19.48, 16.27, 18.46, 20.46, 17.79, 16.77, 13.88, 13.75, 12.99, 11.88, 11.97, 13.64, 14.70, 17.70, 17.66, 21.06, 22.77, 21.77, 23.60, 22.05, 21.95, 24.56, 26.37, 25.58, 28.62, 30.56, 28.48, 27.09, 24.99, 22.54, 21.32, 17.56, 15.53, 11.76, 10.34, 7.65, 8.74, 9.32, 11.50, 13.47, 12.23, 15.90, 15.92, 13.12, 15.58, 18.32, 16.47, 15.74, 19.46, 20.66, 19.06, 20.63, 24.13, 24.59, 26.72, 25.14, 21.57, 21.76, 18.32, 15.16, 12.15, 9.10, 6.32, 3.79, 0.00, 3.85, 6.00, 5.95, 9.24
 14.69, 10.95, 8.62, 8.47, 9.03, 12.66, 14.29, 18.07, 20.76, 24.16, 27.66, 28.23, 31.82, 31.47, 33.28, 31.83, 33.17, 31.86, 28.43, 28.53, 29.73, 26.93, 24.47, 26.43, 26.41, 22.63, 22.35, 24.95, 23.31, 20.08, 22.18, 24.25, 21.54, 20.35, 17.52, 17.06, 16.29, 14.58, 14.44, 16.30, 16.82, 19.86, 19.32, 22.79, 24.34, 22.96, 24.65, 23.28, 22.76, 25.71, 27.93, 27.61, 30.89, 32.49, 30.39, 28.58, 26.62, 24.54, 23.51, 19.73, 18.12, 14.39, 13.49, 10.80, 12.28, 12.58, 14.94, 16.60, 15.17, 18.85, 19.33, 16.59, 18.82, 21.80, 20.17, 19.22, 22.87, 24.31, 22.65, 23.96, 27.56, 28.03, 29.93, 28.21, 24.65, 24.46, 20.97, 18.12, 14.83, 12.21, 8.83, 6.32, 3.85, 0.00, 3.78, 6.09, 9.65
 16.29, 12.86, 9.97, 10.28, 10.16, 13.86, 15.26, 18.94, 21.52, 24.73, 28.20, 28.34, 31.86, 31.41, 32.84, 31.10, 32.63, 31.73, 28.14, 28.02, 29.64, 27.17, 24.37, 26.35, 26.88, 23.18, 22.51, 25.41, 24.31, 20.90, 22.75, 25.28, 22.99, 21.50, 18.32, 17.12, 15.92, 13.44, 12.97, 15.16, 15.47, 18.76, 18.30, 21.98, 23.90, 22.80, 24.91, 24.10, 23.95, 27.12, 29.21, 29.04, 32.27, 33.71, 31.27, 29.33, 27.01, 24.92, 23.47, 19.68, 17.93, 14.20, 13.32, 10.50, 12.62, 13.30, 16.33, 18.58, 17.78, 21.55, 21.68, 19.05, 21.57, 24.24, 22.16, 21.40, 25.17, 26.18, 24.20, 25.79, 29.31, 29.33, 31.20, 29.12, 25.78, 25.77, 22.56, 19.87, 16.93, 14.51, 11.61, 9.46, 6.00, 3.78, 0.00, 3.79, 6.71
 14.34, 11.34, 8.02, 8.86, 8.86, 12.45, 14.39, 17.78, 20.69, 23.55, 27.14, 27.41, 30.70, 29.82, 31.00, 28.95, 30.22, 29.56, 26.01, 25.46, 27.07, 24.88, 21.81, 23.48, 24.24, 20.67, 19.55, 22.43, 21.70, 18.14, 19.65, 22.44, 20.48, 18.73, 15.39, 13.74, 12.47, 9.76, 9.65, 12.34, 13.35, 16.93, 17.21, 20.98, 23.37, 22.84, 25.33, 24.62, 25.01, 27.97, 29.61, 29.07, 32.01, 33.72, 31.14, 29.56, 26.93, 24.43, 22.52, 18.74, 16.37, 12.57, 10.91, 7.67, 9.66, 10.49, 13.91, 16.66, 16.57, 20.34, 20.04, 17.69, 20.62, 22.81, 20.41, 20.15, 23.96, 24.46, 22.51, 24.57, 27.88, 27.67, 29.82, 27.71, 24.52, 25.05, 22.05, 19.14, 16.68, 14.01, 11.86, 9.70, 5.95, 6.09, 3.79, 0.00, 3.75
 16.50, 14.01, 10.54, 11.25, 10.51, 13.56, 15.15, 18.14, 20.87, 23.34, 26.83, 26.74, 29.83, 28.76, 29.51, 27.17, 28.55, 28.33, 24.71, 23.89, 25.90, 24.12, 20.78, 22.41, 23.76, 20.41, 18.94, 22.07, 21.95, 18.42, 19.68, 22.86, 21.47, 19.63, 16.05, 13.77, 11.87, 8.50, 7.74, 10.65, 11.52, 15.23, 15.85, 19.67, 22.46, 22.40, 25.29, 25.09, 25.96, 28.96, 30.30, 29.79, 32.55, 34.16, 31.30, 29.74, 26.78, 24.21, 21.86, 18.23, 15.70, 12.22, 10.63, 7.89, 10.38, 11.84, 15.51, 18.74, 19.17, 22.82, 22.04, 19.80, 22.83, 24.62, 21.81, 21.70, 25.49, 25.52, 23.27, 25.57, 28.69, 28.00, 30.08, 27.65, 24.81, 25.60, 23.00, 20.32, 18.38, 16.08, 14.54, 12.93, 9.24, 9.65, 6.71, 3.75, 0.00
