 0.00, 3.82, 6.88, 10.37, 13.19, 15.67, 18.14, 18.77, 15.55, 16.82, 20.52, 22.93, 22.21, 18.49, 18.27, 21.01, 18.89, 16.18, 19.21, 20.64, 17.91, 18.42, 22.23, 22.46, 20.94, 19.10, 16.09, 16.36, 18.78, 19.59, 16.83, 14.01, 16.69, 16.50, 12.89, 13.84, 17.05, 15.92, 13.64, 16.96, 18.64, 16.69, 17.09, 20.88, 21.63, 24.23, 26.56, 25.91, 22.16, 21.39, 25.15, 25.11, 24.34, 25.81, 28.74, 30.38, 33.82, 36.58, 37.64, 35.00, 32.02, 28.55, 27.35, 24.11, 26.27, 28.89, 25.88, 24.35, 27.95, 28.70, 25.77, 26.39, 29.87, 28.55, 27.31, 30.53, 32.36, 30.55, 29.91, 26.09, 24.15, 24.20, 21.63, 20.90, 23.82, 25.37
 3.82, 0.00, 3.82, 6.78, 9.52, 12.28, 14.91, 15.20, 12.06, 13.80, 17.56, 20.19, 19.90, 16.23, 15.90, 19.05, 17.44, 14.78, 17.88, 19.71, 17.56, 18.08, 21.79, 22.35, 21.41, 19.74, 17.13, 18.16, 20.28, 20.61, 18.10, 15.11, 17.07, 16.65, 12.91, 13.27, 16.11, 14.81, 11.92, 14.95, 16.59, 14.24, 14.24, 18.02, 18.95, 21.74, 24.35, 24.14, 20.34, 20.17, 23.88, 23.55, 23.30, 25.07, 27.64, 29.21, 32.44, 35.46, 36.54, 33.70, 30.88, 27.55, 26.32, 22.84, 24.60, 27.10, 24.07, 22.18, 25.62, 26.35, 23.20, 23.55, 26.99, 25.68, 24.13, 27.28, 29.24, 27.40, 26.51, 22.71, 20.56, 20.79, 18.32, 17.47, 20.49, 22.35
 6.88, 3.82, 0.00, 3.80, 6.94, 8.95, 11.28, 12.02, 9.01, 10.40, 14.21, 16.61, 16.54, 13.01, 12.26, 15.49, 14.24, 11.47, 14.48, 16.59, 14.91, 15.31, 18.86, 19.71, 19.23, 17.86, 15.65, 17.37, 19.07, 18.97, 16.89, 13.78, 14.96, 14.53, 10.96, 10.56, 13.10, 12.08, 8.74, 11.39, 13.31, 11.18, 10.68, 14.41, 15.66, 18.24, 21.04, 20.84, 17.04, 17.07, 20.67, 20.06, 20.03, 22.05, 24.40, 25.82, 28.94, 32.08, 33.11, 30.18, 27.45, 24.20, 22.98, 19.42, 21.03, 23.42, 20.39, 18.42, 21.83, 22.54, 19.39, 19.76, 23.22, 21.97, 20.55, 23.69, 25.65, 23.98, 23.18, 19.36, 17.40, 17.33, 14.85, 14.44, 17.68, 19.56
 10.37, 6.78, 3.80, 0.00, 3.82, 6.02, 8.39, 8.43, 5.53, 7.80, 11.54, 14.26, 14.82, 11.56, 10.77, 14.42, 13.96, 11.64, 14.50, 16.88, 16.02, 16.50, 19.68, 20.76, 20.94, 19.73, 18.06, 20.27, 21.73, 21.31, 19.59, 16.51, 17.00, 16.47, 13.20, 12.15, 13.95, 12.97, 9.26, 10.92, 12.74, 10.26, 8.84, 12.30, 13.96, 16.66, 19.82, 20.19, 16.49, 17.29, 20.63, 19.59, 20.20, 22.54, 24.38, 25.62, 28.41, 31.79, 32.77, 29.63, 27.13, 24.16, 22.89, 19.17, 20.15, 22.36, 19.45, 16.99, 20.06, 20.81, 17.44, 17.32, 20.71, 19.59, 17.72, 20.69, 22.88, 21.25, 20.05, 16.28, 13.96, 14.04, 11.65, 11.01, 14.37, 16.66
 13.19, 9.52, 6.94, 3.82, 0.00, 3.82, 7.23, 6.93, 5.77, 8.79, 12.09, 14.58, 16.05, 13.40, 11.93, 15.62, 16.02, 13.65, 15.84, 18.74, 18.39, 18.33, 21.22, 22.84, 23.21, 22.48, 20.86, 23.12, 24.15, 23.20, 21.43, 18.77, 18.87, 17.72, 14.63, 13.83, 14.72, 13.13, 9.71, 10.92, 11.76, 8.61, 7.38, 10.53, 11.70, 14.84, 17.95, 18.99, 15.50, 17.07, 20.21, 19.32, 20.59, 22.75, 24.14, 25.61, 28.09, 31.58, 32.84, 29.75, 27.65, 24.79, 23.92, 20.28, 20.98, 22.64, 19.60, 17.15, 19.89, 20.12, 16.46, 16.37, 19.36, 17.82, 15.53, 18.61, 20.58, 18.55, 17.27, 13.55, 11.24, 12.21, 10.75, 10.56, 14.17, 17.10
 15.67, 12.28, 8.95, 6.02, 3.82, 0.00, 3.82, 5.08, 5.47, 7.23, 10.04, 11.79, 13.76, 11.73, 9.48, 12.94, 14.07, 11.82, 13.32, 16.51, 16.81, 16.46, 18.89, 20.85, 21.65, 21.36, 20.18, 22.82, 23.39, 22.04, 20.76, 18.28, 17.62, 16.46, 13.98, 12.58, 12.68, 11.49, 8.24, 8.19, 9.03, 6.51, 4.04, 6.81, 8.56, 11.34, 14.69, 15.79, 12.46, 14.40, 17.20, 16.00, 17.63, 19.96, 20.98, 22.30, 24.57, 28.15, 29.38, 26.25, 24.35, 21.66, 20.94, 17.38, 17.86, 19.19, 16.15, 13.72, 16.33, 16.36, 12.67, 12.74, 15.66, 14.06, 11.99, 15.21, 17.09, 15.26, 14.26, 10.44, 8.70, 9.16, 8.03, 9.10, 12.92, 15.74
 18.14, 14.91, 11.28, 8.39, 7.23, 3.82, 0.00, 3.82, 5.37, 5.21, 6.95, 8.12, 10.53, 9.27, 6.78, 10.01, 11.86, 10.40, 11.50, 14.49, 15.58, 15.51, 17.36, 19.26, 20.70, 20.49, 20.00, 23.08, 23.49, 22.11, 21.48, 18.92, 17.62, 16.98, 15.13, 12.86, 12.59, 12.44, 9.39, 7.80, 9.37, 8.28, 4.55, 5.46, 8.67, 10.28, 14.01, 14.97, 12.00, 14.03, 16.27, 14.30, 16.13, 18.94, 19.58, 20.32, 22.36, 26.05, 26.94, 23.60, 21.73, 19.41, 18.41, 14.87, 14.75, 16.05, 13.37, 10.50, 12.81, 13.24, 9.68, 9.18, 12.38, 11.41, 9.57, 12.45, 14.72, 13.64, 12.53, 8.88, 7.35, 6.28, 4.69, 6.87, 10.53, 12.99
 18.77, 15.20, 12.02, 8.43, 6.93, 5.08, 3.82, 0.00, 3.82, 5.45, 6.75, 9.17, 11.60, 10.26, 9.07, 12.48, 14.10, 13.15, 14.80, 17.39, 18.38, 18.80, 20.77, 22.32, 23.80, 23.17, 22.67, 25.70, 26.49, 25.42, 24.62, 21.82, 20.88, 20.37, 18.15, 16.02, 16.19, 15.83, 12.53, 11.49, 12.90, 11.13, 7.81, 8.68, 11.51, 13.43, 17.14, 18.52, 15.65, 17.81, 20.05, 18.02, 19.89, 22.76, 23.32, 23.93, 25.80, 29.54, 30.29, 26.85, 25.01, 22.90, 21.63, 18.03, 17.49, 18.94, 16.66, 13.42, 15.20, 15.99, 12.55, 11.09, 14.07, 13.55, 10.88, 13.11, 15.89, 14.82, 12.77, 9.38, 6.39, 6.05, 4.20, 4.27, 8.01, 11.17
 15.55, 12.06, 9.01, 5.53, 5.77, 5.47, 5.37, 3.82, 0.00, 3.82, 6.77, 9.96, 11.18, 8.71, 8.33, 12.09, 12.65, 11.57, 14.07, 16.30, 16.62, 17.50, 19.94, 21.02, 22.17, 21.04, 20.31, 23.19, 24.44, 23.84, 22.86, 19.74, 19.30, 19.16, 16.57, 14.47, 15.52, 15.31, 11.62, 11.43, 13.54, 11.66, 8.62, 10.72, 13.47, 15.54, 19.20, 19.99, 16.71, 18.16, 20.85, 18.94, 20.13, 23.05, 24.19, 24.82, 27.12, 30.74, 31.36, 27.92, 25.63, 23.25, 21.64, 17.87, 17.80, 19.90, 17.54, 14.36, 16.73, 17.93, 14.66, 13.48, 16.88, 16.48, 14.27, 16.59, 19.36, 18.33, 16.51, 13.02, 10.19, 9.57, 6.70, 5.49, 8.93, 11.47
 16.82, 13.80, 10.40, 7.80, 8.79, 7.23, 5.21, 5.45, 3.82, 0.00, 3.82, 6.70, 7.44, 5.05, 4.83, 8.45, 9.16, 8.76, 11.16, 13.01, 13.80, 15.01, 17.07, 17.94, 19.52, 18.43, 18.29, 21.52, 22.61, 22.04, 21.65, 18.48, 17.54, 17.93, 15.91, 13.10, 14.04, 14.76, 11.28, 10.23, 13.07, 12.27, 8.78, 10.25, 13.62, 14.81, 18.51, 18.80, 15.69, 16.79, 19.16, 16.78, 17.72, 20.97, 22.06, 22.23, 24.54, 28.12, 28.41, 24.88, 22.42, 20.22, 18.28, 14.53, 14.25, 16.62, 14.58, 11.25, 13.68, 15.39, 12.57, 11.27, 14.97, 15.12, 13.62, 15.69, 18.55, 18.15, 16.65, 13.33, 11.15, 9.20, 5.62, 5.43, 8.41, 9.91
 20.52, 17.56, 14.21, 11.54, 12.09, 10.04, 6.95, 6.75, 6.77, 3.82, 0.00, 3.82, 5.21, 4.92, 5.50, 7.89, 9.51, 10.42, 12.09, 13.44, 15.11, 16.53, 17.86, 18.60, 20.81, 19.84, 20.37, 23.86, 24.77, 24.14, 24.24, 21.16, 19.75, 20.41, 18.88, 15.72, 16.19, 17.38, 14.24, 12.36, 15.10, 14.84, 11.08, 11.31, 15.04, 15.50, 19.23, 19.64, 17.05, 18.35, 20.10, 17.19, 18.39, 21.91, 22.49, 22.09, 23.97, 27.60, 27.53, 23.82, 21.56, 19.94, 17.75, 14.22, 12.96, 15.20, 13.92, 10.20, 11.70, 14.00, 11.71, 9.42, 13.00, 14.06, 12.70, 13.91, 17.14, 17.48, 15.72, 13.00, 11.00, 8.10, 4.44, 4.47, 6.09, 6.84
 22.93, 20.19, 16.61, 14.26, 14.58, 11.79, 8.12, 9.17, 9.96, 6.70, 3.82, 0.00, 3.81, 5.90, 5.30, 5.85, 8.72, 10.14, 10.63, 11.83, 14.34, 15.46, 16.01, 16.98, 19.67, 19.24, 20.25, 23.93, 24.33, 23.39, 23.99, 21.25, 19.20, 19.95, 19.12, 15.69, 15.48, 17.18, 14.65, 11.94, 14.60, 15.25, 11.55, 10.75, 14.57, 14.07, 17.60, 17.74, 15.69, 16.95, 18.07, 14.77, 16.10, 19.75, 19.91, 19.10, 20.70, 24.31, 24.05, 20.30, 18.20, 16.97, 14.81, 11.58, 9.69, 11.63, 10.79, 7.00, 7.98, 10.63, 9.00, 6.57, 10.14, 11.74, 11.29, 12.16, 15.16, 16.10, 14.89, 12.62, 11.69, 8.10, 5.58, 7.51, 8.58, 8.53
 22.21, 19.90, 16.54, 14.82, 16.05, 13.76, 10.53, 11.60, 11.18, 7.44, 5.21, 3.81, 0.00, 3.81, 5.21, 4.69, 6.23, 8.83, 9.85, 9.89, 12.24, 14.18, 14.74, 14.88, 17.66, 16.74, 18.13, 21.86, 22.57, 22.13, 23.00, 20.03, 18.13, 19.57, 18.84, 15.18, 15.63, 17.87, 15.32, 13.01, 16.26, 17.10, 13.59, 13.50, 17.23, 16.74, 20.11, 19.65, 17.42, 17.91, 19.17, 15.87, 16.33, 20.11, 20.74, 19.64, 21.58, 24.95, 24.31, 20.57, 17.94, 16.67, 13.85, 10.62, 8.99, 11.94, 11.51, 8.13, 9.55, 12.73, 11.70, 9.87, 13.34, 15.05, 14.97, 15.86, 18.75, 19.75, 18.69, 16.31, 15.21, 11.78, 8.77, 9.63, 10.25, 9.08
 18.49, 16.23, 13.01, 11.56, 13.40, 11.73, 9.27, 10.26, 8.71, 5.05, 4.92, 5.90, 3.81, 0.00, 3.81, 5.46, 5.20, 6.83, 9.23, 9.64, 10.84, 12.99, 14.51, 14.55, 16.64, 15.26, 16.01, 19.56, 20.70, 20.54, 20.91, 17.64, 16.33, 17.74, 16.43, 12.96, 14.16, 16.07, 13.09, 11.62, 15.12, 15.42, 12.10, 13.08, 16.63, 16.87, 20.34, 19.82, 17.02, 17.28, 19.25, 16.43, 16.58, 20.17, 21.40, 20.85, 23.27, 26.62, 26.31, 22.71, 19.84, 17.92, 15.26, 11.65, 11.21, 14.34, 13.07, 9.90, 12.29, 14.91, 13.15, 11.87, 15.63, 16.58, 16.07, 17.64, 20.47, 20.81, 19.69, 16.75, 15.17, 12.34, 8.80, 8.95, 10.42, 10.00
 18.27, 15.90, 12.26, 10.77, 11.93, 9.48, 6.78, 9.07, 8.33, 4.83, 5.50, 5.30, 5.21, 3.81, 0.00, 3.81, 5.20, 5.15, 6.69, 8.48, 10.01, 11.06, 12.56, 13.57, 15.57, 14.99, 15.43, 18.98, 19.53, 18.71, 19.00, 16.09, 14.36, 15.18, 14.08, 10.62, 11.06, 12.87, 10.14, 8.06, 11.47, 12.13, 8.86, 9.59, 13.06, 13.16, 16.56, 16.05, 13.23, 13.70, 15.67, 12.94, 13.47, 16.97, 18.07, 17.88, 20.33, 23.79, 23.90, 20.39, 17.74, 15.51, 13.47, 9.70, 9.69, 12.27, 10.23, 7.18, 10.21, 12.10, 9.94, 9.45, 13.23, 13.56, 13.33, 15.42, 17.82, 17.89, 17.25, 14.17, 13.20, 10.50, 7.55, 9.16, 11.56, 12.03
 21.01, 19.05, 15.49, 14.42, 15.62, 12.94, 10.01, 12.48, 12.09, 8.45, 7.89, 5.85, 4.69, 5.46, 3.81, 0.00, 3.82, 5.51, 5.30, 5.99, 8.75, 9.92, 10.33, 11.15, 13.86, 13.66, 14.95, 18.70, 18.84, 17.95, 19.01, 16.40, 14.02, 15.38, 15.18, 11.44, 11.40, 14.07, 12.16, 9.53, 12.88, 14.49, 11.53, 11.44, 14.79, 13.92, 16.93, 15.83, 13.62, 13.58, 14.82, 11.64, 11.73, 15.49, 16.38, 15.50, 17.88, 21.18, 20.86, 17.28, 14.45, 12.56, 10.07, 6.45, 6.05, 9.11, 7.75, 5.08, 8.02, 10.46, 9.50, 9.30, 12.73, 13.63, 14.35, 15.98, 18.12, 18.80, 18.61, 16.00, 15.69, 12.53, 10.10, 12.07, 13.79, 13.42
 18.89, 17.44, 14.24, 13.96, 16.02, 14.07, 11.86, 14.10, 12.65, 9.16, 9.51, 8.72, 6.23, 5.20, 5.20, 3.82, 0.00, 3.82, 5.39, 4.54, 6.04, 8.45, 9.60, 9.35, 11.64, 10.62, 11.94, 15.70, 16.37, 16.17, 17.20, 14.21, 12.34, 14.41, 14.01, 10.24, 11.37, 14.23, 12.20, 10.58, 14.30, 15.66, 13.07, 13.95, 17.06, 16.64, 19.53, 18.06, 15.49, 14.71, 16.44, 13.74, 12.88, 16.43, 18.06, 17.33, 20.14, 23.14, 22.72, 19.34, 16.06, 13.84, 11.00, 7.52, 8.35, 11.87, 10.55, 8.66, 11.67, 14.05, 13.07, 13.04, 16.53, 17.25, 17.79, 19.62, 21.80, 22.24, 21.96, 19.08, 18.36, 15.47, 12.53, 13.68, 15.38, 14.76
 16.18, 14.78, 11.47, 11.64, 13.65, 11.82, 10.40, 13.15, 11.57, 8.76, 10.42, 10.14, 8.83, 6.83, 5.15, 5.51, 3.82, 0.00, 3.81, 5.25, 5.23, 6.40, 8.77, 9.49, 10.78, 10.16, 10.32, 13.89, 14.40, 13.82, 14.25, 11.25, 9.54, 11.07, 10.31, 6.57, 7.98, 10.59, 8.53, 7.46, 11.23, 12.49, 10.46, 12.00, 14.61, 14.66, 17.41, 15.88, 12.87, 11.90, 14.28, 12.23, 11.35, 14.53, 16.60, 16.66, 19.80, 22.82, 23.01, 19.87, 16.72, 13.83, 11.84, 8.25, 10.12, 13.02, 10.64, 9.19, 12.83, 14.30, 12.65, 13.40, 16.90, 16.75, 17.15, 19.63, 21.47, 21.29, 21.28, 18.06, 17.47, 15.17, 12.49, 13.90, 16.41, 16.62
 19.21, 17.88, 14.48, 14.50, 15.84, 13.32, 11.50, 14.80, 14.07, 11.16, 12.09, 10.63, 9.85, 9.23, 6.69, 5.30, 5.39, 3.81, 0.00, 3.82, 5.54, 4.99, 6.00, 7.89, 9.77, 10.48, 11.18, 14.73, 14.25, 12.88, 13.99, 11.81, 8.99, 10.29, 10.76, 7.08, 6.70, 10.04, 9.18, 6.97, 10.28, 12.62, 10.89, 11.43, 13.77, 12.91, 15.19, 13.17, 10.75, 9.47, 11.16, 8.82, 7.74, 11.18, 13.00, 12.86, 16.03, 19.01, 19.26, 16.18, 13.12, 10.10, 8.51, 5.03, 7.61, 9.95, 7.33, 7.02, 10.68, 11.66, 10.65, 12.20, 15.21, 14.97, 16.18, 18.59, 19.91, 19.98, 20.57, 17.70, 17.91, 15.44, 13.47, 15.70, 18.16, 18.32
 20.64, 19.71, 16.59, 16.88, 18.74, 16.51, 14.49, 17.39, 16.30, 13.01, 13.44, 11.83, 9.89, 9.64, 8.48, 5.99, 4.54, 5.25, 3.82, 0.00, 3.82, 5.28, 5.23, 5.19, 7.99, 8.21, 10.11, 13.84, 13.58, 12.96, 14.77, 12.49, 9.77, 12.21, 13.01, 9.37, 9.77, 13.34, 12.53, 10.73, 14.07, 16.35, 14.49, 15.01, 17.54, 16.48, 18.65, 16.40, 14.33, 12.66, 13.88, 11.44, 9.58, 12.93, 14.83, 13.92, 17.04, 19.65, 19.22, 16.17, 12.63, 10.07, 7.37, 4.45, 7.09, 10.21, 8.87, 8.75, 11.81, 13.54, 13.33, 14.38, 17.34, 17.75, 19.13, 21.09, 22.60, 23.10, 23.56, 20.85, 20.88, 18.06, 15.73, 17.54, 19.44, 18.86
 17.91, 17.56, 14.91, 16.02, 18.39, 16.81, 15.58, 18.38, 16.62, 13.80, 15.11, 14.34, 12.24, 10.84, 10.01, 8.75, 6.04, 5.23, 5.54, 3.82, 0.00, 3.81, 5.86, 4.95, 5.85, 5.13, 6.39, 10.17, 10.41, 10.45, 11.92, 9.25, 7.24, 10.30, 10.80, 7.51, 9.19, 12.55, 11.75, 11.14, 14.52, 16.40, 15.08, 16.45, 18.62, 18.17, 20.24, 17.86, 15.36, 13.17, 15.09, 13.46, 11.11, 13.83, 16.48, 16.20, 19.66, 22.02, 21.86, 19.14, 15.57, 12.59, 10.41, 7.96, 10.90, 13.89, 12.12, 12.02, 15.36, 16.84, 16.14, 17.33, 20.48, 20.48, 21.54, 23.87, 25.39, 25.45, 25.86, 22.82, 22.55, 20.11, 17.52, 18.90, 21.07, 20.71
 18.42, 18.08, 15.31, 16.50, 18.33, 16.46, 15.51, 18.80, 17.50, 15.01, 16.53, 15.46, 14.18, 12.99, 11.06, 9.92, 8.45, 6.40, 4.99, 5.28, 3.81, 0.00, 3.82, 5.39, 5.42, 6.88, 7.08, 10.31, 9.34, 8.04, 9.61, 7.79, 4.58, 7.15, 8.61, 5.67, 6.22, 9.84, 10.10, 9.43, 12.19, 14.61, 13.99, 15.16, 16.70, 16.05, 17.59, 14.85, 12.54, 9.83, 11.76, 10.76, 8.06, 10.32, 13.29, 13.59, 17.26, 19.53, 19.91, 17.50, 14.20, 10.71, 9.67, 7.62, 11.21, 13.33, 10.93, 11.71, 15.19, 15.79, 15.07, 17.05, 19.85, 19.27, 20.64, 23.27, 24.26, 24.05, 24.96, 21.98, 22.23, 20.10, 18.08, 20.02, 22.60, 22.70
 22.23, 21.79, 18.86, 19.68, 21.22, 18.89, 17.36, 20.77, 19.94, 17.07, 17.86, 16.01, 14.74, 14.51, 12.56, 10.33, 9.60, 8.77, 6.00, 5.23, 5.86, 3.82, 0.00, 3.82, 5.53, 8.14, 9.63, 12.67, 11.01, 9.38, 11.95, 10.97, 7.41, 9.67, 11.94, 9.19, 8.50, 12.28, 13.01, 11.46, 13.87, 16.85, 16.06, 16.39, 17.97, 16.50, 17.67, 14.60, 13.17, 10.42, 11.07, 9.67, 6.42, 8.84, 11.36, 10.83, 14.42, 16.42, 16.43, 14.12, 10.68, 7.33, 6.35, 5.62, 9.41, 11.04, 9.32, 11.07, 13.96, 14.51, 14.72, 16.87, 19.20, 18.95, 20.94, 23.18, 23.91, 24.18, 25.39, 22.82, 23.52, 21.06, 19.35, 21.66, 23.92, 23.69
 22.46, 22.35, 19.71, 20.76, 22.84, 20.85, 19.26, 22.32, 21.02, 17.94, 18.60, 16.98, 14.88, 14.55, 13.57, 11.15, 9.35, 9.49, 7.89, 5.19, 4.95, 5.39, 3.82, 0.00, 3.82, 5.47, 8.25, 11.38, 10.36, 10.07, 12.91, 11.49, 8.69, 11.90, 13.77, 10.95, 11.40, 15.13, 15.33, 14.16, 17.02, 19.64, 18.54, 19.18, 21.12, 19.87, 21.31, 18.36, 16.75, 14.08, 14.90, 13.33, 10.20, 12.50, 14.97, 13.99, 17.36, 19.08, 18.49, 16.19, 12.47, 9.85, 7.73, 7.24, 10.48, 12.88, 11.95, 13.10, 15.81, 17.09, 17.43, 19.00, 21.57, 21.79, 23.59, 25.61, 26.72, 27.19, 28.07, 25.43, 25.73, 23.04, 20.85, 22.67, 24.58, 23.86
 20.94, 21.41, 19.23, 20.94, 23.21, 21.65, 20.70, 23.80, 22.17, 19.52, 20.81, 19.67, 17.66, 16.64, 15.57, 13.86, 11.64, 10.78, 9.77, 7.99, 5.85, 5.42, 5.53, 3.82, 0.00, 3.82, 5.54, 7.99, 6.58, 6.76, 9.73, 8.69, 6.46, 10.05, 12.10, 10.15, 11.15, 14.52, 15.12, 14.84, 17.43, 19.85, 19.37, 20.55, 22.04, 21.19, 22.38, 19.27, 17.44, 14.28, 15.58, 14.88, 11.44, 12.86, 16.01, 15.76, 19.39, 20.83, 20.68, 18.81, 15.27, 12.28, 11.01, 10.46, 13.98, 16.19, 14.73, 15.95, 18.99, 19.89, 19.83, 21.69, 24.36, 24.11, 25.75, 28.14, 29.11, 29.16, 30.15, 27.28, 27.50, 25.17, 22.94, 24.61, 26.84, 26.40
 19.10, 19.74, 17.86, 19.73, 22.48, 21.36, 20.49, 23.17, 21.04, 18.43, 19.84, 19.24, 16.74, 15.26, 14.99, 13.66, 10.62, 10.16, 10.48, 8.21, 5.13, 6.88, 8.14, 5.47, 3.82, 0.00, 3.79, 6.79, 7.38, 9.02, 11.06, 8.91, 7.96, 11.76, 12.73, 10.57, 12.65, 15.78, 15.55, 15.65, 18.71, 20.57, 19.74, 21.34, 23.20, 22.78, 24.46, 21.69, 19.40, 16.59, 18.37, 17.32, 14.27, 16.15, 19.23, 18.91, 22.47, 24.17, 23.81, 21.62, 17.93, 15.12, 13.12, 11.87, 14.94, 17.80, 16.44, 16.85, 19.98, 21.44, 21.06, 22.36, 25.40, 25.41, 26.62, 28.95, 30.36, 30.41, 30.95, 27.89, 27.58, 25.22, 22.52, 23.63, 25.65, 25.01
 16.09, 17.13, 15.65, 18.06, 20.86, 20.18, 20.00, 22.67, 20.31, 18.29, 20.37, 20.25, 18.13, 16.01, 15.43, 14.95, 11.94, 10.32, 11.18, 10.11, 6.39, 7.08, 9.63, 8.25, 5.54, 3.79, 0.00, 3.80, 5.26, 7.29, 8.16, 5.56, 6.04, 9.57, 10.00, 8.72, 11.43, 13.92, 13.77, 14.75, 17.54, 19.00, 18.70, 20.84, 22.28, 22.38, 23.99, 21.33, 18.70, 15.82, 18.19, 17.73, 14.83, 16.28, 19.71, 20.10, 23.84, 25.64, 25.79, 23.70, 20.17, 16.94, 15.48, 13.82, 17.10, 19.80, 17.80, 18.10, 21.57, 22.65, 21.71, 23.23, 26.38, 25.90, 26.80, 29.51, 30.84, 30.42, 30.96, 27.67, 27.25, 25.33, 22.69, 23.68, 26.10, 25.96
 16.36, 18.16, 17.37, 20.27, 23.12, 22.82, 23.08, 25.70, 23.19, 21.52, 23.86, 23.93, 21.86, 19.56, 18.98, 18.70, 15.70, 13.89, 14.73, 13.84, 10.17, 10.31, 12.67, 11.38, 7.99, 6.79, 3.80, 0.00, 3.81, 7.20, 7.38, 5.86, 7.82, 10.72, 11.17, 11.12, 13.81, 15.73, 16.00, 17.54, 19.93, 21.20, 21.42, 23.78, 24.84, 25.14, 26.46, 23.70, 21.12, 18.01, 20.44, 20.54, 17.50, 18.29, 21.94, 22.65, 26.44, 27.92, 28.24, 26.50, 23.07, 19.79, 18.70, 17.35, 20.76, 23.29, 21.21, 21.71, 25.21, 26.08, 25.08, 26.78, 29.88, 29.18, 30.05, 32.92, 34.10, 33.47, 34.12, 30.76, 30.33, 28.66, 26.06, 26.95, 29.48, 29.45
 18.78, 20.28, 19.07, 21.73, 24.15, 23.39, 23.49, 26.49, 24.44, 22.61, 24.77, 24.33, 22.57, 20.70, 19.53, 18.84, 16.37, 14.40, 14.25, 13.58, 10.41, 9.34, 11.01, 10.36, 6.58, 7.38, 5.26, 3.81, 0.00, 3.82, 5.38, 5.70, 6.34, 9.06, 10.77, 10.92, 12.67, 14.77, 15.88, 17.05, 19.02, 20.84, 21.36, 23.31, 24.05, 23.94, 24.78, 21.70, 19.56, 16.11, 18.11, 18.61, 15.30, 15.51, 19.22, 20.06, 23.83, 25.00, 25.51, 24.12, 20.91, 17.58, 17.10, 16.31, 19.98, 22.02, 19.90, 21.04, 24.43, 24.88, 24.18, 26.33, 29.10, 28.21, 29.49, 32.37, 33.17, 32.57, 33.63, 30.45, 30.50, 28.82, 26.59, 27.98, 30.64, 30.70
 19.59, 20.61, 18.97, 21.31, 23.20, 22.04, 22.11, 25.42, 23.84, 22.04, 24.14, 23.39, 22.13, 20.54, 18.71, 17.95, 16.17, 13.82, 12.88, 12.96, 10.45, 8.04, 9.38, 10.07, 6.76, 9.02, 7.29, 7.20, 3.82, 0.00, 3.82, 5.60, 4.55, 6.36, 9.16, 9.53, 10.21, 12.28, 14.13, 15.00, 16.45, 18.66, 19.50, 21.12, 21.48, 21.14, 21.59, 18.37, 16.53, 12.89, 14.69, 15.64, 12.35, 12.03, 15.82, 17.04, 20.82, 21.97, 22.88, 21.65, 18.74, 15.22, 15.46, 14.84, 18.64, 20.13, 17.74, 19.31, 22.64, 22.57, 21.92, 24.46, 26.94, 25.74, 27.24, 30.21, 30.65, 29.96, 31.35, 28.31, 28.76, 27.21, 25.41, 27.24, 30.11, 30.43
 16.83, 18.10, 16.89, 19.59, 21.43, 20.76, 21.48, 24.62, 22.86, 21.65, 24.24, 23.99, 23.00, 20.91, 19.00, 19.01, 17.20, 14.25, 13.99, 14.77, 11.92, 9.61, 11.95, 12.91, 9.73, 11.06, 8.16, 7.38, 5.38, 3.82, 0.00, 3.81, 5.07, 5.21, 6.93, 8.71, 9.94, 10.89, 12.71, 14.50, 15.62, 17.19, 18.53, 20.66, 20.67, 20.99, 21.50, 18.64, 16.36, 13.01, 15.53, 16.83, 14.10, 13.70, 17.50, 19.29, 23.06, 24.48, 25.74, 24.39, 21.60, 17.90, 18.18, 16.95, 20.66, 22.22, 19.39, 20.54, 24.10, 23.88, 22.64, 25.15, 27.78, 26.23, 27.29, 30.53, 31.01, 29.88, 31.14, 27.89, 28.13, 27.02, 25.23, 26.85, 29.97, 30.69
 14.01, 15.11, 13.78, 16.51, 18.77, 18.28, 18.92, 21.82, 19.74, 18.48, 21.16, 21.25, 20.03, 17.64, 16.09, 16.40, 14.21, 11.25, 11.81, 12.49, 9.25, 7.79, 10.97, 11.49, 8.69, 8.91, 5.56, 5.86, 5.70, 5.60, 3.81, 0.00, 3.82, 5.32, 5.39, 6.25, 8.77, 10.05, 10.74, 12.68, 14.55, 15.75, 16.51, 18.96, 19.53, 20.10, 21.28, 18.75, 15.95, 13.00, 15.93, 16.48, 13.98, 14.59, 18.24, 19.67, 23.47, 25.35, 26.31, 24.44, 21.37, 17.69, 17.26, 15.39, 18.89, 20.96, 18.16, 18.66, 22.36, 22.61, 21.12, 23.19, 26.16, 24.88, 25.62, 28.79, 29.70, 28.66, 29.50, 26.09, 25.91, 24.66, 22.51, 23.80, 26.81, 27.44
 16.69, 17.07, 14.96, 17.00, 18.87, 17.62, 17.62, 20.88, 19.30, 17.54, 19.75, 19.20, 18.13, 16.33, 14.36, 14.02, 12.34, 9.54, 8.99, 9.77, 7.24, 4.58, 7.41, 8.69, 6.46, 7.96, 6.04, 7.82, 6.34, 4.55, 5.07, 3.82, 0.00, 3.81, 5.81, 5.08, 6.34, 8.80, 9.95, 10.78, 12.74, 14.76, 15.22, 17.02, 17.74, 17.66, 18.72, 15.88, 13.42, 10.20, 12.71, 13.04, 10.28, 11.09, 14.69, 15.91, 19.72, 21.62, 22.53, 20.63, 17.60, 13.90, 13.66, 12.03, 15.68, 17.47, 14.72, 15.67, 19.25, 19.35, 18.24, 20.55, 23.29, 22.12, 23.29, 26.30, 27.03, 26.29, 27.37, 24.19, 24.41, 22.86, 20.95, 22.73, 25.66, 26.15
 16.50, 16.65, 14.53, 16.47, 17.72, 16.46, 16.98, 20.37, 19.16, 17.93, 20.41, 19.95, 19.57, 17.74, 15.18, 15.38, 14.41, 11.07, 10.29, 12.21, 10.30, 7.15, 9.67, 11.90, 10.05, 11.76, 9.57, 10.72, 9.06, 6.36, 5.21, 5.32, 3.81, 0.00, 3.81, 5.02, 4.92, 5.98, 8.26, 9.58, 10.48, 12.44, 13.76, 15.60, 15.55, 15.77, 16.42, 13.74, 11.20, 8.03, 11.00, 12.21, 10.13, 10.16, 13.71, 15.77, 19.46, 21.44, 22.96, 21.23, 18.68, 14.86, 15.38, 13.67, 17.16, 18.39, 15.16, 16.21, 19.78, 19.23, 17.73, 20.40, 22.90, 21.14, 22.19, 25.49, 25.86, 24.67, 26.00, 22.83, 23.30, 22.26, 20.83, 22.84, 26.10, 27.11
 12.89, 12.91, 10.96, 13.20, 14.63, 13.98, 15.13, 18.15, 16.57, 15.91, 18.88, 19.12, 18.84, 16.43, 14.08, 15.18, 14.01, 10.31, 10.76, 13.01, 10.80, 8.61, 11.94, 13.77, 12.10, 12.73, 10.00, 11.17, 10.77, 9.16, 6.93, 5.39, 5.81, 3.81, 0.00, 3.81, 5.54, 5.10, 6.00, 8.65, 9.80, 10.60, 11.98, 14.61, 14.67, 15.76, 16.98, 15.02, 11.81, 9.59, 13.16, 13.98, 12.60, 13.24, 16.47, 18.52, 22.10, 24.45, 25.93, 23.87, 21.24, 17.47, 17.50, 15.09, 18.23, 19.84, 16.45, 16.65, 20.39, 20.08, 17.95, 20.20, 23.02, 21.20, 21.59, 25.04, 25.76, 24.28, 25.15, 21.70, 21.64, 20.93, 19.27, 20.84, 24.24, 25.53
 13.84, 13.27, 10.56, 12.15, 13.83, 12.58, 12.86, 16.02, 14.47, 13.10, 15.72, 15.69, 15.18, 12.96, 10.62, 11.44, 10.24, 6.57, 7.08, 9.37, 7.51, 5.67, 9.19, 10.95, 10.15, 10.57, 8.72, 11.12, 10.92, 9.53, 8.71, 6.25, 5.08, 5.02, 3.81, 0.00, 3.81, 5.61, 5.19, 6.52, 8.99, 10.32, 10.47, 12.79, 13.76, 14.38, 16.16, 14.16, 10.87, 8.83, 12.17, 11.97, 10.56, 12.23, 15.22, 16.62, 20.19, 22.80, 23.87, 21.43, 18.57, 14.93, 14.41, 11.66, 14.66, 16.58, 13.36, 13.28, 17.07, 17.21, 15.25, 17.22, 20.24, 18.90, 19.42, 22.62, 23.65, 22.62, 23.30, 19.89, 19.75, 18.48, 16.54, 18.19, 21.38, 22.34
 17.05, 16.11, 13.10, 13.95, 14.72, 12.68, 12.59, 16.19, 15.52, 14.04, 16.19, 15.48, 15.63, 14.16, 11.06, 11.40, 11.37, 7.98, 6.70, 9.77, 9.19, 6.22, 8.50, 11.40, 11.15, 12.65, 11.43, 13.81, 12.67, 10.21, 9.94, 8.77, 6.34, 4.92, 5.54, 3.81, 0.00, 3.82, 5.24, 4.94, 6.48, 9.03, 9.54, 10.94, 11.43, 11.41, 12.73, 10.43, 7.38, 5.03, 8.40, 8.53, 7.53, 8.98, 11.71, 13.48, 16.93, 19.61, 21.03, 18.72, 16.29, 12.61, 12.91, 10.52, 13.50, 14.60, 11.07, 11.70, 15.28, 14.70, 12.91, 15.52, 18.06, 16.36, 17.36, 20.61, 21.13, 20.10, 21.29, 18.16, 18.74, 17.50, 16.25, 18.61, 21.86, 22.98
 15.92, 14.81, 12.08, 12.97, 13.13, 11.49, 12.44, 15.83, 15.31, 14.76, 17.38, 17.18, 17.87, 16.07, 12.87, 14.07, 14.23, 10.59, 10.04, 13.34, 12.55, 9.84, 12.28, 15.13, 14.52, 15.78, 13.92, 15.73, 14.77, 12.28, 10.89, 10.05, 8.80, 5.98, 5.10, 5.61, 3.82, 0.00, 3.81, 5.31, 4.95, 6.55, 8.48, 10.43, 9.88, 10.89, 11.97, 10.39, 6.98, 5.73, 9.53, 10.52, 10.43, 11.08, 13.50, 15.93, 19.12, 21.82, 23.69, 21.54, 19.49, 15.88, 16.50, 14.06, 16.70, 17.53, 13.81, 14.11, 17.57, 16.55, 14.15, 16.79, 19.17, 16.87, 17.33, 20.92, 21.24, 19.55, 20.75, 17.49, 18.03, 17.58, 16.71, 18.96, 22.52, 24.20
 13.64, 11.92, 8.74, 9.26, 9.71, 8.24, 9.39, 12.53, 11.62, 11.28, 14.24, 14.65, 15.32, 13.09, 10.14, 12.16, 12.20, 8.53, 9.18, 12.53, 11.75, 10.10, 13.01, 15.33, 15.12, 15.55, 13.77, 16.00, 15.88, 14.13, 12.71, 10.74, 9.95, 8.26, 6.00, 5.19, 5.24, 3.81, 0.00, 3.82, 5.25, 5.27, 5.99, 8.93, 9.41, 11.08, 13.24, 12.37, 8.59, 8.37, 12.02, 11.93, 12.14, 13.75, 15.92, 17.80, 20.90, 23.93, 25.42, 22.83, 20.53, 17.09, 16.94, 13.85, 16.03, 17.41, 13.81, 13.08, 16.65, 16.25, 13.40, 15.28, 18.16, 16.21, 16.02, 19.56, 20.51, 18.88, 19.40, 15.83, 15.65, 15.14, 13.79, 15.60, 19.20, 20.98
 16.96, 14.95, 11.39, 10.92, 10.92, 8.19, 7.80, 11.49, 11.43, 10.23, 12.36, 11.94, 13.01, 11.62, 8.06, 9.53, 10.58, 7.46, 6.97, 10.73, 11.14, 9.43, 11.46, 14.16, 14.84, 15.65, 14.75, 17.54, 17.05, 15.00, 14.50, 12.68, 10.78, 9.58, 8.65, 6.52, 4.94, 5.31, 3.82, 0.00, 3.80, 5.67, 4.80, 6.31, 7.64, 8.26, 10.82, 9.93, 6.30, 6.77, 9.79, 8.81, 9.69, 11.93, 13.47, 14.94, 17.79, 21.06, 22.40, 19.60, 17.48, 14.29, 14.17, 11.06, 12.82, 13.87, 10.24, 9.49, 12.96, 12.44, 9.66, 11.77, 14.55, 12.76, 13.02, 16.40, 17.32, 16.12, 16.82, 13.49, 13.82, 12.71, 11.66, 14.19, 17.60, 19.17
 18.64, 16.59, 13.31, 12.74, 11.76, 9.03, 9.37, 12.90, 13.54, 13.07, 15.10, 14.60, 16.26, 15.12, 11.47, 12.88, 14.30, 11.23, 10.28, 14.07, 14.52, 12.19, 13.87, 17.02, 17.43, 18.71, 17.54, 19.93, 19.02, 16.45, 15.62, 14.55, 12.74, 10.48, 9.80, 8.99, 6.48, 4.95, 5.25, 3.80, 0.00, 3.83, 5.17, 5.86, 5.07, 6.16, 8.00, 7.64, 3.92, 5.78, 8.68, 8.82, 10.49, 11.76, 12.85, 15.06, 17.59, 20.78, 22.70, 20.25, 18.72, 15.60, 16.31, 13.69, 15.37, 15.60, 11.84, 11.67, 14.63, 13.14, 10.23, 12.90, 14.93, 12.28, 12.56, 16.22, 16.41, 14.60, 15.87, 12.75, 13.76, 13.47, 13.41, 16.20, 19.74, 21.74
 16.69, 14.24, 11.18, 10.26, 8.61, 6.51, 8.28, 11.13, 11.66, 12.27, 14.84, 15.25, 17.10, 15.42, 12.13, 14.49, 15.66, 12.49, 12.62, 16.35, 16.40, 14.61, 16.85, 19.64, 19.85, 20.57, 19.00, 21.20, 20.84, 18.66, 17.19, 15.75, 14.76, 12.44, 10.60, 10.32, 9.03, 6.55, 5.27, 5.67, 3.83, 0.00, 3.82, 6.16, 5.11, 8.12, 10.30, 10.95, 7.51, 9.43, 12.45, 12.56, 14.19, 15.49, 16.65, 18.86, 21.29, 24.54, 26.44, 23.88, 22.29, 19.21, 19.56, 16.60, 18.02, 18.59, 14.94, 14.01, 16.91, 15.74, 12.33, 14.22, 16.45, 13.77, 12.96, 16.75, 17.29, 14.96, 15.57, 12.10, 12.35, 12.90, 12.79, 14.99, 18.75, 21.24
 17.09, 14.24, 10.68, 8.84, 7.38, 4.04, 4.55, 7.81, 8.62, 8.78, 11.08, 11.55, 13.59, 12.10, 8.86, 11.53, 13.07, 10.46, 10.89, 14.49, 15.08, 13.99, 16.06, 18.54, 19.37, 19.74, 18.70, 21.42, 21.36, 19.50, 18.53, 16.51, 15.22, 13.76, 11.98, 10.47, 9.54, 8.48, 5.99, 4.80, 5.17, 3.82, 0.00, 3.83, 5.46, 7.81, 11.07, 11.81, 8.44, 10.52, 13.19, 12.15, 13.95, 16.11, 17.01, 18.51, 20.82, 24.33, 25.77, 22.81, 21.06, 18.26, 18.02, 14.73, 15.55, 16.43, 13.06, 11.31, 14.13, 13.56, 9.94, 11.11, 13.81, 11.73, 10.62, 14.20, 15.44, 13.66, 13.65, 9.96, 9.70, 9.56, 9.04, 11.38, 15.08, 17.46
 20.88, 18.02, 14.41, 12.30, 10.53, 6.81, 5.46, 8.68, 10.72, 10.25, 11.31, 10.75, 13.50, 13.08, 9.59, 11.44, 13.95, 12.00, 11.43, 15.01, 16.45, 15.16, 16.39, 19.18, 20.55, 21.34, 20.84, 23.78, 23.31, 21.12, 20.66, 18.96, 17.02, 15.60, 14.61, 12.79, 10.94, 10.43, 8.93, 6.31, 5.86, 6.16, 3.83, 0.00, 3.82, 4.84, 8.56, 9.92, 7.43, 10.40, 12.05, 10.55, 13.22, 15.44, 15.49, 16.73, 18.48, 22.13, 23.58, 20.60, 19.34, 17.00, 17.07, 14.12, 14.31, 14.42, 11.25, 9.63, 11.72, 10.55, 6.80, 8.27, 10.37, 7.96, 7.14, 10.82, 11.74, 10.16, 10.57, 7.24, 8.24, 7.72, 8.45, 11.70, 15.02, 17.30
 21.63, 18.95, 15.66, 13.96, 11.70, 8.56, 8.67, 11.51, 13.47, 13.62, 15.04, 14.57, 17.23, 16.63, 13.06, 14.79, 17.06, 14.61, 13.77, 17.54, 18.62, 16.70, 17.97, 21.12, 22.04, 23.20, 22.28, 24.84, 24.05, 21.48, 20.67, 19.53, 17.74, 15.55, 14.67, 13.76, 11.43, 9.88, 9.41, 7.64, 5.07, 5.11, 5.46, 3.82, 0.00, 3.82, 6.39, 8.47, 6.31, 9.80, 11.41, 11.08, 13.91, 15.24, 15.19, 17.18, 18.82, 22.25, 24.26, 21.71, 20.82, 18.32, 19.08, 16.51, 17.15, 16.79, 13.41, 12.65, 14.62, 12.66, 9.27, 11.42, 12.69, 9.44, 8.86, 12.65, 12.55, 10.09, 11.34, 8.44, 10.12, 10.72, 11.99, 15.03, 18.44, 20.96
 24.23, 21.74, 18.24, 16.66, 14.84, 11.34, 10.28, 13.43, 15.54, 14.81, 15.50, 14.07, 16.74, 16.87, 13.16, 13.92, 16.64, 14.66, 12.91, 16.48, 18.17, 16.05, 16.50, 19.87, 21.19, 22.78, 22.38, 25.14, 23.94, 21.14, 20.99, 20.10, 17.66, 15.77, 15.76, 14.38, 11.41, 10.89, 11.08, 8.26, 6.16, 8.12, 7.81, 4.84, 3.82, 0.00, 3.81, 5.80, 4.97, 8.67, 9.07, 8.28, 11.66, 13.05, 12.27, 13.96, 15.24, 18.73, 20.72, 18.20, 17.66, 15.51, 16.62, 14.55, 14.95, 13.91, 10.72, 10.64, 12.13, 9.53, 6.74, 9.72, 10.34, 6.95, 7.93, 11.34, 10.68, 9.02, 11.13, 9.02, 11.56, 11.20, 12.70, 16.23, 19.27, 21.30
 26.56, 24.35, 21.04, 19.82, 17.95, 14.69, 14.01, 17.14, 19.20, 18.51, 19.23, 17.60, 20.11, 20.34, 16.56, 16.93, 19.53, 17.41, 15.19, 18.65, 20.24, 17.59, 17.67, 21.31, 22.38, 24.46, 23.99, 26.46, 24.78, 21.59, 21.50, 21.28, 18.72, 16.42, 16.98, 16.16, 12.73, 11.97, 13.24, 10.82, 8.00, 10.30, 11.07, 8.56, 6.39, 3.81, 0.00, 3.82, 5.36, 8.70, 8.05, 8.55, 11.94, 12.24, 10.91, 13.20, 14.10, 17.21, 19.75, 17.84, 17.87, 15.83, 17.74, 16.34, 17.04, 15.42, 12.37, 13.29, 14.47, 11.27, 9.48, 12.82, 12.65, 9.13, 10.75, 13.74, 12.09, 10.34, 13.29, 11.92, 14.86, 14.78, 16.48, 20.03, 23.03, 25.02
 25.91, 24.14, 20.84, 20.19, 18.99, 15.79, 14.97, 18.52, 19.99, 18.80, 19.64, 17.74, 19.65, 19.82, 16.05, 15.83, 18.06, 15.88, 13.17, 16.40, 17.86, 14.85, 14.60, 18.36, 19.27, 21.69, 21.33, 23.70, 21.70, 18.37, 18.64, 18.75, 15.88, 13.74, 15.02, 14.16, 10.43, 10.39, 12.37, 9.93, 7.64, 10.95, 11.81, 9.92, 8.47, 5.80, 3.82, 0.00, 3.81, 5.75, 4.27, 5.62, 8.56, 8.44, 7.34, 10.04, 11.57, 14.51, 17.11, 15.37, 15.13, 12.74, 15.01, 14.01, 15.34, 13.77, 10.58, 12.38, 13.99, 10.97, 9.88, 13.63, 13.90, 10.97, 13.18, 16.07, 14.74, 13.61, 16.39, 14.74, 17.33, 16.64, 17.66, 21.19, 24.20, 25.77
 22.16, 20.34, 17.04, 16.49, 15.50, 12.46, 12.00, 15.65, 16.71, 15.69, 17.05, 15.69, 17.42, 17.02, 13.23, 13.62, 15.49, 12.87, 10.75, 14.33, 15.36, 12.54, 13.17, 16.75, 17.44, 19.40, 18.70, 21.12, 19.56, 16.53, 16.36, 15.95, 13.42, 11.20, 11.81, 10.87, 7.38, 6.98, 8.59, 6.30, 3.92, 7.51, 8.44, 7.43, 6.31, 4.97, 5.36, 3.81, 0.00, 3.81, 5.23, 5.89, 8.23, 8.99, 9.33, 11.79, 14.07, 17.17, 19.36, 17.19, 16.14, 13.22, 14.70, 12.85, 14.49, 13.86, 10.20, 11.15, 13.60, 11.35, 9.28, 12.72, 13.98, 11.17, 12.57, 15.92, 15.40, 13.97, 16.04, 13.60, 15.49, 14.85, 15.29, 18.55, 21.81, 23.52
 21.39, 20.17, 17.07, 17.29, 17.07, 14.40, 14.03, 17.81, 18.16, 16.79, 18.35, 16.95, 17.91, 17.28, 13.70, 13.58, 14.71, 11.90, 9.47, 12.66, 13.17, 9.83, 10.42, 14.08, 14.28, 16.59, 15.82, 18.01, 16.11, 12.89, 13.01, 13.00, 10.20, 8.03, 9.59, 8.83, 5.03, 5.73, 8.37, 6.77, 5.78, 9.43, 10.52, 10.40, 9.80, 8.67, 8.70, 5.75, 3.81, 0.00, 3.81, 5.48, 5.88, 6.10, 7.85, 10.51, 13.54, 16.20, 18.30, 16.38, 14.86, 11.45, 13.08, 11.57, 14.09, 13.83, 10.22, 11.85, 14.72, 12.93, 11.52, 14.94, 16.52, 14.22, 15.89, 19.09, 18.74, 17.63, 19.63, 17.07, 18.64, 17.64, 17.44, 20.47, 23.69, 25.02
 25.15, 23.88, 20.67, 20.63, 20.21, 17.20, 16.27, 20.05, 20.85, 19.16, 20.10, 18.07, 19.17, 19.25, 15.67, 14.82, 16.44, 14.28, 11.16, 13.88, 15.09, 11.76, 11.07, 14.90, 15.58, 18.37, 18.19, 20.44, 18.11, 14.69, 15.53, 15.93, 12.71, 11.00, 13.16, 12.17, 8.40, 9.53, 12.02, 9.79, 8.68, 12.45, 13.19, 12.05, 11.41, 9.07, 8.05, 4.27, 5.23, 3.81, 0.00, 3.81, 4.94, 4.20, 4.31, 7.37, 10.04, 12.62, 15.01, 13.42, 12.56, 9.62, 12.15, 11.62, 13.77, 12.55, 9.41, 11.99, 14.08, 11.70, 11.29, 15.02, 15.83, 13.63, 16.08, 18.84, 17.95, 17.29, 19.80, 17.86, 20.02, 18.78, 19.03, 22.40, 25.34, 26.45
 25.11, 23.55, 20.06, 19.59, 19.32, 16.00, 14.30, 18.02, 18.94, 16.78, 17.19, 14.77, 15.87, 16.43, 12.94, 11.64, 13.74, 12.23, 8.82, 11.44, 13.46, 10.76, 9.67, 13.33, 14.88, 17.32, 17.73, 20.54, 18.61, 15.64, 16.83, 16.48, 13.04, 12.21, 13.98, 11.97, 8.53, 10.52, 11.93, 8.81, 8.82, 12.56, 12.15, 10.55, 11.08, 8.28, 8.55, 5.62, 5.89, 5.48, 3.81, 0.00, 3.81, 5.89, 5.37, 6.39, 9.02, 12.30, 13.91, 11.48, 10.25, 7.52, 9.41, 8.55, 10.17, 8.90, 5.64, 8.34, 10.32, 8.23, 8.19, 11.78, 12.76, 11.22, 13.88, 16.31, 15.88, 15.84, 17.98, 16.10, 18.12, 16.29, 16.38, 19.82, 22.45, 23.26
 24.34, 23.30, 20.03, 20.20, 20.59, 17.63, 16.13, 19.89, 20.13, 17.72, 18.39, 16.10, 16.33, 16.58, 13.47, 11.73, 12.88, 11.35, 7.74, 9.58, 11.11, 8.06, 6.42, 10.20, 11.44, 14.27, 14.83, 17.50, 15.30, 12.35, 14.10, 13.98, 10.28, 10.13, 12.60, 10.56, 7.53, 10.43, 12.14, 9.69, 10.49, 14.19, 13.95, 13.22, 13.91, 11.66, 11.94, 8.56, 8.23, 5.88, 4.94, 3.81, 0.00, 3.82, 5.42, 6.06, 9.70, 12.27, 13.50, 11.34, 9.24, 5.63, 7.56, 7.23, 10.03, 9.56, 6.78, 9.73, 12.15, 10.97, 11.22, 14.43, 15.87, 14.74, 17.26, 19.67, 19.53, 19.55, 21.50, 19.35, 20.97, 18.96, 18.39, 21.49, 24.10, 24.55
 25.81, 25.07, 22.05, 22.54, 22.75, 19.96, 18.94, 22.76, 23.05, 20.97, 21.91, 19.75, 20.11, 20.17, 16.97, 15.49, 16.43, 14.53, 11.18, 12.93, 13.83, 10.32, 8.84, 12.50, 12.86, 16.15, 16.28, 18.29, 15.51, 12.03, 13.70, 14.59, 11.09, 10.16, 13.24, 12.23, 8.98, 11.08, 13.75, 11.93, 11.76, 15.49, 16.11, 15.44, 15.24, 13.05, 12.24, 8.44, 8.99, 6.10, 4.20, 5.89, 3.82, 0.00, 3.82, 6.20, 9.67, 11.39, 13.42, 12.28, 10.91, 7.65, 10.50, 10.88, 13.69, 12.79, 10.25, 13.36, 15.54, 13.79, 14.07, 17.57, 18.60, 16.99, 19.61, 22.16, 21.48, 21.19, 23.57, 21.56, 23.47, 21.86, 21.60, 24.76, 27.54, 28.20
 28.74, 27.64, 24.40, 24.38, 24.14, 20.98, 19.58, 23.32, 24.19, 22.06, 22.49, 19.91, 20.74, 21.40, 18.07, 16.38, 18.06, 16.60, 13.00, 14.83, 16.48, 13.29, 11.36, 14.97, 16.01, 19.23, 19.71, 21.94, 19.22, 15.82, 17.50, 18.24, 14.69, 13.71, 16.47, 15.22, 11.71, 13.50, 15.92, 13.47, 12.85, 16.65, 17.01, 15.49, 15.19, 12.27, 10.91, 7.34, 9.33, 7.85, 4.31, 5.37, 5.42, 3.82, 0.00, 3.79, 6.38, 8.43, 10.95, 9.96, 9.71, 7.47, 10.91, 11.77, 13.69, 11.76, 9.70, 13.15, 14.47, 12.08, 12.99, 16.61, 16.87, 15.28, 18.35, 20.51, 19.36, 19.39, 22.11, 20.67, 23.07, 21.43, 21.72, 25.19, 27.77, 28.44
 30.38, 29.21, 25.82, 25.62, 25.61, 22.30, 20.32, 23.93, 24.82, 22.23, 22.09, 19.10, 19.64, 20.85, 17.88, 15.50, 17.33, 16.66, 12.86, 13.92, 16.20, 13.59, 10.83, 13.99, 15.76, 18.91, 20.10, 22.65, 20.06, 17.04, 19.29, 19.67, 15.91, 15.77, 18.52, 16.62, 13.48, 15.93, 17.80, 14.94, 15.06, 18.86, 18.51, 16.73, 17.18, 13.96, 13.20, 10.04, 11.79, 10.51, 7.37, 6.39, 6.06, 6.20, 3.79, 0.00, 3.82, 6.29, 7.79, 6.27, 6.05, 4.75, 8.42, 10.20, 11.58, 9.23, 8.32, 12.10, 12.79, 10.86, 12.78, 15.98, 16.09, 15.34, 18.71, 20.31, 19.40, 20.15, 22.65, 21.45, 23.78, 21.61, 21.75, 25.19, 27.35, 27.55
 33.82, 32.44, 28.94, 28.41, 28.09, 24.57, 22.36, 25.80, 27.12, 24.54, 23.97, 20.70, 21.58, 23.27, 20.33, 17.88, 20.14, 19.80, 16.03, 17.04, 19.66, 17.26, 14.42, 17.36, 19.39, 22.47, 23.84, 26.44, 23.83, 20.82, 23.06, 23.47, 19.72, 19.46, 22.10, 20.19, 16.93, 19.12, 20.90, 17.79, 17.59, 21.29, 20.82, 18.48, 18.82, 15.24, 14.10, 11.57, 14.07, 13.54, 10.04, 9.02, 9.70, 9.67, 6.38, 3.82, 0.00, 3.82, 5.66, 4.80, 6.90, 7.59, 10.88, 12.93, 13.37, 10.21, 10.23, 13.83, 13.49, 11.16, 13.75, 16.73, 15.96, 15.44, 19.12, 20.15, 18.77, 19.94, 22.69, 22.12, 24.82, 22.67, 23.29, 26.88, 28.78, 28.93
 36.58, 35.46, 32.08, 31.79, 31.58, 28.15, 26.05, 29.54, 30.74, 28.12, 27.60, 24.31, 24.95, 26.62, 23.79, 21.18, 23.14, 22.82, 19.01, 19.65, 22.02, 19.53, 16.42, 19.08, 20.83, 24.17, 25.64, 27.92, 25.00, 21.97, 24.48, 25.35, 21.62, 21.44, 24.45, 22.80, 19.61, 21.82, 23.93, 21.06, 20.78, 24.54, 24.33, 22.13, 22.25, 18.73, 17.21, 14.51, 17.17, 16.20, 12.62, 12.30, 12.27, 11.39, 8.43, 6.29, 3.82, 0.00, 3.81, 5.79, 8.44, 9.65, 13.07, 15.72, 16.39, 13.39, 13.73, 17.42, 17.06, 14.91, 17.56, 20.51, 19.65, 19.16, 22.86, 23.81, 22.25, 23.43, 26.31, 25.85, 28.61, 26.49, 27.07, 30.62, 32.50, 32.52
 37.64, 36.54, 33.11, 32.77, 32.84, 29.38, 26.94, 30.29, 31.36, 28.41, 27.53, 24.05, 24.31, 26.31, 23.90, 20.86, 22.72, 23.01, 19.26, 19.22, 21.86, 19.91, 16.43, 18.49, 20.68, 23.81, 25.79, 28.24, 25.51, 22.88, 25.74, 26.31, 22.53, 22.96, 25.93, 23.87, 21.03, 23.69, 25.42, 22.40, 22.70, 26.44, 25.77, 23.58, 24.26, 20.72, 19.75, 17.11, 19.36, 18.30, 15.01, 13.91, 13.50, 13.42, 10.95, 7.79, 5.66, 3.81, 0.00, 3.82, 6.81, 9.35, 12.04, 15.21, 15.43, 12.53, 13.86, 17.39, 16.65, 15.22, 18.34, 20.80, 20.03, 20.25, 23.97, 24.53, 23.37, 25.02, 27.57, 27.15, 29.68, 27.16, 27.47, 30.86, 32.38, 31.95
 35.00, 33.70, 30.18, 29.63, 29.75, 26.25, 23.60, 26.85, 27.92, 24.88, 23.82, 20.30, 20.57, 22.71, 20.39, 17.28, 19.34, 19.87, 16.18, 16.17, 19.14, 17.50, 14.12, 16.19, 18.81, 21.62, 23.70, 26.50, 24.12, 21.65, 24.39, 24.44, 20.63, 21.23, 23.87, 21.43, 18.72, 21.54, 22.83, 19.60, 20.25, 23.88, 22.81, 20.60, 21.71, 18.20, 17.84, 15.37, 17.19, 16.38, 13.42, 11.48, 11.34, 12.28, 9.96, 6.27, 4.80, 5.79, 3.82, 0.00, 3.81, 6.83, 9.02, 11.95, 11.76, 8.74, 10.38, 13.76, 12.91, 11.81, 15.03, 17.26, 16.73, 17.25, 20.88, 21.40, 20.64, 22.42, 24.67, 24.11, 26.43, 23.72, 23.88, 27.22, 28.63, 28.14
 32.02, 30.88, 27.45, 27.13, 27.65, 24.35, 21.73, 25.01, 25.63, 22.42, 21.56, 18.20, 17.94, 19.84, 17.74, 14.45, 16.06, 16.72, 13.12, 12.63, 15.57, 14.20, 10.68, 12.47, 15.27, 17.93, 20.17, 23.07, 20.91, 18.74, 21.60, 21.37, 17.60, 18.68, 21.24, 18.57, 16.29, 19.49, 20.53, 17.48, 18.72, 22.29, 21.06, 19.34, 20.82, 17.66, 17.87, 15.13, 16.14, 14.86, 12.56, 10.25, 9.24, 10.91, 9.71, 6.05, 6.90, 8.44, 6.81, 3.81, 0.00, 3.82, 5.33, 8.63, 8.96, 6.88, 8.41, 11.74, 11.63, 11.34, 14.16, 16.27, 16.59, 17.22, 20.54, 21.40, 21.22, 22.79, 24.68, 23.59, 25.46, 22.57, 22.16, 25.26, 26.73, 26.08
 28.55, 27.55, 24.20, 24.16, 24.79, 21.66, 19.41, 22.90, 23.25, 20.22, 19.94, 16.97, 16.67, 17.92, 15.51, 12.56, 13.84, 13.83, 10.10, 10.07, 12.59, 10.71, 7.33, 9.85, 12.28, 15.12, 16.94, 19.79, 17.58, 15.22, 17.90, 17.69, 13.90, 14.86, 17.47, 14.93, 12.61, 15.88, 17.09, 14.29, 15.60, 19.21, 18.26, 17.00, 18.32, 15.51, 15.83, 12.74, 13.22, 11.45, 9.62, 7.52, 5.63, 7.65, 7.47, 4.75, 7.59, 9.65, 9.35, 6.83, 3.82, 0.00, 3.82, 6.40, 8.22, 7.06, 6.79, 10.30, 11.42, 10.96, 12.88, 15.42, 16.36, 16.39, 19.43, 20.93, 20.87, 21.87, 23.74, 22.14, 23.83, 21.17, 20.54, 23.60, 25.50, 25.19
 27.35, 26.32, 22.98, 22.89, 23.92, 20.94, 18.41, 21.63, 21.64, 18.28, 17.75, 14.81, 13.85, 15.26, 13.47, 10.07, 11.00, 11.84, 8.51, 7.37, 10.41, 9.67, 6.35, 7.73, 11.01, 13.12, 15.48, 18.70, 17.10, 15.46, 18.18, 17.26, 13.66, 15.38, 17.50, 14.41, 12.91, 16.50, 16.94, 14.17, 16.31, 19.56, 18.02, 17.07, 19.08, 16.62, 17.74, 15.01, 14.70, 13.08, 12.15, 9.41, 7.56, 10.50, 10.91, 8.42, 10.88, 13.07, 12.04, 9.02, 5.33, 3.82, 0.00, 3.80, 5.49, 5.97, 6.47, 8.96, 10.24, 11.09, 12.86, 14.61, 16.15, 16.82, 19.47, 20.79, 21.40, 22.61, 23.91, 22.12, 23.28, 20.27, 19.07, 21.76, 23.35, 22.61
 24.11, 22.84, 19.42, 19.17, 20.28, 17.38, 14.87, 18.03, 17.87, 14.53, 14.22, 11.58, 10.62, 11.65, 9.70, 6.45, 7.52, 8.25, 5.03, 4.45, 7.96, 7.62, 5.62, 7.24, 10.46, 11.87, 13.82, 17.35, 16.31, 14.84, 16.95, 15.39, 12.03, 13.67, 15.09, 11.66, 10.52, 14.06, 13.85, 11.06, 13.69, 16.60, 14.73, 14.12, 16.51, 14.55, 16.34, 14.01, 12.85, 11.57, 11.62, 8.55, 7.23, 10.88, 11.77, 10.20, 12.93, 15.72, 15.21, 11.95, 8.63, 6.40, 3.80, 0.00, 3.82, 6.00, 5.01, 6.24, 8.64, 9.96, 10.71, 12.20, 14.47, 15.02, 17.12, 18.75, 19.81, 20.71, 21.62, 19.44, 20.20, 17.21, 15.68, 18.23, 20.01, 19.50
 26.27, 24.60, 21.03, 20.15, 20.98, 17.86, 14.75, 17.49, 17.80, 14.25, 12.96, 9.69, 8.99, 11.21, 9.69, 6.05, 8.35, 10.12, 7.61, 7.09, 10.90, 11.21, 9.41, 10.48, 13.98, 14.94, 17.10, 20.76, 19.98, 18.64, 20.66, 18.89, 15.68, 17.16, 18.23, 14.66, 13.50, 16.70, 16.03, 12.82, 15.37, 18.02, 15.55, 14.31, 17.15, 14.95, 17.04, 15.34, 14.49, 14.09, 13.77, 10.17, 10.03, 13.69, 13.69, 11.58, 13.37, 16.39, 15.43, 11.76, 8.96, 8.22, 5.49, 3.82, 0.00, 3.81, 4.84, 4.85, 5.78, 8.18, 9.59, 10.16, 12.18, 13.62, 15.74, 16.67, 18.02, 19.52, 20.12, 18.37, 19.13, 15.76, 14.41, 16.99, 18.20, 17.34
 28.89, 27.10, 23.42, 22.36, 22.64, 19.19, 16.05, 18.94, 19.90, 16.62, 15.20, 11.63, 11.94, 14.34, 12.27, 9.11, 11.87, 13.02, 9.95, 10.21, 13.89, 13.33, 11.04, 12.88, 16.19, 17.80, 19.80, 23.29, 22.02, 20.13, 22.22, 20.96, 17.47, 18.39, 19.84, 16.58, 14.60, 17.53, 17.41, 13.87, 15.60, 18.59, 16.43, 14.42, 16.79, 13.91, 15.42, 13.77, 13.86, 13.83, 12.55, 8.90, 9.56, 12.79, 11.76, 9.23, 10.21, 13.39, 12.53, 8.74, 6.88, 7.06, 5.97, 6.00, 3.81, 0.00, 3.80, 5.59, 4.85, 5.87, 8.57, 9.78, 10.63, 11.98, 14.83, 15.47, 16.13, 17.92, 19.07, 17.88, 19.36, 16.16, 15.70, 18.77, 20.02, 19.46
 25.88, 24.07, 20.39, 19.45, 19.60, 16.15, 13.37, 16.66, 17.54, 14.58, 13.92, 10.79, 11.51, 13.07, 10.23, 7.75, 10.55, 10.64, 7.33, 8.87, 12.12, 10.93, 9.32, 11.95, 14.73, 16.44, 17.80, 21.21, 19.90, 17.74, 19.39, 18.16, 14.72, 15.16, 16.45, 13.36, 11.07, 13.81, 13.81, 10.24, 11.84, 14.94, 13.06, 11.25, 13.41, 10.72, 12.37, 10.58, 10.20, 10.22, 9.41, 5.64, 6.78, 10.25, 9.70, 8.32, 10.23, 13.73, 13.86, 10.38, 8.41, 6.79, 6.47, 5.01, 4.84, 3.80, 0.00, 3.81, 5.41, 5.21, 6.42, 8.70, 10.18, 10.41, 13.06, 14.59, 15.15, 16.18, 17.48, 15.77, 17.26, 14.44, 13.98, 17.24, 19.16, 19.23
 24.35, 22.18, 18.42, 16.99, 17.15, 13.72, 10.50, 13.42, 14.36, 11.25, 10.20, 7.00, 8.13, 9.90, 7.18, 5.08, 8.66, 9.19, 7.02, 8.75, 12.02, 11.71, 11.07, 13.10, 15.95, 16.85, 18.10, 21.71, 21.04, 19.31, 20.54, 18.66, 15.67, 16.21, 16.65, 13.28, 11.70, 14.11, 13.08, 9.49, 11.67, 14.01, 11.31, 9.63, 12.65, 10.64, 13.29, 12.38, 11.15, 11.85, 11.99, 8.34, 9.73, 13.36, 13.15, 12.10, 13.83, 17.42, 17.39, 13.76, 11.74, 10.30, 8.96, 6.24, 4.85, 5.59, 3.81, 0.00, 3.81, 5.40, 5.13, 5.97, 8.59, 9.39, 11.14, 12.60, 14.05, 15.09, 15.60, 13.61, 14.48, 11.32, 10.44, 13.58, 15.37, 15.46
 27.95, 25.62, 21.83, 20.06, 19.89, 16.33, 12.81, 15.20, 16.73, 13.68, 11.70, 7.98, 9.55, 12.29, 10.21, 8.02, 11.67, 12.83, 10.68, 11.81, 15.36, 15.19, 13.96, 15.81, 18.99, 19.98, 21.57, 25.21, 24.43, 22.64, 24.10, 22.36, 19.25, 19.78, 20.39, 17.07, 15.28, 17.57, 16.65, 12.96, 14.63, 16.91, 14.13, 11.72, 14.62, 12.13, 14.47, 13.99, 13.60, 14.72, 14.08, 10.32, 12.15, 15.54, 14.47, 12.79, 13.49, 17.06, 16.65, 12.91, 11.63, 11.42, 10.24, 8.64, 5.78, 4.85, 5.41, 3.81, 0.00, 3.81, 5.54, 5.23, 6.49, 8.59, 10.82, 11.12, 12.51, 14.45, 14.94, 13.84, 15.10, 11.72, 11.57, 14.76, 15.83, 15.60
 28.70, 26.35, 22.54, 20.81, 20.12, 16.36, 13.24, 15.99, 17.93, 15.39, 14.00, 10.63, 12.73, 14.91, 12.10, 10.46, 14.05, 14.30, 11.66, 13.54, 16.84, 15.79, 14.51, 17.09, 19.89, 21.44, 22.65, 26.08, 24.88, 22.57, 23.88, 22.61, 19.35, 19.23, 20.08, 17.21, 14.70, 16.55, 16.25, 12.44, 13.14, 15.74, 13.56, 10.55, 12.66, 9.53, 11.27, 10.97, 11.35, 12.93, 11.70, 8.23, 10.97, 13.79, 12.08, 10.86, 11.16, 14.91, 15.22, 11.81, 11.34, 10.96, 11.09, 9.96, 8.18, 5.87, 5.21, 5.40, 3.81, 0.00, 3.82, 5.66, 5.43, 6.19, 9.38, 10.10, 10.36, 12.08, 13.46, 12.66, 14.79, 12.03, 12.81, 16.43, 18.00, 18.40
 25.77, 23.20, 19.39, 17.44, 16.46, 12.67, 9.68, 12.55, 14.66, 12.57, 11.71, 9.00, 11.70, 13.15, 9.94, 9.50, 13.07, 12.65, 10.65, 13.33, 16.14, 15.07, 14.72, 17.43, 19.83, 21.06, 21.71, 25.08, 24.18, 21.92, 22.64, 21.12, 18.24, 17.73, 17.95, 15.25, 12.91, 14.15, 13.40, 9.66, 10.23, 12.33, 9.94, 6.80, 9.27, 6.74, 9.48, 9.88, 9.28, 11.52, 11.29, 8.19, 11.22, 14.07, 12.99, 12.78, 13.75, 17.56, 18.34, 15.03, 14.16, 12.88, 12.86, 10.71, 9.59, 8.57, 6.42, 5.13, 5.54, 3.82, 0.00, 3.82, 5.17, 4.42, 6.64, 8.57, 9.33, 10.06, 11.08, 9.48, 11.41, 8.94, 9.83, 13.60, 15.72, 16.79
 26.39, 23.55, 19.76, 17.32, 16.37, 12.74, 9.18, 11.09, 13.48, 11.27, 9.42, 6.57, 9.87, 11.87, 9.45, 9.30, 13.04, 13.40, 12.20, 14.38, 17.33, 17.05, 16.87, 19.00, 21.69, 22.36, 23.23, 26.78, 26.33, 24.46, 25.15, 23.19, 20.55, 20.40, 20.20, 17.22, 15.52, 16.79, 15.28, 11.77, 12.90, 14.22, 11.11, 8.27, 11.42, 9.72, 12.82, 13.63, 12.72, 14.94, 15.02, 11.78, 14.43, 17.57, 16.61, 15.98, 16.73, 20.51, 20.80, 17.26, 16.27, 15.42, 14.61, 12.20, 10.16, 9.78, 8.70, 5.97, 5.23, 5.66, 3.82, 0.00, 3.82, 5.36, 6.05, 6.80, 9.01, 10.39, 10.15, 8.79, 9.95, 6.67, 7.52, 11.11, 12.59, 13.49
 29.87, 26.99, 23.22, 20.71, 19.36, 15.66, 12.38, 14.07, 16.88, 14.97, 13.00, 10.14, 13.34, 15.63, 13.23, 12.73, 16.53, 16.90, 15.21, 17.34, 20.48, 19.85, 19.20, 21.57, 24.36, 25.40, 26.38, 29.88, 29.10, 26.94, 27.78, 26.16, 23.29, 22.90, 23.02, 20.24, 18.06, 19.17, 18.16, 14.55, 14.93, 16.45, 13.81, 10.37, 12.69, 10.34, 12.65, 13.90, 13.98, 16.52, 15.83, 12.76, 15.87, 18.60, 16.87, 16.09, 15.96, 19.65, 20.03, 16.73, 16.59, 16.36, 16.15, 14.47, 12.18, 10.63, 10.18, 8.59, 6.49, 5.43, 5.17, 3.82, 0.00, 3.82, 5.72, 4.92, 6.17, 8.65, 9.03, 9.13, 11.31, 8.69, 10.66, 14.16, 15.27, 16.16
 28.55, 25.68, 21.97, 19.59, 17.82, 14.06, 11.41, 13.55, 16.48, 15.12, 14.06, 11.74, 15.05, 16.58, 13.56, 13.63, 17.25, 16.75, 14.97, 17.75, 20.48, 19.27, 18.95, 21.79, 24.11, 25.41, 25.90, 29.18, 28.21, 25.74, 26.23, 24.88, 22.12, 21.14, 21.20, 18.90, 16.36, 16.87, 16.21, 12.76, 12.28, 13.77, 11.73, 7.96, 9.44, 6.95, 9.13, 10.97, 11.17, 14.22, 13.63, 11.22, 14.74, 16.99, 15.28, 15.34, 15.44, 19.16, 20.25, 17.25, 17.22, 16.39, 16.82, 15.02, 13.62, 11.98, 10.41, 9.39, 8.59, 6.19, 4.42, 5.36, 3.82, 0.00, 3.82, 5.28, 5.00, 5.96, 7.49, 7.18, 10.19, 8.60, 11.04, 14.77, 16.67, 18.22
 27.31, 24.13, 20.55, 17.72, 15.53, 11.99, 9.57, 10.88, 14.27, 13.62, 12.70, 11.29, 14.97, 16.07, 13.33, 14.35, 17.79, 17.15, 16.18, 19.13, 21.54, 20.64, 20.94, 23.59, 25.75, 26.62, 26.80, 30.05, 29.49, 27.24, 27.29, 25.62, 23.29, 22.19, 21.59, 19.42, 17.36, 17.33, 16.02, 13.02, 12.56, 12.96, 10.62, 7.14, 8.86, 7.93, 10.75, 13.18, 12.57, 15.89, 16.08, 13.88, 17.26, 19.61, 18.35, 18.71, 19.12, 22.86, 23.97, 20.88, 20.54, 19.43, 19.47, 17.12, 15.74, 14.83, 13.06, 11.14, 10.82, 9.38, 6.64, 6.05, 5.72, 3.82, 0.00, 3.82, 5.17, 4.83, 4.50, 3.52, 6.53, 5.64, 8.88, 12.31, 14.31, 16.48
 30.53, 27.28, 23.69, 20.69, 18.61, 15.21, 12.45, 13.11, 16.59, 15.69, 13.91, 12.16, 15.86, 17.64, 15.42, 15.98, 19.62, 19.63, 18.59, 21.09, 23.87, 23.27, 23.18, 25.61, 28.14, 28.95, 29.51, 32.92, 32.37, 30.21, 30.53, 28.79, 26.30, 25.49, 25.04, 22.62, 20.61, 20.92, 19.56, 16.40, 16.22, 16.75, 14.20, 10.82, 12.65, 11.34, 13.74, 16.07, 15.92, 19.09, 18.84, 16.31, 19.67, 22.16, 20.51, 20.31, 20.15, 23.81, 24.53, 21.40, 21.40, 20.93, 20.79, 18.75, 16.67, 15.47, 14.59, 12.60, 11.12, 10.10, 8.57, 6.80, 4.92, 5.28, 3.82, 0.00, 3.80, 5.82, 4.66, 6.12, 8.45, 7.11, 10.40, 13.47, 14.49, 16.24
 32.36, 29.24, 25.65, 22.88, 20.58, 17.09, 14.72, 15.89, 19.36, 18.55, 17.14, 15.16, 18.75, 20.47, 17.82, 18.12, 21.80, 21.47, 19.91, 22.60, 25.39, 24.26, 23.91, 26.72, 29.11, 30.36, 30.84, 34.10, 33.17, 30.65, 31.01, 29.70, 27.03, 25.86, 25.76, 23.65, 21.13, 21.24, 20.51, 17.32, 16.41, 17.29, 15.44, 11.74, 12.55, 10.68, 12.09, 14.74, 15.40, 18.74, 17.95, 15.88, 19.53, 21.48, 19.36, 19.40, 18.77, 22.25, 23.37, 20.64, 21.22, 20.87, 21.40, 19.81, 18.02, 16.13, 15.15, 14.05, 12.51, 10.36, 9.33, 9.01, 6.17, 5.00, 5.17, 3.80, 0.00, 3.78, 5.17, 7.50, 10.82, 10.22, 13.58, 16.86, 18.19, 19.97
 30.55, 27.40, 23.98, 21.25, 18.55, 15.26, 13.64, 14.82, 18.33, 18.15, 17.48, 16.10, 19.75, 20.81, 17.89, 18.80, 22.24, 21.29, 19.98, 23.10, 25.45, 24.05, 24.18, 27.19, 29.16, 30.41, 30.42, 33.47, 32.57, 29.96, 29.88, 28.66, 26.29, 24.67, 24.28, 22.62, 20.10, 19.55, 18.88, 16.12, 14.60, 14.96, 13.66, 10.16, 10.09, 9.02, 10.34, 13.61, 13.97, 17.63, 17.29, 15.84, 19.55, 21.19, 19.39, 20.15, 19.94, 23.43, 25.02, 22.42, 22.79, 21.87, 22.61, 20.71, 19.52, 17.92, 16.18, 15.09, 14.45, 12.08, 10.06, 10.39, 8.65, 5.96, 4.83, 5.82, 3.78, 0.00, 3.80, 5.61, 9.35, 9.96, 13.47, 16.67, 18.60, 20.95
 29.91, 26.51, 23.18, 20.05, 17.27, 14.26, 12.53, 12.77, 16.51, 16.65, 15.72, 14.89, 18.69, 19.69, 17.25, 18.61, 21.96, 21.28, 20.57, 23.56, 25.86, 24.96, 25.39, 28.07, 30.15, 30.95, 30.96, 34.12, 33.63, 31.35, 31.14, 29.50, 27.37, 26.00, 25.15, 23.30, 21.29, 20.75, 19.40, 16.82, 15.87, 15.57, 13.65, 10.57, 11.34, 11.13, 13.29, 16.39, 16.04, 19.63, 19.80, 17.98, 21.50, 23.57, 22.11, 22.65, 22.69, 26.31, 27.57, 24.67, 24.68, 23.74, 23.91, 21.62, 20.12, 19.07, 17.48, 15.60, 14.94, 13.46, 11.08, 10.15, 9.03, 7.49, 4.50, 4.66, 5.17, 3.80, 0.00, 3.82, 6.70, 7.71, 11.50, 14.19, 15.78, 18.36
 26.09, 22.71, 19.36, 16.28, 13.55, 10.44, 8.88, 9.38, 13.02, 13.33, 13.00, 12.62, 16.31, 16.75, 14.17, 16.00, 19.08, 18.06, 17.70, 20.85, 22.82, 21.98, 22.82, 25.43, 27.28, 27.89, 27.67, 30.76, 30.45, 28.31, 27.89, 26.09, 24.19, 22.83, 21.70, 19.89, 18.16, 17.49, 15.83, 13.49, 12.75, 12.10, 9.96, 7.24, 8.44, 9.02, 11.92, 14.74, 13.60, 17.07, 17.86, 16.10, 19.35, 21.56, 20.67, 21.45, 22.12, 25.85, 27.15, 24.11, 23.59, 22.14, 22.12, 19.44, 18.37, 17.88, 15.77, 13.61, 13.84, 12.66, 9.48, 8.79, 9.13, 7.18, 3.52, 6.12, 7.50, 5.61, 3.82, 0.00, 3.82, 5.18, 8.67, 11.49, 13.80, 16.63
 24.15, 20.56, 17.40, 13.96, 11.24, 8.70, 7.35, 6.39, 10.19, 11.15, 11.00, 11.69, 15.21, 15.17, 13.20, 15.69, 18.36, 17.47, 17.91, 20.88, 22.55, 22.23, 23.52, 25.73, 27.50, 27.58, 27.25, 30.33, 30.50, 28.76, 28.13, 25.91, 24.41, 23.30, 21.64, 19.75, 18.74, 18.03, 15.65, 13.82, 13.76, 12.35, 9.70, 8.24, 10.12, 11.56, 14.86, 17.33, 15.49, 18.64, 20.02, 18.12, 20.97, 23.47, 23.07, 23.78, 24.82, 28.61, 29.68, 26.43, 25.46, 23.83, 23.28, 20.20, 19.13, 19.36, 17.26, 14.48, 15.10, 14.79, 11.41, 9.95, 11.31, 10.19, 6.53, 8.45, 10.82, 9.35, 6.70, 3.82, 0.00, 3.82, 6.60, 8.47, 10.88, 14.15
 24.20, 20.79, 17.33, 14.04, 12.21, 9.16, 6.28, 6.05, 9.57, 9.20, 8.10, 8.10, 11.78, 12.34, 10.50, 12.53, 15.47, 15.17, 15.44, 18.06, 20.11, 20.10, 21.06, 23.04, 25.17, 25.22, 25.33, 28.66, 28.82, 27.21, 27.02, 24.66, 22.86, 22.26, 20.93, 18.48, 17.50, 17.58, 15.14, 12.71, 13.47, 12.90, 9.56, 7.72, 10.72, 11.20, 14.78, 16.64, 14.85, 17.64, 18.78, 16.29, 18.96, 21.86, 21.43, 21.61, 22.67, 26.49, 27.16, 23.72, 22.57, 21.17, 20.27, 17.21, 15.76, 16.16, 14.44, 11.32, 11.72, 12.03, 8.94, 6.67, 8.69, 8.60, 5.64, 7.11, 10.22, 9.96, 7.71, 5.18, 3.82, 0.00, 3.80, 6.75, 8.89, 11.53
 21.63, 18.32, 14.85, 11.65, 10.75, 8.03, 4.69, 4.20, 6.70, 5.62, 4.44, 5.58, 8.77, 8.80, 7.55, 10.10, 12.53, 12.49, 13.47, 15.73, 17.52, 18.08, 19.35, 20.85, 22.94, 22.52, 22.69, 26.06, 26.59, 25.41, 25.23, 22.51, 20.95, 20.83, 19.27, 16.54, 16.25, 16.71, 13.79, 11.66, 13.41, 12.79, 9.04, 8.45, 11.99, 12.70, 16.48, 17.66, 15.29, 17.44, 19.03, 16.38, 18.39, 21.60, 21.72, 21.75, 23.29, 27.07, 27.47, 23.88, 22.16, 20.54, 19.07, 15.68, 14.41, 15.70, 13.98, 10.44, 11.57, 12.81, 9.83, 7.52, 10.66, 11.04, 8.88, 10.40, 13.58, 13.47, 11.50, 8.67, 6.60, 3.80, 0.00, 3.82, 6.60, 9.00
 20.90, 17.47, 14.44, 11.01, 10.56, 9.10, 6.87, 4.27, 5.49, 5.43, 4.47, 7.51, 9.63, 8.95, 9.16, 12.07, 13.68, 13.90, 15.70, 17.54, 18.90, 20.02, 21.66, 22.67, 24.61, 23.63, 23.68, 26.95, 27.98, 27.24, 26.85, 23.80, 22.73, 22.84, 20.84, 18.19, 18.61, 18.96, 15.60, 14.19, 16.20, 14.99, 11.38, 11.70, 15.03, 16.23, 20.03, 21.19, 18.55, 20.47, 22.40, 19.82, 21.49, 24.76, 25.19, 25.19, 26.88, 30.62, 30.86, 27.22, 25.26, 23.60, 21.76, 18.23, 16.99, 18.77, 17.24, 13.58, 14.76, 16.43, 13.60, 11.11, 14.16, 14.77, 12.31, 13.47, 16.86, 16.67, 14.19, 11.49, 8.47, 6.75, 3.82, 0.00, 3.82, 6.94
 23.82, 20.49, 17.68, 14.37, 14.17, 12.92, 10.53, 8.01, 8.93, 8.41, 6.09, 8.58, 10.25, 10.42, 11.56, 13.79, 15.38, 16.41, 18.16, 19.44, 21.07, 22.60, 23.92, 24.58, 26.84, 25.65, 26.10, 29.48, 30.64, 30.11, 29.97, 26.81, 25.66, 26.10, 24.24, 21.38, 21.86, 22.52, 19.20, 17.60, 19.74, 18.75, 15.08, 15.02, 18.44, 19.27, 23.03, 24.20, 21.81, 23.69, 25.34, 22.45, 24.10, 27.54, 27.77, 27.35, 28.78, 32.50, 32.38, 28.63, 26.73, 25.50, 23.35, 20.01, 18.20, 20.02, 19.16, 15.37, 15.83, 18.00, 15.72, 12.59, 15.27, 16.67, 14.31, 14.49, 18.19, 18.60, 15.78, 13.80, 10.88, 8.89, 6.60, 3.82, 0.00, 3.82
 25.37, 22.35, 19.56, 16.66, 17.10, 15.74, 12.99, 11.17, 11.47, 9.91, 6.84, 8.53, 9.08, 10.00, 12.03, 13.42, 14.76, 16.62, 18.32, 18.86, 20.71, 22.70, 23.69, 23.86, 26.40, 25.01, 25.96, 29.45, 30.70, 30.43, 30.69, 27.44, 26.15, 27.11, 25.53, 22.34, 22.98, 24.20, 20.98, 19.17, 21.74, 21.24, 17.46, 17.30, 20.96, 21.30, 25.02, 25.77, 23.52, 25.02, 26.45, 23.26, 24.55, 28.20, 28.44, 27.55, 28.93, 32.52, 31.95, 28.14, 26.08, 25.19, 22.61, 19.50, 17.34, 19.46, 19.23, 15.46, 15.60, 18.40, 16.79, 13.49, 16.16, 18.22, 16.48, 16.24, 19.97, 20.95, 18.36, 16.63, 14.15, 11.53, 9.00, 6.94, 3.82, 0.00
