 0.00, 3.80, 6.68, 9.97, 13.13, 16.48, 19.11, 21.60, 21.53, 22.00, 24.44, 22.23, 23.81, 23.20, 19.82, 19.32, 20.32, 19.47, 22.05, 22.63, 22.74, 20.69, 22.58, 20.64, 21.35, 18.87, 19.00, 16.58, 16.76, 15.52, 14.24, 17.74, 19.31, 20.96, 20.60, 20.66, 21.06, 22.04, 23.53, 25.50, 27.65, 28.51, 29.56, 28.05, 25.00, 22.52, 22.41, 20.28, 20.41, 17.53, 16.86, 18.86, 16.21, 17.81, 14.73, 11.40, 8.74, 6.79, 10.38, 11.21, 8.87, 9.25, 12.97, 13.68, 13.44, 15.70, 19.43, 22.20, 23.10, 19.91, 18.81, 15.35, 13.48, 9.97, 8.18, 5.98, 5.54, 8.42, 7.37, 5.91, 9.09, 12.34, 11.74, 14.89, 17.26, 16.26, 18.17, 21.85, 23.71, 20.97, 17.56, 18.01, 16.31, 13.23, 12.80, 10.16, 11.01, 11.98, 13.54, 16.14, 16.44, 19.40, 19.87, 23.59, 24.80, 24.27, 26.76
 3.80, 0.00, 3.79, 6.45, 9.79, 12.94, 15.46, 17.90, 17.97, 18.50, 21.17, 19.25, 21.07, 20.40, 17.20, 16.94, 18.54, 18.20, 20.67, 20.64, 20.46, 17.97, 19.56, 17.37, 17.96, 15.59, 15.93, 13.98, 14.61, 14.13, 12.92, 16.35, 17.93, 19.29, 18.41, 18.73, 18.70, 19.18, 20.56, 22.25, 24.63, 25.61, 26.39, 25.03, 21.91, 19.75, 19.86, 18.17, 18.65, 15.89, 16.03, 18.25, 15.92, 16.94, 13.62, 10.79, 8.63, 5.37, 8.13, 9.73, 7.36, 6.29, 10.02, 11.38, 10.85, 12.51, 16.26, 18.87, 19.49, 16.25, 15.01, 11.55, 9.84, 6.33, 5.47, 4.48, 6.47, 9.72, 9.71, 7.11, 9.27, 13.01, 13.41, 16.79, 18.66, 16.92, 18.22, 21.97, 23.41, 20.28, 17.21, 18.34, 17.41, 14.57, 13.13, 9.93, 9.53, 9.44, 10.41, 12.61, 12.82, 15.71, 16.38, 20.12, 21.59, 21.44, 24.18
 6.68, 3.79, 0.00, 3.87, 6.49, 10.02, 12.76, 15.38, 15.56, 16.74, 19.51, 17.58, 19.96, 19.85, 17.10, 17.64, 19.72, 20.06, 22.68, 22.15, 21.93, 19.04, 20.28, 17.78, 18.07, 15.83, 16.01, 14.60, 15.02, 14.83, 12.90, 15.78, 17.95, 19.59, 18.69, 19.72, 19.65, 19.68, 21.17, 22.24, 24.80, 26.19, 26.63, 25.67, 22.56, 20.95, 21.33, 20.15, 20.79, 18.03, 18.64, 21.16, 19.17, 19.96, 16.60, 14.11, 12.19, 8.69, 10.54, 12.35, 9.65, 7.49, 10.86, 12.33, 10.66, 11.82, 15.39, 18.13, 18.26, 14.69, 13.37, 9.68, 7.97, 5.59, 5.17, 6.67, 8.85, 12.52, 13.06, 10.79, 12.56, 16.23, 16.60, 19.78, 21.76, 19.78, 21.05, 24.69, 25.72, 22.35, 19.39, 20.52, 19.92, 16.89, 15.03, 11.38, 10.81, 9.53, 10.52, 11.83, 12.47, 15.02, 16.08, 19.81, 21.65, 21.97, 25.11
 9.97, 6.45, 3.87, 0.00, 3.83, 6.56, 9.52, 11.73, 11.77, 12.91, 15.81, 14.17, 16.76, 16.66, 14.27, 15.22, 17.82, 18.77, 21.26, 20.15, 19.81, 16.62, 17.61, 15.09, 15.49, 13.81, 14.58, 14.09, 15.22, 15.97, 14.43, 17.00, 18.97, 20.12, 18.56, 19.72, 18.99, 18.28, 19.33, 20.02, 22.95, 24.32, 24.27, 23.36, 20.12, 18.96, 19.34, 18.63, 19.37, 16.78, 18.08, 20.80, 19.37, 19.76, 16.57, 14.86, 13.30, 9.73, 10.16, 12.03, 9.59, 6.42, 8.75, 10.55, 8.39, 8.59, 11.95, 14.56, 14.49, 10.86, 9.75, 6.24, 5.80, 4.70, 6.75, 8.97, 11.97, 15.36, 16.01, 13.16, 14.44, 18.22, 19.24, 22.60, 24.14, 21.80, 22.48, 26.11, 26.88, 23.34, 20.85, 22.55, 22.45, 19.75, 17.44, 13.82, 12.23, 9.99, 9.67, 9.79, 9.84, 11.77, 12.79, 16.46, 18.42, 19.08, 22.45
 13.13, 9.79, 6.49, 3.83, 0.00, 3.87, 6.67, 9.38, 10.09, 12.27, 15.40, 14.16, 17.35, 17.74, 16.04, 17.56, 20.51, 21.89, 24.25, 22.72, 22.14, 18.68, 19.06, 16.21, 16.00, 14.42, 14.78, 14.82, 15.60, 16.62, 14.65, 16.47, 18.79, 20.08, 18.56, 20.37, 19.72, 18.66, 19.92, 19.90, 22.80, 24.63, 24.33, 23.98, 21.00, 20.46, 21.29, 21.16, 22.22, 19.89, 21.54, 24.23, 22.89, 22.96, 19.71, 18.15, 16.93, 13.26, 13.42, 15.59, 13.34, 9.98, 11.61, 13.58, 10.99, 10.24, 12.87, 15.13, 14.17, 10.39, 8.85, 5.50, 5.16, 6.51, 8.33, 11.51, 14.41, 17.89, 19.05, 16.47, 17.38, 20.99, 22.01, 25.15, 26.72, 24.15, 24.79, 28.24, 28.58, 24.89, 22.57, 24.25, 24.50, 21.77, 19.13, 15.39, 13.75, 10.79, 10.54, 9.65, 10.47, 11.89, 13.61, 16.92, 19.38, 20.66, 24.25
 16.48, 12.94, 10.02, 6.56, 3.87, 0.00, 3.81, 5.60, 6.40, 8.99, 12.27, 11.69, 15.12, 15.63, 14.65, 16.62, 19.94, 21.86, 23.99, 21.92, 21.23, 17.62, 17.60, 14.86, 14.67, 13.92, 14.81, 15.80, 17.14, 18.85, 17.30, 18.80, 20.83, 21.62, 19.60, 21.46, 20.23, 18.46, 19.20, 18.65, 21.85, 23.65, 22.77, 22.58, 19.61, 19.67, 20.52, 20.91, 22.05, 20.01, 22.18, 24.93, 24.09, 23.85, 20.87, 19.97, 19.02, 15.52, 14.79, 16.80, 14.93, 11.40, 11.81, 13.77, 11.07, 9.17, 10.81, 12.57, 11.04, 7.36, 6.20, 4.36, 6.32, 8.78, 11.48, 14.59, 17.81, 21.08, 22.23, 19.33, 19.97, 23.58, 25.01, 28.26, 29.51, 26.72, 26.91, 30.28, 30.42, 26.67, 24.78, 26.86, 27.44, 24.97, 22.11, 18.50, 16.32, 13.01, 11.76, 9.64, 9.78, 9.96, 11.66, 14.52, 17.12, 18.86, 22.59
 19.11, 15.46, 12.76, 9.52, 6.67, 3.81, 0.00, 3.88, 6.86, 9.68, 13.23, 13.70, 17.08, 17.29, 16.74, 18.48, 22.04, 23.98, 25.67, 23.25, 22.00, 18.25, 17.41, 14.32, 13.30, 12.67, 13.21, 14.87, 16.19, 18.41, 17.15, 18.07, 19.82, 20.25, 18.01, 20.18, 18.83, 16.68, 17.51, 16.30, 19.37, 21.50, 20.47, 20.84, 18.32, 18.99, 20.43, 21.46, 23.12, 21.63, 24.18, 26.59, 25.73, 24.95, 21.95, 21.33, 21.01, 17.51, 16.37, 18.84, 17.57, 13.84, 13.74, 16.26, 14.06, 11.49, 12.56, 13.25, 10.73, 7.63, 5.25, 4.92, 6.65, 10.15, 12.85, 16.18, 19.53, 22.50, 24.14, 21.29, 21.29, 24.63, 26.36, 29.46, 30.40, 27.31, 27.18, 30.29, 29.97, 26.17, 24.71, 27.00, 28.10, 25.93, 22.71, 19.31, 16.74, 13.10, 11.50, 8.52, 9.26, 9.04, 11.66, 13.85, 17.03, 19.41, 23.06
 21.60, 17.90, 15.38, 11.73, 9.38, 5.60, 3.88, 0.00, 3.83, 6.71, 10.03, 11.21, 14.53, 14.92, 15.15, 17.32, 20.99, 23.42, 24.98, 22.21, 21.11, 17.45, 16.52, 13.98, 13.48, 13.94, 15.27, 17.47, 19.30, 21.79, 20.82, 21.82, 23.36, 23.48, 20.90, 22.80, 20.92, 18.28, 18.35, 16.89, 20.28, 22.06, 20.39, 20.63, 18.01, 19.10, 20.18, 21.48, 22.90, 21.55, 24.37, 26.92, 26.61, 25.80, 23.20, 23.10, 22.71, 19.48, 17.83, 19.79, 18.65, 15.11, 14.18, 16.23, 13.98, 10.87, 10.74, 10.89, 7.98, 5.62, 5.02, 6.87, 9.82, 12.91, 16.05, 19.09, 22.58, 25.50, 26.83, 23.70, 23.82, 27.24, 29.18, 32.45, 33.23, 30.14, 29.74, 32.87, 32.61, 28.87, 27.63, 30.16, 31.27, 29.20, 26.03, 22.69, 19.93, 16.38, 14.23, 10.94, 10.47, 8.79, 10.59, 12.12, 15.06, 17.66, 21.36
 21.53, 17.97, 15.56, 11.77, 10.09, 6.40, 6.86, 3.83, 0.00, 3.77, 6.64, 7.46, 10.92, 11.82, 12.40, 15.15, 18.67, 21.46, 23.29, 20.55, 20.05, 16.63, 16.35, 14.52, 14.99, 15.85, 17.76, 19.75, 21.83, 24.14, 23.12, 24.54, 26.17, 26.38, 23.77, 25.34, 23.30, 20.70, 20.37, 19.31, 22.93, 24.26, 22.43, 22.13, 19.11, 19.92, 20.29, 21.23, 22.04, 20.38, 23.06, 25.95, 26.04, 25.62, 23.32, 23.34, 22.49, 19.51, 17.82, 19.07, 17.65, 14.52, 13.32, 14.53, 11.94, 8.96, 8.08, 8.84, 6.82, 4.66, 6.53, 8.21, 11.66, 13.98, 17.28, 19.96, 23.40, 26.44, 27.26, 23.96, 24.56, 28.18, 30.03, 33.47, 34.37, 31.50, 31.17, 34.49, 34.60, 30.92, 29.50, 32.01, 32.78, 30.58, 27.68, 24.25, 21.65, 18.35, 16.15, 13.25, 11.92, 9.91, 10.32, 11.95, 14.08, 16.20, 19.99
 22.00, 18.50, 16.74, 12.91, 12.27, 8.99, 9.68, 6.71, 3.77, 0.00, 3.77, 5.51, 8.12, 8.35, 9.35, 12.11, 15.64, 18.67, 20.27, 17.33, 16.99, 13.83, 13.78, 12.70, 14.00, 15.53, 18.13, 20.24, 22.83, 25.29, 24.73, 26.50, 27.78, 27.65, 24.76, 25.81, 23.37, 20.63, 19.67, 18.96, 22.75, 23.51, 21.47, 20.65, 17.40, 18.13, 17.96, 18.88, 19.38, 17.89, 20.75, 23.63, 24.19, 23.74, 21.90, 22.44, 21.65, 19.13, 16.92, 17.65, 16.66, 13.93, 11.89, 12.67, 10.66, 7.33, 5.13, 5.27, 4.12, 3.55, 7.12, 9.43, 13.20, 14.88, 18.49, 20.63, 24.17, 26.93, 27.42, 23.87, 24.46, 28.05, 30.16, 33.74, 34.37, 31.58, 30.95, 34.29, 34.60, 31.05, 29.81, 32.57, 33.29, 31.31, 28.54, 25.30, 22.49, 19.47, 16.81, 14.07, 11.75, 9.12, 8.17, 9.44, 10.86, 12.76, 16.52
 24.44, 21.17, 19.51, 15.81, 15.40, 12.27, 13.23, 10.03, 6.64, 3.77, 0.00, 3.84, 5.46, 6.59, 8.93, 12.23, 15.33, 18.79, 20.41, 17.44, 17.69, 15.08, 15.40, 15.16, 16.95, 18.84, 21.67, 23.78, 26.48, 28.90, 28.33, 30.19, 31.51, 31.36, 28.43, 29.34, 26.76, 23.96, 22.66, 22.00, 25.83, 26.29, 23.99, 22.94, 19.68, 20.43, 19.73, 20.51, 20.46, 18.95, 21.67, 24.71, 25.76, 25.56, 24.13, 24.89, 23.86, 21.67, 19.44, 19.54, 18.48, 16.30, 14.06, 13.92, 11.98, 9.23, 5.98, 5.98, 6.29, 7.18, 10.86, 13.07, 16.81, 18.20, 21.77, 23.69, 27.13, 29.90, 30.05, 26.45, 27.30, 30.93, 32.99, 36.64, 37.29, 34.64, 33.98, 37.37, 37.84, 34.37, 33.14, 35.90, 36.48, 34.47, 31.85, 28.61, 25.90, 23.03, 20.36, 17.75, 15.19, 12.41, 10.66, 11.23, 11.54, 12.91, 16.43
 22.23, 19.25, 17.58, 14.17, 14.16, 11.69, 13.70, 11.21, 7.46, 5.51, 3.84, 0.00, 3.83, 6.32, 7.70, 11.47, 14.19, 17.58, 19.83, 17.41, 18.25, 15.76, 16.87, 16.56, 18.56, 19.91, 22.59, 24.16, 26.64, 28.64, 27.77, 29.88, 31.46, 31.68, 29.03, 29.92, 27.64, 25.23, 24.26, 24.01, 27.82, 28.33, 26.41, 25.13, 21.61, 21.77, 20.80, 20.91, 20.43, 18.28, 20.48, 23.86, 24.78, 25.11, 23.60, 23.94, 22.37, 20.22, 18.49, 18.21, 16.55, 14.74, 13.09, 12.23, 9.67, 7.96, 5.49, 7.67, 8.90, 8.36, 11.87, 13.01, 16.46, 17.32, 20.61, 22.33, 25.52, 28.46, 28.29, 24.80, 26.15, 29.91, 31.63, 35.29, 36.25, 33.87, 33.57, 37.13, 37.89, 34.45, 32.82, 35.31, 35.49, 33.22, 30.90, 27.55, 25.22, 22.58, 20.34, 18.24, 15.82, 13.78, 11.98, 13.50, 13.61, 14.18, 17.70
 23.81, 21.07, 19.96, 16.76, 17.35, 15.12, 17.08, 14.53, 10.92, 8.12, 5.46, 3.83, 0.00, 3.82, 6.26, 9.98, 12.08, 15.76, 17.85, 15.48, 16.88, 15.08, 16.64, 17.19, 19.78, 21.50, 24.56, 26.13, 28.89, 30.93, 30.36, 32.70, 34.06, 34.07, 31.27, 31.77, 29.25, 26.84, 25.43, 25.47, 29.31, 29.36, 27.33, 25.62, 22.04, 22.03, 20.46, 20.36, 19.32, 17.29, 19.38, 22.75, 24.22, 24.70, 23.74, 24.51, 22.89, 21.31, 19.33, 18.38, 17.09, 15.97, 13.84, 12.22, 10.52, 9.32, 6.32, 7.89, 10.32, 10.78, 14.47, 15.80, 19.26, 19.66, 23.01, 24.25, 27.37, 30.06, 29.52, 25.93, 27.35, 31.01, 32.85, 36.58, 37.35, 35.12, 34.64, 38.18, 39.17, 35.89, 34.38, 36.99, 37.07, 34.97, 32.84, 29.67, 27.29, 24.94, 22.49, 20.61, 17.71, 15.52, 12.90, 13.94, 12.96, 12.73, 15.82
 23.20, 20.40, 19.85, 16.66, 17.74, 15.63, 17.29, 14.92, 11.82, 8.35, 6.59, 6.32, 3.82, 0.00, 3.77, 6.83, 9.22, 12.92, 14.55, 11.87, 13.14, 11.56, 13.27, 14.35, 17.32, 19.32, 22.67, 24.30, 27.37, 29.56, 29.46, 31.96, 32.92, 32.59, 29.61, 29.73, 26.97, 24.55, 22.81, 23.17, 26.96, 26.63, 24.66, 22.62, 19.00, 18.84, 16.97, 16.91, 15.84, 14.17, 16.59, 19.70, 21.41, 21.61, 20.97, 22.19, 20.95, 19.71, 17.25, 16.17, 15.61, 14.66, 11.86, 10.37, 9.83, 8.27, 5.06, 5.65, 9.04, 10.10, 13.66, 15.24, 18.67, 18.79, 22.30, 23.20, 26.43, 28.74, 28.19, 24.46, 25.55, 29.04, 31.18, 34.93, 35.36, 33.09, 32.29, 35.73, 36.75, 33.61, 32.36, 35.18, 35.39, 33.61, 31.47, 28.57, 25.94, 23.80, 21.03, 19.29, 15.96, 13.70, 10.48, 11.27, 9.67, 8.98, 12.03
 19.82, 17.20, 17.10, 14.27, 16.04, 14.65, 16.74, 15.15, 12.40, 9.35, 8.93, 7.70, 6.26, 3.77, 0.00, 3.87, 6.59, 9.98, 12.13, 9.97, 11.44, 9.75, 12.22, 13.07, 16.22, 17.68, 20.95, 22.08, 25.09, 27.00, 26.94, 29.72, 30.64, 30.41, 27.60, 27.51, 24.97, 22.96, 21.47, 22.35, 26.04, 25.69, 24.21, 21.94, 18.13, 17.28, 15.27, 14.56, 13.29, 11.05, 13.23, 16.54, 18.00, 18.49, 17.73, 18.74, 17.30, 16.23, 13.92, 12.55, 11.94, 11.35, 8.66, 6.67, 6.68, 5.95, 4.42, 6.42, 9.97, 9.98, 12.99, 13.77, 16.79, 16.25, 19.58, 20.07, 23.16, 25.36, 24.61, 20.90, 22.14, 25.63, 27.67, 31.42, 31.90, 29.80, 29.14, 32.67, 33.91, 30.85, 29.40, 32.09, 32.09, 30.30, 28.36, 25.56, 23.10, 21.30, 18.73, 17.57, 14.24, 12.77, 9.56, 11.37, 10.02, 8.71, 11.79
 19.32, 16.94, 17.64, 15.22, 17.56, 16.62, 18.48, 17.32, 15.15, 12.11, 12.23, 11.47, 9.98, 6.83, 3.87, 0.00, 3.77, 6.67, 8.43, 6.34, 8.01, 6.98, 10.22, 11.71, 15.23, 16.68, 20.10, 21.01, 24.22, 26.10, 26.53, 29.53, 30.04, 29.53, 26.67, 26.07, 23.41, 21.66, 19.94, 21.39, 24.89, 24.09, 22.93, 20.20, 16.39, 14.97, 12.43, 11.20, 9.52, 7.39, 9.81, 12.88, 14.64, 15.04, 14.76, 16.27, 15.17, 14.79, 12.10, 10.24, 10.70, 10.79, 7.66, 5.68, 7.80, 7.52, 7.17, 8.09, 11.64, 11.83, 14.17, 14.79, 17.39, 16.29, 19.48, 19.35, 22.34, 24.01, 23.11, 19.35, 20.31, 23.52, 25.80, 29.52, 29.66, 27.66, 26.74, 30.17, 31.59, 28.76, 27.51, 30.32, 30.32, 28.89, 27.10, 24.69, 22.16, 20.83, 18.13, 17.48, 13.92, 12.90, 9.44, 11.17, 9.30, 6.93, 9.38
 20.32, 18.54, 19.72, 17.82, 20.51, 19.94, 22.04, 20.99, 18.67, 15.64, 15.33, 14.19, 12.08, 9.22, 6.59, 3.77, 0.00, 3.81, 6.13, 5.54, 8.67, 9.18, 12.80, 14.76, 18.39, 19.70, 23.07, 23.64, 26.79, 28.40, 28.91, 32.12, 32.57, 32.09, 29.35, 28.44, 25.88, 24.44, 22.65, 24.45, 27.79, 26.70, 25.72, 22.70, 18.99, 17.16, 14.11, 12.15, 9.39, 7.07, 8.30, 11.44, 13.83, 14.87, 15.33, 16.95, 15.56, 16.00, 13.68, 10.91, 11.54, 12.77, 10.22, 7.41, 9.97, 10.78, 10.62, 11.67, 15.32, 15.55, 17.85, 18.19, 20.51, 18.94, 21.78, 21.11, 23.71, 25.09, 23.66, 20.07, 21.33, 24.31, 26.41, 30.07, 30.18, 28.57, 27.71, 31.11, 32.88, 30.34, 29.02, 31.68, 31.36, 30.02, 28.65, 26.48, 24.24, 23.37, 20.91, 20.70, 17.21, 16.50, 13.07, 14.57, 12.23, 9.09, 10.26
 19.47, 18.20, 20.06, 18.77, 21.89, 21.86, 23.98, 23.42, 21.46, 18.67, 18.79, 17.58, 15.76, 12.92, 9.98, 6.67, 3.81, 0.00, 3.76, 5.59, 8.61, 9.89, 13.70, 15.64, 19.18, 20.08, 23.26, 23.34, 26.41, 27.73, 28.52, 31.93, 32.13, 31.58, 29.03, 27.70, 25.32, 24.38, 22.71, 25.02, 28.06, 26.74, 26.25, 22.99, 19.42, 16.98, 13.74, 10.95, 7.61, 5.09, 4.96, 7.97, 10.63, 12.12, 13.14, 14.89, 13.58, 14.88, 12.79, 9.49, 10.87, 12.94, 10.88, 8.34, 11.66, 12.97, 13.63, 14.67, 18.09, 18.04, 19.78, 19.68, 21.44, 19.31, 21.73, 20.41, 22.64, 23.52, 21.78, 18.38, 19.58, 22.19, 24.27, 27.81, 27.74, 26.43, 25.55, 28.85, 30.93, 28.69, 27.38, 29.93, 29.40, 28.31, 27.29, 25.53, 23.50, 23.22, 20.99, 21.42, 18.11, 18.05, 14.91, 16.59, 14.41, 11.15, 11.54
 22.05, 20.67, 22.68, 21.26, 24.25, 23.99, 25.67, 24.98, 23.29, 20.27, 20.41, 19.83, 17.85, 14.55, 12.13, 8.43, 6.13, 3.76, 0.00, 3.83, 6.61, 9.21, 12.72, 15.30, 18.90, 20.16, 23.47, 23.77, 27.06, 28.62, 29.87, 33.21, 33.01, 32.05, 29.31, 27.64, 24.99, 23.97, 21.88, 24.36, 27.19, 25.42, 24.92, 21.40, 18.13, 15.66, 12.06, 9.36, 5.66, 5.26, 5.88, 7.06, 10.50, 11.16, 13.04, 15.60, 15.15, 16.73, 14.18, 11.27, 13.53, 15.28, 12.78, 11.09, 14.60, 15.22, 15.51, 15.67, 18.97, 19.46, 21.05, 21.37, 23.15, 21.16, 23.68, 22.28, 24.59, 25.05, 23.49, 20.13, 20.72, 22.92, 25.38, 28.80, 28.23, 26.84, 25.46, 28.48, 30.46, 28.47, 27.63, 30.43, 30.19, 29.54, 28.44, 27.02, 24.72, 24.54, 22.02, 22.39, 18.93, 18.68, 15.46, 16.45, 13.90, 10.39, 9.60
 22.63, 20.64, 22.15, 20.15, 22.72, 21.92, 23.25, 22.21, 20.55, 17.33, 17.44, 17.41, 15.48, 11.87, 9.97, 6.34, 5.54, 5.59, 3.83, 0.00, 3.77, 6.24, 9.59, 12.52, 16.25, 18.04, 21.60, 22.47, 25.96, 27.95, 29.17, 32.28, 32.10, 31.00, 27.98, 26.59, 23.62, 22.08, 19.72, 21.79, 24.84, 23.14, 22.20, 18.80, 15.43, 13.52, 9.97, 8.29, 5.50, 5.74, 8.25, 9.68, 12.60, 12.40, 13.67, 16.37, 16.22, 17.03, 13.94, 11.75, 13.88, 14.70, 11.52, 10.36, 13.54, 13.25, 12.92, 12.43, 15.65, 16.61, 18.39, 19.28, 21.47, 20.06, 23.02, 22.19, 24.95, 25.72, 24.66, 21.05, 21.36, 23.82, 26.52, 30.05, 29.46, 27.63, 26.07, 29.09, 30.66, 28.37, 27.73, 30.79, 30.95, 30.23, 28.67, 26.98, 24.29, 23.58, 20.67, 20.44, 16.75, 15.90, 12.43, 12.96, 10.16, 6.59, 6.06
 22.74, 20.46, 21.93, 19.81, 22.14, 21.23, 22.00, 21.11, 20.05, 16.99, 17.69, 18.25, 16.88, 13.14, 11.44, 8.01, 8.67, 8.61, 6.61, 3.77, 0.00, 3.78, 6.43, 9.62, 13.22, 15.22, 18.82, 19.95, 23.60, 25.88, 27.43, 30.36, 29.87, 28.44, 25.25, 23.74, 20.56, 18.88, 16.27, 18.41, 21.32, 19.46, 18.57, 15.09, 11.82, 9.93, 6.32, 5.44, 4.30, 6.27, 9.61, 10.20, 12.52, 11.21, 12.27, 15.36, 16.01, 16.56, 13.05, 11.79, 14.44, 14.59, 11.18, 11.30, 14.44, 13.42, 13.24, 12.02, 14.58, 15.70, 16.92, 18.07, 20.11, 18.96, 22.00, 21.32, 24.28, 24.85, 24.28, 20.65, 20.32, 22.57, 25.63, 29.07, 28.19, 26.02, 24.10, 26.93, 28.17, 25.86, 25.60, 28.90, 29.49, 29.04, 27.18, 25.66, 22.66, 21.86, 18.68, 18.34, 14.68, 13.82, 10.68, 10.79, 8.39, 5.60, 4.97
 20.69, 17.97, 19.04, 16.62, 18.68, 17.62, 18.25, 17.45, 16.63, 13.83, 15.08, 15.76, 15.08, 11.56, 9.75, 6.98, 9.18, 9.89, 9.21, 6.24, 3.78, 0.00, 3.82, 6.28, 10.02, 12.02, 15.71, 17.07, 20.72, 23.17, 24.50, 27.27, 26.99, 25.69, 22.45, 21.36, 18.19, 16.23, 13.88, 15.70, 18.92, 17.60, 16.60, 13.53, 9.82, 8.23, 5.58, 5.65, 6.18, 6.83, 10.60, 11.86, 13.25, 11.83, 11.68, 14.28, 14.89, 14.60, 10.91, 10.51, 12.74, 12.01, 8.38, 9.40, 12.06, 10.41, 10.45, 9.19, 11.34, 12.16, 13.16, 14.37, 16.55, 15.73, 19.00, 18.79, 22.05, 22.99, 22.83, 19.08, 18.69, 21.30, 24.34, 27.87, 27.24, 24.76, 23.03, 26.03, 26.99, 24.30, 23.86, 27.19, 27.94, 27.23, 25.04, 23.19, 20.02, 18.80, 15.47, 14.78, 11.04, 10.07, 6.98, 7.66, 6.24, 4.81, 6.58
 22.58, 19.56, 20.28, 17.61, 19.06, 17.60, 17.41, 16.52, 16.35, 13.78, 15.40, 16.87, 16.64, 13.27, 12.22, 10.22, 12.80, 13.70, 12.72, 9.59, 6.43, 3.82, 0.00, 3.83, 7.25, 10.08, 13.85, 15.91, 19.68, 22.59, 24.14, 26.53, 26.00, 24.34, 20.83, 19.87, 16.37, 13.87, 11.06, 12.47, 15.72, 14.35, 12.97, 10.04, 6.33, 5.88, 4.60, 7.00, 9.01, 10.35, 14.09, 14.87, 15.88, 13.74, 13.28, 15.91, 17.12, 16.40, 12.62, 13.21, 15.42, 13.96, 10.45, 12.35, 14.44, 12.00, 11.72, 9.48, 10.45, 11.76, 12.21, 14.09, 16.27, 16.15, 19.54, 19.77, 23.22, 24.11, 24.51, 20.84, 19.89, 22.30, 25.58, 28.97, 28.11, 25.27, 23.23, 25.96, 26.39, 23.62, 23.64, 27.20, 28.46, 27.96, 25.38, 23.62, 20.11, 18.55, 14.90, 13.65, 10.05, 8.51, 6.15, 5.44, 5.13, 5.95, 7.58
 20.64, 17.37, 17.78, 15.09, 16.21, 14.86, 14.32, 13.98, 14.52, 12.70, 15.16, 16.56, 17.19, 14.35, 13.07, 11.71, 14.76, 15.64, 15.30, 12.52, 9.62, 6.28, 3.83, 0.00, 3.77, 6.43, 10.24, 12.51, 16.23, 19.28, 20.72, 22.92, 22.48, 20.91, 17.39, 16.83, 13.45, 10.78, 8.55, 9.72, 13.21, 12.63, 11.55, 9.38, 5.60, 5.45, 6.35, 8.57, 11.17, 11.82, 15.39, 16.34, 16.50, 14.32, 12.86, 14.81, 16.16, 14.73, 11.13, 12.77, 14.60, 12.37, 9.37, 12.25, 13.74, 11.02, 11.45, 9.65, 9.53, 9.93, 9.32, 11.01, 12.90, 13.14, 16.53, 17.18, 20.76, 21.84, 22.72, 19.14, 17.97, 20.50, 23.72, 27.06, 26.39, 23.29, 21.45, 24.24, 24.39, 21.30, 21.18, 24.71, 26.16, 25.51, 22.65, 20.71, 17.07, 15.18, 11.44, 9.92, 6.47, 5.33, 4.62, 5.21, 7.23, 8.99, 11.28
 21.35, 17.96, 18.07, 15.49, 16.00, 14.67, 13.30, 13.48, 14.99, 14.00, 16.95, 18.56, 19.78, 17.32, 16.22, 15.23, 18.39, 19.18, 18.90, 16.25, 13.22, 10.02, 7.25, 3.77, 0.00, 3.80, 7.26, 10.26, 13.86, 17.27, 18.85, 20.59, 19.94, 18.12, 14.46, 14.25, 10.82, 7.63, 5.73, 6.21, 9.83, 9.97, 9.10, 8.02, 5.21, 6.21, 8.82, 11.32, 14.40, 15.10, 18.47, 19.19, 18.80, 16.34, 14.39, 15.90, 17.64, 15.78, 12.57, 15.03, 16.67, 13.97, 11.68, 15.05, 16.06, 13.19, 13.88, 12.13, 10.87, 10.85, 9.01, 10.66, 11.93, 12.83, 15.95, 17.03, 20.61, 21.63, 23.12, 19.82, 18.16, 20.45, 23.69, 26.79, 26.06, 22.66, 20.76, 23.30, 22.90, 19.66, 19.82, 23.39, 25.29, 24.76, 21.56, 19.72, 15.91, 13.73, 9.96, 8.00, 5.71, 5.20, 6.91, 7.24, 10.23, 12.57, 14.76
 18.87, 15.59, 15.83, 13.81, 14.42, 13.92, 12.67, 13.94, 15.85, 15.53, 18.84, 19.91, 21.50, 19.32, 17.68, 16.68, 19.70, 20.08, 20.16, 18.04, 15.22, 12.02, 10.08, 6.43, 3.80, 0.00, 3.81, 6.49, 10.10, 13.48, 15.14, 16.96, 16.25, 14.57, 11.03, 10.96, 7.95, 5.42, 5.55, 6.74, 9.62, 10.52, 10.87, 10.24, 8.05, 7.80, 10.60, 12.26, 15.42, 15.68, 18.59, 19.25, 18.10, 15.78, 13.14, 13.90, 15.79, 13.63, 10.98, 14.14, 15.59, 12.74, 11.43, 15.17, 16.04, 13.69, 15.28, 14.38, 13.15, 12.06, 9.36, 9.66, 9.71, 10.31, 12.92, 13.99, 17.44, 18.37, 20.22, 17.19, 15.25, 17.46, 20.58, 23.56, 22.96, 19.47, 17.83, 20.44, 19.98, 16.53, 16.41, 19.86, 21.82, 21.23, 17.92, 16.13, 12.29, 10.18, 6.53, 5.34, 4.52, 6.48, 9.01, 10.49, 13.43, 15.34, 17.61
 19.00, 15.93, 16.01, 14.58, 14.78, 14.81, 13.21, 15.27, 17.76, 18.13, 21.67, 22.59, 24.56, 22.67, 20.95, 20.10, 23.07, 23.26, 23.47, 21.60, 18.82, 15.71, 13.85, 10.24, 7.26, 3.81, 0.00, 3.81, 6.85, 10.53, 12.38, 13.73, 12.74, 10.91, 7.33, 7.92, 5.66, 3.99, 6.57, 7.26, 8.92, 10.82, 12.00, 12.27, 11.03, 10.85, 13.94, 15.38, 18.61, 18.75, 21.31, 21.80, 20.11, 17.82, 14.82, 14.88, 16.95, 14.55, 12.72, 16.29, 17.48, 14.55, 14.09, 17.92, 18.48, 16.39, 18.32, 17.72, 16.14, 14.60, 11.30, 10.86, 9.65, 10.48, 12.16, 13.46, 16.58, 17.33, 19.80, 17.29, 14.96, 16.76, 19.68, 22.28, 21.74, 18.06, 16.63, 18.97, 18.01, 14.40, 14.33, 17.61, 19.95, 19.45, 15.86, 14.30, 10.52, 8.42, 5.62, 5.23, 6.91, 9.44, 12.50, 14.05, 17.17, 19.14, 21.39
 16.58, 13.98, 14.60, 14.09, 14.82, 15.80, 14.87, 17.47, 19.75, 20.24, 23.78, 24.16, 26.13, 24.30, 22.08, 21.01, 23.64, 23.34, 23.77, 22.47, 19.95, 17.07, 15.91, 12.51, 10.26, 6.49, 3.81, 0.00, 3.80, 7.09, 9.40, 11.34, 10.15, 8.65, 5.74, 5.86, 5.20, 6.18, 9.16, 10.72, 11.70, 13.33, 15.15, 15.03, 13.70, 12.58, 15.28, 15.90, 18.92, 18.74, 20.73, 21.07, 18.79, 16.79, 13.43, 12.72, 14.89, 12.57, 11.55, 15.31, 16.42, 13.86, 14.26, 17.99, 18.68, 17.31, 19.83, 19.84, 18.71, 16.70, 13.47, 11.99, 9.79, 9.48, 10.07, 10.76, 13.44, 13.83, 16.54, 14.43, 11.81, 13.36, 16.11, 18.57, 18.15, 14.48, 13.42, 15.93, 15.21, 11.45, 10.80, 13.94, 16.17, 15.66, 12.09, 10.78, 7.07, 5.90, 4.43, 6.55, 8.65, 11.98, 14.68, 16.80, 19.59, 21.03, 23.19
 16.76, 14.61, 15.02, 15.22, 15.60, 17.14, 16.19, 19.30, 21.83, 22.83, 26.48, 26.64, 28.89, 27.37, 25.09, 24.22, 26.79, 26.41, 27.06, 25.96, 23.60, 20.72, 19.68, 16.23, 13.86, 10.10, 6.85, 3.80, 0.00, 3.79, 6.33, 7.81, 6.35, 5.38, 3.85, 5.38, 7.08, 8.97, 12.44, 13.56, 13.89, 15.98, 18.08, 18.40, 17.37, 16.33, 19.03, 19.45, 22.34, 21.92, 23.57, 23.91, 21.26, 19.54, 16.04, 14.62, 16.56, 14.11, 14.02, 17.81, 18.48, 15.98, 17.07, 20.68, 21.03, 19.94, 22.69, 23.01, 21.71, 19.35, 15.91, 13.92, 10.94, 10.67, 9.97, 10.80, 12.71, 12.97, 16.26, 14.93, 12.28, 13.35, 15.47, 17.40, 17.30, 13.67, 13.29, 15.49, 14.43, 10.65, 9.56, 11.99, 14.42, 13.80, 10.02, 8.97, 6.03, 5.49, 6.44, 8.81, 11.73, 15.12, 18.05, 20.30, 23.22, 24.68, 26.93
 15.52, 14.13, 14.83, 15.97, 16.62, 18.85, 18.41, 21.79, 24.14, 25.29, 28.90, 28.64, 30.93, 29.56, 27.00, 26.10, 28.40, 27.73, 28.62, 27.95, 25.88, 23.17, 22.59, 19.28, 17.27, 13.48, 10.53, 7.09, 3.79, 0.00, 3.87, 6.02, 4.68, 5.51, 6.46, 7.44, 10.10, 12.56, 15.94, 17.31, 17.49, 19.45, 21.74, 21.87, 20.74, 19.30, 21.67, 21.55, 24.13, 23.40, 24.51, 24.83, 21.78, 20.51, 16.91, 14.76, 16.40, 14.11, 14.99, 18.59, 18.95, 16.88, 18.67, 21.98, 22.26, 21.76, 24.85, 25.62, 24.57, 21.91, 18.61, 16.06, 12.65, 11.67, 9.69, 9.88, 10.69, 10.56, 14.20, 13.71, 11.15, 11.75, 13.10, 14.59, 14.94, 11.59, 12.18, 14.35, 13.58, 10.06, 7.92, 9.29, 11.40, 10.53, 6.73, 6.20, 4.81, 6.13, 8.71, 11.68, 14.56, 18.16, 20.86, 23.44, 26.18, 27.32, 29.56
 14.24, 12.92, 12.90, 14.43, 14.65, 17.30, 17.15, 20.82, 23.12, 24.73, 28.33, 27.77, 30.36, 29.46, 26.94, 26.53, 28.91, 28.52, 29.87, 29.17, 27.43, 24.50, 24.14, 20.72, 18.85, 15.14, 12.38, 9.40, 6.33, 3.87, 0.00, 3.80, 5.30, 7.94, 9.18, 11.02, 13.34, 15.17, 18.48, 19.43, 20.03, 22.27, 24.15, 24.39, 22.92, 21.63, 23.80, 23.56, 25.84, 24.61, 25.61, 26.44, 23.43, 22.64, 18.89, 16.33, 17.16, 14.37, 15.79, 19.28, 18.87, 16.62, 18.90, 22.00, 21.67, 21.37, 24.57, 25.76, 24.63, 21.57, 18.31, 15.30, 11.57, 10.80, 8.09, 9.14, 9.67, 10.66, 14.23, 13.92, 12.31, 13.55, 14.11, 15.64, 16.85, 13.96, 15.25, 17.63, 17.12, 13.76, 11.17, 11.68, 12.92, 10.98, 7.50, 5.51, 5.46, 5.83, 9.36, 11.99, 15.17, 18.70, 21.49, 24.36, 27.20, 28.40, 30.99
 17.74, 16.35, 15.78, 17.00, 16.47, 18.80, 18.07, 21.82, 24.54, 26.50, 30.19, 29.88, 32.70, 31.96, 29.72, 29.53, 32.12, 31.93, 33.21, 32.28, 30.36, 27.27, 26.53, 22.92, 20.59, 16.96, 13.73, 11.34, 7.81, 6.02, 3.80, 0.00, 3.74, 7.19, 9.27, 11.95, 14.60, 16.30, 19.86, 20.23, 20.41, 23.09, 24.98, 25.78, 24.70, 23.87, 26.39, 26.54, 29.03, 27.96, 29.17, 29.98, 27.04, 26.03, 22.32, 19.96, 20.92, 18.06, 19.25, 22.84, 22.40, 19.89, 21.98, 25.20, 24.62, 24.00, 26.98, 27.96, 26.38, 23.39, 19.89, 17.17, 13.49, 13.63, 11.25, 12.83, 13.29, 14.21, 17.84, 17.71, 16.02, 16.96, 17.43, 18.49, 19.59, 16.71, 17.86, 19.70, 18.58, 15.37, 13.37, 13.60, 15.29, 13.69, 10.42, 9.11, 9.10, 8.77, 11.83, 13.70, 17.29, 20.53, 23.69, 26.29, 29.42, 30.97, 33.64
 19.31, 17.93, 17.95, 18.97, 18.79, 20.83, 19.82, 23.36, 26.17, 27.78, 31.51, 31.46, 34.06, 32.92, 30.64, 30.04, 32.57, 32.13, 33.01, 32.10, 29.87, 26.99, 26.00, 22.48, 19.94, 16.25, 12.74, 10.15, 6.35, 4.68, 5.30, 3.74, 0.00, 3.75, 6.73, 9.06, 12.24, 14.50, 18.20, 18.82, 18.42, 20.96, 23.27, 24.12, 23.48, 22.60, 25.35, 25.65, 28.42, 27.79, 29.08, 29.42, 26.42, 25.01, 21.47, 19.43, 21.03, 18.58, 19.41, 23.08, 23.25, 20.89, 22.62, 26.03, 25.95, 25.16, 28.06, 28.67, 27.12, 24.46, 20.88, 18.53, 15.04, 14.99, 12.97, 13.92, 14.44, 14.48, 18.24, 18.12, 15.73, 16.01, 16.94, 17.75, 18.15, 15.02, 15.66, 17.03, 15.44, 12.34, 10.98, 11.53, 14.02, 13.34, 9.94, 9.76, 9.21, 9.53, 12.03, 14.12, 17.53, 20.82, 23.97, 26.28, 29.35, 30.90, 33.25
 20.96, 19.29, 19.59, 20.12, 20.08, 21.62, 20.25, 23.48, 26.38, 27.65, 31.36, 31.68, 34.07, 32.59, 30.41, 29.53, 32.09, 31.58, 32.05, 31.00, 28.44, 25.69, 24.34, 20.91, 18.12, 14.57, 10.91, 8.65, 5.38, 5.51, 7.94, 7.19, 3.75, 0.00, 3.80, 5.92, 9.28, 11.78, 15.52, 16.21, 15.31, 17.75, 20.34, 21.31, 21.11, 20.38, 23.40, 24.04, 27.11, 26.97, 28.51, 28.51, 25.67, 23.77, 20.47, 19.01, 21.18, 19.01, 19.20, 22.92, 23.65, 21.28, 22.45, 26.05, 26.35, 25.23, 27.89, 28.03, 26.43, 24.19, 20.58, 18.77, 15.67, 15.75, 14.46, 15.19, 16.20, 15.82, 19.47, 18.97, 16.06, 16.08, 17.73, 18.64, 18.29, 14.83, 14.56, 15.58, 13.48, 10.31, 10.08, 11.60, 14.76, 14.85, 11.37, 11.62, 10.08, 10.30, 11.75, 13.62, 16.76, 19.88, 23.01, 24.92, 27.98, 29.62, 31.71
 20.60, 18.41, 18.69, 18.56, 18.56, 19.60, 18.01, 20.90, 23.77, 24.76, 28.43, 29.03, 31.27, 29.61, 27.60, 26.67, 29.35, 29.03, 29.31, 27.98, 25.25, 22.45, 20.83, 17.39, 14.46, 11.03, 7.33, 5.74, 3.85, 6.46, 9.18, 9.27, 6.73, 3.80, 0.00, 3.77, 5.99, 8.03, 11.78, 12.44, 11.78, 14.23, 16.65, 17.59, 17.38, 16.87, 20.05, 21.02, 24.25, 24.34, 26.24, 26.27, 23.77, 21.58, 18.38, 17.48, 19.84, 17.62, 17.11, 20.87, 21.87, 19.30, 19.93, 23.66, 24.12, 22.64, 25.04, 24.85, 23.20, 21.26, 17.69, 16.34, 13.72, 14.08, 13.71, 14.63, 16.44, 16.34, 19.70, 18.48, 15.52, 16.03, 18.33, 19.86, 19.25, 15.53, 14.58, 15.98, 14.06, 10.56, 10.76, 13.29, 16.39, 16.44, 12.77, 12.42, 9.77, 9.19, 9.41, 10.80, 13.67, 16.58, 19.71, 21.38, 24.46, 26.24, 28.28
 20.66, 18.73, 19.72, 19.72, 20.37, 21.46, 20.18, 22.80, 25.34, 25.81, 29.34, 29.92, 31.77, 29.73, 27.51, 26.07, 28.44, 27.70, 27.64, 26.59, 23.74, 21.36, 19.87, 16.83, 14.25, 10.96, 7.92, 5.86, 5.38, 7.44, 11.02, 11.95, 9.06, 5.92, 3.77, 0.00, 3.87, 7.34, 10.71, 12.40, 11.47, 13.01, 15.96, 16.33, 16.27, 15.23, 18.29, 19.06, 22.37, 22.80, 24.55, 24.09, 21.52, 19.08, 16.17, 15.61, 18.47, 16.90, 16.19, 19.74, 21.31, 19.22, 19.64, 23.27, 24.31, 23.03, 25.46, 25.14, 23.94, 22.27, 18.98, 17.76, 15.41, 15.05, 14.79, 14.81, 16.47, 15.64, 18.73, 17.53, 14.13, 14.06, 16.80, 18.27, 17.04, 13.28, 11.63, 12.82, 10.93, 7.46, 8.48, 11.66, 14.94, 15.66, 12.33, 12.73, 10.01, 10.42, 10.21, 12.14, 14.20, 17.17, 19.80, 21.36, 24.05, 25.45, 27.07
 21.06, 18.70, 19.65, 18.99, 19.72, 20.23, 18.83, 20.92, 23.30, 23.37, 26.76, 27.64, 29.25, 26.97, 24.97, 23.41, 25.88, 25.32, 24.99, 23.62, 20.56, 18.19, 16.37, 13.45, 10.82, 7.95, 5.66, 5.20, 7.08, 10.10, 13.34, 14.60, 12.24, 9.28, 5.99, 3.87, 0.00, 3.82, 6.88, 8.98, 8.46, 9.58, 12.39, 12.50, 12.43, 11.58, 14.86, 16.09, 19.59, 20.38, 22.54, 22.08, 19.99, 17.20, 14.58, 14.83, 17.82, 16.32, 14.77, 18.18, 20.09, 17.91, 17.61, 21.28, 22.55, 20.90, 22.97, 22.24, 21.07, 19.85, 16.79, 16.21, 14.60, 14.47, 15.18, 15.35, 17.66, 17.16, 19.80, 17.91, 14.68, 15.16, 18.37, 20.36, 18.98, 15.23, 13.05, 14.57, 13.09, 9.82, 11.01, 14.62, 17.57, 18.14, 14.84, 14.68, 11.32, 11.00, 9.40, 10.60, 11.86, 14.39, 16.82, 18.00, 20.61, 22.12, 23.61
 22.04, 19.18, 19.68, 18.28, 18.66, 18.46, 16.68, 18.28, 20.70, 20.63, 23.96, 25.23, 26.84, 24.55, 22.96, 21.66, 24.44, 24.38, 23.97, 22.08, 18.88, 16.23, 13.87, 10.78, 7.63, 5.42, 3.99, 6.18, 8.97, 12.56, 15.17, 16.30, 14.50, 11.78, 8.03, 7.34, 3.82, 0.00, 3.76, 5.25, 5.74, 7.20, 9.20, 9.62, 9.49, 9.57, 13.16, 15.10, 18.69, 19.60, 22.27, 22.14, 20.62, 17.75, 15.30, 16.06, 18.75, 16.99, 14.80, 18.10, 19.94, 17.39, 16.46, 20.18, 21.28, 19.09, 20.67, 19.50, 18.02, 17.19, 14.22, 14.41, 13.57, 14.16, 15.74, 16.50, 19.38, 19.48, 21.89, 19.49, 16.69, 17.83, 21.10, 23.45, 22.27, 18.55, 16.39, 18.14, 16.82, 13.60, 14.58, 18.18, 20.93, 21.12, 17.70, 16.86, 13.17, 11.84, 9.24, 9.04, 9.78, 11.57, 14.13, 14.86, 17.70, 19.65, 21.30
 23.53, 20.56, 21.17, 19.33, 19.92, 19.20, 17.51, 18.35, 20.37, 19.67, 22.66, 24.26, 25.43, 22.81, 21.47, 19.94, 22.65, 22.71, 21.88, 19.72, 16.27, 13.88, 11.06, 8.55, 5.73, 5.55, 6.57, 9.16, 12.44, 15.94, 18.48, 19.86, 18.20, 15.52, 11.78, 10.71, 6.88, 3.76, 0.00, 3.82, 5.45, 5.12, 6.40, 5.96, 5.90, 6.57, 10.34, 12.92, 16.60, 18.02, 21.02, 20.77, 19.85, 16.73, 14.92, 16.51, 19.20, 17.81, 14.97, 17.77, 19.98, 17.64, 15.93, 19.42, 20.86, 18.43, 19.48, 17.77, 16.53, 16.44, 14.09, 15.06, 15.12, 15.66, 17.86, 18.44, 21.54, 21.67, 23.62, 20.86, 18.26, 19.54, 23.05, 25.62, 24.24, 20.67, 18.17, 19.95, 18.94, 16.04, 17.19, 20.97, 23.51, 23.77, 20.54, 19.63, 15.85, 14.48, 11.30, 10.55, 9.90, 10.69, 12.53, 12.51, 15.01, 16.97, 18.27
 25.50, 22.25, 22.24, 20.02, 19.90, 18.65, 16.30, 16.89, 19.31, 18.96, 22.00, 24.01, 25.47, 23.17, 22.35, 21.39, 24.45, 25.02, 24.36, 21.79, 18.41, 15.70, 12.47, 9.72, 6.21, 6.74, 7.26, 10.72, 13.56, 17.31, 19.43, 20.23, 18.82, 16.21, 12.44, 12.40, 8.98, 5.25, 3.82, 0.00, 3.85, 5.28, 5.00, 6.63, 7.20, 9.33, 12.94, 15.87, 19.40, 20.64, 23.86, 23.97, 23.22, 20.25, 18.32, 19.70, 22.08, 20.24, 17.46, 20.36, 22.14, 19.36, 17.58, 21.11, 22.00, 19.12, 19.75, 17.74, 15.76, 15.88, 13.36, 14.91, 15.25, 16.68, 19.06, 20.32, 23.57, 24.12, 26.29, 23.50, 21.10, 22.60, 25.93, 28.48, 27.33, 23.66, 21.38, 23.09, 21.73, 18.71, 19.82, 23.44, 26.13, 26.15, 22.68, 21.46, 17.66, 15.63, 12.47, 10.69, 10.48, 10.46, 12.87, 12.33, 15.36, 18.01, 19.63
 27.65, 24.63, 24.80, 22.95, 22.80, 21.85, 19.37, 20.28, 22.93, 22.75, 25.83, 27.82, 29.31, 26.96, 26.04, 24.89, 27.79, 28.06, 27.19, 24.84, 21.32, 18.92, 15.72, 13.21, 9.83, 9.62, 8.92, 11.70, 13.89, 17.49, 20.03, 20.41, 18.42, 15.31, 11.78, 11.47, 8.46, 5.74, 5.45, 3.85, 0.00, 3.73, 5.44, 7.97, 9.88, 11.65, 15.41, 18.25, 21.95, 23.45, 26.48, 26.16, 25.15, 21.95, 20.09, 21.39, 24.16, 22.49, 19.98, 23.01, 24.97, 22.33, 20.83, 24.43, 25.45, 22.74, 23.54, 21.57, 19.59, 19.64, 16.93, 18.14, 17.92, 19.21, 21.07, 22.14, 25.06, 25.17, 27.61, 25.20, 22.37, 23.29, 26.63, 28.78, 27.31, 23.60, 21.10, 22.20, 20.31, 17.63, 19.38, 22.93, 26.01, 26.49, 23.04, 22.36, 18.74, 17.15, 14.51, 13.32, 13.75, 14.20, 16.64, 16.08, 18.93, 21.43, 22.70
 28.51, 25.61, 26.19, 24.32, 24.63, 23.65, 21.50, 22.06, 24.26, 23.51, 26.29, 28.33, 29.36, 26.63, 25.69, 24.09, 26.70, 26.74, 25.42, 23.14, 19.46, 17.60, 14.35, 12.63, 9.97, 10.52, 10.82, 13.33, 15.98, 19.45, 22.27, 23.09, 20.96, 17.75, 14.23, 13.01, 9.58, 7.20, 5.12, 5.28, 3.73, 0.00, 3.82, 5.27, 8.10, 9.80, 13.38, 16.40, 20.11, 22.12, 25.16, 24.46, 23.77, 20.31, 19.06, 20.94, 23.91, 22.77, 19.93, 22.55, 24.97, 22.72, 20.84, 24.20, 25.72, 23.10, 23.72, 21.50, 20.02, 20.52, 18.29, 19.70, 19.81, 20.64, 22.68, 23.28, 26.19, 26.00, 28.09, 25.55, 22.68, 23.42, 27.00, 29.21, 27.40, 23.85, 20.95, 21.94, 20.34, 18.04, 20.06, 23.80, 26.76, 27.51, 24.31, 23.85, 20.20, 18.98, 16.08, 15.17, 14.76, 14.96, 16.65, 15.69, 17.93, 20.08, 20.77
 29.56, 26.39, 26.63, 24.27, 24.33, 22.77, 20.47, 20.39, 22.43, 21.47, 23.99, 26.41, 27.33, 24.66, 24.21, 22.93, 25.72, 26.25, 24.92, 22.20, 18.57, 16.60, 12.97, 11.55, 9.10, 10.87, 12.00, 15.15, 18.08, 21.74, 24.15, 24.98, 23.27, 20.34, 16.65, 15.96, 12.39, 9.20, 6.40, 5.00, 5.44, 3.82, 0.00, 3.86, 6.84, 9.80, 13.06, 16.53, 20.02, 22.02, 25.38, 25.04, 24.83, 21.52, 20.40, 22.49, 25.10, 23.78, 20.65, 23.03, 25.27, 22.85, 20.53, 23.72, 25.03, 22.05, 22.09, 19.44, 17.74, 18.81, 17.00, 19.08, 19.88, 21.12, 23.66, 24.60, 27.82, 28.06, 29.98, 27.12, 24.62, 25.83, 29.39, 31.88, 30.30, 26.75, 24.00, 25.30, 23.90, 21.41, 23.10, 26.86, 29.64, 30.05, 26.77, 25.85, 22.06, 20.34, 17.07, 15.39, 14.46, 13.69, 15.11, 13.44, 15.68, 18.24, 19.02
 28.05, 25.03, 25.67, 23.36, 23.98, 22.58, 20.84, 20.63, 22.13, 20.65, 22.94, 25.13, 25.62, 22.62, 21.94, 20.20, 22.70, 22.99, 21.40, 18.80, 15.09, 13.53, 10.04, 9.38, 8.02, 10.24, 12.27, 15.03, 18.40, 21.87, 24.39, 25.78, 24.12, 21.31, 17.59, 16.33, 12.50, 9.62, 5.96, 6.63, 7.97, 5.27, 3.86, 0.00, 3.88, 6.57, 9.51, 13.05, 16.48, 18.77, 22.10, 21.58, 21.65, 18.30, 17.61, 20.13, 22.74, 21.85, 18.48, 20.43, 23.00, 21.00, 18.40, 21.32, 23.09, 20.36, 20.41, 17.80, 16.83, 18.03, 16.69, 18.66, 19.67, 20.34, 23.02, 23.50, 26.71, 26.82, 28.33, 25.30, 22.94, 24.19, 27.86, 30.52, 28.85, 25.49, 22.63, 24.15, 23.27, 20.89, 22.42, 26.28, 28.74, 29.18, 26.15, 25.27, 21.49, 20.08, 16.62, 15.33, 13.63, 12.88, 13.46, 11.82, 13.38, 15.40, 15.78
 25.00, 21.91, 22.56, 20.12, 21.00, 19.61, 18.32, 18.01, 19.11, 17.40, 19.68, 21.61, 22.04, 19.00, 18.13, 16.39, 18.99, 19.42, 18.13, 15.43, 11.82, 9.82, 6.33, 5.60, 5.21, 8.05, 11.03, 13.70, 17.37, 20.74, 22.92, 24.70, 23.48, 21.11, 17.38, 16.27, 12.43, 9.49, 5.90, 7.20, 9.88, 8.10, 6.84, 3.88, 0.00, 3.74, 6.48, 10.04, 13.36, 15.29, 18.76, 18.67, 18.87, 15.83, 14.99, 17.50, 19.73, 18.77, 15.22, 16.99, 19.43, 17.45, 14.66, 17.49, 19.28, 16.60, 16.72, 14.28, 13.69, 14.77, 13.74, 15.67, 17.01, 17.45, 20.41, 20.87, 24.23, 24.64, 25.86, 22.59, 20.64, 22.36, 25.93, 28.89, 27.55, 24.29, 21.74, 23.82, 23.43, 20.75, 21.65, 25.45, 27.51, 27.56, 24.61, 23.35, 19.57, 18.03, 14.37, 13.03, 10.64, 9.74, 9.82, 8.54, 10.08, 11.98, 12.86
 22.52, 19.75, 20.95, 18.96, 20.46, 19.67, 18.99, 19.10, 19.92, 18.13, 20.43, 21.77, 22.03, 18.84, 17.28, 14.97, 17.16, 16.98, 15.66, 13.52, 9.93, 8.23, 5.88, 5.45, 6.21, 7.80, 10.85, 12.58, 16.33, 19.30, 21.63, 23.87, 22.60, 20.38, 16.87, 15.23, 11.58, 9.57, 6.57, 9.33, 11.65, 9.80, 9.80, 6.57, 3.74, 0.00, 3.79, 6.80, 10.42, 12.43, 15.65, 15.27, 15.25, 12.12, 11.37, 14.11, 16.51, 16.00, 12.45, 14.03, 16.86, 15.38, 12.78, 15.53, 17.83, 15.76, 16.48, 14.70, 14.84, 15.36, 14.36, 15.51, 16.48, 16.09, 18.80, 18.65, 21.80, 21.92, 22.85, 19.60, 17.64, 19.25, 22.87, 25.88, 24.47, 21.41, 18.85, 21.12, 21.20, 18.64, 19.31, 23.08, 24.84, 24.97, 22.31, 21.26, 17.64, 16.67, 13.20, 12.79, 10.24, 10.34, 10.00, 9.86, 10.81, 11.66, 12.34
 22.41, 19.86, 21.33, 19.34, 21.29, 20.52, 20.43, 20.18, 20.29, 17.96, 19.73, 20.80, 20.46, 16.97, 15.27, 12.43, 14.11, 13.74, 12.06, 9.97, 6.32, 5.58, 4.60, 6.35, 8.82, 10.60, 13.94, 15.28, 19.03, 21.67, 23.80, 26.39, 25.35, 23.40, 20.05, 18.29, 14.86, 13.16, 10.34, 12.94, 15.41, 13.38, 13.06, 9.51, 6.48, 3.79, 0.00, 3.76, 6.98, 9.47, 12.78, 12.39, 13.15, 10.31, 10.47, 13.71, 15.66, 15.74, 12.04, 12.55, 15.63, 14.83, 11.83, 13.79, 16.60, 14.91, 15.41, 13.76, 14.85, 15.63, 15.46, 16.59, 17.95, 17.11, 19.94, 19.42, 22.48, 22.64, 22.95, 19.52, 18.08, 19.86, 23.36, 26.55, 25.22, 22.53, 20.12, 22.59, 23.22, 20.86, 21.21, 24.84, 26.13, 26.13, 23.85, 22.71, 19.32, 18.56, 15.19, 14.95, 11.82, 11.59, 9.98, 9.90, 9.51, 9.17, 9.28
 20.28, 18.17, 20.15, 18.63, 21.16, 20.91, 21.46, 21.48, 21.23, 18.88, 20.51, 20.91, 20.36, 16.91, 14.56, 11.20, 12.15, 10.95, 9.36, 8.29, 5.44, 5.65, 7.00, 8.57, 11.32, 12.26, 15.38, 15.90, 19.45, 21.55, 23.56, 26.54, 25.65, 24.04, 21.02, 19.06, 16.09, 15.10, 12.92, 15.87, 18.25, 16.40, 16.53, 13.05, 10.04, 6.80, 3.76, 0.00, 3.77, 6.31, 9.24, 8.66, 9.49, 6.97, 7.68, 11.15, 12.83, 13.59, 10.09, 9.78, 13.21, 13.24, 10.58, 11.97, 15.28, 14.45, 15.48, 14.65, 16.39, 16.65, 16.67, 17.11, 18.21, 16.62, 19.15, 18.02, 20.77, 20.77, 20.54, 17.13, 16.06, 17.85, 21.18, 24.45, 23.25, 20.95, 18.80, 21.53, 22.75, 20.56, 20.45, 23.83, 24.60, 24.52, 22.67, 21.63, 18.61, 18.37, 15.41, 15.89, 12.79, 13.21, 11.30, 12.17, 11.36, 9.94, 9.95
 20.41, 18.65, 20.79, 19.37, 22.22, 22.05, 23.12, 22.90, 22.04, 19.38, 20.46, 20.43, 19.32, 15.84, 13.29, 9.52, 9.39, 7.61, 5.66, 5.50, 4.30, 6.18, 9.01, 11.17, 14.40, 15.42, 18.61, 18.92, 22.34, 24.13, 25.84, 29.03, 28.42, 27.11, 24.25, 22.37, 19.59, 18.69, 16.60, 19.40, 21.95, 20.11, 20.02, 16.48, 13.36, 10.42, 6.98, 3.77, 0.00, 3.75, 6.39, 6.14, 8.31, 7.13, 8.76, 12.00, 12.79, 14.11, 10.95, 9.26, 12.53, 13.44, 10.79, 10.91, 14.57, 14.41, 15.26, 14.88, 17.36, 17.68, 18.36, 18.67, 20.01, 18.12, 20.62, 19.24, 21.78, 21.89, 21.03, 17.60, 17.24, 19.20, 22.18, 25.53, 24.57, 22.71, 20.90, 23.77, 25.42, 23.36, 22.91, 26.01, 26.29, 26.00, 24.53, 23.37, 20.70, 20.59, 17.86, 18.40, 15.12, 15.33, 12.75, 13.77, 12.11, 9.59, 9.18
 17.53, 15.89, 18.03, 16.78, 19.89, 20.01, 21.63, 21.55, 20.38, 17.89, 18.95, 18.28, 17.29, 14.17, 11.05, 7.39, 7.07, 5.09, 5.26, 5.74, 6.27, 6.83, 10.35, 11.82, 15.10, 15.68, 18.75, 18.74, 21.92, 23.40, 24.61, 27.96, 27.79, 26.97, 24.34, 22.80, 20.38, 19.60, 18.02, 20.64, 23.45, 22.12, 22.02, 18.77, 15.29, 12.43, 9.47, 6.31, 3.75, 0.00, 3.77, 5.79, 7.52, 7.86, 8.51, 10.81, 10.52, 11.73, 8.95, 6.38, 9.21, 10.61, 8.31, 7.65, 11.44, 12.00, 13.33, 13.87, 16.63, 16.35, 17.23, 17.03, 18.36, 16.16, 18.57, 17.16, 19.62, 20.16, 18.97, 15.42, 15.81, 18.27, 20.84, 24.38, 23.95, 22.26, 21.04, 24.28, 26.13, 23.85, 22.79, 25.59, 25.46, 24.68, 23.36, 21.83, 19.47, 19.31, 16.91, 17.60, 14.40, 14.87, 12.26, 14.13, 12.71, 10.14, 10.79
 16.86, 16.03, 18.64, 18.08, 21.54, 22.18, 24.18, 24.37, 23.06, 20.75, 21.67, 20.48, 19.38, 16.59, 13.23, 9.81, 8.30, 4.96, 5.88, 8.25, 9.61, 10.60, 14.09, 15.39, 18.47, 18.59, 21.31, 20.73, 23.57, 24.51, 25.61, 29.17, 29.08, 28.51, 26.24, 24.55, 22.54, 22.27, 21.02, 23.86, 26.48, 25.16, 25.38, 22.10, 18.76, 15.65, 12.78, 9.24, 6.39, 3.77, 0.00, 3.86, 5.72, 7.80, 8.93, 10.60, 9.61, 11.78, 10.05, 6.61, 9.12, 11.70, 10.46, 9.05, 12.75, 14.27, 15.95, 17.06, 19.94, 19.33, 20.17, 19.45, 20.39, 17.68, 19.51, 17.51, 19.35, 19.62, 17.78, 14.58, 15.49, 17.71, 19.83, 23.26, 22.99, 21.87, 21.02, 24.28, 26.59, 24.60, 23.22, 25.63, 24.97, 24.16, 23.42, 22.12, 20.32, 20.72, 18.87, 20.10, 17.24, 18.14, 15.72, 17.82, 16.38, 13.62, 13.96
 18.86, 18.25, 21.16, 20.80, 24.23, 24.93, 26.59, 26.92, 25.95, 23.63, 24.71, 23.86, 22.75, 19.70, 16.54, 12.88, 11.44, 7.97, 7.06, 9.68, 10.20, 11.86, 14.87, 16.34, 19.19, 19.25, 21.80, 21.07, 23.91, 24.83, 26.44, 29.98, 29.42, 28.51, 26.27, 24.09, 22.08, 22.14, 20.77, 23.97, 26.16, 24.46, 25.04, 21.58, 18.67, 15.27, 12.39, 8.66, 6.14, 5.79, 3.86, 0.00, 3.85, 5.45, 8.08, 10.48, 10.61, 13.38, 11.60, 8.85, 12.03, 14.40, 13.16, 12.50, 16.26, 17.42, 19.05, 19.65, 22.32, 21.92, 22.40, 21.78, 22.42, 19.66, 21.25, 18.92, 20.52, 20.06, 18.31, 15.45, 15.66, 17.11, 19.50, 22.64, 21.80, 20.83, 19.54, 22.44, 24.88, 23.33, 22.37, 24.86, 24.33, 24.10, 23.53, 22.83, 21.01, 21.84, 19.99, 21.50, 18.78, 19.87, 17.66, 19.38, 17.93, 15.21, 14.79
 16.21, 15.92, 19.17, 19.37, 22.89, 24.09, 25.73, 26.61, 26.04, 24.19, 25.76, 24.78, 24.22, 21.41, 18.00, 14.64, 13.83, 10.63, 10.50, 12.60, 12.52, 13.25, 15.88, 16.50, 18.80, 18.10, 20.11, 18.79, 21.26, 21.78, 23.43, 27.04, 26.42, 25.67, 23.77, 21.52, 19.99, 20.62, 19.85, 23.22, 25.15, 23.77, 24.83, 21.65, 18.87, 15.25, 13.15, 9.49, 8.31, 7.52, 5.72, 3.85, 0.00, 3.80, 5.46, 7.14, 7.61, 10.80, 9.69, 7.55, 10.81, 13.16, 12.79, 12.79, 16.30, 17.62, 19.88, 20.77, 23.02, 22.08, 21.98, 20.82, 20.82, 17.73, 18.76, 16.04, 17.29, 16.48, 14.75, 12.11, 12.12, 13.34, 15.68, 18.80, 17.99, 17.10, 16.06, 19.10, 21.70, 20.18, 18.95, 21.22, 20.54, 20.35, 19.96, 19.51, 17.98, 19.28, 17.92, 20.00, 17.83, 19.61, 18.06, 20.23, 19.48, 17.29, 17.41
 17.81, 16.94, 19.96, 19.76, 22.96, 23.85, 24.95, 25.80, 25.62, 23.74, 25.56, 25.11, 24.70, 21.61, 18.49, 15.04, 14.87, 12.12, 11.16, 12.40, 11.21, 11.83, 13.74, 14.32, 16.34, 15.78, 17.82, 16.79, 19.54, 20.51, 22.64, 26.03, 25.01, 23.77, 21.58, 19.08, 17.20, 17.75, 16.73, 20.25, 21.95, 20.31, 21.52, 18.30, 15.83, 12.12, 10.31, 6.97, 7.13, 7.86, 7.80, 5.45, 3.80, 0.00, 3.81, 7.12, 9.15, 11.61, 9.65, 8.70, 12.42, 13.82, 12.88, 13.77, 17.29, 17.82, 19.87, 20.12, 22.00, 21.35, 20.93, 20.15, 20.16, 17.45, 18.75, 16.34, 17.99, 17.01, 16.07, 13.34, 12.29, 13.21, 16.24, 19.25, 17.89, 16.42, 14.62, 17.41, 19.61, 18.06, 17.46, 20.23, 20.24, 20.48, 19.59, 19.33, 17.25, 18.39, 16.60, 18.51, 16.33, 18.04, 16.74, 18.50, 17.97, 16.19, 16.11
 14.73, 13.62, 16.60, 16.57, 19.71, 20.87, 21.95, 23.20, 23.32, 21.90, 24.13, 23.60, 23.74, 20.97, 17.73, 14.76, 15.33, 13.14, 13.04, 13.67, 12.27, 11.68, 13.28, 12.86, 14.39, 13.14, 14.82, 13.43, 16.04, 16.91, 18.89, 22.32, 21.47, 20.47, 18.38, 16.17, 14.58, 15.30, 14.92, 18.32, 20.09, 19.06, 20.40, 17.61, 14.99, 11.37, 10.47, 7.68, 8.76, 8.51, 8.93, 8.08, 5.46, 3.81, 0.00, 3.81, 6.53, 8.30, 6.45, 6.73, 10.23, 11.05, 10.70, 12.34, 15.42, 15.88, 18.40, 18.95, 20.40, 19.22, 18.35, 17.14, 16.74, 13.91, 15.02, 12.65, 14.50, 13.75, 13.27, 10.28, 8.96, 10.47, 13.64, 16.91, 15.93, 14.00, 12.54, 15.80, 17.79, 15.70, 14.64, 17.45, 17.55, 17.43, 16.21, 15.67, 13.49, 14.62, 13.03, 15.26, 13.50, 15.78, 15.10, 17.37, 17.57, 16.39, 17.14
 11.40, 10.79, 14.11, 14.86, 18.15, 19.97, 21.33, 23.10, 23.34, 22.44, 24.89, 23.94, 24.51, 22.19, 18.74, 16.27, 16.95, 14.89, 15.60, 16.37, 15.36, 14.28, 15.91, 14.81, 15.90, 13.90, 14.88, 12.72, 14.62, 14.76, 16.33, 19.96, 19.43, 19.01, 17.48, 15.61, 14.83, 16.06, 16.51, 19.70, 21.39, 20.94, 22.49, 20.13, 17.50, 14.11, 13.71, 11.15, 12.00, 10.81, 10.60, 10.48, 7.14, 7.12, 3.81, 0.00, 3.78, 5.59, 5.59, 6.55, 9.00, 9.92, 10.91, 12.59, 15.09, 16.04, 19.11, 20.25, 21.51, 19.69, 18.50, 16.54, 15.47, 12.15, 12.43, 9.52, 10.89, 10.08, 9.50, 6.53, 5.37, 7.48, 10.27, 13.77, 13.43, 11.63, 11.14, 14.80, 16.99, 14.72, 12.80, 15.07, 14.66, 14.08, 13.09, 12.47, 10.88, 12.57, 11.91, 14.77, 13.75, 16.62, 16.45, 19.26, 19.88, 18.92, 20.17
 8.74, 8.63, 12.19, 13.30, 16.93, 19.02, 21.01, 22.71, 22.49, 21.65, 23.86, 22.37, 22.89, 20.95, 17.30, 15.17, 15.56, 13.58, 15.15, 16.22, 16.01, 14.89, 17.12, 16.16, 17.64, 15.79, 16.95, 14.89, 16.56, 16.40, 17.16, 20.92, 21.03, 21.18, 19.84, 18.47, 17.82, 18.75, 19.20, 22.08, 24.16, 23.91, 25.10, 22.74, 19.73, 16.51, 15.66, 12.83, 12.79, 10.52, 9.61, 10.61, 7.61, 9.15, 6.53, 3.78, 0.00, 3.79, 5.36, 4.94, 6.19, 8.13, 9.92, 10.73, 12.95, 14.70, 17.99, 19.79, 21.37, 19.26, 18.50, 16.20, 15.31, 11.68, 11.86, 8.84, 9.96, 10.03, 8.45, 5.01, 6.32, 9.24, 10.87, 14.54, 15.07, 13.82, 14.14, 17.88, 20.21, 17.88, 15.46, 17.19, 16.12, 14.77, 14.17, 12.91, 11.93, 13.34, 13.02, 15.70, 14.56, 17.26, 16.78, 19.95, 20.37, 19.13, 20.68
 6.79, 5.37, 8.69, 9.73, 13.26, 15.52, 17.51, 19.48, 19.51, 19.13, 21.67, 20.22, 21.31, 19.71, 16.23, 14.79, 16.00, 14.88, 16.73, 17.03, 16.56, 14.60, 16.40, 14.73, 15.78, 13.63, 14.55, 12.57, 14.11, 14.11, 14.37, 18.06, 18.58, 19.01, 17.62, 16.90, 16.32, 16.99, 17.81, 20.24, 22.49, 22.77, 23.78, 21.85, 18.77, 16.00, 15.74, 13.59, 14.11, 11.73, 11.78, 13.38, 10.80, 11.61, 8.30, 5.59, 3.79, 0.00, 3.80, 5.48, 5.29, 5.48, 8.12, 9.77, 11.09, 12.50, 16.06, 18.02, 19.12, 16.58, 15.49, 12.82, 11.66, 7.96, 8.25, 5.74, 7.94, 9.24, 8.73, 4.93, 6.21, 9.98, 11.54, 15.28, 16.19, 14.35, 14.86, 18.69, 20.47, 17.61, 15.00, 16.81, 16.11, 14.23, 12.88, 10.74, 9.40, 10.14, 9.95, 12.55, 11.82, 14.77, 14.86, 18.32, 19.32, 18.70, 20.85
 10.38, 8.13, 10.54, 10.16, 13.42, 14.79, 16.37, 17.83, 17.82, 16.92, 19.44, 18.49, 19.33, 17.25, 13.92, 12.10, 13.68, 12.79, 14.18, 13.94, 13.05, 10.91, 12.62, 11.13, 12.57, 10.98, 12.72, 11.55, 14.02, 14.99, 15.79, 19.25, 19.41, 19.20, 17.11, 16.19, 14.77, 14.80, 14.97, 17.46, 19.98, 19.93, 20.65, 18.48, 15.22, 12.45, 12.04, 10.09, 10.95, 8.95, 10.05, 11.60, 9.69, 9.65, 6.45, 5.59, 5.36, 3.80, 0.00, 3.82, 5.45, 4.80, 5.52, 7.95, 9.99, 10.54, 13.73, 15.11, 16.30, 14.26, 13.36, 11.47, 11.16, 8.11, 9.85, 8.36, 11.24, 12.28, 12.14, 8.36, 8.42, 11.80, 14.20, 17.89, 18.14, 15.89, 15.49, 19.18, 20.69, 17.73, 15.82, 18.34, 18.29, 16.91, 15.09, 13.08, 10.72, 10.68, 9.09, 11.01, 9.32, 11.90, 11.60, 14.86, 15.75, 15.17, 17.28
 11.21, 9.73, 12.35, 12.03, 15.59, 16.80, 18.84, 19.79, 19.07, 17.65, 19.54, 18.21, 18.38, 16.17, 12.55, 10.24, 10.91, 9.49, 11.27, 11.75, 11.79, 10.51, 13.21, 12.77, 15.03, 14.14, 16.29, 15.31, 17.81, 18.59, 19.28, 22.84, 23.08, 22.92, 20.87, 19.74, 18.18, 18.10, 17.77, 20.36, 23.01, 22.55, 23.03, 20.43, 16.99, 14.03, 12.55, 9.78, 9.26, 6.38, 6.61, 8.85, 7.55, 8.70, 6.73, 6.55, 4.94, 5.48, 3.82, 0.00, 3.80, 5.68, 5.83, 6.24, 9.20, 10.67, 13.58, 15.24, 17.25, 15.56, 15.54, 13.96, 14.24, 11.22, 12.90, 11.09, 13.38, 14.28, 13.13, 9.42, 10.42, 13.55, 15.63, 19.33, 19.62, 17.94, 17.60, 21.26, 23.20, 20.59, 18.68, 21.00, 20.48, 19.12, 17.89, 16.05, 14.17, 14.36, 12.86, 14.45, 12.24, 14.09, 12.79, 15.87, 15.87, 14.42, 16.18
 8.87, 7.36, 9.65, 9.59, 13.34, 14.93, 17.57, 18.65, 17.65, 16.66, 18.48, 16.55, 17.09, 15.61, 11.94, 10.70, 11.54, 10.87, 13.53, 13.88, 14.44, 12.74, 15.42, 14.60, 16.67, 15.59, 17.48, 16.42, 18.48, 18.95, 18.87, 22.40, 23.25, 23.65, 21.87, 21.31, 20.09, 19.94, 19.98, 22.14, 24.97, 24.97, 25.27, 23.00, 19.43, 16.86, 15.63, 13.21, 12.53, 9.21, 9.12, 12.03, 10.81, 12.42, 10.23, 9.00, 6.19, 5.29, 5.45, 3.80, 0.00, 3.79, 5.76, 5.31, 6.93, 9.38, 12.70, 15.21, 17.14, 14.89, 15.04, 12.93, 13.17, 10.07, 11.56, 10.14, 12.32, 14.11, 12.80, 9.21, 11.28, 14.86, 16.21, 19.93, 20.91, 19.37, 19.66, 23.46, 25.35, 22.54, 20.17, 22.07, 21.23, 19.24, 18.08, 15.67, 14.27, 14.13, 13.16, 14.61, 12.77, 14.61, 13.52, 16.99, 17.23, 16.00, 18.29
 9.25, 6.29, 7.49, 6.42, 9.98, 11.40, 13.84, 15.11, 14.52, 13.93, 16.30, 14.74, 15.97, 14.66, 11.35, 10.79, 12.77, 12.94, 15.28, 14.70, 14.59, 12.01, 13.96, 12.37, 13.97, 12.74, 14.55, 13.86, 15.98, 16.88, 16.62, 19.89, 20.89, 21.28, 19.30, 19.22, 17.91, 17.39, 17.64, 19.36, 22.33, 22.72, 22.85, 21.00, 17.45, 15.38, 14.83, 13.24, 13.44, 10.61, 11.70, 14.40, 13.16, 13.82, 11.05, 9.92, 8.13, 5.48, 4.80, 5.68, 3.79, 0.00, 3.80, 5.51, 5.87, 7.11, 10.78, 13.15, 14.41, 11.77, 11.47, 9.16, 9.50, 6.74, 9.07, 8.79, 11.83, 14.14, 13.82, 10.16, 11.51, 15.31, 16.94, 20.65, 21.60, 19.50, 19.65, 23.41, 24.79, 21.61, 19.36, 21.50, 21.18, 19.09, 17.24, 14.40, 12.44, 11.44, 10.13, 11.11, 9.43, 11.40, 10.95, 14.65, 15.61, 15.21, 18.02
 12.97, 10.02, 10.86, 8.75, 11.61, 11.81, 13.74, 14.18, 13.32, 11.89, 14.06, 13.09, 13.84, 11.86, 8.66, 7.66, 10.22, 10.88, 12.78, 11.52, 11.18, 8.38, 10.45, 9.37, 11.68, 11.43, 14.09, 14.26, 17.07, 18.67, 18.90, 21.98, 22.62, 22.45, 19.93, 19.64, 17.61, 16.46, 15.93, 17.58, 20.83, 20.84, 20.53, 18.40, 14.66, 12.78, 11.83, 10.58, 10.79, 8.31, 10.46, 13.16, 12.79, 12.88, 10.70, 10.91, 9.92, 8.12, 5.52, 5.83, 5.76, 3.80, 0.00, 3.83, 5.43, 5.21, 8.25, 9.99, 11.65, 9.76, 10.10, 9.07, 10.57, 8.80, 11.90, 11.89, 15.16, 17.07, 16.84, 13.03, 13.75, 17.28, 19.47, 23.19, 23.64, 21.32, 20.83, 24.44, 25.66, 22.51, 20.82, 23.44, 23.54, 21.85, 19.79, 17.17, 14.62, 13.28, 10.93, 11.03, 8.19, 9.18, 7.77, 11.29, 11.90, 11.43, 14.32
 13.68, 11.38, 12.33, 10.55, 13.58, 13.77, 16.26, 16.23, 14.53, 12.67, 13.92, 12.23, 12.22, 10.37, 6.67, 5.68, 7.41, 8.34, 11.09, 10.36, 11.30, 9.40, 12.35, 12.25, 15.05, 15.17, 17.92, 17.99, 20.68, 21.98, 22.00, 25.20, 26.03, 26.05, 23.66, 23.27, 21.28, 20.18, 19.42, 21.11, 24.43, 24.20, 23.72, 21.32, 17.49, 15.53, 13.79, 11.97, 10.91, 7.65, 9.05, 12.50, 12.79, 13.77, 12.34, 12.59, 10.73, 9.77, 7.95, 6.24, 5.31, 5.51, 3.83, 0.00, 3.81, 5.57, 8.03, 10.48, 13.06, 11.53, 12.85, 11.97, 13.71, 11.80, 14.53, 14.18, 16.99, 18.95, 18.00, 14.29, 15.76, 19.28, 21.11, 24.86, 25.50, 23.62, 23.32, 26.99, 28.55, 25.60, 23.75, 26.14, 25.80, 23.98, 22.36, 19.75, 17.66, 16.59, 14.60, 14.73, 11.88, 12.31, 10.11, 13.25, 12.90, 11.51, 14.18
 13.44, 10.85, 10.66, 8.39, 10.99, 11.07, 14.06, 13.98, 11.94, 10.66, 11.98, 9.67, 10.52, 9.83, 6.68, 7.80, 9.97, 11.66, 14.60, 13.54, 14.44, 12.06, 14.44, 13.74, 16.06, 16.04, 18.48, 18.68, 21.03, 22.26, 21.67, 24.62, 25.95, 26.35, 24.12, 24.31, 22.55, 21.28, 20.86, 22.00, 25.45, 25.72, 25.03, 23.09, 19.28, 17.83, 16.60, 15.28, 14.57, 11.44, 12.75, 16.26, 16.30, 17.29, 15.42, 15.09, 12.95, 11.09, 9.99, 9.20, 6.93, 5.87, 5.43, 3.81, 0.00, 3.79, 6.68, 10.09, 12.19, 9.98, 11.55, 10.38, 12.38, 11.03, 13.81, 14.26, 17.12, 19.73, 19.02, 15.50, 17.27, 21.04, 22.52, 26.23, 27.28, 25.31, 25.36, 29.10, 30.46, 27.26, 25.17, 27.36, 26.99, 24.76, 22.98, 19.93, 18.02, 16.43, 14.74, 14.42, 12.03, 12.25, 10.59, 13.92, 14.12, 13.44, 16.61
 15.70, 12.51, 11.82, 8.59, 10.24, 9.17, 11.49, 10.87, 8.96, 7.33, 9.23, 7.96, 9.32, 8.27, 5.95, 7.52, 10.78, 12.97, 15.22, 13.25, 13.42, 10.41, 12.00, 11.02, 13.19, 13.69, 16.39, 17.31, 19.94, 21.76, 21.37, 24.00, 25.16, 25.23, 22.64, 23.03, 20.90, 19.09, 18.43, 19.12, 22.74, 23.10, 22.05, 20.36, 16.60, 15.76, 14.91, 14.45, 14.41, 12.00, 14.27, 17.42, 17.62, 17.82, 15.88, 16.04, 14.70, 12.50, 10.54, 10.67, 9.38, 7.11, 5.21, 5.57, 3.79, 0.00, 3.76, 6.79, 8.46, 6.30, 8.24, 8.06, 10.93, 10.61, 14.05, 15.14, 18.48, 21.04, 20.92, 17.28, 18.34, 22.04, 23.95, 27.65, 28.40, 26.01, 25.67, 29.26, 30.21, 26.86, 25.16, 27.69, 27.85, 25.82, 23.56, 20.48, 18.00, 15.84, 13.50, 12.31, 9.55, 8.95, 7.24, 10.51, 11.21, 11.37, 14.95
 19.43, 16.26, 15.39, 11.95, 12.87, 10.81, 12.56, 10.74, 8.08, 5.13, 5.98, 5.49, 6.32, 5.06, 4.42, 7.17, 10.62, 13.63, 15.51, 12.92, 13.24, 10.45, 11.72, 11.45, 13.88, 15.28, 18.32, 19.83, 22.69, 24.85, 24.57, 26.98, 28.06, 27.89, 25.04, 25.46, 22.97, 20.67, 19.48, 19.75, 23.54, 23.72, 22.09, 20.41, 16.72, 16.48, 15.41, 15.48, 15.26, 13.33, 15.95, 19.05, 19.88, 19.87, 18.40, 19.11, 17.99, 16.06, 13.73, 13.58, 12.70, 10.78, 8.25, 8.03, 6.68, 3.76, 0.00, 3.83, 6.29, 5.69, 8.97, 10.19, 13.63, 13.96, 17.55, 18.81, 22.20, 24.71, 24.59, 20.90, 21.81, 25.42, 27.51, 31.22, 31.79, 29.32, 28.70, 32.19, 33.00, 29.67, 28.27, 31.00, 31.34, 29.44, 27.07, 24.02, 21.36, 18.98, 16.31, 14.50, 11.45, 9.57, 7.08, 9.23, 9.34, 9.76, 13.47
 22.20, 18.87, 18.13, 14.56, 15.13, 12.57, 13.25, 10.89, 8.84, 5.27, 5.98, 7.67, 7.89, 5.65, 6.42, 8.09, 11.67, 14.67, 15.67, 12.43, 12.02, 9.19, 9.48, 9.65, 12.13, 14.38, 17.72, 19.84, 23.01, 25.62, 25.76, 27.96, 28.67, 28.03, 24.85, 25.14, 22.24, 19.50, 17.77, 17.74, 21.57, 21.50, 19.44, 17.80, 14.28, 14.70, 13.76, 14.65, 14.88, 13.87, 17.06, 19.65, 20.77, 20.12, 18.95, 20.25, 19.79, 18.02, 15.11, 15.24, 15.21, 13.15, 9.99, 10.48, 10.09, 6.79, 3.83, 0.00, 3.81, 5.62, 8.87, 11.29, 14.88, 15.67, 19.45, 20.78, 24.36, 26.56, 26.72, 22.95, 23.31, 26.68, 29.16, 32.82, 33.00, 30.30, 29.23, 32.50, 33.04, 29.76, 28.83, 31.88, 32.62, 31.06, 28.46, 25.63, 22.57, 20.07, 16.91, 14.64, 11.29, 8.43, 5.44, 6.08, 6.07, 7.50, 11.26
 23.10, 19.49, 18.26, 14.49, 14.17, 11.04, 10.73, 7.98, 6.82, 4.12, 6.29, 8.90, 10.32, 9.04, 9.97, 11.64, 15.32, 18.09, 18.97, 15.65, 14.58, 11.34, 10.45, 9.53, 10.87, 13.15, 16.14, 18.71, 21.71, 24.57, 24.63, 26.38, 27.12, 26.43, 23.20, 23.94, 21.07, 18.02, 16.53, 15.76, 19.59, 20.02, 17.74, 16.83, 13.69, 14.84, 14.85, 16.39, 17.36, 16.63, 19.94, 22.32, 23.02, 22.00, 20.40, 21.51, 21.37, 19.12, 16.30, 17.25, 17.14, 14.41, 11.65, 13.06, 12.19, 8.46, 6.29, 3.81, 0.00, 3.79, 6.60, 9.89, 13.57, 15.24, 19.05, 20.94, 24.64, 26.96, 27.63, 23.97, 23.99, 27.31, 29.84, 33.38, 33.56, 30.59, 29.49, 32.62, 32.75, 29.31, 28.54, 31.62, 32.70, 31.14, 28.21, 25.30, 22.09, 19.16, 15.96, 13.04, 10.21, 6.78, 5.45, 5.54, 7.48, 10.19, 13.80
 19.91, 16.25, 14.69, 10.86, 10.39, 7.36, 7.63, 5.62, 4.66, 3.55, 7.18, 8.36, 10.78, 10.10, 9.98, 11.83, 15.55, 18.04, 19.46, 16.61, 15.70, 12.16, 11.76, 9.93, 10.85, 12.06, 14.60, 16.70, 19.35, 21.91, 21.57, 23.39, 24.46, 24.19, 21.26, 22.27, 19.85, 17.19, 16.44, 15.88, 19.64, 20.52, 18.81, 18.03, 14.77, 15.36, 15.63, 16.65, 17.68, 16.35, 19.33, 21.92, 22.08, 21.35, 19.22, 19.69, 19.26, 16.58, 14.26, 15.56, 14.89, 11.77, 9.76, 11.53, 9.98, 6.30, 5.69, 5.62, 3.79, 0.00, 3.79, 6.41, 10.19, 11.95, 15.68, 17.82, 21.48, 24.07, 24.83, 21.30, 21.53, 25.02, 27.26, 30.78, 31.28, 28.36, 27.66, 30.93, 31.13, 27.56, 26.40, 29.22, 30.12, 28.28, 25.37, 22.24, 19.25, 16.21, 13.38, 10.59, 8.22, 5.77, 5.68, 7.77, 10.09, 12.24, 16.01
 18.81, 15.01, 13.37, 9.75, 8.85, 6.20, 5.25, 5.02, 6.53, 7.12, 10.86, 11.87, 14.47, 13.66, 12.99, 14.17, 17.85, 19.78, 21.05, 18.39, 16.92, 13.16, 12.21, 9.32, 9.01, 9.36, 11.30, 13.47, 15.91, 18.61, 18.31, 19.89, 20.88, 20.58, 17.69, 18.98, 16.79, 14.22, 14.09, 13.36, 16.93, 18.29, 17.00, 16.69, 13.74, 14.36, 15.46, 16.67, 18.36, 17.23, 20.17, 22.40, 21.98, 20.93, 18.35, 18.50, 18.50, 15.49, 13.36, 15.54, 15.04, 11.47, 10.10, 12.85, 11.55, 8.24, 8.97, 8.87, 6.60, 3.79, 0.00, 3.83, 7.23, 9.67, 13.28, 15.76, 19.47, 21.97, 23.24, 19.91, 19.68, 23.00, 25.28, 28.63, 29.09, 25.96, 25.28, 28.43, 28.33, 24.67, 23.57, 26.37, 27.53, 25.78, 22.63, 19.55, 16.42, 13.13, 10.29, 7.11, 5.60, 4.08, 6.43, 8.77, 11.93, 14.32, 17.89
 15.35, 11.55, 9.68, 6.24, 5.50, 4.36, 4.92, 6.87, 8.21, 9.43, 13.07, 13.01, 15.80, 15.24, 13.77, 14.79, 18.19, 19.68, 21.37, 19.28, 18.07, 14.37, 14.09, 11.01, 10.66, 9.66, 10.86, 11.99, 13.92, 16.06, 15.30, 17.17, 18.53, 18.77, 16.34, 17.76, 16.21, 14.41, 15.06, 14.91, 18.14, 19.70, 19.08, 18.66, 15.67, 15.51, 16.59, 17.11, 18.67, 17.03, 19.45, 21.78, 20.82, 20.15, 17.14, 16.54, 16.20, 12.82, 11.47, 13.96, 12.93, 9.16, 9.07, 11.97, 10.38, 8.06, 10.19, 11.29, 9.89, 6.41, 3.83, 0.00, 3.79, 6.17, 9.65, 12.37, 15.98, 18.74, 20.06, 16.92, 16.96, 20.42, 22.33, 25.65, 26.45, 23.47, 23.27, 26.58, 26.68, 22.96, 21.36, 23.81, 24.67, 22.61, 19.58, 16.27, 13.47, 10.19, 8.05, 5.76, 5.46, 6.42, 8.65, 11.77, 14.60, 16.36, 19.88
 13.48, 9.84, 7.97, 5.80, 5.16, 6.32, 6.65, 9.82, 11.66, 13.20, 16.81, 16.46, 19.26, 18.67, 16.79, 17.39, 20.51, 21.44, 23.15, 21.47, 20.11, 16.55, 16.27, 12.90, 11.93, 9.71, 9.65, 9.79, 10.94, 12.65, 11.57, 13.49, 15.04, 15.67, 13.72, 15.41, 14.60, 13.57, 15.12, 15.25, 17.92, 19.81, 19.88, 19.67, 17.01, 16.48, 17.95, 18.21, 20.01, 18.36, 20.39, 22.42, 20.82, 20.16, 16.74, 15.47, 15.31, 11.66, 11.16, 14.24, 13.17, 9.50, 10.57, 13.71, 12.38, 10.93, 13.63, 14.88, 13.57, 10.19, 7.23, 3.79, 0.00, 3.82, 6.48, 9.68, 13.12, 15.90, 17.69, 14.98, 14.77, 18.06, 19.72, 22.81, 23.79, 20.79, 20.92, 24.17, 24.18, 20.42, 18.53, 20.68, 21.56, 19.39, 16.25, 12.87, 10.24, 6.79, 5.68, 4.65, 6.50, 8.98, 11.61, 14.76, 17.66, 19.24, 22.55
 9.97, 6.33, 5.59, 4.70, 6.51, 8.78, 10.15, 12.91, 13.98, 14.88, 18.20, 17.32, 19.66, 18.79, 16.25, 16.29, 18.94, 19.31, 21.16, 20.06, 18.96, 15.73, 16.15, 13.14, 12.83, 10.31, 10.48, 9.48, 10.67, 11.67, 10.80, 13.63, 14.99, 15.75, 14.08, 15.05, 14.47, 14.16, 15.66, 16.68, 19.21, 20.64, 21.12, 20.34, 17.45, 16.09, 17.11, 16.62, 18.12, 16.16, 17.68, 19.66, 17.73, 17.45, 13.91, 12.15, 11.68, 7.96, 8.11, 11.22, 10.07, 6.74, 8.80, 11.80, 11.03, 10.61, 13.96, 15.67, 15.24, 11.95, 9.67, 6.17, 3.82, 0.00, 3.84, 6.21, 9.83, 12.61, 14.05, 11.20, 11.30, 14.83, 16.36, 19.63, 20.74, 18.00, 18.38, 21.88, 22.40, 18.79, 16.49, 18.49, 18.89, 16.61, 13.83, 10.44, 8.04, 5.60, 5.14, 6.41, 7.35, 10.48, 12.28, 15.79, 18.14, 19.02, 22.08
 8.18, 5.47, 5.17, 6.75, 8.33, 11.48, 12.85, 16.05, 17.28, 18.49, 21.77, 20.61, 23.01, 22.30, 19.58, 19.48, 21.78, 21.73, 23.68, 23.02, 22.00, 19.00, 19.54, 16.53, 15.95, 12.92, 12.16, 10.07, 9.97, 9.69, 8.09, 11.25, 12.97, 14.46, 13.71, 14.79, 15.18, 15.74, 17.86, 19.06, 21.07, 22.68, 23.66, 23.02, 20.41, 18.80, 19.94, 19.15, 20.62, 18.57, 19.51, 21.25, 18.76, 18.75, 15.02, 12.43, 11.86, 8.25, 9.85, 12.90, 11.56, 9.07, 11.90, 14.53, 13.81, 14.05, 17.55, 19.45, 19.05, 15.68, 13.28, 9.65, 6.48, 3.84, 0.00, 3.80, 6.73, 9.83, 11.74, 9.73, 9.92, 13.17, 14.00, 16.97, 18.54, 16.02, 17.11, 20.54, 21.14, 17.64, 14.80, 16.12, 16.17, 13.50, 10.87, 7.18, 5.90, 4.54, 6.63, 9.03, 10.79, 14.15, 16.05, 19.53, 21.86, 22.57, 25.47
 5.98, 4.48, 6.67, 8.97, 11.51, 14.59, 16.18, 19.09, 19.96, 20.63, 23.69, 22.33, 24.25, 23.20, 20.07, 19.35, 21.11, 20.41, 22.28, 22.19, 21.32, 18.79, 19.77, 17.18, 17.03, 13.99, 13.46, 10.76, 10.80, 9.88, 9.14, 12.83, 13.92, 15.19, 14.63, 14.81, 15.35, 16.50, 18.44, 20.32, 22.14, 23.28, 24.60, 23.50, 20.87, 18.65, 19.42, 18.02, 19.24, 17.16, 17.51, 18.92, 16.04, 16.34, 12.65, 9.52, 8.84, 5.74, 8.36, 11.09, 10.14, 8.79, 11.89, 14.18, 14.26, 15.14, 18.81, 20.78, 20.94, 17.82, 15.76, 12.37, 9.68, 6.21, 3.80, 0.00, 3.78, 6.51, 8.07, 6.01, 6.39, 9.79, 10.50, 13.72, 15.32, 13.13, 14.47, 18.08, 19.26, 16.07, 12.91, 14.06, 13.54, 10.92, 8.91, 5.74, 5.20, 6.22, 8.15, 11.31, 12.39, 15.90, 17.25, 20.75, 22.62, 22.78, 25.31
 5.54, 6.47, 8.85, 11.97, 14.41, 17.81, 19.53, 22.58, 23.40, 24.17, 27.13, 25.52, 27.37, 26.43, 23.16, 22.34, 23.71, 22.64, 24.59, 24.95, 24.28, 22.05, 23.22, 20.76, 20.61, 17.44, 16.58, 13.44, 12.71, 10.69, 9.67, 13.29, 14.44, 16.20, 16.44, 16.47, 17.66, 19.38, 21.54, 23.57, 25.06, 26.19, 27.82, 26.71, 24.23, 21.80, 22.48, 20.77, 21.78, 19.62, 19.35, 20.52, 17.29, 17.99, 14.50, 10.89, 9.96, 7.94, 11.24, 13.38, 12.32, 11.83, 15.16, 16.99, 17.12, 18.48, 22.20, 24.36, 24.64, 21.48, 19.47, 15.98, 13.12, 9.83, 6.73, 3.78, 0.00, 3.87, 5.53, 5.46, 6.41, 8.90, 8.22, 11.04, 13.36, 11.89, 14.14, 17.57, 19.07, 16.31, 12.69, 12.80, 11.39, 8.22, 7.31, 4.82, 6.72, 8.94, 11.54, 14.87, 16.14, 19.67, 20.95, 24.46, 26.20, 26.14, 28.49
 8.42, 9.72, 12.52, 15.36, 17.89, 21.08, 22.50, 25.50, 26.44, 26.93, 29.90, 28.46, 30.06, 28.74, 25.36, 24.01, 25.09, 23.52, 25.05, 25.72, 24.85, 22.99, 24.11, 21.84, 21.63, 18.37, 17.33, 13.83, 12.97, 10.56, 10.66, 14.21, 14.48, 15.82, 16.34, 15.64, 17.16, 19.48, 21.67, 24.12, 25.17, 26.00, 28.06, 26.82, 24.64, 21.92, 22.64, 20.77, 21.89, 20.16, 19.62, 20.06, 16.48, 17.01, 13.75, 10.08, 10.03, 9.24, 12.28, 14.28, 14.11, 14.14, 17.07, 18.95, 19.73, 21.04, 24.71, 26.56, 26.96, 24.07, 21.97, 18.74, 15.90, 12.61, 9.83, 6.51, 3.87, 0.00, 3.80, 5.35, 4.81, 5.67, 4.46, 7.30, 9.50, 8.30, 10.96, 14.25, 16.10, 13.83, 10.09, 9.79, 7.90, 5.18, 5.31, 5.16, 7.36, 10.65, 13.07, 16.73, 17.91, 21.56, 22.76, 26.05, 27.65, 27.41, 29.36
 7.37, 9.71, 13.06, 16.01, 19.05, 22.23, 24.14, 26.83, 27.26, 27.42, 30.05, 28.29, 29.52, 28.19, 24.61, 23.11, 23.66, 21.78, 23.49, 24.66, 24.28, 22.83, 24.51, 22.72, 23.12, 20.22, 19.80, 16.54, 16.26, 14.20, 14.23, 17.84, 18.24, 19.47, 19.70, 18.73, 19.80, 21.89, 23.62, 26.29, 27.61, 28.09, 29.98, 28.33, 25.86, 22.85, 22.95, 20.54, 21.03, 18.97, 17.78, 18.31, 14.75, 16.07, 13.27, 9.50, 8.45, 8.73, 12.14, 13.13, 12.80, 13.82, 16.84, 18.00, 19.02, 20.92, 24.59, 26.72, 27.63, 24.83, 23.24, 20.06, 17.69, 14.05, 11.74, 8.07, 5.53, 3.80, 0.00, 3.83, 5.47, 6.53, 4.70, 7.82, 10.19, 10.05, 12.59, 15.94, 18.40, 16.49, 12.95, 12.69, 10.18, 7.86, 9.00, 8.75, 10.50, 13.42, 15.31, 18.82, 19.36, 22.78, 23.39, 26.77, 27.89, 27.16, 28.93
 5.91, 7.11, 10.79, 13.16, 16.47, 19.33, 21.29, 23.70, 23.96, 23.87, 26.45, 24.80, 25.93, 24.46, 20.90, 19.35, 20.07, 18.38, 20.13, 21.05, 20.65, 19.08, 20.84, 19.14, 19.82, 17.19, 17.29, 14.43, 14.93, 13.71, 13.92, 17.71, 18.12, 18.97, 18.48, 17.53, 17.91, 19.49, 20.86, 23.50, 25.20, 25.55, 27.12, 25.30, 22.59, 19.60, 19.52, 17.13, 17.60, 15.42, 14.58, 15.45, 12.11, 13.34, 10.28, 6.53, 5.01, 4.93, 8.36, 9.42, 9.21, 10.16, 13.03, 14.29, 15.50, 17.28, 20.90, 22.95, 23.97, 21.30, 19.91, 16.92, 14.98, 11.20, 9.73, 6.01, 5.46, 5.35, 3.83, 0.00, 3.82, 6.88, 7.15, 10.81, 12.32, 11.27, 12.82, 16.55, 18.80, 16.43, 13.23, 14.04, 12.42, 10.35, 10.16, 8.94, 9.30, 11.56, 12.70, 15.98, 16.03, 19.30, 19.67, 23.07, 24.10, 23.35, 25.22
 9.09, 9.27, 12.56, 14.44, 17.38, 19.97, 21.29, 23.82, 24.56, 24.46, 27.30, 26.15, 27.35, 25.55, 22.14, 20.31, 21.33, 19.58, 20.72, 21.36, 20.32, 18.69, 19.89, 17.97, 18.16, 15.25, 14.96, 11.81, 12.28, 11.15, 12.31, 16.02, 15.73, 16.06, 15.52, 14.13, 14.68, 16.69, 18.26, 21.10, 22.37, 22.68, 24.62, 22.94, 20.64, 17.64, 18.08, 16.06, 17.24, 15.81, 15.49, 15.66, 12.12, 12.29, 8.96, 5.37, 6.32, 6.21, 8.42, 10.42, 11.28, 11.51, 13.75, 15.76, 17.27, 18.34, 21.81, 23.31, 23.99, 21.53, 19.68, 16.96, 14.77, 11.30, 9.92, 6.39, 6.41, 4.81, 5.47, 3.82, 0.00, 3.89, 5.90, 9.52, 10.11, 8.19, 9.27, 13.06, 15.12, 12.67, 9.64, 10.98, 10.10, 8.88, 8.01, 7.64, 7.29, 10.14, 11.16, 14.74, 15.08, 18.56, 19.32, 22.42, 23.71, 23.27, 24.94
 12.34, 13.01, 16.23, 18.22, 20.99, 23.58, 24.63, 27.24, 28.18, 28.05, 30.93, 29.91, 31.01, 29.04, 25.63, 23.52, 24.31, 22.19, 22.92, 23.82, 22.57, 21.30, 22.30, 20.50, 20.45, 17.46, 16.76, 13.36, 13.35, 11.75, 13.55, 16.96, 16.01, 16.08, 16.03, 14.06, 15.16, 17.83, 19.54, 22.60, 23.29, 23.42, 25.83, 24.19, 22.36, 19.25, 19.86, 17.85, 19.20, 18.27, 17.71, 17.11, 13.34, 13.21, 10.47, 7.48, 9.24, 9.98, 11.80, 13.55, 14.86, 15.31, 17.28, 19.28, 21.04, 22.04, 25.42, 26.68, 27.31, 25.02, 23.00, 20.42, 18.06, 14.83, 13.17, 9.79, 8.90, 5.67, 6.53, 6.88, 3.89, 0.00, 3.81, 6.70, 6.37, 4.62, 6.16, 9.74, 12.27, 10.56, 7.57, 8.41, 7.28, 7.39, 7.48, 8.93, 9.22, 12.62, 13.84, 17.53, 18.07, 21.58, 22.43, 25.27, 26.52, 26.02, 27.32
 11.74, 13.41, 16.60, 19.24, 22.01, 25.01, 26.36, 29.18, 30.03, 30.16, 32.99, 31.63, 32.85, 31.18, 27.67, 25.80, 26.41, 24.27, 25.38, 26.52, 25.63, 24.34, 25.58, 23.72, 23.69, 20.58, 19.68, 16.11, 15.47, 13.10, 14.11, 17.43, 16.94, 17.73, 18.33, 16.80, 18.37, 21.10, 23.05, 25.93, 26.63, 27.00, 29.39, 27.86, 25.93, 22.87, 23.36, 21.18, 22.18, 20.84, 19.83, 19.50, 15.68, 16.24, 13.64, 10.27, 10.87, 11.54, 14.20, 15.63, 16.21, 16.94, 19.47, 21.11, 22.52, 23.95, 27.51, 29.16, 29.84, 27.26, 25.28, 22.33, 19.72, 16.36, 14.00, 10.50, 8.22, 4.46, 4.70, 7.15, 5.90, 3.81, 0.00, 3.75, 5.55, 5.71, 8.76, 11.69, 14.32, 12.99, 9.58, 8.82, 6.08, 5.29, 7.19, 8.92, 10.66, 14.24, 16.17, 19.92, 20.74, 24.32, 25.21, 28.28, 29.54, 28.96, 30.41
 14.89, 16.79, 19.78, 22.60, 25.15, 28.26, 29.46, 32.45, 33.47, 33.74, 36.64, 35.29, 36.58, 34.93, 31.42, 29.52, 30.07, 27.81, 28.80, 30.05, 29.07, 27.87, 28.97, 27.06, 26.79, 23.56, 22.28, 18.57, 17.40, 14.59, 15.64, 18.49, 17.75, 18.64, 19.86, 18.27, 20.36, 23.45, 25.62, 28.48, 28.78, 29.21, 31.88, 30.52, 28.89, 25.88, 26.55, 24.45, 25.53, 24.38, 23.26, 22.64, 18.80, 19.25, 16.91, 13.77, 14.54, 15.28, 17.89, 19.33, 19.93, 20.65, 23.19, 24.86, 26.23, 27.65, 31.22, 32.82, 33.38, 30.78, 28.63, 25.65, 22.81, 19.63, 16.97, 13.72, 11.04, 7.30, 7.82, 10.81, 9.52, 6.70, 3.75, 0.00, 3.80, 5.82, 9.43, 11.27, 13.89, 13.38, 10.18, 8.10, 4.44, 4.99, 8.18, 10.92, 13.19, 16.90, 19.14, 22.92, 24.04, 27.68, 28.74, 31.74, 33.08, 32.54, 33.88
 17.26, 18.66, 21.76, 24.14, 26.72, 29.51, 30.40, 33.23, 34.37, 34.37, 37.29, 36.25, 37.35, 35.36, 31.90, 29.66, 30.18, 27.74, 28.23, 29.46, 28.19, 27.24, 28.11, 26.39, 26.06, 22.96, 21.74, 18.15, 17.30, 14.94, 16.85, 19.59, 18.15, 18.29, 19.25, 17.04, 18.98, 22.27, 24.24, 27.33, 27.31, 27.40, 30.30, 28.85, 27.55, 24.47, 25.22, 23.25, 24.57, 23.95, 22.99, 21.80, 17.99, 17.89, 15.93, 13.43, 15.07, 16.19, 18.14, 19.62, 20.91, 21.60, 23.64, 25.50, 27.28, 28.40, 31.79, 33.00, 33.56, 31.28, 29.09, 26.45, 23.79, 20.74, 18.54, 15.32, 13.36, 9.50, 10.19, 12.32, 10.11, 6.37, 5.55, 3.80, 0.00, 3.79, 6.64, 7.89, 10.94, 11.10, 8.69, 7.19, 4.87, 7.40, 9.51, 12.62, 14.01, 17.71, 19.43, 23.16, 24.08, 27.63, 28.63, 31.32, 32.56, 32.01, 33.01
 16.26, 16.92, 19.78, 21.80, 24.15, 26.72, 27.31, 30.14, 31.50, 31.58, 34.64, 33.87, 35.12, 33.09, 29.80, 27.66, 28.57, 26.43, 26.84, 27.63, 26.02, 24.76, 25.27, 23.29, 22.66, 19.47, 18.06, 14.48, 13.67, 11.59, 13.96, 16.71, 15.02, 14.83, 15.53, 13.28, 15.23, 18.55, 20.67, 23.66, 23.60, 23.85, 26.75, 25.49, 24.29, 21.41, 22.53, 20.95, 22.71, 22.26, 21.87, 20.83, 17.10, 16.42, 14.00, 11.63, 13.82, 14.35, 15.89, 17.94, 19.37, 19.50, 21.32, 23.62, 25.31, 26.01, 29.32, 30.30, 30.59, 28.36, 25.96, 23.47, 20.79, 18.00, 16.02, 13.13, 11.89, 8.30, 10.05, 11.27, 8.19, 4.62, 5.71, 5.82, 3.79, 0.00, 3.78, 6.16, 8.63, 7.80, 5.06, 4.75, 4.32, 6.74, 7.23, 10.27, 10.95, 14.55, 16.10, 19.78, 20.85, 24.42, 25.68, 28.27, 29.76, 29.54, 30.69
 18.17, 18.22, 21.05, 22.48, 24.79, 26.91, 27.18, 29.74, 31.17, 30.95, 33.98, 33.57, 34.64, 32.29, 29.14, 26.74, 27.71, 25.55, 25.46, 26.07, 24.10, 23.03, 23.23, 21.45, 20.76, 17.83, 16.63, 13.42, 13.29, 12.18, 15.25, 17.86, 15.66, 14.56, 14.58, 11.63, 13.05, 16.39, 18.17, 21.38, 21.10, 20.95, 24.00, 22.63, 21.74, 18.85, 20.12, 18.80, 20.90, 21.04, 21.02, 19.54, 16.06, 14.62, 12.54, 11.14, 14.14, 14.86, 15.49, 17.60, 19.66, 19.65, 20.83, 23.32, 25.36, 25.67, 28.70, 29.23, 29.49, 27.66, 25.28, 23.27, 20.92, 18.38, 17.11, 14.47, 14.14, 10.96, 12.59, 12.82, 9.27, 6.16, 8.76, 9.43, 6.64, 3.78, 0.00, 3.83, 6.40, 5.67, 4.75, 6.63, 7.85, 10.26, 9.76, 12.31, 11.82, 14.97, 15.71, 19.12, 19.87, 23.22, 24.38, 26.58, 27.99, 27.82, 28.67
 21.85, 21.97, 24.69, 26.11, 28.24, 30.28, 30.29, 32.87, 34.49, 34.29, 37.37, 37.13, 38.18, 35.73, 32.67, 30.17, 31.11, 28.85, 28.48, 29.09, 26.93, 26.03, 25.96, 24.24, 23.30, 20.44, 18.97, 15.93, 15.49, 14.35, 17.63, 19.70, 17.03, 15.58, 15.98, 12.82, 14.57, 18.14, 19.95, 23.09, 22.20, 21.94, 25.30, 24.15, 23.82, 21.12, 22.59, 21.53, 23.77, 24.28, 24.28, 22.44, 19.10, 17.41, 15.80, 14.80, 17.88, 18.69, 19.18, 21.26, 23.46, 23.41, 24.44, 26.99, 29.10, 29.26, 32.19, 32.50, 32.62, 30.93, 28.43, 26.58, 24.17, 21.88, 20.54, 18.08, 17.57, 14.25, 15.94, 16.55, 13.06, 9.74, 11.69, 11.27, 7.89, 6.16, 3.83, 0.00, 3.75, 5.55, 6.46, 7.45, 9.21, 12.45, 12.26, 15.29, 14.97, 18.04, 18.80, 22.06, 22.96, 26.22, 27.50, 29.43, 30.87, 30.78, 31.39
 23.71, 23.41, 25.72, 26.88, 28.58, 30.42, 29.97, 32.61, 34.60, 34.60, 37.84, 37.89, 39.17, 36.75, 33.91, 31.59, 32.88, 30.93, 30.46, 30.66, 28.17, 26.99, 26.39, 24.39, 22.90, 19.98, 18.01, 15.21, 14.43, 13.58, 17.12, 18.58, 15.44, 13.48, 14.06, 10.93, 13.09, 16.82, 18.94, 21.73, 20.31, 20.34, 23.90, 23.27, 23.43, 21.20, 23.22, 22.75, 25.42, 26.13, 26.59, 24.88, 21.70, 19.61, 17.79, 16.99, 20.21, 20.47, 20.69, 23.20, 25.35, 24.79, 25.66, 28.55, 30.46, 30.21, 33.00, 33.04, 32.75, 31.13, 28.33, 26.68, 24.18, 22.40, 21.14, 19.26, 19.07, 16.10, 18.40, 18.80, 15.12, 12.27, 14.32, 13.89, 10.94, 8.63, 6.40, 3.75, 0.00, 3.81, 6.55, 7.88, 10.84, 13.96, 13.03, 15.97, 15.32, 18.00, 18.70, 21.68, 22.96, 26.13, 27.82, 29.51, 31.28, 31.62, 32.34
 20.97, 20.28, 22.35, 23.34, 24.89, 26.67, 26.17, 28.87, 30.92, 31.05, 34.37, 34.45, 35.89, 33.61, 30.85, 28.76, 30.34, 28.69, 28.47, 28.37, 25.86, 24.30, 23.62, 21.30, 19.66, 16.53, 14.40, 11.45, 10.65, 10.06, 13.76, 15.37, 12.34, 10.31, 10.56, 7.46, 9.82, 13.60, 16.04, 18.71, 17.63, 18.04, 21.41, 20.89, 20.75, 18.64, 20.86, 20.56, 23.36, 23.85, 24.60, 23.33, 20.18, 18.06, 15.70, 14.72, 17.88, 17.61, 17.73, 20.59, 22.54, 21.61, 22.51, 25.60, 27.26, 26.86, 29.67, 29.76, 29.31, 27.56, 24.67, 22.96, 20.42, 18.79, 17.64, 16.07, 16.31, 13.83, 16.49, 16.43, 12.67, 10.56, 12.99, 13.38, 11.10, 7.80, 5.67, 5.55, 3.81, 0.00, 3.85, 6.70, 10.07, 12.39, 10.57, 12.97, 11.83, 14.28, 14.96, 17.93, 19.38, 22.64, 24.52, 26.35, 28.35, 28.89, 29.94
 17.56, 17.21, 19.39, 20.85, 22.57, 24.78, 24.71, 27.63, 29.50, 29.81, 33.14, 32.82, 34.38, 32.36, 29.40, 27.51, 29.02, 27.38, 27.63, 27.73, 25.60, 23.86, 23.64, 21.18, 19.82, 16.41, 14.33, 10.80, 9.56, 7.92, 11.17, 13.37, 10.98, 10.08, 10.76, 8.48, 11.01, 14.58, 17.19, 19.82, 19.38, 20.06, 23.10, 22.42, 21.65, 19.31, 21.21, 20.45, 22.91, 22.79, 23.22, 22.37, 18.95, 17.46, 14.64, 12.80, 15.46, 15.00, 15.82, 18.68, 20.17, 19.36, 20.82, 23.75, 25.17, 25.16, 28.27, 28.83, 28.54, 26.40, 23.57, 21.36, 18.53, 16.49, 14.80, 12.91, 12.69, 10.09, 12.95, 13.23, 9.64, 7.57, 9.58, 10.18, 8.69, 5.06, 4.75, 6.46, 6.55, 3.85, 0.00, 3.88, 6.85, 8.66, 6.81, 9.44, 8.97, 12.03, 13.42, 16.83, 18.44, 21.99, 23.83, 26.14, 28.14, 28.53, 29.89
 18.01, 18.34, 20.52, 22.55, 24.25, 26.86, 27.00, 30.16, 32.01, 32.57, 35.90, 35.31, 36.99, 35.18, 32.09, 30.32, 31.68, 29.93, 30.43, 30.79, 28.90, 27.19, 27.20, 24.71, 23.39, 19.86, 17.61, 13.94, 11.99, 9.29, 11.68, 13.60, 11.53, 11.60, 13.29, 11.66, 14.62, 18.18, 20.97, 23.44, 22.93, 23.80, 26.86, 26.28, 25.45, 23.08, 24.84, 23.83, 26.01, 25.59, 25.63, 24.86, 21.22, 20.23, 17.45, 15.07, 17.19, 16.81, 18.34, 21.00, 22.07, 21.50, 23.44, 26.14, 27.36, 27.69, 31.00, 31.88, 31.62, 29.22, 26.37, 23.81, 20.68, 18.49, 16.12, 14.06, 12.80, 9.79, 12.69, 14.04, 10.98, 8.41, 8.82, 8.10, 7.19, 4.75, 6.63, 7.45, 7.88, 6.70, 3.88, 0.00, 3.87, 6.43, 5.91, 9.54, 10.56, 13.95, 16.09, 19.63, 21.50, 25.16, 27.05, 29.57, 31.58, 31.88, 33.32
 16.31, 17.41, 19.92, 22.45, 24.50, 27.44, 28.10, 31.27, 32.78, 33.29, 36.48, 35.49, 37.07, 35.39, 32.09, 30.32, 31.36, 29.40, 30.19, 30.95, 29.49, 27.94, 28.46, 26.16, 25.29, 21.82, 19.95, 16.17, 14.42, 11.40, 12.92, 15.29, 14.02, 14.76, 16.39, 14.94, 17.57, 20.93, 23.51, 26.13, 26.01, 26.76, 29.64, 28.74, 27.51, 24.84, 26.13, 24.60, 26.29, 25.46, 24.97, 24.33, 20.54, 20.24, 17.55, 14.66, 16.12, 16.11, 18.29, 20.48, 21.23, 21.18, 23.54, 25.80, 26.99, 27.85, 31.34, 32.62, 32.70, 30.12, 27.53, 24.67, 21.56, 18.89, 16.17, 13.54, 11.39, 7.90, 10.18, 12.42, 10.10, 7.28, 6.08, 4.44, 4.87, 4.32, 7.85, 9.21, 10.84, 10.07, 6.85, 3.87, 0.00, 3.77, 5.68, 9.34, 11.37, 15.06, 17.47, 21.20, 22.83, 26.55, 28.13, 30.94, 32.70, 32.65, 34.11
 13.23, 14.57, 16.89, 19.75, 21.77, 24.97, 25.93, 29.20, 30.58, 31.31, 34.47, 33.22, 34.97, 33.61, 30.30, 28.89, 30.02, 28.31, 29.54, 30.23, 29.04, 27.23, 27.96, 25.51, 24.76, 21.23, 19.45, 15.66, 13.80, 10.53, 10.98, 13.69, 13.34, 14.85, 16.44, 15.66, 18.14, 21.12, 23.77, 26.15, 26.49, 27.51, 30.05, 29.18, 27.56, 24.97, 26.13, 24.52, 26.00, 24.68, 24.16, 24.10, 20.35, 20.48, 17.43, 14.08, 14.77, 14.23, 16.91, 19.12, 19.24, 19.09, 21.85, 23.98, 24.76, 25.82, 29.44, 31.06, 31.14, 28.28, 25.78, 22.61, 19.39, 16.61, 13.50, 10.92, 8.22, 5.18, 7.86, 10.35, 8.88, 7.39, 5.29, 4.99, 7.40, 6.74, 10.26, 12.45, 13.96, 12.39, 8.66, 6.43, 3.77, 0.00, 3.82, 6.69, 9.63, 13.22, 16.07, 19.78, 21.53, 25.29, 26.89, 29.98, 31.81, 31.79, 33.59
 12.80, 13.13, 15.03, 17.44, 19.13, 22.11, 22.71, 26.03, 27.68, 28.54, 31.85, 30.90, 32.84, 31.47, 28.36, 27.10, 28.65, 27.29, 28.44, 28.67, 27.18, 25.04, 25.38, 22.65, 21.56, 17.92, 15.86, 12.09, 10.02, 6.73, 7.50, 10.42, 9.94, 11.37, 12.77, 12.33, 14.84, 17.70, 20.54, 22.68, 23.04, 24.31, 26.77, 26.15, 24.61, 22.31, 23.85, 22.67, 24.53, 23.36, 23.42, 23.53, 19.96, 19.59, 16.21, 13.09, 14.17, 12.88, 15.09, 17.89, 18.08, 17.24, 19.79, 22.36, 22.98, 23.56, 27.07, 28.46, 28.21, 25.37, 22.63, 19.58, 16.25, 13.83, 10.87, 8.91, 7.31, 5.31, 9.00, 10.16, 8.01, 7.48, 7.19, 8.18, 9.51, 7.23, 9.76, 12.26, 13.03, 10.57, 6.81, 5.91, 5.68, 3.82, 0.00, 3.82, 6.23, 9.76, 12.68, 16.33, 18.38, 22.15, 24.08, 27.07, 29.19, 29.52, 31.50
 10.16, 9.93, 11.38, 13.82, 15.39, 18.50, 19.31, 22.69, 24.25, 25.30, 28.61, 27.55, 29.67, 28.57, 25.56, 24.69, 26.48, 25.53, 27.02, 26.98, 25.66, 23.19, 23.62, 20.71, 19.72, 16.13, 14.30, 10.78, 8.97, 6.20, 5.51, 9.11, 9.76, 11.62, 12.42, 12.73, 14.68, 16.86, 19.63, 21.46, 22.36, 23.85, 25.85, 25.27, 23.35, 21.26, 22.71, 21.63, 23.37, 21.83, 22.12, 22.83, 19.51, 19.33, 15.67, 12.47, 12.91, 10.74, 13.08, 16.05, 15.67, 14.40, 17.17, 19.75, 19.93, 20.48, 24.02, 25.63, 25.30, 22.24, 19.55, 16.27, 12.87, 10.44, 7.18, 5.74, 4.82, 5.16, 8.75, 8.94, 7.64, 8.93, 8.92, 10.92, 12.62, 10.27, 12.31, 15.29, 15.97, 12.97, 9.44, 9.54, 9.34, 6.69, 3.82, 0.00, 3.85, 6.85, 10.16, 13.67, 15.81, 19.55, 21.54, 24.73, 26.96, 27.43, 29.76
 11.01, 9.53, 10.81, 12.23, 13.75, 16.32, 16.74, 19.93, 21.65, 22.49, 25.90, 25.22, 27.29, 25.94, 23.10, 22.16, 24.24, 23.50, 24.72, 24.29, 22.66, 20.02, 20.11, 17.07, 15.91, 12.29, 10.52, 7.07, 6.03, 4.81, 5.46, 9.10, 9.21, 10.08, 9.77, 10.01, 11.32, 13.17, 15.85, 17.66, 18.74, 20.20, 22.06, 21.49, 19.57, 17.64, 19.32, 18.61, 20.70, 19.47, 20.32, 21.01, 17.98, 17.25, 13.49, 10.88, 11.93, 9.40, 10.72, 14.17, 14.27, 12.44, 14.62, 17.66, 18.02, 18.00, 21.36, 22.57, 22.09, 19.25, 16.42, 13.47, 10.24, 8.04, 5.90, 5.20, 6.72, 7.36, 10.50, 9.30, 7.29, 9.22, 10.66, 13.19, 14.01, 10.95, 11.82, 14.97, 15.32, 11.83, 8.97, 10.56, 11.37, 9.63, 6.23, 3.85, 0.00, 3.75, 6.52, 10.17, 12.27, 16.03, 18.16, 21.18, 23.54, 24.23, 26.57
 11.98, 9.44, 9.53, 9.99, 10.79, 13.01, 13.10, 16.38, 18.35, 19.47, 23.03, 22.58, 24.94, 23.80, 21.30, 20.83, 23.37, 23.22, 24.54, 23.58, 21.86, 18.80, 18.55, 15.18, 13.73, 10.18, 8.42, 5.90, 5.49, 6.13, 5.83, 8.77, 9.53, 10.30, 9.19, 10.42, 11.00, 11.84, 14.48, 15.63, 17.15, 18.98, 20.34, 20.08, 18.03, 16.67, 18.56, 18.37, 20.59, 19.31, 20.72, 21.84, 19.28, 18.39, 14.62, 12.57, 13.34, 10.14, 10.68, 14.36, 14.13, 11.44, 13.28, 16.59, 16.43, 15.84, 18.98, 20.07, 19.16, 16.21, 13.13, 10.19, 6.79, 5.60, 4.54, 6.22, 8.94, 10.65, 13.42, 11.56, 10.14, 12.62, 14.24, 16.90, 17.71, 14.55, 14.97, 18.04, 18.00, 14.28, 12.03, 13.95, 15.06, 13.22, 9.76, 6.85, 3.75, 0.00, 3.80, 6.89, 9.57, 13.21, 15.76, 18.76, 21.47, 22.60, 25.28
 13.54, 10.41, 10.52, 9.67, 10.54, 11.76, 11.50, 14.23, 16.15, 16.81, 20.36, 20.34, 22.49, 21.03, 18.73, 18.13, 20.91, 20.99, 22.02, 20.67, 18.68, 15.47, 14.90, 11.44, 9.96, 6.53, 5.62, 4.43, 6.44, 8.71, 9.36, 11.83, 12.03, 11.75, 9.41, 10.21, 9.40, 9.24, 11.30, 12.47, 14.51, 16.08, 17.07, 16.62, 14.37, 13.20, 15.19, 15.41, 17.86, 16.91, 18.87, 19.99, 17.92, 16.60, 13.03, 11.91, 13.02, 9.95, 9.09, 12.86, 13.16, 10.13, 10.93, 14.60, 14.74, 13.50, 16.31, 16.91, 15.96, 13.38, 10.29, 8.05, 5.68, 5.14, 6.63, 8.15, 11.54, 13.07, 15.31, 12.70, 11.16, 13.84, 16.17, 19.14, 19.43, 16.10, 15.71, 18.80, 18.70, 14.96, 13.42, 16.09, 17.47, 16.07, 12.68, 10.16, 6.52, 3.80, 0.00, 3.78, 5.97, 9.67, 12.26, 15.09, 17.85, 19.17, 21.84
 16.14, 12.61, 11.83, 9.79, 9.65, 9.64, 8.52, 10.94, 13.25, 14.07, 17.75, 18.24, 20.61, 19.29, 17.57, 17.48, 20.70, 21.42, 22.39, 20.44, 18.34, 14.78, 13.65, 9.92, 8.00, 5.34, 5.23, 6.55, 8.81, 11.68, 11.99, 13.70, 14.12, 13.62, 10.80, 12.14, 10.60, 9.04, 10.55, 10.69, 13.32, 15.17, 15.39, 15.33, 13.03, 12.79, 14.95, 15.89, 18.40, 17.60, 20.10, 21.50, 20.00, 18.51, 15.26, 14.77, 15.70, 12.55, 11.01, 14.45, 14.61, 11.11, 11.03, 14.73, 14.42, 12.31, 14.50, 14.64, 13.04, 10.59, 7.11, 5.76, 4.65, 6.41, 9.03, 11.31, 14.87, 16.73, 18.82, 15.98, 14.74, 17.53, 19.92, 22.92, 23.16, 19.78, 19.12, 22.06, 21.68, 17.93, 16.83, 19.63, 21.20, 19.78, 16.33, 13.67, 10.17, 6.89, 3.78, 0.00, 3.84, 6.84, 10.12, 12.63, 15.84, 17.78, 20.73
 16.44, 12.82, 12.47, 9.84, 10.47, 9.78, 9.26, 10.47, 11.92, 11.75, 15.19, 15.82, 17.71, 15.96, 14.24, 13.92, 17.21, 18.11, 18.93, 16.75, 14.68, 11.04, 10.05, 6.47, 5.71, 4.52, 6.91, 8.65, 11.73, 14.56, 15.17, 17.29, 17.53, 16.76, 13.67, 14.20, 11.86, 9.78, 9.90, 10.48, 13.75, 14.76, 14.46, 13.63, 10.64, 10.24, 11.82, 12.79, 15.12, 14.40, 17.24, 18.78, 17.83, 16.33, 13.50, 13.75, 14.56, 11.82, 9.32, 12.24, 12.77, 9.43, 8.19, 11.88, 12.03, 9.55, 11.45, 11.29, 10.21, 8.22, 5.60, 5.46, 6.50, 7.35, 10.79, 12.39, 16.14, 17.91, 19.36, 16.03, 15.08, 18.07, 20.74, 24.04, 24.08, 20.85, 19.87, 22.96, 22.96, 19.38, 18.44, 21.50, 22.83, 21.53, 18.38, 15.81, 12.27, 9.57, 5.97, 3.84, 0.00, 3.77, 6.45, 9.22, 12.16, 13.94, 16.93
 19.40, 15.71, 15.02, 11.77, 11.89, 9.96, 9.04, 8.79, 9.91, 9.12, 12.41, 13.78, 15.52, 13.70, 12.77, 12.90, 16.50, 18.05, 18.68, 15.90, 13.82, 10.07, 8.51, 5.33, 5.20, 6.48, 9.44, 11.98, 15.12, 18.16, 18.70, 20.53, 20.82, 19.88, 16.58, 17.17, 14.39, 11.57, 10.69, 10.46, 14.20, 14.96, 13.69, 12.88, 9.74, 10.34, 11.59, 13.21, 15.33, 14.87, 18.14, 19.87, 19.61, 18.04, 15.78, 16.62, 17.26, 14.77, 11.90, 14.09, 14.61, 11.40, 9.18, 12.31, 12.25, 8.95, 9.57, 8.43, 6.78, 5.77, 4.08, 6.42, 8.98, 10.48, 14.15, 15.90, 19.67, 21.56, 22.78, 19.30, 18.56, 21.58, 24.32, 27.68, 27.63, 24.42, 23.22, 26.22, 26.13, 22.64, 21.99, 25.16, 26.55, 25.29, 22.15, 19.55, 16.03, 13.21, 9.67, 6.84, 3.77, 0.00, 3.83, 5.94, 9.31, 11.78, 14.99
 19.87, 16.38, 16.08, 12.79, 13.61, 11.66, 11.66, 10.59, 10.32, 8.17, 10.66, 11.98, 12.90, 10.48, 9.56, 9.44, 13.07, 14.91, 15.46, 12.43, 10.68, 6.98, 6.15, 4.62, 6.91, 9.01, 12.50, 14.68, 18.05, 20.86, 21.49, 23.69, 23.97, 23.01, 19.71, 19.80, 16.82, 14.13, 12.53, 12.87, 16.64, 16.65, 15.11, 13.46, 9.82, 10.00, 9.98, 11.30, 12.75, 12.26, 15.72, 17.66, 18.06, 16.74, 15.10, 16.45, 16.78, 14.86, 11.60, 12.79, 13.52, 10.95, 7.77, 10.11, 10.59, 7.24, 7.08, 5.44, 5.45, 5.68, 6.43, 8.65, 11.61, 12.28, 16.05, 17.25, 20.95, 22.76, 23.39, 19.67, 19.32, 22.43, 25.21, 28.74, 28.63, 25.68, 24.38, 27.50, 27.82, 24.52, 23.83, 27.05, 28.13, 26.89, 24.08, 21.54, 18.16, 15.76, 12.26, 10.12, 6.45, 3.83, 0.00, 3.78, 6.05, 8.10, 11.53
 23.59, 20.12, 19.81, 16.46, 16.92, 14.52, 13.85, 12.12, 11.95, 9.44, 11.23, 13.50, 13.94, 11.27, 11.37, 11.17, 14.57, 16.59, 16.45, 12.96, 10.79, 7.66, 5.44, 5.21, 7.24, 10.49, 14.05, 16.80, 20.30, 23.44, 24.36, 26.29, 26.28, 24.92, 21.38, 21.36, 18.00, 14.86, 12.51, 12.33, 16.08, 15.69, 13.44, 11.82, 8.54, 9.86, 9.90, 12.17, 13.77, 14.13, 17.82, 19.38, 20.23, 18.50, 17.37, 19.26, 19.95, 18.32, 14.86, 15.87, 16.99, 14.65, 11.29, 13.25, 13.92, 10.51, 9.23, 6.08, 5.54, 7.77, 8.77, 11.77, 14.76, 15.79, 19.53, 20.75, 24.46, 26.05, 26.77, 23.07, 22.42, 25.27, 28.28, 31.74, 31.32, 28.27, 26.58, 29.43, 29.51, 26.35, 26.14, 29.57, 30.94, 29.98, 27.07, 24.73, 21.18, 18.76, 15.09, 12.63, 9.22, 5.94, 3.78, 0.00, 3.83, 7.23, 10.21
 24.80, 21.59, 21.65, 18.42, 19.38, 17.12, 17.03, 15.06, 14.08, 10.86, 11.54, 13.61, 12.96, 9.67, 10.02, 9.30, 12.23, 14.41, 13.90, 10.16, 8.39, 6.24, 5.13, 7.23, 10.23, 13.43, 17.17, 19.59, 23.22, 26.18, 27.20, 29.42, 29.35, 27.98, 24.46, 24.05, 20.61, 17.70, 15.01, 15.36, 18.93, 17.93, 15.68, 13.38, 10.08, 10.81, 9.51, 11.36, 12.11, 12.71, 16.38, 17.93, 19.48, 17.97, 17.57, 19.88, 20.37, 19.32, 15.75, 15.87, 17.23, 15.61, 11.90, 12.90, 14.12, 11.21, 9.34, 6.07, 7.48, 10.09, 11.93, 14.60, 17.66, 18.14, 21.86, 22.62, 26.20, 27.65, 27.89, 24.10, 23.71, 26.52, 29.54, 33.08, 32.56, 29.76, 27.99, 30.87, 31.28, 28.35, 28.14, 31.58, 32.70, 31.81, 29.19, 26.96, 23.54, 21.47, 17.85, 15.84, 12.16, 9.31, 6.05, 3.83, 0.00, 3.77, 6.68
 24.27, 21.44, 21.97, 19.08, 20.66, 18.86, 19.41, 17.66, 16.20, 12.76, 12.91, 14.18, 12.73, 8.98, 8.71, 6.93, 9.09, 11.15, 10.39, 6.59, 5.60, 4.81, 5.95, 8.99, 12.57, 15.34, 19.14, 21.03, 24.68, 27.32, 28.40, 30.97, 30.90, 29.62, 26.24, 25.45, 22.12, 19.65, 16.97, 18.01, 21.43, 20.08, 18.24, 15.40, 11.98, 11.66, 9.17, 9.94, 9.59, 10.14, 13.62, 15.21, 17.29, 16.19, 16.39, 18.92, 19.13, 18.70, 15.17, 14.42, 16.00, 15.21, 11.43, 11.51, 13.44, 11.37, 9.76, 7.50, 10.19, 12.24, 14.32, 16.36, 19.24, 19.02, 22.57, 22.78, 26.14, 27.41, 27.16, 23.35, 23.27, 26.02, 28.96, 32.54, 32.01, 29.54, 27.82, 30.78, 31.62, 28.89, 28.53, 31.88, 32.65, 31.79, 29.52, 27.43, 24.23, 22.60, 19.17, 17.78, 13.94, 11.78, 8.10, 7.23, 3.77, 0.00, 3.82
 26.76, 24.18, 25.11, 22.45, 24.25, 22.59, 23.06, 21.36, 19.99, 16.52, 16.43, 17.70, 15.82, 12.03, 11.79, 9.38, 10.26, 11.54, 9.60, 6.06, 4.97, 6.58, 7.58, 11.28, 14.76, 17.61, 21.39, 23.19, 26.93, 29.56, 30.99, 33.64, 33.25, 31.71, 28.28, 27.07, 23.61, 21.30, 18.27, 19.63, 22.70, 20.77, 19.02, 15.78, 12.86, 12.34, 9.28, 9.95, 9.18, 10.79, 13.96, 14.79, 17.41, 16.11, 17.14, 20.17, 20.68, 20.85, 17.28, 16.18, 18.29, 18.02, 14.32, 14.18, 16.61, 14.95, 13.47, 11.26, 13.80, 16.01, 17.89, 19.88, 22.55, 22.08, 25.47, 25.31, 28.49, 29.36, 28.93, 25.22, 24.94, 27.32, 30.41, 33.88, 33.01, 30.69, 28.67, 31.39, 32.34, 29.94, 29.89, 33.32, 34.11, 33.59, 31.50, 29.76, 26.57, 25.28, 21.84, 20.73, 16.93, 14.99, 11.53, 10.21, 6.68, 3.82, 0.00
