 0.00, 3.82, 7.09, 10.68, 13.00, 15.82, 16.48, 19.27, 22.99, 25.75, 28.48, 31.91, 33.80, 37.34, 36.87, 37.07, 35.35, 31.74, 28.68, 25.77, 22.08, 19.68, 15.99, 14.03, 10.27, 8.83, 8.71, 11.66, 12.48, 11.63, 13.88, 13.53, 16.84, 18.86, 21.17, 24.06, 24.64, 22.40, 24.13, 22.45, 25.49, 25.63, 26.00, 29.81, 32.82, 31.81, 28.07, 26.96, 23.21, 22.63, 19.14, 18.74, 14.94, 14.05, 15.89, 16.85, 20.42, 22.43, 26.26, 28.17, 31.96, 34.89, 32.71, 34.79, 35.35, 32.99, 29.95, 30.88, 27.50, 24.02, 21.57, 18.26, 15.70, 12.94, 10.02, 6.94, 5.91, 8.14, 11.82, 14.93, 18.58, 21.69, 25.37, 27.65, 31.33, 33.77, 37.27, 40.41, 43.19
 3.82, 0.00, 3.82, 7.17, 9.25, 12.11, 13.15, 16.09, 19.76, 22.77, 25.41, 28.96, 30.92, 34.55, 34.33, 34.45, 32.48, 28.86, 25.76, 22.66, 18.98, 16.32, 12.56, 10.40, 6.71, 5.52, 6.67, 9.88, 11.65, 10.90, 12.95, 12.40, 15.61, 17.14, 19.74, 22.41, 23.21, 21.43, 23.29, 21.71, 24.51, 24.62, 24.56, 28.35, 31.09, 29.87, 26.12, 24.75, 21.05, 20.29, 16.80, 16.52, 12.88, 11.42, 12.87, 14.01, 17.47, 19.74, 23.54, 25.67, 29.43, 32.43, 30.37, 32.68, 33.28, 31.24, 27.97, 28.83, 25.57, 21.93, 19.34, 16.37, 13.74, 11.74, 9.00, 7.26, 6.08, 6.28, 10.03, 12.47, 16.26, 18.99, 22.77, 25.08, 28.84, 31.32, 34.71, 37.91, 40.52
 7.09, 3.82, 0.00, 3.82, 6.35, 8.99, 9.71, 12.93, 16.46, 19.47, 22.31, 25.92, 28.16, 31.86, 31.92, 32.29, 30.18, 26.69, 23.36, 20.31, 16.56, 14.06, 10.26, 8.72, 5.88, 6.29, 8.93, 11.80, 13.96, 12.77, 13.98, 12.58, 15.15, 15.83, 18.20, 20.38, 20.95, 19.69, 21.96, 20.87, 23.66, 24.15, 24.02, 27.78, 30.27, 28.63, 24.99, 23.76, 20.28, 19.83, 16.66, 17.03, 13.78, 12.13, 12.51, 13.15, 16.12, 18.18, 21.88, 23.87, 27.60, 30.42, 28.21, 30.49, 30.82, 28.96, 25.63, 26.14, 22.85, 19.11, 16.79, 14.00, 11.90, 10.76, 9.12, 8.74, 6.61, 4.73, 7.70, 9.45, 13.17, 15.75, 19.53, 22.10, 25.87, 28.57, 31.82, 35.17, 37.77
 10.68, 7.17, 3.82, 0.00, 3.83, 5.33, 6.05, 9.34, 12.82, 16.02, 18.72, 22.40, 24.68, 28.43, 28.71, 29.05, 26.76, 23.31, 19.94, 16.82, 13.11, 10.57, 6.85, 5.99, 4.85, 7.09, 10.19, 12.28, 14.70, 13.37, 13.89, 12.15, 14.11, 14.02, 16.49, 18.29, 19.09, 18.40, 20.69, 19.79, 22.23, 22.76, 22.27, 25.89, 28.05, 26.15, 22.62, 21.29, 18.05, 17.67, 14.86, 15.71, 13.06, 11.35, 10.62, 10.86, 13.28, 15.31, 18.85, 20.91, 24.54, 27.34, 25.24, 27.68, 28.04, 26.50, 23.02, 23.47, 20.40, 16.59, 14.18, 12.01, 10.10, 10.23, 9.46, 10.55, 8.96, 5.62, 6.99, 7.13, 10.71, 12.67, 16.48, 18.97, 22.77, 25.46, 28.59, 31.96, 34.40
 13.00, 9.25, 6.35, 3.83, 0.00, 3.82, 6.65, 10.12, 13.00, 16.59, 19.04, 22.85, 25.25, 29.06, 29.75, 29.92, 27.23, 23.84, 20.59, 17.17, 13.82, 10.75, 7.41, 5.65, 5.83, 7.18, 10.86, 13.01, 16.11, 15.55, 16.43, 15.18, 17.13, 16.82, 19.43, 20.92, 21.85, 21.58, 23.86, 23.00, 25.14, 25.46, 24.52, 27.99, 29.81, 27.88, 24.43, 22.68, 19.62, 18.73, 15.95, 16.37, 14.11, 11.54, 10.82, 11.89, 13.96, 16.49, 19.75, 22.18, 25.60, 28.48, 26.68, 29.37, 29.77, 28.65, 25.04, 25.34, 22.52, 18.72, 16.43, 14.89, 13.18, 13.82, 12.94, 13.93, 12.49, 9.40, 10.64, 9.95, 13.01, 14.09, 17.76, 20.25, 24.02, 26.71, 29.56, 32.98, 35.11
 15.82, 12.11, 8.99, 5.33, 3.82, 0.00, 3.80, 6.72, 9.34, 13.04, 15.30, 19.12, 21.52, 25.33, 26.17, 26.37, 23.61, 20.31, 17.01, 13.65, 10.43, 7.61, 5.01, 5.22, 7.37, 9.98, 13.23, 14.55, 17.38, 16.41, 16.48, 14.83, 16.02, 14.96, 17.43, 18.47, 19.58, 19.82, 22.04, 21.42, 23.20, 23.64, 22.48, 25.76, 27.26, 25.07, 21.82, 20.15, 17.47, 16.88, 14.72, 15.85, 14.30, 12.24, 10.30, 10.46, 11.59, 13.76, 16.71, 19.04, 22.31, 25.07, 23.32, 26.08, 26.48, 25.65, 21.97, 22.23, 19.69, 15.98, 13.72, 12.94, 11.66, 13.33, 13.31, 15.24, 14.09, 10.46, 10.47, 8.48, 10.82, 11.08, 14.58, 16.87, 20.59, 23.21, 25.95, 29.36, 31.39
 16.48, 13.15, 9.71, 6.05, 6.65, 3.80, 0.00, 3.82, 6.85, 10.14, 12.92, 16.67, 19.25, 23.05, 23.77, 24.40, 21.93, 18.80, 15.20, 12.36, 8.89, 7.37, 5.36, 7.51, 9.23, 12.36, 15.32, 16.50, 18.75, 17.02, 16.36, 13.94, 14.38, 12.70, 14.58, 15.23, 16.00, 16.49, 18.96, 18.81, 20.73, 21.68, 20.93, 24.17, 25.73, 23.23, 20.13, 19.08, 16.61, 16.88, 15.19, 17.09, 15.59, 14.35, 12.00, 10.93, 11.56, 12.70, 15.57, 17.23, 20.59, 23.01, 20.83, 23.27, 23.35, 22.35, 18.78, 18.80, 16.08, 12.33, 10.38, 9.62, 9.16, 11.38, 12.41, 14.82, 13.42, 9.61, 8.26, 5.34, 7.08, 7.47, 11.11, 13.67, 17.42, 20.26, 23.11, 26.61, 28.92
 19.27, 16.09, 12.93, 9.34, 10.12, 6.72, 3.82, 0.00, 3.83, 6.94, 9.39, 13.07, 15.49, 19.28, 19.95, 20.62, 18.21, 15.17, 11.49, 8.95, 5.64, 5.66, 5.77, 9.23, 11.58, 15.13, 17.63, 18.09, 19.93, 17.90, 16.48, 13.85, 13.35, 10.86, 12.45, 12.55, 13.72, 14.75, 16.91, 16.97, 18.38, 19.41, 18.48, 21.43, 22.69, 19.94, 17.10, 16.29, 14.36, 15.16, 14.31, 16.88, 16.09, 15.52, 12.47, 10.42, 9.85, 10.06, 12.44, 13.76, 17.00, 19.27, 17.09, 19.60, 19.79, 19.04, 15.38, 15.55, 13.23, 9.69, 7.59, 8.17, 8.32, 11.54, 13.31, 16.39, 15.54, 11.80, 9.67, 6.07, 6.06, 4.90, 8.23, 10.20, 13.97, 16.60, 19.48, 22.91, 25.20
 22.99, 19.76, 16.46, 12.82, 13.00, 9.34, 6.85, 3.83, 0.00, 3.82, 6.20, 9.99, 12.87, 16.67, 17.93, 18.88, 16.25, 13.74, 10.06, 8.21, 6.37, 7.63, 9.04, 12.41, 15.14, 18.59, 21.21, 21.56, 23.46, 21.50, 19.89, 17.26, 16.25, 13.25, 14.18, 13.28, 14.21, 16.13, 18.27, 18.86, 19.82, 21.05, 19.97, 22.45, 23.16, 20.05, 17.77, 17.18, 16.02, 17.04, 16.86, 19.59, 19.30, 18.70, 15.41, 13.30, 11.80, 11.39, 12.70, 13.54, 16.20, 17.97, 15.88, 18.30, 18.17, 18.06, 14.53, 14.14, 12.44, 9.50, 8.52, 10.34, 11.41, 14.91, 17.00, 20.16, 19.21, 15.49, 13.06, 9.27, 7.85, 4.75, 6.44, 8.23, 11.65, 14.40, 16.81, 20.35, 22.42
 25.75, 22.77, 19.47, 16.02, 16.59, 13.04, 10.14, 6.94, 3.82, 0.00, 3.82, 7.03, 10.32, 13.95, 15.32, 16.90, 14.66, 12.83, 9.24, 8.93, 8.17, 10.64, 12.39, 15.96, 18.52, 22.06, 24.54, 24.77, 26.34, 24.05, 22.00, 19.08, 17.38, 13.89, 13.84, 11.94, 12.45, 15.11, 17.22, 18.46, 19.15, 20.84, 20.05, 22.13, 22.58, 19.13, 17.44, 17.57, 17.07, 18.75, 19.16, 22.25, 22.15, 21.98, 18.58, 16.01, 14.09, 12.68, 13.20, 12.96, 15.16, 16.16, 13.72, 15.63, 14.98, 15.13, 11.89, 10.89, 9.66, 7.57, 7.95, 10.65, 12.71, 16.39, 19.06, 22.38, 21.42, 17.88, 14.90, 11.16, 8.49, 4.66, 3.60, 4.98, 8.05, 11.10, 13.35, 17.02, 19.29
 28.48, 25.41, 22.31, 18.72, 19.04, 15.30, 12.92, 9.39, 6.20, 3.82, 0.00, 3.82, 6.87, 10.59, 12.32, 13.64, 11.13, 9.69, 6.56, 7.27, 8.26, 11.28, 13.97, 17.58, 20.53, 24.15, 26.38, 26.13, 27.58, 25.42, 23.15, 20.55, 18.55, 14.99, 15.00, 12.91, 14.09, 16.89, 18.31, 19.38, 19.31, 20.66, 19.39, 20.94, 20.77, 17.26, 16.09, 16.15, 16.42, 18.12, 19.21, 22.41, 22.96, 23.01, 19.36, 16.66, 13.98, 12.14, 11.56, 11.07, 12.51, 13.29, 11.42, 13.69, 13.48, 14.48, 11.32, 10.78, 10.84, 9.73, 9.79, 13.13, 14.82, 18.63, 21.21, 24.74, 24.23, 20.70, 17.89, 14.23, 11.77, 8.06, 6.43, 5.19, 7.12, 9.12, 10.99, 14.42, 16.26
 31.91, 28.96, 25.92, 22.40, 22.85, 19.12, 16.67, 13.07, 9.99, 7.03, 3.82, 0.00, 3.82, 7.13, 9.35, 11.24, 9.19, 9.09, 7.13, 9.44, 11.30, 14.65, 17.54, 21.19, 24.12, 27.80, 29.87, 29.41, 30.62, 28.34, 25.77, 23.16, 20.73, 17.04, 16.46, 13.79, 14.85, 18.03, 19.02, 20.43, 19.83, 21.31, 20.12, 21.02, 20.34, 16.67, 16.36, 16.97, 18.01, 20.06, 21.71, 25.07, 25.92, 26.28, 22.55, 19.65, 16.66, 14.27, 12.79, 11.35, 11.71, 11.41, 9.70, 11.44, 10.98, 12.84, 10.36, 9.58, 10.96, 11.18, 11.92, 15.57, 17.55, 21.34, 24.15, 27.78, 27.41, 24.01, 21.02, 17.48, 14.67, 11.09, 8.46, 5.86, 5.43, 6.33, 7.40, 10.74, 12.48
 33.80, 30.92, 28.16, 24.68, 25.25, 21.52, 19.25, 15.49, 12.87, 10.32, 6.87, 3.82, 0.00, 3.83, 5.90, 7.48, 5.70, 6.67, 6.34, 9.72, 12.43, 15.97, 19.22, 22.84, 25.82, 29.56, 31.26, 30.35, 31.24, 28.97, 26.15, 23.82, 21.11, 17.54, 16.95, 14.38, 16.04, 18.99, 19.23, 20.38, 19.08, 20.19, 18.72, 18.99, 17.75, 14.15, 14.55, 15.36, 17.16, 19.37, 21.62, 25.06, 26.38, 27.15, 23.36, 20.29, 16.95, 14.13, 11.75, 9.73, 8.96, 8.02, 7.15, 9.16, 9.64, 12.12, 10.02, 10.27, 12.48, 13.23, 13.52, 17.33, 18.95, 22.68, 25.41, 29.16, 29.25, 26.00, 23.12, 19.81, 17.20, 13.89, 11.49, 8.14, 6.98, 5.53, 6.32, 8.63, 9.98
 37.34, 34.55, 31.86, 28.43, 29.06, 25.33, 23.05, 19.28, 16.67, 13.95, 10.59, 7.13, 3.83, 0.00, 3.83, 5.95, 5.72, 8.48, 9.50, 13.11, 16.04, 19.59, 22.91, 26.51, 29.47, 33.22, 34.78, 33.70, 34.39, 32.08, 29.08, 26.83, 23.89, 20.39, 19.45, 16.70, 18.25, 21.25, 21.07, 22.37, 20.60, 21.68, 20.28, 19.85, 18.05, 14.62, 15.95, 17.16, 19.54, 21.89, 24.50, 27.96, 29.52, 30.50, 26.72, 23.59, 20.13, 17.12, 14.29, 11.79, 9.88, 7.53, 7.60, 8.55, 9.08, 12.39, 11.37, 11.64, 14.63, 16.11, 16.69, 20.51, 22.22, 25.85, 28.66, 32.45, 32.67, 29.53, 26.59, 23.38, 20.64, 17.45, 14.75, 11.24, 9.03, 6.20, 5.18, 5.76, 6.37
 36.87, 34.33, 31.92, 28.71, 29.75, 26.17, 23.77, 19.95, 17.93, 15.32, 12.32, 9.35, 5.90, 3.83, 0.00, 3.82, 5.83, 8.28, 9.69, 13.52, 16.26, 19.94, 23.16, 26.78, 29.47, 33.26, 34.47, 33.15, 33.42, 30.92, 27.67, 25.49, 22.26, 18.95, 17.76, 15.14, 17.01, 19.67, 18.88, 20.03, 17.84, 18.85, 17.64, 16.81, 14.94, 11.54, 13.41, 15.24, 17.93, 20.67, 23.53, 27.12, 28.73, 30.17, 26.49, 23.10, 19.75, 16.33, 13.39, 10.22, 7.94, 4.68, 4.82, 5.35, 7.10, 10.21, 9.60, 10.89, 14.06, 15.85, 16.17, 19.87, 21.42, 24.82, 27.67, 31.47, 32.02, 29.16, 26.23, 23.39, 20.75, 18.03, 15.55, 11.75, 9.67, 6.09, 6.41, 6.01, 7.48
 37.07, 34.45, 32.29, 29.05, 29.92, 26.37, 24.40, 20.62, 18.88, 16.90, 13.64, 11.24, 7.48, 5.95, 3.82, 0.00, 3.82, 6.60, 9.37, 12.95, 16.13, 19.54, 23.00, 26.38, 29.20, 32.91, 33.85, 32.18, 32.35, 30.14, 26.94, 25.24, 22.18, 19.21, 18.65, 16.68, 19.17, 21.38, 20.23, 20.70, 18.15, 18.37, 16.50, 15.29, 12.84, 9.91, 12.05, 13.33, 16.47, 18.86, 22.06, 25.46, 27.51, 29.07, 25.42, 22.19, 18.64, 15.38, 11.92, 9.18, 5.84, 2.82, 5.82, 7.72, 10.47, 13.07, 12.00, 13.97, 16.72, 17.96, 17.50, 21.12, 22.03, 25.34, 27.81, 31.62, 32.54, 29.69, 27.12, 24.38, 22.21, 19.56, 17.65, 13.94, 12.65, 9.45, 10.02, 9.41, 9.76
 35.35, 32.48, 30.18, 26.76, 27.23, 23.61, 21.93, 18.21, 16.25, 14.66, 11.13, 9.19, 5.70, 5.72, 5.83, 3.82, 0.00, 3.82, 6.84, 10.14, 13.67, 16.87, 20.51, 23.80, 26.89, 30.54, 31.71, 30.15, 30.72, 28.76, 25.86, 24.22, 21.54, 18.50, 18.50, 16.73, 19.28, 21.57, 20.93, 21.23, 19.12, 19.22, 16.98, 16.44, 14.33, 11.35, 12.44, 12.76, 15.50, 17.38, 20.35, 23.60, 25.66, 26.82, 23.07, 20.10, 16.40, 13.56, 10.11, 8.31, 5.65, 5.03, 7.10, 9.99, 12.25, 14.68, 12.75, 14.38, 16.62, 17.17, 16.43, 20.08, 20.81, 24.31, 26.56, 30.37, 31.13, 28.03, 25.63, 22.63, 20.67, 17.73, 16.10, 12.72, 12.09, 9.74, 10.46, 10.95, 11.13
 31.74, 28.86, 26.69, 23.31, 23.84, 20.31, 18.80, 15.17, 13.74, 12.83, 9.69, 9.09, 6.67, 8.48, 8.28, 6.60, 3.82, 0.00, 3.83, 6.67, 10.21, 13.29, 16.92, 20.14, 23.19, 26.83, 27.91, 26.33, 26.93, 25.03, 22.23, 20.70, 18.24, 15.35, 15.91, 14.71, 17.63, 19.52, 18.99, 18.86, 17.05, 16.90, 14.41, 14.56, 13.06, 10.11, 10.05, 9.73, 12.03, 13.78, 16.60, 19.87, 21.86, 23.00, 19.27, 16.28, 12.58, 9.80, 6.39, 5.33, 4.11, 6.08, 7.17, 10.84, 13.24, 14.82, 12.10, 14.12, 15.55, 15.33, 13.88, 17.31, 17.59, 21.03, 23.06, 26.84, 27.71, 24.62, 22.44, 19.56, 18.03, 15.34, 14.45, 11.44, 11.99, 10.53, 12.35, 13.65, 14.49
 28.68, 25.76, 23.36, 19.94, 20.59, 17.01, 15.20, 11.49, 10.06, 9.24, 6.56, 7.13, 6.34, 9.50, 9.69, 9.37, 6.84, 3.83, 0.00, 3.83, 6.92, 10.39, 13.85, 17.33, 20.31, 24.03, 25.41, 24.24, 25.07, 22.99, 20.30, 18.34, 16.00, 12.80, 13.40, 12.14, 14.85, 16.83, 16.91, 17.00, 15.90, 16.27, 14.22, 15.27, 14.69, 11.46, 10.38, 10.12, 11.30, 13.19, 15.31, 18.72, 20.12, 21.00, 17.23, 14.12, 10.66, 7.90, 5.72, 5.07, 6.38, 8.39, 7.62, 11.14, 12.80, 13.78, 10.46, 12.08, 12.78, 11.98, 10.45, 13.89, 14.40, 18.02, 20.23, 24.00, 24.53, 21.30, 18.96, 15.92, 14.29, 11.54, 10.90, 8.30, 9.79, 9.54, 12.03, 14.29, 15.83
 25.77, 22.66, 20.31, 16.82, 17.17, 13.65, 12.36, 8.95, 8.21, 8.93, 7.27, 9.44, 9.72, 13.11, 13.52, 12.95, 10.14, 6.67, 3.83, 0.00, 3.83, 6.75, 10.40, 13.71, 16.88, 20.52, 21.99, 20.90, 22.07, 20.28, 18.00, 16.27, 14.61, 11.80, 13.37, 12.96, 15.71, 17.20, 17.64, 17.24, 16.70, 16.74, 14.49, 16.26, 16.21, 13.46, 11.40, 10.09, 10.10, 11.15, 12.62, 15.79, 17.03, 17.53, 13.72, 10.91, 7.48, 5.77, 5.09, 6.78, 9.10, 11.85, 11.12, 14.63, 16.17, 16.63, 13.00, 14.50, 14.27, 12.44, 10.11, 12.91, 12.68, 16.21, 17.92, 21.57, 22.09, 18.73, 16.84, 13.82, 12.99, 10.53, 11.13, 9.73, 12.25, 12.85, 15.44, 17.97, 19.48
 22.08, 18.98, 16.56, 13.11, 13.82, 10.43, 8.89, 5.64, 6.37, 8.17, 8.26, 11.30, 12.43, 16.04, 16.26, 16.13, 13.67, 10.21, 6.92, 3.83, 0.00, 3.83, 6.95, 10.55, 13.47, 17.20, 18.84, 18.13, 19.43, 17.46, 15.39, 13.34, 12.10, 9.42, 11.45, 11.65, 14.17, 15.19, 16.14, 15.61, 15.89, 16.18, 14.42, 16.95, 17.73, 15.12, 12.36, 11.11, 9.80, 10.77, 11.13, 14.27, 14.71, 15.02, 11.33, 8.42, 5.95, 5.08, 6.87, 8.71, 11.90, 14.68, 13.22, 16.37, 17.54, 17.24, 13.43, 14.73, 13.50, 10.82, 7.90, 9.92, 9.33, 12.83, 14.47, 18.05, 18.36, 14.94, 13.11, 10.16, 9.88, 8.12, 9.93, 9.71, 13.04, 14.47, 17.46, 20.35, 22.31
 19.68, 16.32, 14.06, 10.57, 10.75, 7.61, 7.37, 5.66, 7.63, 10.64, 11.28, 14.65, 15.97, 19.59, 19.94, 19.54, 16.87, 13.29, 10.39, 6.75, 3.83, 0.00, 3.83, 6.98, 10.27, 13.84, 15.61, 15.05, 16.85, 15.41, 14.08, 12.57, 12.46, 10.75, 13.54, 14.50, 16.85, 17.34, 18.47, 17.47, 18.15, 18.04, 16.15, 19.01, 20.06, 17.93, 14.80, 12.85, 10.71, 10.43, 9.65, 12.06, 12.15, 11.76, 8.13, 6.10, 4.79, 6.50, 9.17, 11.86, 15.04, 18.13, 16.92, 20.14, 21.34, 20.89, 17.07, 18.30, 16.67, 13.55, 10.44, 11.30, 9.72, 12.56, 13.26, 16.47, 16.79, 13.31, 12.38, 9.85, 10.88, 9.91, 12.58, 13.12, 16.62, 18.25, 21.16, 24.09, 25.90
 15.99, 12.56, 10.26, 6.85, 7.41, 5.01, 5.36, 5.77, 9.04, 12.39, 13.97, 17.54, 19.22, 22.91, 23.16, 23.00, 20.51, 16.92, 13.85, 10.40, 6.95, 3.83, 0.00, 3.82, 6.68, 10.34, 12.44, 12.54, 14.65, 13.22, 12.53, 10.96, 11.81, 10.85, 13.85, 15.37, 17.29, 17.21, 18.73, 17.59, 18.98, 19.01, 17.62, 20.90, 22.49, 20.55, 17.13, 15.34, 12.49, 12.01, 10.03, 11.80, 10.71, 9.77, 6.86, 5.74, 6.84, 9.08, 12.38, 14.90, 18.34, 21.40, 19.84, 22.79, 23.74, 22.80, 19.04, 20.09, 17.82, 14.28, 11.15, 10.70, 8.54, 10.57, 10.65, 13.43, 13.44, 9.93, 9.68, 7.81, 10.08, 10.34, 13.75, 15.11, 18.84, 20.89, 23.96, 27.06, 29.14
 14.03, 10.40, 8.72, 5.99, 5.65, 5.22, 7.51, 9.23, 12.41, 15.96, 17.58, 21.19, 22.84, 26.51, 26.78, 26.38, 23.80, 20.14, 17.33, 13.71, 10.55, 6.98, 3.82, 0.00, 3.82, 6.96, 9.23, 9.69, 12.49, 11.91, 12.35, 11.69, 13.59, 13.57, 16.85, 18.78, 20.64, 20.16, 21.64, 20.13, 21.69, 21.35, 19.90, 23.29, 25.02, 23.47, 19.92, 17.73, 14.57, 13.24, 10.40, 10.90, 9.17, 7.06, 5.30, 6.47, 8.85, 11.91, 15.28, 18.15, 21.53, 24.79, 23.43, 26.46, 27.52, 26.50, 22.77, 23.86, 21.48, 17.86, 14.74, 13.74, 11.10, 12.05, 10.91, 12.79, 12.91, 9.84, 10.98, 10.15, 13.12, 13.83, 17.37, 18.91, 22.65, 24.70, 27.74, 30.81, 32.79
 10.27, 6.71, 5.88, 4.85, 5.83, 7.37, 9.23, 11.58, 15.14, 18.52, 20.53, 24.12, 25.82, 29.47, 29.47, 29.20, 26.89, 23.19, 20.31, 16.88, 13.47, 10.27, 6.68, 3.82, 0.00, 3.82, 6.12, 7.60, 10.37, 9.78, 11.03, 10.59, 13.32, 14.13, 17.37, 19.77, 21.36, 20.28, 21.82, 20.11, 22.14, 21.84, 20.87, 24.49, 26.68, 25.36, 21.64, 19.70, 16.18, 14.95, 11.60, 11.57, 8.69, 6.59, 6.74, 8.21, 11.46, 14.28, 17.94, 20.58, 24.15, 27.38, 25.79, 28.59, 29.57, 28.11, 24.51, 25.64, 22.90, 19.21, 16.12, 14.24, 11.27, 10.97, 8.88, 9.80, 9.90, 7.51, 9.86, 10.41, 13.99, 15.62, 19.35, 21.15, 24.95, 27.12, 30.36, 33.45, 35.68
 8.83, 5.52, 6.29, 7.09, 7.18, 9.98, 12.36, 15.13, 18.59, 22.06, 24.15, 27.80, 29.56, 33.22, 33.26, 32.91, 30.54, 26.83, 24.03, 20.52, 17.20, 13.84, 10.34, 6.96, 3.82, 0.00, 3.82, 6.84, 10.08, 10.58, 12.91, 13.17, 16.36, 17.62, 20.84, 23.39, 24.82, 23.53, 25.09, 23.26, 25.42, 24.97, 24.06, 27.68, 29.97, 28.88, 25.12, 23.03, 19.43, 17.83, 14.21, 13.26, 10.06, 7.29, 9.07, 11.43, 14.83, 17.88, 21.50, 24.27, 27.81, 31.11, 29.59, 32.39, 33.37, 31.85, 28.29, 29.36, 26.52, 22.80, 19.82, 17.69, 14.73, 13.81, 11.09, 10.72, 10.71, 9.39, 12.51, 13.61, 17.32, 19.13, 22.91, 24.88, 28.69, 30.92, 34.13, 37.26, 39.45
 8.71, 6.67, 8.93, 10.19, 10.86, 13.23, 15.32, 17.63, 21.21, 24.54, 26.38, 29.87, 31.26, 34.78, 34.47, 33.85, 31.71, 27.91, 25.41, 21.99, 18.84, 15.61, 12.44, 9.23, 6.12, 3.82, 0.00, 3.80, 6.74, 8.06, 11.18, 12.45, 16.03, 18.03, 21.41, 24.39, 26.12, 24.39, 25.47, 23.15, 25.18, 24.29, 23.39, 26.97, 29.46, 28.83, 25.02, 22.84, 19.11, 17.25, 13.44, 11.82, 8.31, 6.20, 9.21, 11.74, 15.45, 18.50, 22.12, 24.94, 28.44, 31.88, 30.54, 33.36, 34.65, 32.97, 29.49, 30.98, 28.23, 24.65, 21.41, 19.20, 15.81, 14.32, 10.96, 10.05, 11.23, 10.88, 14.25, 15.84, 19.56, 21.52, 25.24, 26.86, 30.62, 32.55, 35.91, 38.82, 41.02
 11.66, 9.88, 11.80, 12.28, 13.01, 14.55, 16.50, 18.09, 21.56, 24.77, 26.13, 29.41, 30.35, 33.70, 33.15, 32.18, 30.15, 26.33, 24.24, 20.90, 18.13, 15.05, 12.54, 9.69, 7.60, 6.84, 3.80, 0.00, 3.82, 6.12, 9.24, 11.43, 14.90, 17.16, 20.78, 23.92, 26.13, 24.36, 24.90, 22.20, 23.75, 22.35, 21.10, 24.51, 26.90, 26.65, 22.88, 20.45, 16.78, 14.53, 10.72, 8.51, 5.16, 3.94, 7.49, 10.13, 13.77, 16.87, 20.29, 23.26, 26.58, 30.17, 29.18, 32.13, 33.81, 32.24, 28.77, 30.67, 28.24, 24.86, 21.33, 19.52, 15.86, 14.59, 11.26, 11.06, 13.20, 12.71, 15.63, 16.94, 20.41, 22.07, 25.61, 26.71, 30.34, 31.86, 35.24, 37.90, 39.95
 12.48, 11.65, 13.96, 14.70, 16.11, 17.38, 18.75, 19.93, 23.46, 26.34, 27.58, 30.62, 31.24, 34.39, 33.42, 32.35, 30.72, 26.93, 25.07, 22.07, 19.43, 16.85, 14.65, 12.49, 10.37, 10.08, 6.74, 3.82, 0.00, 3.83, 7.29, 10.37, 13.87, 16.77, 20.28, 23.73, 26.08, 23.89, 23.95, 20.89, 22.33, 20.62, 19.63, 22.96, 25.64, 25.80, 22.07, 19.88, 16.21, 14.21, 10.64, 8.51, 5.36, 6.67, 9.53, 11.20, 14.74, 17.31, 20.64, 23.32, 26.59, 30.15, 29.18, 31.96, 33.83, 32.02, 28.77, 30.99, 28.63, 25.51, 21.90, 19.98, 16.18, 14.42, 10.95, 10.54, 13.55, 13.77, 16.54, 18.26, 21.57, 23.46, 26.84, 27.63, 31.12, 32.37, 35.90, 38.33, 40.50
 11.63, 10.90, 12.77, 13.37, 15.55, 16.41, 17.02, 17.90, 21.50, 24.05, 25.42, 28.34, 28.97, 32.08, 30.92, 30.14, 28.76, 25.03, 22.99, 20.28, 17.46, 15.41, 13.22, 11.91, 9.78, 10.58, 8.06, 6.12, 3.83, 0.00, 3.82, 6.72, 10.30, 13.43, 16.76, 20.33, 22.59, 20.23, 20.25, 17.21, 18.87, 17.46, 16.90, 20.44, 23.37, 23.31, 19.56, 17.86, 14.10, 12.92, 9.56, 8.86, 5.61, 7.87, 9.45, 9.82, 13.33, 15.27, 18.73, 20.99, 24.42, 27.79, 26.51, 29.04, 30.78, 28.74, 25.61, 27.84, 25.41, 22.40, 18.86, 16.77, 12.98, 10.94, 7.59, 7.71, 11.10, 11.37, 13.72, 15.64, 18.76, 20.89, 24.16, 24.90, 28.33, 29.59, 33.23, 35.66, 38.05
 13.88, 12.95, 13.98, 13.89, 16.43, 16.48, 16.36, 16.48, 19.89, 22.00, 23.15, 25.77, 26.15, 29.08, 27.67, 26.94, 25.86, 22.23, 20.30, 18.00, 15.39, 14.08, 12.53, 12.35, 11.03, 12.91, 11.18, 9.24, 7.29, 3.82, 0.00, 3.82, 6.82, 10.16, 13.43, 17.07, 19.58, 17.20, 16.83, 13.64, 15.09, 13.65, 13.22, 16.83, 19.89, 19.76, 16.04, 14.72, 11.02, 10.65, 7.98, 8.76, 6.59, 9.66, 9.77, 8.64, 11.53, 12.65, 15.98, 17.83, 21.26, 24.49, 23.13, 25.54, 27.36, 25.27, 22.26, 24.71, 22.47, 19.76, 16.18, 14.38, 10.67, 8.96, 6.63, 8.28, 11.66, 11.46, 12.80, 14.36, 16.95, 18.93, 21.87, 22.22, 25.45, 26.47, 30.16, 32.44, 34.90
 13.53, 12.40, 12.58, 12.15, 15.18, 14.83, 13.94, 13.85, 17.26, 19.08, 20.55, 23.16, 23.82, 26.83, 25.49, 25.24, 24.22, 20.70, 18.34, 16.27, 13.34, 12.57, 10.96, 11.69, 10.59, 13.17, 12.45, 11.43, 10.37, 6.72, 3.82, 0.00, 3.82, 6.99, 10.09, 13.71, 15.95, 13.58, 13.63, 10.85, 12.88, 12.35, 12.47, 16.28, 19.37, 18.59, 14.89, 14.20, 10.61, 11.30, 9.14, 11.04, 8.97, 11.32, 10.52, 8.42, 10.90, 11.33, 14.81, 16.16, 19.81, 22.76, 20.91, 23.08, 24.52, 22.25, 19.25, 21.44, 18.97, 16.21, 12.77, 10.68, 7.07, 5.29, 4.11, 7.14, 9.81, 9.11, 9.58, 11.12, 13.46, 15.68, 18.57, 19.11, 22.37, 23.66, 27.40, 29.85, 32.54
 16.84, 15.61, 15.15, 14.11, 17.13, 16.02, 14.38, 13.35, 16.25, 17.38, 18.55, 20.73, 21.11, 23.89, 22.26, 22.18, 21.54, 18.24, 16.00, 14.61, 12.10, 12.46, 11.81, 13.59, 13.32, 16.36, 16.03, 14.90, 13.87, 10.30, 6.82, 3.82, 0.00, 3.82, 6.64, 10.36, 12.95, 10.67, 10.21, 7.35, 9.19, 9.05, 9.56, 13.34, 16.46, 15.38, 11.84, 11.92, 8.87, 10.82, 9.93, 12.78, 11.66, 14.17, 12.53, 9.46, 10.66, 9.76, 12.76, 13.36, 16.95, 19.60, 17.58, 19.50, 20.99, 18.63, 15.78, 18.22, 16.02, 13.73, 10.38, 8.91, 6.01, 5.62, 6.87, 10.26, 12.33, 11.22, 10.35, 11.10, 12.38, 14.24, 16.54, 16.55, 19.49, 20.49, 24.29, 26.56, 29.35
 18.86, 17.14, 15.83, 14.02, 16.82, 14.96, 12.70, 10.86, 13.25, 13.89, 14.99, 17.04, 17.54, 20.39, 18.95, 19.21, 18.50, 15.35, 12.80, 11.80, 9.42, 10.75, 10.85, 13.57, 14.13, 17.62, 18.03, 17.16, 16.77, 13.43, 10.16, 6.99, 3.82, 0.00, 3.83, 7.01, 9.92, 8.53, 8.52, 6.81, 8.33, 9.16, 9.44, 12.93, 15.53, 13.62, 10.29, 10.83, 8.46, 11.10, 10.97, 14.38, 13.73, 15.72, 13.29, 9.73, 9.77, 7.91, 10.59, 10.65, 14.33, 16.73, 14.36, 16.30, 17.55, 15.37, 12.26, 14.56, 12.45, 10.19, 6.76, 6.23, 4.47, 6.43, 9.02, 12.74, 13.92, 11.97, 10.00, 9.50, 9.76, 11.04, 12.95, 12.74, 15.68, 16.79, 20.58, 23.00, 25.85
 21.17, 19.74, 18.20, 16.49, 19.43, 17.43, 14.58, 12.45, 14.18, 13.84, 15.00, 16.46, 16.95, 19.45, 17.76, 18.65, 18.50, 15.91, 13.40, 13.37, 11.45, 13.54, 13.85, 16.85, 17.37, 20.84, 21.41, 20.78, 20.28, 16.76, 13.43, 10.09, 6.64, 3.83, 0.00, 3.83, 6.58, 5.10, 4.97, 4.70, 6.61, 9.00, 10.35, 13.26, 15.77, 13.47, 10.89, 12.59, 11.15, 14.33, 14.66, 18.14, 17.51, 19.48, 17.04, 13.45, 13.09, 10.59, 12.40, 11.26, 14.56, 16.15, 13.20, 14.30, 15.07, 12.38, 9.73, 11.93, 9.76, 8.33, 6.03, 5.90, 6.41, 8.23, 11.56, 14.99, 15.71, 14.01, 11.31, 10.71, 9.77, 11.02, 12.04, 11.56, 13.94, 15.01, 18.83, 21.16, 24.34
 24.06, 22.41, 20.38, 18.29, 20.92, 18.47, 15.23, 12.55, 13.28, 11.94, 12.91, 13.79, 14.38, 16.70, 15.14, 16.68, 16.73, 14.71, 12.14, 12.96, 11.65, 14.50, 15.37, 18.78, 19.77, 23.39, 24.39, 23.92, 23.73, 20.33, 17.07, 13.71, 10.36, 7.01, 3.83, 0.00, 3.82, 4.85, 5.40, 7.25, 8.17, 11.11, 12.29, 14.48, 16.29, 13.33, 11.56, 13.74, 13.16, 16.51, 17.31, 20.96, 20.59, 22.27, 19.47, 15.82, 14.74, 11.79, 12.75, 10.78, 13.60, 14.41, 10.97, 11.53, 11.67, 8.97, 6.29, 8.13, 6.14, 5.73, 5.03, 6.62, 8.77, 11.28, 14.84, 18.27, 18.48, 16.43, 13.20, 11.75, 9.55, 9.85, 9.67, 8.67, 10.51, 11.67, 15.43, 17.85, 21.21
 24.64, 23.21, 20.95, 19.09, 21.85, 19.58, 16.00, 13.72, 14.21, 12.45, 14.09, 14.85, 16.04, 18.25, 17.01, 19.17, 19.28, 17.63, 14.85, 15.71, 14.17, 16.85, 17.29, 20.64, 21.36, 24.82, 26.12, 26.13, 26.08, 22.59, 19.58, 15.95, 12.95, 9.92, 6.58, 3.82, 0.00, 3.82, 6.24, 9.29, 10.92, 14.30, 15.93, 18.02, 19.83, 16.80, 15.32, 17.55, 16.87, 20.09, 20.56, 24.08, 23.32, 24.71, 22.07, 18.62, 17.84, 15.18, 16.26, 14.26, 16.84, 17.16, 13.46, 13.24, 12.27, 9.24, 7.54, 7.66, 4.65, 4.97, 6.46, 7.17, 10.35, 12.45, 16.25, 19.30, 18.85, 16.97, 13.39, 12.08, 9.29, 9.99, 9.35, 9.23, 10.65, 12.49, 15.92, 18.55, 22.15
 22.40, 21.43, 19.69, 18.40, 21.58, 19.82, 16.49, 14.75, 16.13, 15.11, 16.89, 18.03, 18.99, 21.25, 19.67, 21.38, 21.57, 19.52, 16.83, 17.20, 15.19, 17.34, 17.21, 20.16, 20.28, 23.53, 24.39, 24.36, 23.89, 20.23, 17.20, 13.58, 10.67, 8.53, 5.10, 4.85, 3.82, 0.00, 3.83, 6.54, 9.21, 12.58, 14.78, 17.26, 19.69, 17.21, 15.30, 17.46, 16.24, 19.40, 19.50, 22.83, 21.74, 23.43, 21.23, 17.87, 17.74, 15.36, 17.00, 15.37, 18.28, 19.07, 15.59, 15.59, 15.21, 11.87, 10.29, 11.25, 8.44, 7.87, 7.82, 6.89, 9.14, 10.17, 13.87, 16.66, 16.54, 15.29, 12.07, 11.84, 10.11, 11.90, 12.29, 12.43, 14.23, 15.79, 19.37, 21.79, 25.35
 24.13, 23.29, 21.96, 20.69, 23.86, 22.04, 18.96, 16.91, 18.27, 17.22, 18.31, 19.02, 19.23, 21.07, 18.88, 20.23, 20.93, 18.99, 16.91, 17.64, 16.14, 18.47, 18.73, 21.64, 21.82, 25.09, 25.47, 24.90, 23.95, 20.25, 16.83, 13.63, 10.21, 8.52, 4.97, 5.40, 6.24, 3.83, 0.00, 3.81, 5.82, 9.47, 12.19, 14.29, 16.88, 14.78, 13.16, 15.80, 15.00, 18.45, 19.04, 22.44, 21.76, 23.99, 21.79, 18.25, 17.90, 15.15, 16.36, 14.39, 17.00, 17.71, 14.52, 14.36, 14.66, 11.19, 10.05, 12.06, 10.28, 10.41, 9.76, 9.51, 10.78, 11.59, 14.92, 17.79, 18.43, 17.44, 14.65, 14.58, 13.16, 14.55, 14.72, 13.97, 15.35, 16.02, 19.64, 21.50, 24.97
 22.45, 21.71, 20.87, 19.79, 23.00, 21.42, 18.81, 16.97, 18.86, 18.46, 19.38, 20.43, 20.38, 22.37, 20.03, 20.70, 21.23, 18.86, 17.00, 17.24, 15.61, 17.47, 17.59, 20.13, 20.11, 23.26, 23.15, 22.20, 20.89, 17.21, 13.64, 10.85, 7.35, 6.81, 4.70, 7.25, 9.29, 6.54, 3.81, 0.00, 3.82, 6.57, 9.47, 12.06, 15.19, 13.75, 11.54, 13.78, 12.54, 15.82, 16.29, 19.52, 18.89, 21.48, 19.54, 16.09, 16.08, 13.62, 15.16, 13.77, 16.62, 17.99, 15.34, 15.87, 16.95, 13.82, 12.20, 14.81, 13.11, 12.51, 10.70, 10.08, 9.92, 10.14, 12.86, 15.73, 17.11, 16.37, 14.24, 14.61, 14.09, 15.67, 16.52, 15.74, 17.55, 18.01, 21.74, 23.51, 26.73
 25.49, 24.51, 23.66, 22.23, 25.14, 23.20, 20.73, 18.38, 19.82, 19.15, 19.31, 19.83, 19.08, 20.60, 17.84, 18.15, 19.12, 17.05, 15.90, 16.70, 15.89, 18.15, 18.98, 21.69, 22.14, 25.42, 25.18, 23.75, 22.33, 18.87, 15.09, 12.88, 9.19, 8.33, 6.61, 8.17, 10.92, 9.21, 5.82, 3.82, 0.00, 3.82, 6.91, 8.70, 11.69, 10.43, 8.81, 11.67, 11.40, 14.99, 16.33, 19.72, 19.83, 22.67, 20.45, 16.83, 16.13, 13.16, 13.82, 11.93, 14.19, 15.37, 13.16, 13.65, 15.41, 12.65, 11.31, 14.57, 13.84, 13.86, 12.06, 12.51, 12.33, 13.16, 15.62, 18.69, 20.37, 19.38, 17.29, 17.15, 16.35, 17.18, 17.53, 15.93, 17.23, 16.88, 20.47, 21.73, 24.73
 25.63, 24.62, 24.15, 22.76, 25.46, 23.64, 21.68, 19.41, 21.05, 20.84, 20.66, 21.31, 20.19, 21.68, 18.85, 18.37, 19.22, 16.90, 16.27, 16.74, 16.18, 18.04, 19.01, 21.35, 21.84, 24.97, 24.29, 22.35, 20.62, 17.46, 13.65, 12.35, 9.05, 9.16, 9.00, 11.11, 14.30, 12.58, 9.47, 6.57, 3.82, 0.00, 3.82, 5.87, 9.45, 9.30, 7.30, 9.63, 9.39, 12.71, 14.34, 17.51, 18.07, 21.26, 19.20, 15.78, 15.10, 12.42, 12.96, 11.69, 13.78, 15.55, 14.18, 15.31, 17.73, 15.50, 13.89, 17.43, 16.90, 16.55, 14.13, 14.60, 13.51, 14.12, 15.80, 18.81, 21.07, 20.15, 18.66, 18.62, 18.39, 19.09, 19.79, 18.06, 19.54, 18.89, 22.40, 23.45, 26.07
 26.00, 24.56, 24.02, 22.27, 24.52, 22.48, 20.93, 18.48, 19.97, 20.05, 19.39, 20.12, 18.72, 20.28, 17.64, 16.50, 16.98, 14.41, 14.22, 14.49, 14.42, 16.15, 17.62, 19.90, 20.87, 24.06, 23.39, 21.10, 19.63, 16.90, 13.22, 12.47, 9.56, 9.44, 10.35, 12.29, 15.93, 14.78, 12.19, 9.47, 6.91, 3.82, 0.00, 3.82, 7.11, 7.27, 4.55, 6.05, 6.31, 9.57, 11.89, 15.11, 16.37, 19.52, 17.20, 13.85, 12.64, 10.00, 10.09, 9.39, 11.37, 13.78, 13.14, 15.10, 17.99, 16.46, 14.36, 18.01, 17.77, 17.13, 14.31, 15.29, 13.82, 14.96, 16.26, 19.48, 21.86, 20.51, 19.23, 18.75, 18.69, 18.87, 19.66, 17.71, 19.32, 18.47, 21.84, 22.86, 25.07
 29.81, 28.35, 27.78, 25.89, 27.99, 25.76, 24.17, 21.43, 22.45, 22.13, 20.94, 21.02, 18.99, 19.85, 16.81, 15.29, 16.44, 14.56, 15.27, 16.26, 16.95, 19.01, 20.90, 23.29, 24.49, 27.68, 26.97, 24.51, 22.96, 20.44, 16.83, 16.28, 13.34, 12.93, 13.26, 14.48, 18.02, 17.26, 14.29, 12.06, 8.70, 5.87, 3.82, 0.00, 3.80, 5.40, 4.93, 7.11, 9.01, 11.96, 14.86, 17.91, 19.63, 22.80, 20.40, 17.12, 15.44, 12.58, 11.56, 10.20, 10.87, 12.68, 12.79, 14.41, 17.71, 16.60, 15.12, 18.93, 19.41, 19.40, 16.99, 18.44, 17.35, 18.67, 20.07, 23.27, 25.66, 24.29, 22.86, 22.17, 21.75, 21.53, 21.79, 19.32, 20.29, 18.72, 21.73, 22.11, 24.02
 32.82, 31.09, 30.27, 28.05, 29.81, 27.26, 25.73, 22.69, 23.16, 22.58, 20.77, 20.34, 17.75, 18.05, 14.94, 12.84, 14.33, 13.06, 14.69, 16.21, 17.73, 20.06, 22.49, 25.02, 26.68, 29.97, 29.46, 26.90, 25.64, 23.37, 19.89, 19.37, 16.46, 15.53, 15.77, 16.29, 19.83, 19.69, 16.88, 15.19, 11.69, 9.45, 7.11, 3.80, 0.00, 3.82, 5.65, 7.50, 10.62, 13.22, 16.65, 19.66, 21.86, 24.80, 22.12, 18.90, 16.59, 13.59, 11.52, 9.86, 9.16, 10.56, 11.72, 13.44, 17.10, 16.79, 15.52, 19.27, 20.40, 20.72, 18.58, 20.62, 19.82, 21.61, 23.12, 26.46, 28.71, 27.02, 25.45, 24.29, 23.56, 22.75, 22.58, 19.67, 20.16, 18.02, 20.56, 20.44, 21.86
 31.81, 29.87, 28.63, 26.15, 27.88, 25.07, 23.23, 19.94, 20.05, 19.13, 17.26, 16.67, 14.15, 14.62, 11.54, 9.91, 11.35, 10.11, 11.46, 13.46, 15.12, 17.93, 20.55, 23.47, 25.36, 28.88, 28.83, 26.65, 25.80, 23.31, 19.76, 18.59, 15.38, 13.62, 13.47, 13.33, 16.80, 17.21, 14.78, 13.75, 10.43, 9.30, 7.27, 5.40, 3.82, 0.00, 3.83, 6.74, 9.94, 13.07, 16.38, 19.80, 21.71, 24.31, 21.28, 17.80, 15.16, 11.69, 9.35, 6.75, 6.07, 7.31, 7.95, 9.92, 13.54, 13.40, 11.91, 15.60, 16.89, 17.38, 15.53, 17.99, 17.72, 20.00, 21.98, 25.55, 27.36, 25.35, 23.37, 21.82, 20.67, 19.56, 19.06, 16.00, 16.35, 14.22, 16.87, 17.04, 18.72
 28.07, 26.12, 24.99, 22.62, 24.43, 21.82, 20.13, 17.10, 17.77, 17.44, 16.09, 16.36, 14.55, 15.95, 13.41, 12.05, 12.44, 10.05, 10.38, 11.40, 12.36, 14.80, 17.13, 19.92, 21.64, 25.12, 25.02, 22.88, 22.07, 19.56, 16.04, 14.89, 11.84, 10.29, 10.89, 11.56, 15.32, 15.30, 13.16, 11.54, 8.81, 7.30, 4.55, 4.93, 5.65, 3.83, 0.00, 3.82, 6.29, 9.73, 12.77, 16.30, 17.99, 20.61, 17.65, 14.13, 11.77, 8.40, 6.95, 5.32, 6.82, 9.38, 9.15, 11.69, 14.88, 14.17, 11.86, 15.51, 15.95, 15.64, 13.15, 15.20, 14.40, 16.56, 18.32, 21.89, 23.79, 21.78, 20.05, 18.69, 18.00, 17.26, 17.44, 14.92, 16.15, 14.87, 18.01, 18.92, 20.87
 26.96, 24.75, 23.76, 21.29, 22.68, 20.15, 19.08, 16.29, 17.18, 17.57, 16.15, 16.97, 15.36, 17.16, 15.24, 13.33, 12.76, 9.73, 10.12, 10.09, 11.11, 12.85, 15.34, 17.73, 19.70, 23.03, 22.84, 20.45, 19.88, 17.86, 14.72, 14.20, 11.92, 10.83, 12.59, 13.74, 17.55, 17.46, 15.80, 13.78, 11.67, 9.63, 6.05, 7.11, 7.50, 6.74, 3.82, 0.00, 3.83, 6.39, 9.87, 13.21, 15.40, 17.88, 14.89, 11.70, 9.12, 6.45, 5.04, 5.80, 7.57, 11.05, 11.43, 14.58, 17.70, 17.31, 14.54, 17.90, 18.04, 17.06, 14.06, 15.93, 14.45, 16.60, 17.71, 21.22, 23.27, 21.11, 19.87, 18.46, 18.34, 17.51, 18.24, 16.07, 17.80, 16.85, 19.86, 21.01, 22.59
 23.21, 21.05, 20.28, 18.05, 19.62, 17.47, 16.61, 14.36, 16.02, 17.07, 16.42, 18.01, 17.16, 19.54, 17.93, 16.47, 15.50, 12.03, 11.30, 10.10, 9.80, 10.71, 12.49, 14.57, 16.18, 19.43, 19.11, 16.78, 16.21, 14.10, 11.02, 10.61, 8.87, 8.46, 11.15, 13.16, 16.87, 16.24, 15.00, 12.54, 11.40, 9.39, 6.31, 9.01, 10.62, 9.94, 6.29, 3.83, 0.00, 3.82, 6.48, 10.08, 11.81, 14.40, 11.58, 8.31, 6.58, 4.76, 5.94, 7.79, 10.64, 14.16, 13.80, 16.86, 19.54, 18.62, 15.52, 18.64, 17.98, 16.30, 12.82, 13.90, 11.70, 13.46, 14.15, 17.57, 19.74, 17.69, 16.85, 15.84, 16.39, 16.17, 17.66, 16.24, 18.65, 18.44, 21.75, 23.41, 25.28
 22.63, 20.29, 19.83, 17.67, 18.73, 16.88, 16.88, 15.16, 17.04, 18.75, 18.12, 20.06, 19.37, 21.89, 20.67, 18.86, 17.38, 13.78, 13.19, 11.15, 10.77, 10.43, 12.01, 13.24, 14.95, 17.83, 17.25, 14.53, 14.21, 12.92, 10.65, 11.30, 10.82, 11.10, 14.33, 16.51, 20.09, 19.40, 18.45, 15.82, 14.99, 12.71, 9.57, 11.96, 13.22, 13.07, 9.73, 6.39, 3.82, 0.00, 3.82, 6.85, 9.42, 11.87, 9.25, 6.91, 5.65, 6.17, 7.64, 10.59, 13.10, 16.85, 16.92, 20.24, 22.92, 22.22, 18.98, 21.89, 21.09, 19.02, 15.38, 16.14, 13.44, 14.87, 14.65, 17.72, 20.06, 18.01, 17.87, 16.98, 18.16, 17.94, 19.85, 18.78, 21.43, 21.39, 24.53, 26.25, 27.83
 19.14, 16.80, 16.66, 14.86, 15.95, 14.72, 15.19, 14.31, 16.86, 19.16, 19.21, 21.71, 21.62, 24.50, 23.53, 22.06, 20.35, 16.60, 15.31, 12.62, 11.13, 9.65, 10.03, 10.40, 11.60, 14.21, 13.44, 10.72, 10.64, 9.56, 7.98, 9.14, 9.93, 10.97, 14.66, 17.31, 20.56, 19.50, 19.04, 16.29, 16.33, 14.34, 11.89, 14.86, 16.65, 16.38, 12.77, 9.87, 6.48, 3.82, 0.00, 3.82, 5.65, 8.18, 5.96, 4.32, 5.43, 7.60, 10.32, 13.36, 16.32, 20.03, 19.63, 22.85, 25.18, 24.15, 20.74, 23.35, 21.96, 19.36, 15.56, 15.51, 12.24, 13.04, 12.03, 14.73, 17.13, 15.24, 15.77, 15.38, 17.30, 17.66, 20.20, 19.85, 22.92, 23.46, 26.74, 28.83, 30.61
 18.74, 16.52, 17.03, 15.71, 16.37, 15.85, 17.09, 16.88, 19.59, 22.25, 22.41, 25.07, 25.06, 27.96, 27.12, 25.46, 23.60, 19.87, 18.72, 15.79, 14.27, 12.06, 11.80, 10.90, 11.57, 13.26, 11.82, 8.51, 8.51, 8.86, 8.76, 11.04, 12.78, 14.38, 18.14, 20.96, 24.08, 22.83, 22.44, 19.52, 19.72, 17.51, 15.11, 17.91, 19.66, 19.80, 16.30, 13.21, 10.08, 6.85, 3.82, 0.00, 3.83, 6.21, 5.65, 6.51, 8.44, 11.24, 13.77, 17.01, 19.77, 23.54, 23.35, 26.62, 28.98, 27.97, 24.55, 27.09, 25.58, 22.81, 19.00, 18.60, 15.10, 15.31, 13.43, 15.32, 17.92, 16.41, 17.72, 17.73, 20.13, 20.69, 23.48, 23.37, 26.55, 27.16, 30.37, 32.48, 34.11
 14.94, 12.88, 13.78, 13.06, 14.11, 14.30, 15.59, 16.09, 19.30, 22.15, 22.96, 25.92, 26.38, 29.52, 28.73, 27.51, 25.66, 21.86, 20.12, 17.03, 14.71, 12.15, 10.71, 9.17, 8.69, 10.06, 8.31, 5.16, 5.36, 5.61, 6.59, 8.97, 11.66, 13.73, 17.51, 20.59, 23.32, 21.74, 21.76, 18.89, 19.83, 18.07, 16.37, 19.63, 21.86, 21.71, 17.99, 15.40, 11.81, 9.42, 5.65, 3.83, 0.00, 3.81, 4.82, 6.30, 9.59, 12.45, 15.65, 18.63, 21.81, 25.46, 24.73, 27.79, 29.79, 28.40, 24.96, 27.23, 25.23, 22.17, 18.42, 17.28, 13.56, 13.06, 10.53, 11.90, 14.48, 13.31, 15.18, 15.82, 18.71, 19.89, 23.06, 23.51, 26.93, 28.00, 31.38, 33.77, 35.71
 14.05, 11.42, 12.13, 11.35, 11.54, 12.24, 14.35, 15.52, 18.70, 21.98, 23.01, 26.28, 27.15, 30.50, 30.17, 29.07, 26.82, 23.00, 21.00, 17.53, 15.02, 11.76, 9.77, 7.06, 6.59, 7.29, 6.20, 3.94, 6.67, 7.87, 9.66, 11.32, 14.17, 15.72, 19.48, 22.27, 24.71, 23.43, 23.99, 21.48, 22.67, 21.26, 19.52, 22.80, 24.80, 24.31, 20.61, 17.88, 14.40, 11.87, 8.18, 6.21, 3.81, 0.00, 3.82, 7.15, 10.48, 13.92, 17.17, 20.40, 23.59, 27.24, 26.45, 29.62, 31.37, 30.16, 26.56, 28.43, 26.27, 22.92, 19.33, 18.13, 14.61, 14.32, 11.71, 12.68, 14.49, 12.96, 15.19, 15.60, 18.76, 19.83, 23.22, 24.11, 27.69, 29.11, 32.33, 34.97, 36.82
 15.89, 12.87, 12.51, 10.62, 10.82, 10.30, 12.00, 12.47, 15.41, 18.58, 19.36, 22.55, 23.36, 26.72, 26.49, 25.42, 23.07, 19.27, 17.23, 13.72, 11.33, 8.13, 6.86, 5.30, 6.74, 9.07, 9.21, 7.49, 9.53, 9.45, 9.77, 10.52, 12.53, 13.29, 17.04, 19.47, 22.07, 21.23, 21.79, 19.54, 20.45, 19.20, 17.20, 20.40, 22.12, 21.28, 17.65, 14.89, 11.58, 9.25, 5.96, 5.65, 4.82, 3.82, 0.00, 3.83, 6.79, 10.39, 13.59, 16.89, 20.06, 23.67, 22.92, 26.18, 27.93, 26.96, 23.28, 25.14, 23.21, 19.96, 16.35, 15.72, 12.45, 13.10, 11.43, 13.46, 15.00, 12.68, 13.99, 13.58, 16.28, 16.83, 20.01, 20.66, 24.18, 25.50, 28.65, 31.27, 33.05
 16.85, 14.01, 13.15, 10.86, 11.89, 10.46, 10.93, 10.42, 13.30, 16.01, 16.66, 19.65, 20.29, 23.59, 23.10, 22.19, 20.10, 16.28, 14.12, 10.91, 8.42, 6.10, 5.74, 6.47, 8.21, 11.43, 11.74, 10.13, 11.20, 9.82, 8.64, 8.42, 9.46, 9.73, 13.45, 15.82, 18.62, 17.87, 18.25, 16.09, 16.83, 15.78, 13.85, 17.12, 18.90, 17.80, 14.13, 11.70, 8.31, 6.91, 4.32, 6.51, 6.30, 7.15, 3.83, 0.00, 3.83, 6.87, 10.38, 13.39, 16.76, 20.29, 19.32, 22.49, 24.26, 23.21, 19.57, 21.60, 19.78, 16.73, 13.01, 12.71, 9.53, 10.80, 10.08, 13.00, 14.58, 12.03, 12.39, 11.62, 13.79, 14.22, 17.15, 17.45, 20.88, 22.06, 25.34, 27.89, 29.84
 20.42, 17.47, 16.12, 13.28, 13.96, 11.59, 11.56, 9.85, 11.80, 14.09, 13.98, 16.66, 16.95, 20.13, 19.75, 18.64, 16.40, 12.58, 10.66, 7.48, 5.95, 4.79, 6.84, 8.85, 11.46, 14.83, 15.45, 13.77, 14.74, 13.33, 11.53, 10.90, 10.66, 9.77, 13.09, 14.74, 17.84, 17.74, 17.90, 16.08, 16.13, 15.10, 12.64, 15.44, 16.59, 15.16, 11.77, 9.12, 6.58, 5.65, 5.43, 8.44, 9.59, 10.48, 6.79, 3.83, 0.00, 3.83, 6.85, 10.18, 13.32, 16.90, 16.26, 19.68, 21.64, 21.06, 17.39, 19.52, 18.28, 15.60, 12.02, 12.87, 10.48, 12.75, 12.98, 16.28, 17.65, 14.79, 14.31, 12.65, 13.84, 13.30, 15.61, 15.25, 18.41, 19.21, 22.31, 24.70, 26.42
 22.43, 19.74, 18.18, 15.31, 16.49, 13.76, 12.70, 10.06, 11.39, 12.68, 12.14, 14.27, 14.13, 17.12, 16.33, 15.38, 13.56, 9.80, 7.90, 5.77, 5.08, 6.50, 9.08, 11.91, 14.28, 17.88, 18.50, 16.87, 17.31, 15.27, 12.65, 11.33, 9.76, 7.91, 10.59, 11.79, 15.18, 15.36, 15.15, 13.62, 13.16, 12.42, 10.00, 12.58, 13.59, 11.69, 8.40, 6.45, 4.76, 6.17, 7.60, 11.24, 12.45, 13.92, 10.39, 6.87, 3.83, 0.00, 3.82, 6.54, 9.96, 13.42, 12.58, 15.93, 18.02, 17.45, 13.87, 16.31, 15.46, 13.31, 9.87, 11.50, 9.85, 12.64, 13.82, 17.48, 18.81, 16.01, 14.72, 12.80, 13.04, 12.18, 13.77, 12.68, 15.51, 15.93, 19.16, 21.38, 23.27
 26.26, 23.54, 21.88, 18.85, 19.75, 16.71, 15.57, 12.44, 12.70, 13.20, 11.56, 12.79, 11.75, 14.29, 13.39, 11.92, 10.11, 6.39, 5.72, 5.09, 6.87, 9.17, 12.38, 15.28, 17.94, 21.50, 22.12, 20.29, 20.64, 18.73, 15.98, 14.81, 12.76, 10.59, 12.40, 12.75, 16.26, 17.00, 16.36, 15.16, 13.82, 12.96, 10.09, 11.56, 11.52, 9.35, 6.95, 5.04, 5.94, 7.64, 10.32, 13.77, 15.65, 17.17, 13.59, 10.38, 6.85, 3.82, 0.00, 3.82, 6.48, 10.14, 10.10, 13.75, 16.28, 16.40, 13.06, 15.71, 15.77, 14.40, 11.56, 14.03, 13.07, 16.06, 17.50, 21.20, 22.53, 19.71, 18.14, 15.91, 15.46, 13.87, 14.52, 12.51, 14.58, 14.18, 17.06, 18.84, 20.35
 28.17, 25.67, 23.87, 20.91, 22.18, 19.04, 17.23, 13.76, 13.54, 12.96, 11.07, 11.35, 9.73, 11.79, 10.22, 9.18, 8.31, 5.33, 5.07, 6.78, 8.71, 11.86, 14.90, 18.15, 20.58, 24.27, 24.94, 23.26, 23.32, 20.99, 17.83, 16.16, 13.36, 10.65, 11.26, 10.78, 14.26, 15.37, 14.39, 13.77, 11.93, 11.69, 9.39, 10.20, 9.86, 6.75, 5.32, 5.80, 7.79, 10.59, 13.36, 17.01, 18.63, 20.40, 16.89, 13.39, 10.18, 6.54, 3.82, 0.00, 3.82, 6.96, 6.42, 9.99, 12.71, 12.90, 9.85, 12.83, 13.50, 13.00, 10.82, 13.80, 13.67, 16.77, 18.86, 22.66, 23.86, 21.16, 19.04, 16.76, 15.55, 13.83, 13.61, 10.87, 12.20, 11.19, 14.19, 15.70, 17.51
 31.96, 29.43, 27.60, 24.54, 25.60, 22.31, 20.59, 17.00, 16.20, 15.16, 12.51, 11.71, 8.96, 9.88, 7.94, 5.84, 5.65, 4.11, 6.38, 9.10, 11.90, 15.04, 18.34, 21.53, 24.15, 27.81, 28.44, 26.58, 26.59, 24.42, 21.26, 19.81, 16.95, 14.33, 14.56, 13.60, 16.84, 18.28, 17.00, 16.62, 14.19, 13.78, 11.37, 10.87, 9.16, 6.07, 6.82, 7.57, 10.64, 13.10, 16.32, 19.77, 21.81, 23.59, 20.06, 16.76, 13.32, 9.96, 6.48, 3.82, 0.00, 3.83, 5.43, 8.98, 12.21, 13.31, 11.02, 13.91, 15.49, 15.71, 14.11, 17.33, 17.46, 20.55, 22.64, 26.42, 27.68, 24.97, 22.80, 20.40, 18.92, 16.82, 15.97, 12.71, 13.02, 10.97, 13.21, 13.88, 15.10
 34.89, 32.43, 30.42, 27.34, 28.48, 25.07, 23.01, 19.27, 17.97, 16.16, 13.29, 11.41, 8.02, 7.53, 4.68, 2.82, 5.03, 6.08, 8.39, 11.85, 14.68, 18.13, 21.40, 24.79, 27.38, 31.11, 31.88, 30.17, 30.15, 27.79, 24.49, 22.76, 19.60, 16.73, 16.15, 14.41, 17.16, 19.07, 17.71, 17.99, 15.37, 15.55, 13.78, 12.68, 10.56, 7.31, 9.38, 11.05, 14.16, 16.85, 20.03, 23.54, 25.46, 27.24, 23.67, 20.29, 16.90, 13.42, 10.14, 6.96, 3.83, 0.00, 3.82, 6.39, 9.71, 11.59, 10.23, 12.81, 15.25, 16.35, 15.59, 19.05, 19.82, 22.98, 25.44, 29.24, 30.29, 27.60, 25.08, 22.56, 20.54, 18.23, 16.61, 12.94, 12.10, 9.14, 10.72, 10.63, 11.79
 32.71, 30.37, 28.21, 25.24, 26.68, 23.32, 20.83, 17.09, 15.88, 13.72, 11.42, 9.70, 7.15, 7.60, 4.82, 5.82, 7.10, 7.17, 7.62, 11.12, 13.22, 16.92, 19.84, 23.43, 25.79, 29.59, 30.54, 29.18, 29.18, 26.51, 23.13, 20.91, 17.58, 14.36, 13.20, 10.97, 13.46, 15.59, 14.52, 15.34, 13.16, 14.18, 13.14, 12.79, 11.72, 7.95, 9.15, 11.43, 13.80, 16.92, 19.63, 23.35, 24.73, 26.45, 22.92, 19.32, 16.26, 12.58, 10.10, 6.42, 5.43, 3.82, 0.00, 3.82, 6.79, 8.13, 6.42, 9.12, 11.49, 12.83, 12.47, 15.97, 17.22, 20.42, 23.24, 27.03, 27.79, 25.14, 22.32, 19.83, 17.49, 15.35, 13.53, 9.83, 9.00, 6.35, 8.99, 9.83, 12.13
 34.79, 32.68, 30.49, 27.68, 29.37, 26.08, 23.27, 19.60, 18.30, 15.63, 13.69, 11.44, 9.16, 8.55, 5.35, 7.72, 9.99, 10.84, 11.14, 14.63, 16.37, 20.14, 22.79, 26.46, 28.59, 32.39, 33.36, 32.13, 31.96, 29.04, 25.54, 23.08, 19.50, 16.30, 14.30, 11.53, 13.24, 15.59, 14.36, 15.87, 13.65, 15.31, 15.10, 14.41, 13.44, 9.92, 11.69, 14.58, 16.86, 20.24, 22.85, 26.62, 27.79, 29.62, 26.18, 22.49, 19.68, 15.93, 13.75, 9.99, 8.98, 6.39, 3.82, 0.00, 3.81, 5.55, 5.84, 8.09, 11.18, 13.54, 14.04, 17.36, 19.12, 22.12, 25.24, 28.94, 29.55, 27.11, 24.03, 21.70, 18.99, 17.06, 14.72, 11.06, 9.19, 6.04, 8.17, 8.26, 11.18
 35.35, 33.28, 30.82, 28.04, 29.77, 26.48, 23.35, 19.79, 18.17, 14.98, 13.48, 10.98, 9.64, 9.08, 7.10, 10.47, 12.25, 13.24, 12.80, 16.17, 17.54, 21.34, 23.74, 27.52, 29.57, 33.37, 34.65, 33.81, 33.83, 30.78, 27.36, 24.52, 20.99, 17.55, 15.07, 11.67, 12.27, 15.21, 14.66, 16.95, 15.41, 17.73, 17.99, 17.71, 17.10, 13.54, 14.88, 17.70, 19.54, 22.92, 25.18, 28.98, 29.79, 31.37, 27.93, 24.26, 21.64, 18.02, 16.28, 12.71, 12.21, 9.71, 6.79, 3.81, 0.00, 3.83, 5.44, 5.76, 9.43, 12.51, 14.04, 17.29, 19.72, 22.76, 26.17, 29.76, 29.92, 27.45, 24.07, 21.62, 18.46, 16.47, 13.55, 10.16, 7.40, 4.68, 6.38, 7.06, 10.72
 32.99, 31.24, 28.96, 26.50, 28.65, 25.65, 22.35, 19.04, 18.06, 15.13, 14.48, 12.84, 12.12, 12.39, 10.21, 13.07, 14.68, 14.82, 13.78, 16.63, 17.24, 20.89, 22.80, 26.50, 28.11, 31.85, 32.97, 32.24, 32.02, 28.74, 25.27, 22.25, 18.63, 15.37, 12.38, 8.97, 9.24, 11.87, 11.19, 13.82, 12.65, 15.50, 16.46, 16.60, 16.79, 13.40, 14.17, 17.31, 18.62, 22.22, 24.15, 27.97, 28.40, 30.16, 26.96, 23.21, 21.06, 17.45, 16.40, 12.90, 13.31, 11.59, 8.13, 5.55, 3.83, 0.00, 3.82, 4.85, 7.53, 10.78, 12.33, 15.06, 17.58, 20.24, 23.77, 27.22, 27.38, 25.23, 21.82, 19.82, 16.75, 15.50, 13.01, 10.16, 8.39, 7.13, 9.74, 10.87, 14.55
 29.95, 27.97, 25.63, 23.02, 25.04, 21.97, 18.78, 15.38, 14.53, 11.89, 11.32, 10.36, 10.02, 11.37, 9.60, 12.00, 12.75, 12.10, 10.46, 13.00, 13.43, 17.07, 19.04, 22.77, 24.51, 28.29, 29.49, 28.77, 28.77, 25.61, 22.26, 19.25, 15.78, 12.26, 9.73, 6.29, 7.54, 10.29, 10.05, 12.20, 11.31, 13.89, 14.36, 15.12, 15.52, 11.91, 11.86, 14.54, 15.52, 18.98, 20.74, 24.55, 24.96, 26.56, 23.28, 19.57, 17.39, 13.87, 13.06, 9.85, 11.02, 10.23, 6.42, 5.84, 5.44, 3.82, 0.00, 3.83, 5.62, 7.94, 8.89, 12.00, 14.33, 17.32, 20.75, 24.33, 24.51, 22.11, 18.78, 16.54, 13.62, 12.18, 10.06, 7.06, 6.46, 6.02, 9.63, 11.66, 15.12
 30.88, 28.83, 26.14, 23.47, 25.34, 22.23, 18.80, 15.55, 14.14, 10.89, 10.78, 9.58, 10.27, 11.64, 10.89, 13.97, 14.38, 14.12, 12.08, 14.50, 14.73, 18.30, 20.09, 23.86, 25.64, 29.36, 30.98, 30.67, 30.99, 27.84, 24.71, 21.44, 18.22, 14.56, 11.93, 8.13, 7.66, 11.25, 12.06, 14.81, 14.57, 17.43, 18.01, 18.93, 19.27, 15.60, 15.51, 17.90, 18.64, 21.89, 23.35, 27.09, 27.23, 28.43, 25.14, 21.60, 19.52, 16.31, 15.71, 12.83, 13.91, 12.81, 9.12, 8.09, 5.76, 4.85, 3.83, 0.00, 3.82, 7.17, 9.62, 12.62, 15.65, 18.72, 22.32, 25.76, 25.38, 22.84, 19.24, 16.73, 13.28, 11.53, 8.55, 6.05, 4.37, 5.45, 8.41, 11.10, 14.76
 27.50, 25.57, 22.85, 20.40, 22.52, 19.69, 16.08, 13.23, 12.44, 9.66, 10.84, 10.96, 12.48, 14.63, 14.06, 16.72, 16.62, 15.55, 12.78, 14.27, 13.50, 16.67, 17.82, 21.48, 22.90, 26.52, 28.23, 28.24, 28.63, 25.41, 22.47, 18.97, 16.02, 12.45, 9.76, 6.14, 4.65, 8.44, 10.28, 13.11, 13.84, 16.90, 17.77, 19.41, 20.40, 16.89, 15.95, 18.04, 17.98, 21.09, 21.96, 25.58, 25.23, 26.27, 23.21, 19.78, 18.28, 15.46, 15.77, 13.50, 15.49, 15.25, 11.49, 11.18, 9.43, 7.53, 5.62, 3.82, 0.00, 3.82, 6.95, 9.34, 12.74, 15.64, 19.34, 22.60, 21.94, 19.47, 15.78, 13.44, 9.92, 8.87, 6.52, 5.66, 6.28, 8.67, 11.80, 14.80, 18.35
 24.02, 21.93, 19.11, 16.59, 18.72, 15.98, 12.33, 9.69, 9.50, 7.57, 9.73, 11.18, 13.23, 16.11, 15.85, 17.96, 17.17, 15.33, 11.98, 12.44, 10.82, 13.55, 14.28, 17.86, 19.21, 22.80, 24.65, 24.86, 25.51, 22.40, 19.76, 16.21, 13.73, 10.19, 8.33, 5.73, 4.97, 7.87, 10.41, 12.51, 13.86, 16.55, 17.13, 19.40, 20.72, 17.38, 15.64, 17.06, 16.30, 19.02, 19.36, 22.81, 22.17, 22.92, 19.96, 16.73, 15.60, 13.31, 14.40, 13.00, 15.71, 16.35, 12.83, 13.54, 12.51, 10.78, 7.94, 7.17, 3.82, 0.00, 3.82, 6.04, 9.52, 12.63, 16.20, 19.46, 18.64, 15.92, 12.25, 9.67, 6.15, 5.39, 4.45, 5.33, 7.98, 10.86, 14.15, 17.43, 20.71
 21.57, 19.34, 16.79, 14.18, 16.43, 13.72, 10.38, 7.59, 8.52, 7.95, 9.79, 11.92, 13.52, 16.69, 16.17, 17.50, 16.43, 13.88, 10.45, 10.11, 7.90, 10.44, 11.15, 14.74, 16.12, 19.82, 21.41, 21.33, 21.90, 18.86, 16.18, 12.77, 10.38, 6.76, 6.03, 5.03, 6.46, 7.82, 9.76, 10.70, 12.06, 14.13, 14.31, 16.99, 18.58, 15.53, 13.15, 14.06, 12.82, 15.38, 15.56, 19.00, 18.42, 19.33, 16.35, 13.01, 12.02, 9.87, 11.56, 10.82, 14.11, 15.59, 12.47, 14.04, 14.04, 12.33, 8.89, 9.62, 6.95, 3.82, 0.00, 3.82, 6.30, 9.82, 13.17, 16.68, 16.36, 13.53, 10.22, 7.69, 5.30, 5.13, 6.27, 6.71, 10.04, 12.28, 15.86, 18.95, 21.98
 18.26, 16.37, 14.00, 12.01, 14.89, 12.94, 9.62, 8.17, 10.34, 10.65, 13.13, 15.57, 17.33, 20.51, 19.87, 21.12, 20.08, 17.31, 13.89, 12.91, 9.92, 11.30, 10.70, 13.74, 14.24, 17.69, 19.20, 19.52, 19.98, 16.77, 14.38, 10.68, 8.91, 6.23, 5.90, 6.62, 7.17, 6.89, 9.51, 10.08, 12.51, 14.60, 15.29, 18.44, 20.62, 17.99, 15.20, 15.93, 13.90, 16.14, 15.51, 18.60, 17.28, 18.13, 15.72, 12.71, 12.87, 11.50, 14.03, 13.80, 17.33, 19.05, 15.97, 17.36, 17.29, 15.06, 12.00, 12.62, 9.34, 6.04, 3.82, 0.00, 3.82, 6.64, 10.20, 13.43, 12.82, 10.27, 6.79, 5.25, 4.05, 6.52, 8.82, 10.25, 13.53, 15.93, 19.50, 22.59, 25.72
 15.70, 13.74, 11.90, 10.10, 13.18, 11.66, 9.16, 8.32, 11.41, 12.71, 14.82, 17.55, 18.95, 22.22, 21.42, 22.03, 20.81, 17.59, 14.40, 12.68, 9.33, 9.72, 8.54, 11.10, 11.27, 14.73, 15.81, 15.86, 16.18, 12.98, 10.67, 7.07, 6.01, 4.47, 6.41, 8.77, 10.35, 9.14, 10.78, 9.92, 12.33, 13.51, 13.82, 17.35, 19.82, 17.72, 14.40, 14.45, 11.70, 13.44, 12.24, 15.10, 13.56, 14.61, 12.45, 9.53, 10.48, 9.85, 13.07, 13.67, 17.46, 19.82, 17.22, 19.12, 19.72, 17.58, 14.33, 15.65, 12.74, 9.52, 6.30, 3.82, 0.00, 3.82, 6.87, 10.45, 10.60, 8.06, 5.65, 5.23, 6.52, 8.86, 11.75, 12.87, 16.32, 18.32, 21.98, 24.90, 27.81
 12.94, 11.74, 10.76, 10.23, 13.82, 13.33, 11.38, 11.54, 14.91, 16.39, 18.63, 21.34, 22.68, 25.85, 24.82, 25.34, 24.31, 21.03, 18.02, 16.21, 12.83, 12.56, 10.57, 12.05, 10.97, 13.81, 14.32, 14.59, 14.42, 10.94, 8.96, 5.29, 5.62, 6.43, 8.23, 11.28, 12.45, 10.17, 11.59, 10.14, 13.16, 14.12, 14.96, 18.67, 21.61, 20.00, 16.56, 16.60, 13.46, 14.87, 13.04, 15.31, 13.06, 14.32, 13.10, 10.80, 12.75, 12.64, 16.06, 16.77, 20.55, 22.98, 20.42, 22.12, 22.76, 20.24, 17.32, 18.72, 15.64, 12.63, 9.82, 6.64, 3.82, 0.00, 3.82, 7.05, 7.59, 6.26, 5.05, 7.08, 9.25, 12.26, 15.22, 16.50, 19.84, 21.79, 25.50, 28.33, 31.33
 10.02, 9.00, 9.12, 9.46, 12.94, 13.31, 12.41, 13.31, 17.00, 19.06, 21.21, 24.15, 25.41, 28.66, 27.67, 27.81, 26.56, 23.06, 20.23, 17.92, 14.47, 13.26, 10.65, 10.91, 8.88, 11.09, 10.96, 11.26, 10.95, 7.59, 6.63, 4.11, 6.87, 9.02, 11.56, 14.84, 16.25, 13.87, 14.92, 12.86, 15.62, 15.80, 16.26, 20.07, 23.12, 21.98, 18.32, 17.71, 14.15, 14.65, 12.03, 13.43, 10.53, 11.71, 11.43, 10.08, 12.98, 13.82, 17.50, 18.86, 22.64, 25.44, 23.24, 25.24, 26.17, 23.77, 20.75, 22.32, 19.34, 16.20, 13.17, 10.20, 6.87, 3.82, 0.00, 3.83, 5.74, 5.32, 6.62, 9.22, 12.22, 15.10, 18.38, 19.71, 23.18, 25.05, 28.74, 31.53, 34.37
 6.94, 7.26, 8.74, 10.55, 13.93, 15.24, 14.82, 16.39, 20.16, 22.38, 24.74, 27.78, 29.16, 32.45, 31.47, 31.62, 30.37, 26.84, 24.00, 21.57, 18.05, 16.47, 13.43, 12.79, 9.80, 10.72, 10.05, 11.06, 10.54, 7.71, 8.28, 7.14, 10.26, 12.74, 14.99, 18.27, 19.30, 16.66, 17.79, 15.73, 18.69, 18.81, 19.48, 23.27, 26.46, 25.55, 21.89, 21.22, 17.57, 17.72, 14.73, 15.32, 11.90, 12.68, 13.46, 13.00, 16.28, 17.48, 21.20, 22.66, 26.42, 29.24, 27.03, 28.94, 29.76, 27.22, 24.33, 25.76, 22.60, 19.46, 16.68, 13.43, 10.45, 7.05, 3.83, 0.00, 3.83, 5.88, 8.52, 11.82, 15.08, 18.24, 21.62, 23.24, 26.72, 28.72, 32.41, 35.25, 38.14
 5.91, 6.08, 6.61, 8.96, 12.49, 14.09, 13.42, 15.54, 19.21, 21.42, 24.23, 27.41, 29.25, 32.67, 32.02, 32.54, 31.13, 27.71, 24.53, 22.09, 18.36, 16.79, 13.44, 12.91, 9.90, 10.71, 11.23, 13.20, 13.55, 11.10, 11.66, 9.81, 12.33, 13.92, 15.71, 18.48, 18.85, 16.54, 18.43, 17.11, 20.37, 21.07, 21.86, 25.66, 28.71, 27.36, 23.79, 23.27, 19.74, 20.06, 17.13, 17.92, 14.48, 14.49, 15.00, 14.58, 17.65, 18.81, 22.53, 23.86, 27.68, 30.29, 27.79, 29.55, 29.92, 27.38, 24.51, 25.38, 21.94, 18.64, 16.36, 12.82, 10.60, 7.59, 5.74, 3.83, 0.00, 3.83, 6.68, 10.32, 13.63, 17.06, 20.51, 22.68, 26.21, 28.64, 32.21, 35.29, 38.27
 8.14, 6.28, 4.73, 5.62, 9.40, 10.46, 9.61, 11.80, 15.49, 17.88, 20.70, 24.01, 26.00, 29.53, 29.16, 29.69, 28.03, 24.62, 21.30, 18.73, 14.94, 13.31, 9.93, 9.84, 7.51, 9.39, 10.88, 12.71, 13.77, 11.37, 11.46, 9.11, 11.22, 11.97, 14.01, 16.43, 16.97, 15.29, 17.44, 16.37, 19.38, 20.15, 20.51, 24.29, 27.02, 25.35, 21.78, 21.11, 17.69, 18.01, 15.24, 16.41, 13.31, 12.96, 12.68, 12.03, 14.79, 16.01, 19.71, 21.16, 24.97, 27.60, 25.14, 27.11, 27.45, 25.23, 22.11, 22.84, 19.47, 15.92, 13.53, 10.27, 8.06, 6.26, 5.32, 5.88, 3.83, 0.00, 3.83, 6.88, 10.50, 13.66, 17.28, 19.55, 23.20, 25.74, 29.20, 32.40, 35.25
 11.82, 10.03, 7.70, 6.99, 10.64, 10.47, 8.26, 9.67, 13.06, 14.90, 17.89, 21.02, 23.12, 26.59, 26.23, 27.12, 25.63, 22.44, 18.96, 16.84, 13.11, 12.38, 9.68, 10.98, 9.86, 12.51, 14.25, 15.63, 16.54, 13.72, 12.80, 9.58, 10.35, 10.00, 11.31, 13.20, 13.39, 12.07, 14.65, 14.24, 17.29, 18.66, 19.23, 22.86, 25.45, 23.37, 20.05, 19.87, 16.85, 17.87, 15.77, 17.72, 15.18, 15.19, 13.99, 12.39, 14.31, 14.72, 18.14, 19.04, 22.80, 25.08, 22.32, 24.03, 24.07, 21.82, 18.78, 19.24, 15.78, 12.25, 10.22, 6.79, 5.65, 5.05, 6.62, 8.52, 6.68, 3.83, 0.00, 3.82, 6.95, 10.43, 13.85, 16.20, 19.75, 22.42, 25.86, 29.11, 32.09
 14.93, 12.47, 9.45, 7.13, 9.95, 8.48, 5.34, 6.07, 9.27, 11.16, 14.23, 17.48, 19.81, 23.38, 23.39, 24.38, 22.63, 19.56, 15.92, 13.82, 10.16, 9.85, 7.81, 10.15, 10.41, 13.61, 15.84, 16.94, 18.26, 15.64, 14.36, 11.12, 11.10, 9.50, 10.71, 11.75, 12.08, 11.84, 14.58, 14.61, 17.15, 18.62, 18.75, 22.17, 24.29, 21.82, 18.69, 18.46, 15.84, 16.98, 15.38, 17.73, 15.82, 15.60, 13.58, 11.62, 12.65, 12.80, 15.91, 16.76, 20.40, 22.56, 19.83, 21.70, 21.62, 19.82, 16.54, 16.73, 13.44, 9.67, 7.69, 5.25, 5.23, 7.08, 9.22, 11.82, 10.32, 6.88, 3.82, 0.00, 3.83, 6.80, 10.43, 12.95, 16.62, 19.45, 22.73, 26.11, 28.95
 18.58, 16.26, 13.17, 10.71, 13.01, 10.82, 7.08, 6.06, 7.85, 8.49, 11.77, 14.67, 17.20, 20.64, 20.75, 22.21, 20.67, 18.03, 14.29, 12.99, 9.88, 10.88, 10.08, 13.12, 13.99, 17.32, 19.56, 20.41, 21.57, 18.76, 16.95, 13.46, 12.38, 9.76, 9.77, 9.55, 9.29, 10.11, 13.16, 14.09, 16.35, 18.39, 18.69, 21.75, 23.56, 20.67, 18.00, 18.34, 16.39, 18.16, 17.30, 20.13, 18.71, 18.76, 16.28, 13.79, 13.84, 13.04, 15.46, 15.55, 18.92, 20.54, 17.49, 18.99, 18.46, 16.75, 13.62, 13.28, 9.92, 6.15, 5.30, 4.05, 6.52, 9.25, 12.22, 15.08, 13.63, 10.50, 6.95, 3.83, 0.00, 3.83, 6.95, 9.70, 13.21, 16.27, 19.45, 22.91, 25.88
 21.69, 18.99, 15.75, 12.67, 14.09, 11.08, 7.47, 4.90, 4.75, 4.66, 8.06, 11.09, 13.89, 17.45, 18.03, 19.56, 17.73, 15.34, 11.54, 10.53, 8.12, 9.91, 10.34, 13.83, 15.62, 19.13, 21.52, 22.07, 23.46, 20.89, 18.93, 15.68, 14.24, 11.04, 11.02, 9.85, 9.99, 11.90, 14.55, 15.67, 17.18, 19.09, 18.87, 21.53, 22.75, 19.56, 17.26, 17.51, 16.17, 17.94, 17.66, 20.69, 19.89, 19.83, 16.83, 14.22, 13.30, 12.18, 13.87, 13.83, 16.82, 18.23, 15.35, 17.06, 16.47, 15.50, 12.18, 11.53, 8.87, 5.39, 5.13, 6.52, 8.86, 12.26, 15.10, 18.24, 17.06, 13.66, 10.43, 6.80, 3.83, 0.00, 3.82, 6.73, 10.37, 13.55, 16.45, 20.04, 22.77
 25.37, 22.77, 19.53, 16.48, 17.76, 14.58, 11.11, 8.23, 6.44, 3.60, 6.43, 8.46, 11.49, 14.75, 15.55, 17.65, 16.10, 14.45, 10.90, 11.13, 9.93, 12.58, 13.75, 17.37, 19.35, 22.91, 25.24, 25.61, 26.84, 24.16, 21.87, 18.57, 16.54, 12.95, 12.04, 9.67, 9.35, 12.29, 14.72, 16.52, 17.53, 19.79, 19.66, 21.79, 22.58, 19.06, 17.44, 18.24, 17.66, 19.85, 20.20, 23.48, 23.06, 23.22, 20.01, 17.15, 15.61, 13.77, 14.52, 13.61, 15.97, 16.61, 13.53, 14.72, 13.55, 13.01, 10.06, 8.55, 6.52, 4.45, 6.27, 8.82, 11.75, 15.22, 18.38, 21.62, 20.51, 17.28, 13.85, 10.43, 6.95, 3.82, 0.00, 3.82, 6.92, 10.44, 13.06, 16.75, 19.58
 27.65, 25.08, 22.10, 18.97, 20.25, 16.87, 13.67, 10.20, 8.23, 4.98, 5.19, 5.86, 8.14, 11.24, 11.75, 13.94, 12.72, 11.44, 8.30, 9.73, 9.71, 13.12, 15.11, 18.91, 21.15, 24.88, 26.86, 26.71, 27.63, 24.90, 22.22, 19.11, 16.55, 12.74, 11.56, 8.67, 9.23, 12.43, 13.97, 15.74, 15.93, 18.06, 17.71, 19.32, 19.67, 16.00, 14.92, 16.07, 16.24, 18.78, 19.85, 23.37, 23.51, 24.11, 20.66, 17.45, 15.25, 12.68, 12.51, 10.87, 12.71, 12.94, 9.83, 11.06, 10.16, 10.16, 7.06, 6.05, 5.66, 5.33, 6.71, 10.25, 12.87, 16.50, 19.71, 23.24, 22.68, 19.55, 16.20, 12.95, 9.70, 6.73, 3.82, 0.00, 3.82, 6.83, 9.81, 13.33, 16.19
 31.33, 28.84, 25.87, 22.77, 24.02, 20.59, 17.42, 13.97, 11.65, 8.05, 7.12, 5.43, 6.98, 9.03, 9.67, 12.65, 12.09, 11.99, 9.79, 12.25, 13.04, 16.62, 18.84, 22.65, 24.95, 28.69, 30.62, 30.34, 31.12, 28.33, 25.45, 22.37, 19.49, 15.68, 13.94, 10.51, 10.65, 14.23, 15.35, 17.55, 17.23, 19.54, 19.32, 20.29, 20.16, 16.35, 16.15, 17.80, 18.65, 21.43, 22.92, 26.55, 26.93, 27.69, 24.18, 20.88, 18.41, 15.51, 14.58, 12.20, 13.02, 12.10, 9.00, 9.19, 7.40, 8.39, 6.46, 4.37, 6.28, 7.98, 10.04, 13.53, 16.32, 19.84, 23.18, 26.72, 26.21, 23.20, 19.75, 16.62, 13.21, 10.37, 6.92, 3.82, 0.00, 3.82, 6.31, 9.90, 12.99
 33.77, 31.32, 28.57, 25.46, 26.71, 23.21, 20.26, 16.60, 14.40, 11.10, 9.12, 6.33, 5.53, 6.20, 6.09, 9.45, 9.74, 10.53, 9.54, 12.85, 14.47, 18.25, 20.89, 24.70, 27.12, 30.92, 32.55, 31.86, 32.37, 29.59, 26.47, 23.66, 20.49, 16.79, 15.01, 11.67, 12.49, 15.79, 16.02, 18.01, 16.88, 18.89, 18.47, 18.72, 18.02, 14.22, 14.87, 16.85, 18.44, 21.39, 23.46, 27.16, 28.00, 29.11, 25.50, 22.06, 19.21, 15.93, 14.18, 11.19, 10.97, 9.14, 6.35, 6.04, 4.68, 7.13, 6.02, 5.45, 8.67, 10.86, 12.28, 15.93, 18.32, 21.79, 25.05, 28.72, 28.64, 25.74, 22.42, 19.45, 16.27, 13.55, 10.44, 6.83, 3.82, 0.00, 3.83, 6.69, 9.90
 37.27, 34.71, 31.82, 28.59, 29.56, 25.95, 23.11, 19.48, 16.81, 13.35, 10.99, 7.40, 6.32, 5.18, 6.41, 10.02, 10.46, 12.35, 12.03, 15.44, 17.46, 21.16, 23.96, 27.74, 30.36, 34.13, 35.91, 35.24, 35.90, 33.23, 30.16, 27.40, 24.29, 20.58, 18.83, 15.43, 15.92, 19.37, 19.64, 21.74, 20.47, 22.40, 21.84, 21.73, 20.56, 16.87, 18.01, 19.86, 21.75, 24.53, 26.74, 30.37, 31.38, 32.33, 28.65, 25.34, 22.31, 19.16, 17.06, 14.19, 13.21, 10.72, 8.99, 8.17, 6.38, 9.74, 9.63, 8.41, 11.80, 14.15, 15.86, 19.50, 21.98, 25.50, 28.74, 32.41, 32.21, 29.20, 25.86, 22.73, 19.45, 16.45, 13.06, 9.81, 6.31, 3.83, 0.00, 3.83, 6.78
 40.41, 37.91, 35.17, 31.96, 32.98, 29.36, 26.61, 22.91, 20.35, 17.02, 14.42, 10.74, 8.63, 5.76, 6.01, 9.41, 10.95, 13.65, 14.29, 17.97, 20.35, 24.09, 27.06, 30.81, 33.45, 37.26, 38.82, 37.90, 38.33, 35.66, 32.44, 29.85, 26.56, 23.00, 21.16, 17.85, 18.55, 21.79, 21.50, 23.51, 21.73, 23.45, 22.86, 22.11, 20.44, 17.04, 18.92, 21.01, 23.41, 26.25, 28.83, 32.48, 33.77, 34.97, 31.27, 27.89, 24.70, 21.38, 18.84, 15.70, 13.88, 10.63, 9.83, 8.26, 7.06, 10.87, 11.66, 11.10, 14.80, 17.43, 18.95, 22.59, 24.90, 28.33, 31.53, 35.25, 35.29, 32.40, 29.11, 26.11, 22.91, 20.04, 16.75, 13.33, 9.90, 6.69, 3.83, 0.00, 3.83
 43.19, 40.52, 37.77, 34.40, 35.11, 31.39, 28.92, 25.20, 22.42, 19.29, 16.26, 12.48, 9.98, 6.37, 7.48, 9.76, 11.13, 14.49, 15.83, 19.48, 22.31, 25.90, 29.14, 32.79, 35.68, 39.45, 41.02, 39.95, 40.50, 38.05, 34.90, 32.54, 29.35, 25.85, 24.34, 21.21, 22.15, 25.35, 24.97, 26.73, 24.73, 26.07, 25.07, 24.02, 21.86, 18.72, 20.87, 22.59, 25.28, 27.83, 30.61, 34.11, 35.71, 36.82, 33.05, 29.84, 26.42, 23.27, 20.35, 17.51, 15.10, 11.79, 12.13, 11.18, 10.72, 14.55, 15.12, 14.76, 18.35, 20.71, 21.98, 25.72, 27.81, 31.33, 34.37, 38.14, 38.27, 35.25, 32.09, 28.95, 25.88, 22.77, 19.58, 16.19, 12.99, 9.90, 6.78, 3.83, 0.00
