 0.00, 3.82, 5.57, 6.10, 8.88, 8.71, 9.69, 10.69, 13.84, 16.79, 20.39, 23.85, 27.13, 30.03, 32.46, 34.83, 37.06, 35.25, 36.58, 33.27, 33.16, 29.61, 29.55, 30.02, 29.58, 25.88, 25.39, 27.38, 26.36, 22.59, 23.01, 24.85, 22.23, 19.65, 17.67, 16.88, 17.17, 20.31, 23.13, 24.09, 27.85, 29.27, 32.91, 33.50, 31.82, 28.61, 26.67, 23.08, 20.02, 16.67, 15.90, 12.86, 13.47, 12.88, 13.56, 17.34, 17.88, 16.48, 18.74, 21.58, 20.85, 21.16, 24.33, 25.35, 25.76, 27.66, 29.50, 31.45, 33.33, 34.96, 35.89, 38.13, 37.17, 35.45, 31.73, 32.69, 30.07, 26.33, 24.10, 20.39, 18.69, 15.46, 12.82, 9.11, 6.55, 4.36, 5.22, 9.01, 11.97, 12.79, 16.37, 19.69, 20.01, 20.64, 23.22, 25.78, 26.54, 24.97
 3.82, 0.00, 3.85, 5.24, 6.88, 7.86, 8.30, 10.20, 12.69, 15.96, 19.32, 22.83, 26.06, 28.88, 31.60, 33.93, 36.46, 34.85, 36.11, 32.70, 32.80, 29.18, 29.57, 30.08, 29.16, 25.52, 25.53, 27.33, 25.81, 22.17, 23.03, 24.41, 21.38, 19.30, 17.49, 17.39, 17.82, 20.92, 23.45, 24.50, 28.19, 29.50, 33.11, 33.26, 31.48, 28.09, 26.29, 22.75, 20.08, 16.76, 15.54, 12.83, 13.00, 11.91, 11.51, 15.27, 16.42, 14.81, 16.43, 19.64, 19.30, 19.12, 22.11, 23.62, 24.29, 25.77, 27.67, 29.92, 32.06, 34.02, 35.34, 37.52, 36.32, 34.27, 30.56, 31.31, 28.41, 24.73, 22.26, 18.49, 16.86, 13.97, 10.86, 7.55, 4.68, 5.13, 7.20, 10.91, 13.45, 14.92, 18.13, 21.33, 20.99, 21.14, 24.03, 26.58, 27.30, 26.08
 5.57, 3.85, 0.00, 3.85, 6.52, 8.77, 10.48, 13.07, 15.70, 19.21, 22.41, 26.03, 29.08, 32.04, 34.72, 37.21, 39.73, 37.99, 39.01, 35.49, 35.34, 31.64, 31.88, 31.99, 31.00, 27.50, 27.27, 28.65, 27.05, 23.54, 23.98, 25.00, 22.04, 19.78, 18.65, 18.98, 20.07, 23.46, 26.24, 27.63, 31.35, 32.89, 36.56, 36.69, 34.72, 31.41, 29.41, 25.98, 23.20, 19.69, 18.00, 14.91, 14.18, 12.14, 11.83, 15.27, 16.95, 16.14, 17.49, 20.56, 20.84, 20.97, 23.56, 25.26, 26.42, 27.90, 29.43, 31.94, 33.89, 36.03, 37.37, 39.80, 38.78, 36.74, 33.12, 34.06, 31.18, 27.50, 25.19, 21.38, 20.12, 17.51, 14.14, 11.14, 7.79, 7.77, 8.11, 11.48, 14.56, 16.55, 19.85, 22.71, 22.37, 22.97, 26.08, 28.95, 30.05, 29.00
 6.10, 5.24, 3.85, 0.00, 3.85, 5.52, 8.24, 11.05, 13.99, 17.62, 20.67, 24.42, 27.21, 30.44, 32.86, 35.62, 37.94, 35.93, 36.67, 33.08, 32.62, 28.88, 28.88, 28.73, 27.80, 24.38, 23.91, 25.12, 23.62, 20.14, 20.33, 21.36, 18.56, 16.09, 15.13, 15.61, 17.13, 20.71, 23.70, 25.49, 29.21, 31.11, 34.86, 35.05, 32.81, 29.71, 27.35, 24.11, 21.12, 17.44, 15.35, 11.98, 10.78, 8.62, 9.11, 12.52, 13.77, 13.37, 15.18, 17.85, 18.07, 18.77, 21.31, 22.67, 23.94, 25.77, 26.99, 29.41, 31.07, 33.14, 34.31, 36.93, 36.17, 34.32, 30.78, 32.08, 29.45, 25.71, 23.85, 20.06, 19.36, 17.00, 13.52, 10.74, 6.94, 6.36, 5.67, 8.35, 11.25, 13.75, 16.81, 19.38, 18.87, 19.68, 22.90, 25.99, 27.42, 26.65
 8.88, 6.88, 6.52, 3.85, 0.00, 3.83, 6.14, 9.72, 11.98, 15.77, 18.37, 22.15, 24.69, 27.95, 30.43, 33.29, 35.73, 33.76, 34.29, 30.61, 30.20, 26.42, 26.73, 26.53, 25.20, 21.91, 21.85, 22.85, 20.92, 17.61, 18.22, 18.84, 15.69, 13.77, 12.98, 14.19, 15.91, 19.39, 22.11, 24.15, 27.74, 29.71, 33.43, 33.26, 30.80, 27.71, 25.32, 22.29, 19.61, 15.99, 13.36, 10.40, 8.59, 5.98, 5.39, 8.88, 10.45, 10.00, 11.43, 14.21, 14.73, 15.30, 17.64, 19.21, 20.75, 22.39, 23.49, 26.10, 27.84, 30.14, 31.58, 34.20, 33.34, 31.32, 27.86, 29.15, 26.46, 22.80, 21.06, 17.33, 17.16, 15.42, 11.72, 9.90, 6.36, 7.41, 7.69, 9.56, 11.36, 14.33, 16.74, 19.05, 17.80, 18.10, 21.57, 24.64, 26.14, 25.83
 8.71, 7.86, 8.77, 5.52, 3.83, 0.00, 3.79, 6.74, 9.56, 13.18, 15.91, 19.70, 22.22, 25.63, 27.84, 30.79, 32.98, 30.82, 31.36, 27.72, 27.16, 23.41, 23.45, 23.32, 22.32, 18.88, 18.58, 19.91, 18.36, 14.79, 15.36, 16.59, 13.70, 11.44, 9.92, 10.57, 12.16, 15.72, 18.62, 20.73, 24.36, 26.50, 30.27, 30.34, 27.84, 24.92, 22.32, 19.30, 16.34, 12.62, 10.06, 6.76, 5.41, 4.30, 5.57, 9.14, 9.21, 8.37, 10.97, 13.26, 12.90, 13.96, 16.72, 17.60, 18.68, 20.81, 21.96, 24.16, 25.72, 27.67, 28.80, 31.41, 30.71, 28.97, 25.46, 26.98, 24.58, 20.83, 19.41, 15.75, 15.71, 13.86, 10.54, 8.69, 5.58, 5.63, 5.80, 6.82, 7.85, 10.77, 12.99, 15.40, 14.23, 14.52, 17.89, 20.96, 22.49, 22.14
 9.69, 8.30, 10.48, 8.24, 6.14, 3.79, 0.00, 3.79, 5.95, 9.69, 12.48, 16.26, 18.98, 22.23, 24.65, 27.44, 29.80, 27.87, 28.64, 25.06, 24.91, 21.21, 21.71, 22.12, 20.95, 17.37, 17.71, 19.48, 17.75, 14.16, 15.60, 17.00, 13.85, 12.35, 10.01, 10.41, 10.99, 14.04, 16.41, 18.19, 21.76, 23.60, 27.30, 27.16, 24.79, 21.67, 19.35, 16.20, 13.57, 10.06, 7.78, 5.53, 5.78, 6.37, 6.21, 9.69, 9.41, 7.04, 9.59, 12.27, 11.24, 11.54, 14.77, 15.67, 16.25, 18.16, 19.83, 21.90, 23.85, 25.77, 27.10, 29.38, 28.31, 26.37, 22.74, 23.92, 21.35, 17.58, 15.87, 12.16, 11.93, 10.15, 6.89, 5.74, 4.10, 5.84, 7.93, 9.26, 9.33, 11.46, 13.25, 15.93, 14.48, 13.82, 17.01, 19.61, 20.62, 20.25
 10.69, 10.20, 13.07, 11.05, 9.72, 6.74, 3.79, 0.00, 3.78, 6.83, 10.11, 13.76, 16.72, 19.92, 22.15, 24.85, 27.02, 25.04, 26.10, 22.69, 22.67, 19.10, 19.50, 20.39, 19.63, 15.86, 16.20, 18.61, 17.38, 13.67, 15.34, 17.42, 14.68, 13.22, 10.02, 9.20, 8.50, 11.12, 13.36, 14.75, 18.40, 20.15, 23.88, 24.00, 21.81, 18.72, 16.43, 13.07, 10.20, 6.71, 5.57, 4.21, 6.85, 9.07, 9.59, 12.64, 11.41, 8.57, 11.56, 13.74, 11.66, 11.94, 15.57, 15.77, 15.46, 17.66, 19.67, 21.15, 23.09, 24.54, 25.58, 27.61, 26.50, 24.79, 21.07, 22.20, 19.86, 16.08, 14.47, 10.99, 10.42, 8.26, 6.20, 5.30, 5.76, 6.43, 8.85, 9.71, 8.87, 9.83, 11.25, 14.28, 13.13, 12.04, 14.71, 16.88, 17.47, 16.78
 13.84, 12.69, 15.70, 13.99, 11.98, 9.56, 5.95, 3.78, 0.00, 3.81, 6.74, 10.44, 13.45, 16.52, 19.03, 21.64, 24.08, 22.38, 23.50, 20.09, 20.52, 17.03, 18.11, 19.43, 18.24, 14.60, 15.82, 18.31, 16.71, 13.35, 15.85, 17.64, 14.72, 14.22, 10.99, 10.64, 9.40, 11.00, 12.23, 13.39, 16.72, 18.18, 21.77, 21.40, 19.18, 15.88, 13.90, 10.62, 8.63, 6.02, 5.17, 6.30, 8.69, 11.03, 10.58, 12.98, 11.70, 8.11, 10.39, 12.57, 10.10, 9.42, 13.22, 13.47, 12.74, 14.54, 16.98, 18.40, 20.74, 22.28, 23.68, 25.38, 23.87, 21.85, 18.08, 18.86, 16.30, 12.54, 10.71, 7.23, 6.92, 5.73, 4.50, 6.13, 8.03, 9.82, 12.55, 13.38, 12.12, 12.96, 13.60, 16.27, 14.56, 12.52, 14.99, 16.60, 16.73, 16.43
 16.79, 15.96, 19.21, 17.62, 15.77, 13.18, 9.69, 6.83, 3.81, 0.00, 3.80, 7.08, 10.42, 13.29, 15.72, 18.16, 20.53, 18.95, 20.41, 17.22, 18.06, 14.88, 16.23, 18.22, 17.25, 13.73, 15.34, 18.28, 17.03, 14.01, 16.83, 18.90, 16.39, 16.28, 12.79, 11.86, 9.53, 9.74, 9.89, 10.33, 13.42, 14.54, 18.06, 17.65, 15.61, 12.22, 10.52, 7.06, 5.75, 4.83, 6.07, 8.66, 11.60, 14.43, 14.15, 16.16, 14.42, 10.84, 12.89, 14.48, 11.38, 10.42, 14.14, 13.73, 11.94, 13.70, 16.54, 17.26, 19.69, 20.75, 22.02, 23.26, 21.51, 19.62, 15.82, 16.31, 13.99, 10.40, 8.74, 6.19, 5.77, 5.38, 6.67, 8.81, 11.43, 12.85, 15.57, 16.10, 14.33, 14.37, 14.34, 16.85, 15.24, 12.56, 14.21, 14.96, 14.33, 13.98
 20.39, 19.32, 22.41, 20.67, 18.37, 15.91, 12.48, 10.11, 6.74, 3.80, 0.00, 3.80, 6.76, 9.83, 12.32, 14.96, 17.47, 15.96, 17.21, 13.96, 15.14, 12.13, 14.18, 16.47, 15.11, 12.00, 14.42, 17.23, 15.78, 13.43, 16.75, 18.49, 16.16, 16.88, 13.65, 13.19, 10.95, 10.21, 9.15, 9.67, 11.98, 13.06, 16.32, 15.28, 12.88, 9.55, 7.90, 5.29, 5.97, 6.73, 7.59, 11.01, 13.44, 16.34, 15.80, 17.02, 15.03, 11.56, 12.98, 13.88, 10.54, 9.17, 12.45, 11.58, 9.08, 10.58, 13.64, 13.97, 16.61, 17.61, 19.15, 20.09, 18.06, 15.97, 12.17, 12.52, 10.26, 6.73, 5.77, 4.66, 6.08, 7.77, 9.40, 12.21, 14.71, 16.38, 18.92, 19.12, 16.94, 17.14, 16.41, 18.30, 16.18, 12.91, 14.24, 14.44, 13.60, 14.07
 23.85, 22.83, 26.03, 24.42, 22.15, 19.70, 16.26, 13.76, 10.44, 7.08, 3.80, 0.00, 3.80, 6.21, 8.84, 11.21, 13.86, 12.74, 14.38, 11.54, 13.52, 11.25, 13.84, 16.75, 15.50, 12.99, 15.79, 18.67, 17.47, 15.72, 19.15, 20.86, 18.88, 19.95, 16.80, 16.18, 13.60, 11.90, 9.63, 9.16, 10.32, 10.66, 13.44, 11.88, 9.65, 6.14, 5.61, 4.30, 7.23, 9.51, 11.01, 14.59, 17.08, 20.06, 19.48, 20.45, 18.38, 15.04, 16.10, 16.63, 13.28, 11.68, 14.36, 13.12, 9.87, 10.73, 14.02, 13.51, 16.24, 16.74, 18.26, 18.48, 16.01, 13.93, 10.32, 9.93, 8.04, 5.49, 5.36, 6.67, 7.91, 10.15, 12.56, 15.50, 18.29, 19.92, 22.52, 22.65, 20.30, 20.14, 19.06, 20.69, 18.66, 15.13, 15.69, 14.97, 13.35, 14.02
 27.13, 26.06, 29.08, 27.21, 24.69, 22.22, 18.98, 16.72, 13.45, 10.42, 6.76, 3.80, 0.00, 3.82, 5.82, 8.87, 11.38, 10.13, 11.18, 8.25, 10.61, 8.88, 12.12, 15.16, 13.63, 11.96, 15.23, 17.76, 16.57, 15.66, 19.20, 20.59, 19.01, 20.65, 17.88, 17.58, 15.28, 13.14, 10.27, 10.19, 10.22, 10.75, 12.94, 10.73, 7.83, 5.42, 4.93, 6.24, 9.51, 12.04, 13.08, 16.85, 18.95, 21.95, 21.40, 21.75, 19.44, 16.50, 17.23, 16.99, 13.69, 12.31, 14.14, 12.29, 8.59, 9.15, 12.10, 10.77, 13.39, 13.58, 15.25, 15.08, 12.36, 10.20, 6.72, 6.31, 5.39, 4.22, 6.49, 8.99, 11.13, 13.77, 15.87, 18.91, 21.44, 23.06, 25.40, 25.16, 22.50, 22.49, 20.88, 21.92, 19.56, 15.82, 16.03, 14.90, 13.35, 14.90
 30.03, 28.88, 32.04, 30.44, 27.95, 25.63, 22.23, 19.92, 16.52, 13.29, 9.83, 6.21, 3.82, 0.00, 3.81, 5.56, 8.78, 8.80, 10.51, 8.73, 12.02, 11.39, 14.74, 18.02, 16.61, 15.41, 18.69, 21.17, 20.07, 19.40, 22.93, 24.24, 22.71, 24.45, 21.70, 21.32, 18.83, 16.46, 13.28, 12.36, 11.48, 10.82, 11.97, 8.92, 6.95, 5.05, 6.94, 8.74, 12.46, 15.32, 16.70, 20.43, 22.64, 25.55, 24.79, 25.17, 23.05, 20.03, 20.45, 20.33, 17.24, 15.47, 16.98, 15.39, 11.77, 11.41, 14.40, 12.73, 15.39, 15.25, 16.95, 15.92, 12.67, 10.47, 7.94, 5.74, 5.42, 6.45, 8.11, 11.35, 12.92, 15.75, 18.34, 21.52, 24.36, 26.12, 28.68, 28.65, 26.07, 25.86, 24.31, 25.41, 23.21, 19.47, 19.36, 17.76, 15.68, 17.01
 32.46, 31.60, 34.72, 32.86, 30.43, 27.84, 24.65, 22.15, 19.03, 15.72, 12.32, 8.84, 5.82, 3.81, 0.00, 3.83, 5.69, 5.15, 6.81, 5.82, 9.50, 9.99, 13.15, 16.61, 15.68, 15.12, 18.22, 20.65, 20.09, 19.89, 23.18, 24.60, 23.64, 25.43, 22.78, 22.18, 19.63, 16.74, 13.16, 12.17, 10.24, 9.70, 10.14, 6.96, 4.47, 5.09, 6.81, 9.91, 13.56, 16.77, 18.31, 22.12, 24.35, 27.50, 27.13, 27.33, 24.83, 22.13, 22.81, 22.18, 18.94, 17.79, 19.06, 16.83, 13.06, 13.18, 15.47, 12.96, 14.83, 13.76, 14.86, 13.26, 10.12, 8.89, 7.27, 5.81, 7.66, 9.15, 11.56, 14.58, 16.31, 18.86, 21.37, 24.32, 27.02, 28.43, 30.69, 30.25, 27.36, 26.91, 24.89, 25.53, 23.42, 19.69, 18.94, 16.75, 14.49, 16.26
 34.83, 33.93, 37.21, 35.62, 33.29, 30.79, 27.44, 24.85, 21.64, 18.16, 14.96, 11.21, 8.87, 5.56, 3.83, 0.00, 3.83, 5.98, 8.53, 9.01, 12.77, 13.71, 16.70, 20.25, 19.44, 18.93, 21.96, 24.45, 23.91, 23.65, 26.96, 28.41, 27.35, 29.10, 26.34, 25.62, 22.87, 19.92, 16.30, 14.65, 12.38, 10.68, 9.93, 6.13, 5.94, 6.83, 9.79, 12.47, 16.28, 19.64, 21.48, 25.24, 27.64, 30.75, 30.21, 30.56, 28.25, 25.36, 25.90, 25.53, 22.38, 20.87, 22.13, 20.22, 16.52, 16.15, 18.62, 16.18, 18.15, 17.02, 18.08, 15.95, 12.67, 11.56, 10.64, 8.28, 9.83, 11.84, 13.58, 16.84, 18.03, 20.57, 23.47, 26.48, 29.46, 30.97, 33.46, 33.26, 30.51, 29.87, 28.00, 28.84, 26.93, 23.24, 22.36, 19.95, 17.29, 18.60
 37.06, 36.46, 39.73, 37.94, 35.73, 32.98, 29.80, 27.02, 24.08, 20.53, 17.47, 13.86, 11.38, 8.78, 5.69, 3.83, 0.00, 3.83, 6.62, 8.62, 12.04, 13.90, 16.34, 19.92, 19.69, 19.61, 22.30, 24.77, 24.76, 24.78, 27.79, 29.41, 28.82, 30.49, 27.78, 26.79, 23.96, 20.65, 16.86, 15.10, 12.07, 10.39, 8.65, 5.33, 5.74, 8.46, 10.94, 14.12, 17.69, 21.26, 23.28, 27.03, 29.51, 32.82, 32.64, 32.93, 30.32, 27.66, 28.48, 27.80, 24.50, 23.47, 24.68, 22.35, 18.58, 18.67, 20.67, 17.76, 19.04, 17.16, 17.49, 14.91, 12.13, 12.19, 12.01, 10.50, 12.86, 14.77, 16.87, 19.93, 21.17, 23.44, 26.31, 29.09, 31.96, 33.13, 35.38, 34.85, 31.87, 30.97, 28.76, 29.25, 27.55, 23.97, 22.51, 19.64, 16.81, 18.29
 35.25, 34.85, 37.99, 35.93, 33.76, 30.82, 27.87, 25.04, 22.38, 18.95, 15.96, 12.74, 10.13, 8.80, 5.15, 5.98, 3.83, 0.00, 3.87, 5.60, 8.62, 10.61, 12.69, 16.30, 16.41, 16.40, 18.84, 21.34, 21.66, 21.74, 24.54, 26.31, 26.02, 27.56, 24.90, 23.81, 21.06, 17.62, 13.82, 12.44, 9.25, 8.63, 7.74, 5.44, 3.75, 7.36, 8.62, 12.19, 15.40, 18.93, 20.87, 24.58, 27.00, 30.44, 30.60, 30.84, 27.95, 25.53, 26.68, 25.73, 22.30, 21.81, 23.11, 20.39, 16.61, 17.40, 19.07, 16.03, 16.84, 14.66, 14.49, 12.28, 10.04, 10.74, 10.26, 9.99, 12.59, 13.86, 16.36, 19.01, 20.54, 22.58, 25.15, 27.71, 30.30, 31.19, 33.12, 32.27, 29.10, 28.18, 25.70, 25.91, 24.22, 20.71, 19.03, 16.06, 13.40, 15.30
 36.58, 36.11, 39.01, 36.67, 34.29, 31.36, 28.64, 26.10, 23.50, 20.41, 17.21, 14.38, 11.18, 10.51, 6.81, 8.53, 6.62, 3.87, 0.00, 3.84, 6.16, 9.12, 11.18, 14.34, 14.29, 15.13, 17.62, 19.57, 19.95, 20.68, 23.35, 24.77, 24.85, 26.73, 24.49, 23.77, 21.49, 18.15, 14.53, 14.11, 11.18, 11.66, 11.22, 9.29, 6.90, 10.07, 10.19, 13.96, 16.84, 20.03, 21.41, 25.10, 27.10, 30.45, 30.69, 30.47, 27.45, 25.45, 26.45, 24.97, 21.74, 21.61, 22.38, 19.33, 15.79, 16.64, 17.57, 14.14, 14.25, 11.58, 11.17, 8.56, 6.59, 8.26, 8.84, 9.50, 12.80, 14.32, 17.44, 20.09, 22.20, 24.44, 26.60, 29.21, 31.47, 32.37, 34.04, 32.88, 29.52, 28.92, 26.16, 25.87, 23.85, 20.38, 18.72, 15.89, 13.97, 16.64
 33.27, 32.70, 35.49, 33.08, 30.61, 27.72, 25.06, 22.69, 20.09, 17.22, 13.96, 11.54, 8.25, 8.73, 5.82, 9.01, 8.62, 5.60, 3.84, 0.00, 3.79, 5.64, 8.46, 11.69, 11.14, 11.60, 14.42, 16.43, 16.48, 17.05, 19.90, 21.27, 21.14, 23.05, 20.83, 20.32, 18.23, 15.15, 11.69, 11.95, 9.84, 11.13, 11.94, 10.08, 6.59, 8.55, 7.61, 11.25, 13.93, 16.83, 17.87, 21.57, 23.40, 26.69, 26.90, 26.64, 23.61, 21.63, 22.65, 21.16, 17.90, 17.87, 18.72, 15.62, 12.05, 13.25, 14.23, 11.00, 11.40, 9.25, 9.41, 7.97, 5.80, 6.44, 5.71, 7.37, 10.27, 11.16, 14.46, 16.83, 19.21, 21.48, 23.34, 25.95, 28.03, 29.01, 30.64, 29.49, 26.17, 25.85, 23.19, 22.98, 20.69, 17.10, 15.88, 13.54, 12.08, 14.97
 33.16, 32.80, 35.34, 32.62, 30.20, 27.16, 24.91, 22.67, 20.52, 18.06, 15.14, 13.52, 10.61, 12.02, 9.50, 12.77, 12.04, 8.62, 6.16, 3.79, 0.00, 3.78, 5.45, 8.28, 8.25, 9.44, 11.76, 13.45, 14.06, 15.06, 17.47, 18.85, 19.32, 21.17, 19.27, 18.78, 17.10, 14.08, 11.07, 12.26, 10.53, 12.83, 14.04, 13.00, 9.48, 11.30, 9.24, 12.51, 14.30, 16.76, 17.42, 20.87, 22.42, 25.74, 26.36, 25.89, 22.57, 21.12, 22.42, 20.48, 17.28, 18.05, 18.75, 15.24, 12.10, 14.07, 14.23, 11.00, 10.26, 7.50, 6.46, 6.06, 5.88, 7.69, 7.26, 10.15, 12.82, 13.07, 16.48, 18.26, 20.86, 22.83, 24.24, 26.53, 28.18, 28.84, 30.01, 28.42, 24.89, 24.66, 21.65, 20.88, 18.52, 15.18, 13.69, 11.45, 10.88, 14.35
 29.61, 29.18, 31.64, 28.88, 26.42, 23.41, 21.21, 19.10, 17.03, 14.88, 12.13, 11.25, 8.88, 11.39, 9.99, 13.71, 13.90, 10.61, 9.12, 5.64, 3.78, 0.00, 3.83, 6.72, 5.98, 6.02, 8.84, 10.90, 11.08, 11.58, 14.28, 15.78, 15.89, 17.65, 15.61, 15.27, 13.74, 11.07, 8.44, 10.46, 9.93, 12.72, 14.86, 13.94, 10.16, 10.69, 7.72, 10.21, 11.47, 13.46, 13.77, 17.20, 18.67, 21.97, 22.60, 22.21, 18.88, 17.37, 18.84, 17.00, 13.66, 14.64, 15.65, 12.14, 9.03, 11.65, 12.00, 9.44, 9.25, 7.73, 7.60, 8.73, 8.29, 8.63, 6.64, 9.96, 11.60, 10.85, 14.06, 15.29, 17.99, 19.82, 20.89, 23.10, 24.57, 25.26, 26.41, 24.88, 21.41, 21.44, 18.60, 18.05, 15.43, 11.90, 11.04, 9.56, 9.58, 12.97
 29.55, 29.57, 31.88, 28.88, 26.73, 23.45, 21.71, 19.50, 18.11, 16.23, 14.18, 13.84, 12.12, 14.74, 13.15, 16.70, 16.34, 12.69, 11.18, 8.46, 5.45, 3.83, 0.00, 3.83, 5.44, 5.63, 6.71, 9.00, 10.48, 10.99, 12.79, 14.81, 15.66, 16.87, 14.94, 14.11, 12.72, 9.94, 7.95, 10.46, 10.13, 13.55, 15.81, 15.77, 12.25, 13.06, 9.76, 11.77, 12.02, 13.68, 14.05, 17.03, 18.48, 21.92, 23.18, 22.89, 19.27, 18.22, 20.24, 18.25, 14.93, 16.67, 17.86, 14.25, 11.71, 14.83, 14.77, 12.50, 11.50, 9.62, 8.08, 9.92, 10.79, 11.98, 10.43, 13.76, 15.35, 14.23, 17.12, 17.78, 20.23, 21.49, 22.32, 24.00, 25.13, 25.26, 25.91, 23.91, 20.23, 20.00, 16.74, 15.60, 13.29, 10.21, 8.48, 6.75, 7.74, 11.48
 30.02, 30.08, 31.99, 28.73, 26.53, 23.32, 22.12, 20.39, 19.43, 18.22, 16.47, 16.75, 15.16, 18.02, 16.61, 20.25, 19.92, 16.30, 14.34, 11.69, 8.28, 6.72, 3.83, 0.00, 3.83, 5.31, 4.96, 5.89, 8.18, 9.53, 10.51, 12.21, 13.86, 15.12, 13.95, 13.59, 13.22, 11.27, 10.46, 13.56, 13.71, 17.26, 19.58, 19.59, 16.04, 16.72, 13.29, 14.85, 14.47, 15.30, 14.87, 17.29, 18.05, 21.22, 22.77, 22.07, 18.33, 18.06, 20.09, 17.60, 14.75, 17.19, 17.94, 14.25, 12.63, 15.94, 15.05, 13.16, 11.34, 9.76, 7.85, 10.84, 12.58, 13.87, 12.69, 16.35, 17.81, 16.54, 19.43, 19.70, 22.38, 23.52, 23.79, 25.23, 25.81, 25.77, 25.93, 23.54, 19.81, 20.00, 16.59, 14.73, 12.13, 9.70, 8.38, 7.95, 10.32, 13.92
 29.58, 29.16, 31.00, 27.80, 25.20, 22.32, 20.95, 19.63, 18.24, 17.25, 15.11, 15.50, 13.63, 16.61, 15.68, 19.44, 19.69, 16.41, 14.29, 11.14, 8.25, 5.98, 5.44, 3.83, 0.00, 3.81, 5.73, 5.73, 6.03, 8.08, 10.05, 10.81, 11.89, 14.00, 13.12, 13.69, 13.69, 12.23, 11.34, 14.55, 14.92, 18.18, 20.57, 19.90, 16.13, 16.37, 13.05, 14.56, 14.54, 15.14, 14.09, 16.72, 17.05, 19.92, 20.94, 19.83, 16.27, 15.99, 17.44, 14.70, 12.09, 14.35, 14.59, 10.82, 9.49, 12.62, 11.34, 9.65, 7.86, 7.21, 6.78, 10.10, 11.23, 11.67, 10.40, 14.16, 15.36, 14.16, 17.22, 17.62, 20.71, 22.30, 22.38, 24.21, 24.79, 25.27, 25.70, 23.62, 20.09, 20.86, 17.85, 16.41, 13.21, 10.40, 10.36, 10.55, 12.55, 16.03
 25.88, 25.52, 27.50, 24.38, 21.91, 18.88, 17.37, 15.86, 14.60, 13.73, 12.00, 12.99, 11.96, 15.41, 15.12, 18.93, 19.61, 16.40, 15.13, 11.60, 9.44, 6.02, 5.63, 5.31, 3.81, 0.00, 3.85, 5.81, 5.65, 5.64, 8.31, 9.96, 10.18, 11.73, 10.06, 10.31, 10.04, 8.82, 8.42, 11.95, 13.15, 16.49, 19.39, 18.94, 15.26, 14.72, 11.11, 11.77, 11.18, 11.40, 10.31, 13.03, 13.71, 16.85, 17.95, 17.37, 13.75, 13.00, 14.96, 12.78, 9.61, 11.96, 13.09, 9.59, 8.04, 11.73, 11.36, 10.44, 9.97, 10.05, 10.13, 12.93, 13.27, 13.06, 10.70, 14.11, 14.51, 12.47, 14.97, 14.78, 17.61, 18.86, 18.85, 20.51, 21.13, 21.55, 22.11, 20.20, 16.70, 17.42, 14.64, 13.76, 10.49, 7.21, 7.83, 8.66, 10.68, 13.69
 25.39, 25.53, 27.27, 23.91, 21.85, 18.58, 17.71, 16.20, 15.82, 15.34, 14.42, 15.79, 15.23, 18.69, 18.22, 21.96, 22.30, 18.84, 17.62, 14.42, 11.76, 8.84, 6.71, 4.96, 5.73, 3.85, 0.00, 3.83, 5.85, 5.39, 6.19, 8.84, 10.05, 10.58, 9.12, 8.74, 9.02, 8.22, 9.02, 12.77, 14.28, 17.94, 20.95, 21.14, 17.64, 17.27, 13.50, 13.77, 12.27, 11.96, 10.87, 12.74, 13.29, 16.48, 18.36, 17.96, 14.14, 14.01, 16.57, 14.42, 11.55, 14.52, 15.84, 12.59, 11.63, 15.39, 14.83, 14.10, 13.14, 12.87, 12.06, 15.16, 16.18, 16.52, 14.37, 17.80, 18.24, 16.01, 18.18, 17.50, 19.94, 20.56, 20.26, 21.27, 21.43, 21.21, 21.14, 18.68, 14.98, 15.53, 12.35, 10.69, 7.56, 5.10, 5.31, 7.18, 10.34, 13.15
 27.38, 27.33, 28.65, 25.12, 22.85, 19.91, 19.48, 18.61, 18.31, 18.28, 17.23, 18.67, 17.76, 21.17, 20.65, 24.45, 24.77, 21.34, 19.57, 16.43, 13.45, 10.90, 9.00, 5.89, 5.73, 5.81, 3.83, 0.00, 3.82, 5.56, 5.25, 6.49, 8.87, 10.02, 10.00, 10.76, 12.09, 11.91, 12.78, 16.51, 17.81, 21.43, 24.27, 24.20, 20.57, 20.36, 16.69, 17.17, 15.84, 15.23, 13.48, 14.89, 14.50, 17.09, 18.93, 17.81, 14.06, 14.84, 16.93, 14.12, 12.07, 15.41, 15.90, 12.66, 12.61, 16.12, 14.67, 14.18, 12.49, 12.55, 11.79, 15.40, 16.92, 17.32, 15.72, 19.36, 19.93, 17.96, 20.33, 19.69, 22.47, 23.31, 22.62, 23.66, 23.41, 23.29, 22.90, 20.25, 16.72, 17.87, 14.83, 12.67, 9.34, 7.98, 8.72, 10.68, 13.94, 16.88
 26.36, 25.81, 27.05, 23.62, 20.92, 18.36, 17.75, 17.38, 16.71, 17.03, 15.78, 17.47, 16.57, 20.07, 20.09, 23.91, 24.76, 21.66, 19.95, 16.48, 14.06, 11.08, 10.48, 8.18, 6.03, 5.65, 5.85, 3.82, 0.00, 3.84, 5.32, 4.91, 6.14, 8.56, 8.89, 10.80, 12.43, 12.75, 13.52, 17.24, 18.75, 22.11, 25.04, 24.47, 20.74, 20.07, 16.55, 16.81, 15.72, 14.81, 12.41, 13.93, 13.03, 15.24, 16.46, 14.90, 11.31, 12.17, 13.69, 10.59, 8.91, 12.27, 12.32, 9.23, 9.97, 13.25, 11.55, 11.81, 10.62, 11.82, 12.24, 15.79, 16.66, 16.27, 14.46, 17.90, 17.99, 15.92, 18.17, 17.44, 20.51, 21.68, 20.73, 22.10, 21.81, 22.25, 22.17, 19.95, 16.73, 18.47, 15.99, 14.52, 10.79, 8.98, 10.84, 12.94, 15.74, 18.56
 22.59, 22.17, 23.54, 20.14, 17.61, 14.79, 14.16, 13.67, 13.35, 14.01, 13.43, 15.72, 15.66, 19.40, 19.89, 23.65, 24.78, 21.74, 20.68, 17.05, 15.06, 11.58, 10.99, 9.53, 8.08, 5.64, 5.39, 5.56, 3.84, 0.00, 3.82, 5.32, 4.91, 6.12, 5.26, 7.14, 8.97, 10.01, 11.53, 15.28, 17.46, 20.77, 24.05, 23.74, 20.18, 18.95, 15.35, 14.79, 13.06, 11.53, 8.85, 10.11, 9.41, 12.03, 13.54, 12.70, 8.89, 9.29, 11.65, 9.35, 7.04, 10.62, 11.76, 9.20, 9.73, 13.30, 12.58, 13.27, 13.04, 14.29, 14.79, 18.01, 18.41, 17.71, 15.18, 18.28, 17.78, 15.05, 16.65, 15.26, 17.93, 18.61, 17.48, 18.53, 18.18, 18.46, 18.43, 16.32, 13.10, 14.88, 12.71, 11.84, 8.05, 6.09, 8.94, 11.68, 14.41, 16.62
 23.01, 23.03, 23.98, 20.33, 18.22, 15.36, 15.60, 15.34, 15.85, 16.83, 16.75, 19.15, 19.20, 22.93, 23.18, 26.96, 27.79, 24.54, 23.35, 19.90, 17.47, 14.28, 12.79, 10.51, 10.05, 8.31, 6.19, 5.25, 5.32, 3.82, 0.00, 3.84, 5.50, 5.05, 5.61, 7.16, 9.92, 11.42, 13.61, 17.41, 19.66, 23.18, 26.48, 26.56, 23.07, 22.06, 18.34, 17.72, 15.52, 13.68, 11.10, 11.29, 10.10, 12.34, 14.66, 13.82, 10.10, 11.49, 14.09, 11.82, 10.27, 14.03, 15.02, 12.70, 13.51, 17.04, 16.00, 16.63, 15.83, 16.76, 16.63, 20.13, 21.10, 20.85, 18.58, 21.85, 21.54, 18.83, 20.35, 18.75, 21.14, 21.38, 19.96, 20.41, 19.50, 19.15, 18.35, 15.61, 12.36, 14.25, 11.89, 10.14, 6.51, 6.46, 9.08, 12.37, 15.71, 17.76
 24.85, 24.41, 25.00, 21.36, 18.84, 16.59, 17.00, 17.42, 17.64, 18.90, 18.49, 20.86, 20.59, 24.24, 24.60, 28.41, 29.41, 26.31, 24.77, 21.27, 18.85, 15.78, 14.81, 12.21, 10.81, 9.96, 8.84, 6.49, 4.91, 5.32, 3.84, 0.00, 3.84, 5.32, 7.65, 10.35, 13.26, 14.80, 16.61, 20.41, 22.47, 25.89, 29.07, 28.75, 25.11, 24.10, 20.51, 20.11, 18.30, 16.46, 13.44, 13.61, 11.58, 12.90, 14.65, 12.83, 9.46, 11.71, 13.41, 10.47, 10.05, 13.84, 13.88, 11.85, 13.60, 16.66, 14.93, 16.02, 15.01, 16.54, 16.89, 20.56, 21.55, 21.05, 19.11, 22.39, 22.02, 19.56, 21.20, 19.72, 22.49, 23.11, 21.41, 22.13, 21.01, 21.11, 20.33, 17.83, 15.03, 17.45, 15.47, 13.81, 10.27, 10.08, 12.69, 15.70, 18.92, 21.23
 22.23, 21.38, 22.04, 18.56, 15.69, 13.70, 13.85, 14.68, 14.72, 16.39, 16.16, 18.88, 19.01, 22.71, 23.64, 27.35, 28.82, 26.02, 24.85, 21.14, 19.32, 15.89, 15.66, 13.86, 11.89, 10.18, 10.05, 8.87, 6.14, 4.91, 5.50, 3.84, 0.00, 3.85, 5.87, 9.40, 12.28, 14.26, 16.10, 19.73, 22.10, 25.24, 28.57, 28.01, 24.46, 22.92, 19.52, 18.65, 16.86, 14.67, 11.21, 11.28, 8.89, 9.94, 11.12, 9.23, 5.77, 8.05, 9.60, 6.88, 6.81, 10.57, 10.84, 9.52, 11.73, 14.54, 13.29, 15.09, 14.99, 17.10, 18.14, 21.52, 21.85, 20.71, 18.33, 21.19, 20.21, 17.44, 18.59, 16.76, 19.46, 20.12, 18.15, 19.02, 17.89, 18.47, 18.12, 16.19, 13.75, 16.52, 15.19, 14.47, 10.86, 10.14, 13.42, 16.47, 19.23, 21.22
 19.65, 19.30, 19.78, 16.09, 13.77, 11.44, 12.35, 13.22, 14.22, 16.28, 16.88, 19.95, 20.65, 24.45, 25.43, 29.10, 30.49, 27.56, 26.73, 23.05, 21.17, 17.65, 16.87, 15.12, 14.00, 11.73, 10.58, 10.02, 8.56, 6.12, 5.05, 5.32, 3.85, 0.00, 3.83, 7.16, 10.72, 13.44, 16.07, 19.64, 22.42, 25.63, 29.16, 29.05, 25.68, 23.99, 20.49, 19.12, 16.64, 13.90, 10.50, 9.42, 6.72, 7.80, 10.19, 9.32, 5.95, 8.34, 10.92, 9.35, 8.96, 12.59, 13.71, 12.65, 14.38, 17.43, 16.69, 18.33, 18.29, 20.02, 20.62, 24.00, 24.44, 23.50, 20.86, 23.68, 22.59, 19.48, 20.20, 17.87, 19.98, 19.90, 17.69, 17.79, 16.19, 16.08, 15.13, 12.80, 10.41, 13.41, 12.39, 11.77, 8.59, 9.05, 12.56, 16.10, 19.04, 20.49
 17.67, 17.49, 18.65, 15.13, 12.98, 9.92, 10.01, 10.02, 10.99, 12.79, 13.65, 16.80, 17.88, 21.70, 22.78, 26.34, 27.78, 24.90, 24.49, 20.83, 19.27, 15.61, 14.94, 13.95, 13.12, 10.06, 9.12, 10.00, 8.89, 5.26, 5.61, 7.65, 5.87, 3.83, 0.00, 3.80, 7.06, 9.96, 12.75, 16.15, 19.15, 22.25, 25.87, 25.91, 22.71, 20.83, 17.36, 15.67, 12.95, 10.10, 6.82, 6.02, 4.56, 7.41, 9.83, 10.11, 6.57, 7.03, 10.46, 9.65, 7.90, 11.19, 13.26, 12.00, 12.83, 16.12, 16.14, 17.47, 17.89, 19.32, 19.86, 22.92, 23.02, 22.04, 19.05, 21.66, 20.45, 17.12, 17.62, 15.18, 17.00, 16.70, 14.84, 14.96, 13.89, 13.72, 13.30, 11.17, 8.26, 10.75, 9.64, 9.80, 6.61, 6.26, 10.02, 13.46, 16.03, 17.15
 16.88, 17.39, 18.98, 15.61, 14.19, 10.57, 10.41, 9.20, 10.64, 11.86, 13.19, 16.18, 17.58, 21.32, 22.18, 25.62, 26.79, 23.81, 23.77, 20.32, 18.78, 15.27, 14.11, 13.59, 13.69, 10.31, 8.74, 10.76, 10.80, 7.14, 7.16, 10.35, 9.40, 7.16, 3.80, 0.00, 3.84, 7.17, 10.58, 13.75, 16.97, 20.10, 23.80, 24.34, 21.39, 19.59, 16.10, 14.17, 10.92, 8.06, 5.96, 5.12, 5.95, 9.46, 12.19, 13.32, 10.05, 9.60, 13.33, 12.97, 10.53, 13.35, 15.95, 14.39, 14.29, 17.78, 18.28, 19.03, 19.44, 20.26, 20.31, 23.12, 23.27, 22.63, 19.51, 22.06, 21.04, 17.66, 18.05, 15.67, 16.93, 16.11, 14.76, 14.47, 13.79, 12.88, 12.43, 10.01, 6.41, 7.75, 6.05, 6.71, 4.17, 4.14, 7.55, 11.03, 13.48, 14.08
 17.17, 17.82, 20.07, 17.13, 15.91, 12.16, 10.99, 8.50, 9.40, 9.53, 10.95, 13.60, 15.28, 18.83, 19.63, 22.87, 23.96, 21.06, 21.49, 18.23, 17.10, 13.74, 12.72, 13.22, 13.69, 10.04, 9.02, 12.09, 12.43, 8.97, 9.92, 13.26, 12.28, 10.72, 7.06, 3.84, 0.00, 3.82, 7.42, 10.17, 13.59, 16.56, 20.30, 21.06, 18.38, 16.51, 13.15, 10.98, 7.46, 4.97, 4.80, 5.60, 8.31, 12.09, 14.27, 15.81, 12.68, 11.17, 14.79, 14.78, 11.65, 13.71, 16.76, 15.00, 13.93, 17.38, 18.49, 18.76, 19.48, 19.87, 19.80, 22.12, 21.96, 21.39, 18.10, 20.35, 19.41, 16.07, 16.36, 14.25, 15.12, 14.18, 13.69, 13.62, 13.90, 13.04, 13.37, 11.54, 8.09, 7.79, 5.79, 7.41, 5.96, 4.27, 6.29, 8.89, 10.52, 10.63
 20.31, 20.92, 23.46, 20.71, 19.39, 15.72, 14.04, 11.12, 11.00, 9.74, 10.21, 11.90, 13.14, 16.46, 16.74, 19.92, 20.65, 17.62, 18.15, 15.15, 14.08, 11.07, 9.94, 11.27, 12.23, 8.82, 8.22, 11.91, 12.75, 10.01, 11.42, 14.80, 14.26, 13.44, 9.96, 7.17, 3.82, 0.00, 3.81, 6.74, 9.92, 13.11, 16.77, 17.69, 15.02, 13.58, 10.13, 8.55, 5.50, 5.28, 6.81, 8.99, 11.80, 15.63, 17.44, 18.71, 15.43, 13.64, 16.90, 16.56, 13.00, 14.71, 17.62, 15.32, 13.37, 16.82, 18.09, 17.61, 18.21, 17.98, 17.58, 19.48, 19.30, 19.08, 15.93, 18.18, 17.76, 14.83, 15.63, 14.33, 15.33, 14.87, 15.30, 15.82, 16.80, 16.19, 16.88, 15.19, 11.76, 10.78, 8.20, 9.10, 7.86, 5.10, 4.82, 5.81, 6.78, 7.27
 23.13, 23.45, 26.24, 23.70, 22.11, 18.62, 16.41, 13.36, 12.23, 9.89, 9.15, 9.63, 10.27, 13.28, 13.16, 16.30, 16.86, 13.82, 14.53, 11.69, 11.07, 8.44, 7.95, 10.46, 11.34, 8.42, 9.02, 12.78, 13.52, 11.53, 13.61, 16.61, 16.10, 16.07, 12.75, 10.58, 7.42, 3.81, 0.00, 3.83, 6.44, 9.76, 13.32, 14.02, 11.25, 10.11, 6.60, 5.96, 4.57, 6.75, 8.85, 11.90, 14.70, 18.48, 19.77, 20.78, 17.54, 15.40, 18.14, 17.63, 13.84, 14.94, 17.65, 15.05, 12.30, 15.46, 16.99, 15.88, 16.62, 15.95, 15.56, 16.86, 16.33, 16.21, 13.15, 15.20, 15.21, 12.76, 14.04, 13.65, 14.86, 15.09, 16.29, 17.50, 19.10, 18.98, 20.15, 18.78, 15.45, 14.45, 11.93, 12.59, 11.18, 7.93, 6.76, 5.55, 4.69, 6.11
 24.09, 24.50, 27.63, 25.49, 24.15, 20.73, 18.19, 14.75, 13.39, 10.33, 9.67, 9.16, 10.19, 12.36, 12.17, 14.65, 15.10, 12.44, 14.11, 11.95, 12.26, 10.46, 10.46, 13.56, 14.55, 11.95, 12.77, 16.51, 17.24, 15.28, 17.41, 20.41, 19.73, 19.64, 16.15, 13.75, 10.17, 6.74, 3.83, 0.00, 3.80, 6.42, 10.15, 11.34, 9.37, 8.13, 5.68, 4.90, 4.76, 8.16, 11.25, 14.24, 17.47, 21.21, 22.27, 23.64, 20.65, 18.10, 20.70, 20.61, 16.80, 17.23, 20.13, 17.78, 14.66, 17.28, 19.34, 18.00, 19.08, 18.15, 17.75, 18.31, 17.35, 17.25, 14.26, 15.52, 15.55, 13.45, 14.31, 14.31, 14.79, 14.86, 16.85, 18.09, 20.27, 20.17, 21.74, 20.79, 17.77, 16.20, 14.10, 15.25, 14.48, 11.52, 10.05, 8.02, 5.21, 4.90
 27.85, 28.19, 31.35, 29.21, 27.74, 24.36, 21.76, 18.40, 16.72, 13.42, 11.98, 10.32, 10.22, 11.48, 10.24, 12.38, 12.07, 9.25, 11.18, 9.84, 10.53, 9.93, 10.13, 13.71, 14.92, 13.15, 14.28, 17.81, 18.75, 17.46, 19.66, 22.47, 22.10, 22.42, 19.15, 16.97, 13.59, 9.92, 6.44, 3.80, 0.00, 3.80, 6.99, 8.39, 6.58, 6.85, 5.33, 6.78, 8.23, 11.80, 14.64, 17.83, 20.88, 24.61, 25.55, 26.62, 23.55, 21.08, 23.37, 22.96, 19.14, 19.43, 21.92, 19.29, 15.81, 18.10, 20.05, 18.05, 18.89, 17.34, 16.63, 16.47, 15.45, 15.86, 13.45, 14.51, 15.34, 14.13, 15.56, 16.42, 17.13, 17.72, 20.02, 21.57, 23.90, 23.94, 25.53, 24.51, 21.38, 19.79, 17.42, 18.10, 17.25, 14.20, 12.16, 9.20, 5.64, 6.28
 29.27, 29.50, 32.89, 31.11, 29.71, 26.50, 23.60, 20.15, 18.18, 14.54, 13.06, 10.66, 10.75, 10.82, 9.70, 10.68, 10.39, 8.63, 11.66, 11.13, 12.83, 12.72, 13.55, 17.26, 18.18, 16.49, 17.94, 21.43, 22.11, 20.77, 23.18, 25.89, 25.24, 25.63, 22.25, 20.10, 16.56, 13.11, 9.76, 6.42, 3.80, 0.00, 3.81, 5.62, 5.60, 5.84, 6.62, 7.91, 10.19, 13.93, 17.06, 20.27, 23.50, 27.14, 27.76, 29.01, 26.20, 23.39, 25.44, 25.37, 21.59, 21.29, 23.84, 21.52, 17.87, 19.57, 21.95, 19.92, 21.17, 19.65, 19.24, 18.46, 16.89, 17.04, 14.78, 14.89, 15.61, 14.86, 15.85, 17.12, 17.31, 17.97, 20.82, 22.54, 25.30, 25.56, 27.54, 26.93, 24.08, 22.35, 20.37, 21.43, 20.73, 17.67, 15.84, 12.96, 9.30, 9.01
 32.91, 33.11, 36.56, 34.86, 33.43, 30.27, 27.30, 23.88, 21.77, 18.06, 16.32, 13.44, 12.94, 11.97, 10.14, 9.93, 8.65, 7.74, 11.22, 11.94, 14.04, 14.86, 15.81, 19.58, 20.57, 19.39, 20.95, 24.27, 25.04, 24.05, 26.48, 29.07, 28.57, 29.16, 25.87, 23.80, 20.30, 16.77, 13.32, 10.15, 6.99, 3.81, 0.00, 3.82, 5.97, 7.68, 9.51, 11.40, 13.96, 17.73, 20.79, 24.06, 27.25, 30.87, 31.39, 32.53, 29.73, 26.92, 28.76, 28.58, 24.85, 24.38, 26.68, 24.30, 20.53, 21.85, 24.17, 21.78, 22.92, 21.03, 20.47, 19.01, 17.33, 17.81, 16.22, 15.86, 17.10, 17.12, 18.28, 20.05, 20.24, 21.14, 24.19, 26.05, 28.94, 29.27, 31.31, 30.73, 27.87, 26.06, 24.00, 24.89, 24.23, 21.17, 19.10, 15.90, 12.20, 12.09
 33.50, 33.26, 36.69, 35.05, 33.26, 30.34, 27.16, 24.00, 21.40, 17.65, 15.28, 11.88, 10.73, 8.92, 6.96, 6.13, 5.33, 5.44, 9.29, 10.08, 13.00, 13.94, 15.77, 19.59, 19.90, 18.94, 21.14, 24.20, 24.47, 23.74, 26.56, 28.75, 28.01, 29.05, 25.91, 24.34, 21.06, 17.69, 14.02, 11.34, 8.39, 5.62, 3.82, 0.00, 3.82, 5.79, 8.63, 11.04, 14.35, 18.10, 20.77, 24.31, 27.25, 30.72, 30.82, 31.69, 29.06, 26.16, 27.53, 27.31, 23.73, 22.85, 24.82, 22.59, 18.76, 19.51, 21.95, 19.50, 20.96, 19.28, 19.29, 17.51, 15.19, 15.19, 13.77, 12.77, 14.11, 14.74, 16.09, 18.44, 18.95, 20.50, 23.60, 25.94, 28.94, 29.75, 32.02, 31.61, 28.78, 27.41, 25.43, 26.33, 25.16, 21.77, 20.16, 17.21, 13.83, 14.37
 31.82, 31.48, 34.72, 32.81, 30.80, 27.84, 24.79, 21.81, 19.18, 15.61, 12.88, 9.65, 7.83, 6.95, 4.47, 5.94, 5.74, 3.75, 6.90, 6.59, 9.48, 10.16, 12.25, 16.04, 16.13, 15.26, 17.64, 20.57, 20.74, 20.18, 23.07, 25.11, 24.46, 25.68, 22.71, 21.39, 18.38, 15.02, 11.25, 9.37, 6.58, 5.60, 5.97, 3.82, 0.00, 3.84, 5.56, 8.78, 12.12, 15.76, 18.02, 21.68, 24.37, 27.83, 27.99, 28.59, 25.82, 23.12, 24.48, 23.95, 20.38, 19.74, 21.56, 19.09, 15.26, 16.29, 18.48, 15.96, 17.29, 15.68, 15.78, 14.35, 12.09, 12.02, 10.31, 9.98, 11.54, 11.96, 13.90, 16.21, 17.35, 19.13, 21.83, 24.27, 26.99, 27.85, 29.93, 29.29, 26.29, 25.26, 23.07, 23.72, 22.18, 18.66, 17.22, 14.46, 11.51, 12.85
 28.61, 28.09, 31.41, 29.71, 27.71, 24.92, 21.67, 18.72, 15.88, 12.22, 9.55, 6.14, 5.42, 5.05, 5.09, 6.83, 8.46, 7.36, 10.07, 8.55, 11.30, 10.69, 13.06, 16.72, 16.37, 14.72, 17.27, 20.36, 20.07, 18.95, 22.06, 24.10, 22.92, 23.99, 20.83, 19.59, 16.51, 13.58, 10.11, 8.13, 6.85, 5.84, 7.68, 5.79, 3.84, 0.00, 3.80, 5.85, 9.59, 13.13, 15.46, 19.09, 21.89, 25.22, 25.13, 26.00, 23.50, 20.48, 21.79, 21.75, 18.20, 17.17, 19.37, 17.37, 13.62, 14.54, 17.29, 15.46, 17.45, 16.63, 17.31, 16.49, 14.00, 12.99, 10.33, 9.66, 9.90, 9.49, 10.69, 12.78, 13.61, 15.38, 18.21, 20.75, 23.63, 24.72, 27.07, 26.80, 24.08, 23.19, 21.46, 22.63, 21.03, 17.47, 16.66, 14.54, 11.77, 12.55
 26.67, 26.29, 29.41, 27.35, 25.32, 22.32, 19.35, 16.43, 13.90, 10.52, 7.90, 5.61, 4.93, 6.94, 6.81, 9.79, 10.94, 8.62, 10.19, 7.61, 9.24, 7.72, 9.76, 13.29, 13.05, 11.11, 13.50, 16.69, 16.55, 15.35, 18.34, 20.51, 19.52, 20.49, 17.36, 16.10, 13.15, 10.13, 6.60, 5.68, 5.33, 6.62, 9.51, 8.63, 5.56, 3.80, 0.00, 3.77, 6.97, 10.39, 12.47, 16.15, 18.82, 22.29, 22.55, 23.30, 20.51, 17.76, 19.43, 19.08, 15.37, 15.00, 17.31, 14.93, 11.25, 13.07, 15.42, 13.69, 15.31, 14.55, 15.00, 14.94, 13.05, 12.27, 9.20, 9.91, 10.17, 8.82, 10.50, 11.86, 13.23, 14.74, 16.98, 19.29, 21.74, 22.58, 24.57, 23.92, 20.96, 20.22, 18.22, 19.13, 17.36, 13.75, 12.99, 11.09, 8.83, 10.21
 23.08, 22.75, 25.98, 24.11, 22.29, 19.30, 16.20, 13.07, 10.62, 7.06, 5.29, 4.30, 6.24, 8.74, 9.91, 12.47, 14.12, 12.19, 13.96, 11.25, 12.51, 10.21, 11.77, 14.85, 14.56, 11.77, 13.77, 17.17, 16.81, 14.79, 17.72, 20.11, 18.65, 19.12, 15.67, 14.17, 10.98, 8.55, 5.96, 4.90, 6.78, 7.91, 11.40, 11.04, 8.78, 5.85, 3.77, 0.00, 3.85, 7.28, 9.84, 13.35, 16.36, 19.80, 20.04, 21.29, 18.74, 15.67, 17.63, 17.92, 14.21, 13.70, 16.65, 14.82, 11.57, 13.54, 16.23, 15.34, 17.29, 17.13, 17.78, 18.22, 16.43, 15.27, 11.79, 12.36, 11.49, 9.06, 9.46, 9.74, 10.42, 11.33, 13.60, 15.70, 18.27, 19.08, 21.27, 20.95, 18.28, 17.50, 16.03, 17.59, 16.06, 12.66, 12.51, 11.41, 9.44, 9.74
 20.02, 20.08, 23.20, 21.12, 19.61, 16.34, 13.57, 10.20, 8.63, 5.75, 5.97, 7.23, 9.51, 12.46, 13.56, 16.28, 17.69, 15.40, 16.84, 13.93, 14.30, 11.47, 12.02, 14.47, 14.54, 11.18, 12.27, 15.84, 15.72, 13.06, 15.52, 18.30, 16.86, 16.64, 12.95, 10.92, 7.46, 5.50, 4.57, 4.76, 8.23, 10.19, 13.96, 14.35, 12.12, 9.59, 6.97, 3.85, 0.00, 3.79, 7.02, 10.13, 13.45, 17.04, 17.81, 19.42, 16.74, 13.86, 16.50, 16.94, 13.25, 13.46, 16.76, 15.03, 12.41, 15.03, 17.36, 16.94, 18.56, 18.59, 18.95, 20.06, 18.82, 17.88, 14.34, 15.51, 14.47, 11.47, 11.50, 10.49, 10.86, 10.68, 12.23, 13.56, 15.70, 15.97, 17.84, 17.31, 14.60, 13.65, 12.29, 14.17, 12.93, 9.91, 10.10, 9.84, 8.67, 8.36
 16.67, 16.76, 19.69, 17.44, 15.99, 12.62, 10.06, 6.71, 6.02, 4.83, 6.73, 9.51, 12.04, 15.32, 16.77, 19.64, 21.26, 18.93, 20.03, 16.83, 16.76, 13.46, 13.68, 15.30, 15.14, 11.40, 11.96, 15.23, 14.81, 11.53, 13.68, 16.46, 14.67, 13.90, 10.10, 8.06, 4.97, 5.28, 6.75, 8.16, 11.80, 13.93, 17.73, 18.10, 15.76, 13.13, 10.39, 7.28, 3.79, 0.00, 3.82, 6.42, 9.92, 13.47, 14.47, 16.40, 13.85, 11.06, 14.13, 14.92, 11.51, 12.14, 15.68, 14.40, 12.66, 15.47, 17.54, 17.84, 19.44, 20.00, 20.52, 22.18, 21.19, 20.04, 16.41, 17.83, 16.35, 12.88, 12.44, 10.31, 10.59, 9.68, 10.11, 10.83, 12.39, 12.49, 14.20, 13.67, 11.10, 10.63, 9.85, 12.19, 10.88, 8.41, 9.81, 10.94, 10.94, 10.54
 15.90, 15.54, 18.00, 15.35, 13.36, 10.06, 7.78, 5.57, 5.17, 6.07, 7.59, 11.01, 13.08, 16.70, 18.31, 21.48, 23.28, 20.87, 21.41, 17.87, 17.42, 13.77, 14.05, 14.87, 14.09, 10.31, 10.87, 13.48, 12.41, 8.85, 11.10, 13.44, 11.21, 10.50, 6.82, 5.96, 4.80, 6.81, 8.85, 11.25, 14.64, 17.06, 20.79, 20.77, 18.02, 15.46, 12.47, 9.84, 7.02, 3.82, 0.00, 3.82, 6.53, 10.08, 11.07, 12.69, 10.04, 7.40, 10.73, 11.41, 8.26, 9.49, 12.92, 11.90, 11.09, 14.03, 15.63, 16.57, 18.09, 19.24, 20.08, 22.23, 21.40, 20.01, 16.43, 18.18, 16.49, 12.83, 12.52, 9.91, 10.99, 10.48, 9.63, 10.42, 11.08, 11.54, 12.91, 12.18, 9.61, 10.48, 9.87, 11.81, 9.65, 7.36, 10.08, 12.20, 13.17, 13.50
 12.86, 12.83, 14.91, 11.98, 10.40, 6.76, 5.53, 4.21, 6.30, 8.66, 11.01, 14.59, 16.85, 20.43, 22.12, 25.24, 27.03, 24.58, 25.10, 21.57, 20.87, 17.20, 17.03, 17.29, 16.72, 13.03, 12.74, 14.89, 13.93, 10.11, 11.29, 13.61, 11.28, 9.42, 6.02, 5.12, 5.60, 8.99, 11.90, 14.24, 17.83, 20.27, 24.06, 24.31, 21.68, 19.09, 16.15, 13.35, 10.13, 6.42, 3.82, 0.00, 3.82, 7.27, 9.09, 11.39, 9.14, 7.24, 10.97, 12.10, 9.87, 11.48, 14.75, 14.26, 14.23, 17.08, 18.38, 19.71, 21.04, 22.37, 23.09, 25.53, 24.94, 23.61, 20.09, 21.91, 20.08, 16.36, 15.69, 12.60, 13.14, 11.78, 9.93, 9.41, 8.84, 8.58, 9.32, 8.47, 6.27, 7.95, 8.45, 10.82, 9.19, 8.42, 11.55, 14.33, 15.75, 15.65
 13.47, 13.00, 14.18, 10.78, 8.59, 5.41, 5.78, 6.85, 8.69, 11.60, 13.44, 17.08, 18.95, 22.64, 24.35, 27.64, 29.51, 27.00, 27.10, 23.40, 22.42, 18.67, 18.48, 18.05, 17.05, 13.71, 13.29, 14.50, 13.03, 9.41, 10.10, 11.58, 8.89, 6.72, 4.56, 5.95, 8.31, 11.80, 14.70, 17.47, 20.88, 23.50, 27.25, 27.25, 24.37, 21.89, 18.82, 16.36, 13.45, 9.92, 6.53, 3.82, 0.00, 3.82, 6.32, 8.16, 5.96, 5.45, 9.10, 10.01, 8.86, 11.07, 13.70, 13.60, 14.59, 17.31, 18.00, 19.84, 20.96, 22.72, 23.64, 26.43, 26.05, 24.61, 21.29, 23.32, 21.44, 17.80, 17.31, 14.15, 15.21, 14.26, 11.69, 11.20, 9.56, 9.60, 9.52, 8.38, 6.73, 9.80, 10.36, 11.91, 9.76, 9.64, 13.27, 16.50, 18.47, 18.85
 12.88, 11.91, 12.14, 8.62, 5.98, 4.30, 6.37, 9.07, 11.03, 14.43, 16.34, 20.06, 21.95, 25.55, 27.50, 30.75, 32.82, 30.44, 30.45, 26.69, 25.74, 21.97, 21.92, 21.22, 19.92, 16.85, 16.48, 17.09, 15.24, 12.03, 12.34, 12.90, 9.94, 7.80, 7.41, 9.46, 12.09, 15.63, 18.48, 21.21, 24.61, 27.14, 30.87, 30.72, 27.83, 25.22, 22.29, 19.80, 17.04, 13.47, 10.08, 7.27, 3.82, 0.00, 3.83, 5.95, 5.50, 6.30, 8.85, 10.24, 10.50, 12.40, 14.48, 15.19, 16.90, 19.16, 19.62, 21.98, 23.15, 25.30, 26.48, 29.39, 28.98, 27.32, 24.08, 25.99, 23.86, 20.26, 19.49, 16.14, 17.09, 16.09, 12.89, 12.07, 9.47, 9.83, 9.31, 8.76, 8.59, 12.16, 13.37, 14.81, 12.84, 13.19, 16.88, 20.23, 22.29, 22.64
 13.56, 11.51, 11.83, 9.11, 5.39, 5.57, 6.21, 9.59, 10.58, 14.15, 15.80, 19.48, 21.40, 24.79, 27.13, 30.21, 32.64, 30.60, 30.69, 26.90, 26.36, 22.60, 23.18, 22.77, 20.94, 17.95, 18.36, 18.93, 16.46, 13.54, 14.66, 14.65, 11.12, 10.19, 9.83, 12.19, 14.27, 17.44, 19.77, 22.27, 25.55, 27.76, 31.39, 30.82, 27.99, 25.13, 22.55, 20.04, 17.81, 14.47, 11.07, 9.09, 6.32, 3.83, 0.00, 3.84, 5.45, 5.33, 6.36, 8.86, 9.85, 10.70, 12.58, 14.18, 16.20, 17.77, 18.46, 21.24, 22.90, 25.45, 27.13, 29.82, 29.01, 26.90, 23.64, 25.14, 22.61, 19.10, 17.94, 14.53, 15.50, 14.91, 11.45, 11.29, 8.99, 10.75, 11.31, 11.82, 11.95, 15.24, 16.50, 18.14, 15.89, 15.54, 19.24, 22.27, 23.97, 24.42
 17.34, 15.27, 15.27, 12.52, 8.88, 9.14, 9.69, 12.64, 12.98, 16.16, 17.02, 20.45, 21.75, 25.17, 27.33, 30.56, 32.93, 30.84, 30.47, 26.64, 25.89, 22.21, 22.89, 22.07, 19.83, 17.37, 17.96, 17.81, 14.90, 12.70, 13.82, 12.83, 9.23, 9.32, 10.11, 13.32, 15.81, 18.71, 20.78, 23.64, 26.62, 29.01, 32.53, 31.69, 28.59, 26.00, 23.30, 21.29, 19.42, 16.40, 12.69, 11.39, 8.16, 5.95, 3.84, 0.00, 3.83, 5.63, 5.15, 6.47, 8.78, 10.04, 10.77, 12.52, 15.27, 16.64, 16.62, 19.68, 21.07, 23.91, 25.79, 28.64, 27.99, 25.85, 22.92, 24.63, 22.30, 19.10, 18.48, 15.55, 17.29, 17.43, 14.24, 14.73, 12.76, 14.51, 14.77, 14.69, 14.30, 17.76, 18.40, 19.37, 16.60, 16.11, 19.86, 22.92, 24.90, 25.89
 17.88, 16.42, 16.95, 13.77, 10.45, 9.21, 9.41, 11.41, 11.70, 14.42, 15.03, 18.38, 19.44, 23.05, 24.83, 28.25, 30.32, 27.95, 27.45, 23.61, 22.57, 18.88, 19.27, 18.33, 16.27, 13.75, 14.14, 14.06, 11.31, 8.89, 10.10, 9.46, 5.77, 5.95, 6.57, 10.05, 12.68, 15.43, 17.54, 20.65, 23.55, 26.20, 29.73, 29.06, 25.82, 23.50, 20.51, 18.74, 16.74, 13.85, 10.04, 9.14, 5.96, 5.50, 5.45, 3.83, 0.00, 3.83, 5.34, 5.05, 6.18, 8.69, 9.80, 10.39, 12.83, 14.92, 14.73, 17.33, 18.38, 20.91, 22.47, 25.45, 25.04, 23.23, 20.31, 22.42, 20.49, 17.25, 17.20, 14.49, 16.59, 16.83, 14.12, 14.75, 13.21, 14.42, 14.53, 13.67, 12.33, 15.59, 15.58, 16.18, 13.13, 12.47, 16.20, 19.28, 21.46, 22.68
 16.48, 14.81, 16.14, 13.37, 10.00, 8.37, 7.04, 8.57, 8.11, 10.84, 11.56, 15.04, 16.50, 20.03, 22.13, 25.36, 27.66, 25.53, 25.45, 21.63, 21.12, 17.37, 18.22, 18.06, 15.99, 13.00, 14.01, 14.84, 12.17, 9.29, 11.49, 11.71, 8.05, 8.34, 7.03, 9.60, 11.17, 13.64, 15.40, 18.10, 21.08, 23.39, 26.92, 26.16, 23.12, 20.48, 17.76, 15.67, 13.86, 11.06, 7.40, 7.24, 5.45, 6.30, 5.33, 5.63, 3.83, 0.00, 3.84, 5.32, 4.73, 6.11, 8.53, 9.31, 10.97, 12.92, 13.68, 16.16, 17.85, 20.27, 22.00, 24.57, 23.68, 21.62, 18.36, 20.05, 17.78, 14.31, 13.79, 10.83, 12.76, 13.08, 10.55, 11.69, 10.93, 12.69, 13.74, 13.51, 12.11, 14.83, 14.97, 16.25, 13.35, 11.92, 15.48, 18.14, 19.71, 20.66
 18.74, 16.43, 17.49, 15.18, 11.43, 10.97, 9.59, 11.56, 10.39, 12.89, 12.98, 16.10, 17.23, 20.45, 22.81, 25.90, 28.48, 26.68, 26.45, 22.65, 22.42, 18.84, 20.24, 20.09, 17.44, 14.96, 16.57, 16.93, 13.69, 11.65, 14.09, 13.41, 9.60, 10.92, 10.46, 13.33, 14.79, 16.90, 18.14, 20.70, 23.37, 25.44, 28.76, 27.53, 24.48, 21.79, 19.43, 17.63, 16.50, 14.13, 10.73, 10.97, 9.10, 8.85, 6.36, 5.15, 5.34, 3.84, 0.00, 3.83, 5.40, 5.12, 6.28, 8.53, 10.99, 11.88, 12.48, 15.59, 17.63, 20.57, 22.85, 25.26, 24.10, 21.60, 18.57, 19.89, 17.34, 14.22, 13.57, 10.94, 13.23, 14.26, 11.72, 13.49, 12.88, 15.33, 16.66, 16.84, 15.80, 18.61, 18.80, 19.97, 16.90, 15.27, 18.72, 21.14, 22.55, 23.73
 21.58, 19.64, 20.56, 17.85, 14.21, 13.26, 12.27, 13.74, 12.57, 14.48, 13.88, 16.63, 16.99, 20.33, 22.18, 25.53, 27.80, 25.73, 24.97, 21.16, 20.48, 17.00, 18.25, 17.60, 14.70, 12.78, 14.42, 14.12, 10.59, 9.35, 11.82, 10.47, 6.88, 9.35, 9.65, 12.97, 14.78, 16.56, 17.63, 20.61, 22.96, 25.37, 28.58, 27.31, 23.95, 21.75, 19.08, 17.92, 16.94, 14.92, 11.41, 12.10, 10.01, 10.24, 8.86, 6.47, 5.05, 5.32, 3.83, 0.00, 3.83, 5.42, 4.99, 6.18, 9.40, 10.69, 10.20, 13.28, 14.73, 17.77, 20.01, 22.69, 21.90, 19.66, 17.00, 18.86, 16.89, 14.12, 14.50, 12.59, 15.51, 16.89, 14.79, 16.59, 15.99, 17.95, 18.79, 18.24, 16.58, 19.41, 18.90, 19.35, 15.89, 14.17, 17.50, 19.92, 21.70, 23.43
 20.85, 19.30, 20.84, 18.07, 14.73, 12.90, 11.24, 11.66, 10.10, 11.38, 10.54, 13.28, 13.69, 17.24, 18.94, 22.38, 24.50, 22.30, 21.74, 17.90, 17.28, 13.66, 14.93, 14.75, 12.09, 9.61, 11.55, 12.07, 8.91, 7.04, 10.27, 10.05, 6.81, 8.96, 7.90, 10.53, 11.65, 13.00, 13.84, 16.80, 19.14, 21.59, 24.85, 23.73, 20.38, 18.20, 15.37, 14.21, 13.25, 11.51, 8.26, 9.87, 8.86, 10.50, 9.85, 8.78, 6.18, 4.73, 5.40, 3.83, 0.00, 3.84, 5.44, 4.78, 6.67, 8.96, 9.21, 11.53, 13.13, 15.67, 17.65, 20.18, 19.31, 17.24, 14.23, 16.25, 14.44, 11.37, 12.01, 10.21, 13.25, 14.64, 13.14, 15.12, 15.13, 16.83, 17.92, 17.20, 15.01, 17.28, 16.40, 16.96, 13.51, 11.18, 14.29, 16.43, 17.98, 19.71
 21.16, 19.12, 20.97, 18.77, 15.30, 13.96, 11.54, 11.94, 9.42, 10.42, 9.17, 11.68, 12.31, 15.47, 17.79, 20.87, 23.47, 21.81, 21.61, 17.87, 18.05, 14.64, 16.67, 17.19, 14.35, 11.96, 14.52, 15.41, 12.27, 10.62, 14.03, 13.84, 10.57, 12.59, 11.19, 13.35, 13.71, 14.71, 14.94, 17.23, 19.43, 21.29, 24.38, 22.85, 19.74, 17.17, 15.00, 13.70, 13.46, 12.14, 9.49, 11.48, 11.07, 12.40, 10.70, 10.04, 8.69, 6.11, 5.12, 5.42, 3.84, 0.00, 3.82, 5.01, 6.32, 7.11, 8.60, 11.27, 13.84, 16.58, 19.07, 21.02, 19.46, 16.80, 13.63, 14.79, 12.27, 9.17, 9.10, 7.34, 10.62, 12.69, 11.48, 14.21, 14.88, 17.28, 19.09, 19.08, 17.28, 19.33, 18.81, 19.89, 16.67, 14.03, 16.87, 18.50, 19.36, 20.85
 24.33, 22.11, 23.56, 21.31, 17.64, 16.72, 14.77, 15.57, 13.22, 14.14, 12.45, 14.36, 14.14, 16.98, 19.06, 22.13, 24.68, 23.11, 22.38, 18.72, 18.75, 15.65, 17.86, 17.94, 14.59, 13.09, 15.84, 15.90, 12.32, 11.76, 15.02, 13.88, 10.84, 13.71, 13.26, 15.95, 16.76, 17.62, 17.65, 20.13, 21.92, 23.84, 26.68, 24.82, 21.56, 19.37, 17.31, 16.65, 16.76, 15.68, 12.92, 14.75, 13.70, 14.48, 12.58, 10.77, 9.80, 8.53, 6.28, 4.99, 5.44, 3.82, 0.00, 3.81, 6.77, 6.42, 6.51, 9.99, 12.42, 15.72, 18.63, 20.65, 19.17, 16.34, 13.81, 15.04, 12.81, 10.60, 11.22, 10.38, 13.85, 16.26, 15.01, 17.75, 18.13, 20.60, 22.15, 21.97, 20.15, 22.47, 21.74, 22.36, 18.87, 16.33, 19.10, 20.71, 21.79, 23.71
 25.35, 23.62, 25.26, 22.67, 19.21, 17.60, 15.67, 15.77, 13.47, 13.73, 11.58, 13.12, 12.29, 15.39, 16.83, 20.22, 22.35, 20.39, 19.33, 15.62, 15.24, 12.14, 14.25, 14.25, 10.82, 9.59, 12.59, 12.66, 9.23, 9.20, 12.70, 11.85, 9.52, 12.65, 12.00, 14.39, 15.00, 15.32, 15.05, 17.78, 19.29, 21.52, 24.30, 22.59, 19.09, 17.37, 14.93, 14.82, 15.03, 14.40, 11.90, 14.26, 13.60, 15.19, 14.18, 12.52, 10.39, 9.31, 8.53, 6.18, 4.78, 5.01, 3.81, 0.00, 3.84, 5.17, 4.44, 7.17, 9.16, 12.23, 14.93, 17.12, 15.95, 13.51, 11.02, 13.01, 11.58, 9.48, 11.23, 10.93, 14.62, 16.97, 16.20, 18.82, 19.36, 21.31, 22.62, 21.90, 19.51, 21.49, 20.15, 20.33, 16.73, 13.89, 16.27, 17.63, 18.84, 21.15
 25.76, 24.29, 26.42, 23.94, 20.75, 18.68, 16.25, 15.46, 12.74, 11.94, 9.08, 9.87, 8.59, 11.77, 13.06, 16.52, 18.58, 16.61, 15.79, 12.05, 12.10, 9.03, 11.71, 12.63, 9.49, 8.04, 11.63, 12.61, 9.97, 9.73, 13.51, 13.60, 11.73, 14.38, 12.83, 14.29, 13.93, 13.37, 12.30, 14.66, 15.81, 17.87, 20.53, 18.76, 15.26, 13.62, 11.25, 11.57, 12.41, 12.66, 11.09, 14.23, 14.59, 16.90, 16.20, 15.27, 12.83, 10.97, 10.99, 9.40, 6.67, 6.32, 6.77, 3.84, 0.00, 3.82, 4.96, 5.71, 8.27, 10.52, 13.08, 14.75, 13.17, 10.72, 7.66, 9.72, 8.53, 6.37, 8.91, 9.43, 13.11, 15.67, 15.74, 18.58, 19.75, 21.56, 23.16, 22.45, 19.77, 21.12, 19.49, 19.81, 16.44, 13.07, 14.77, 15.39, 16.00, 18.36
 27.66, 25.77, 27.90, 25.77, 22.39, 20.81, 18.16, 17.66, 14.54, 13.70, 10.58, 10.73, 9.15, 11.41, 13.18, 16.15, 18.67, 17.40, 16.64, 13.25, 14.07, 11.65, 14.83, 15.94, 12.62, 11.73, 15.39, 16.12, 13.25, 13.30, 17.04, 16.66, 14.54, 17.43, 16.12, 17.78, 17.38, 16.82, 15.46, 17.28, 18.10, 19.57, 21.85, 19.51, 16.29, 14.54, 13.07, 13.54, 15.03, 15.47, 14.03, 17.08, 17.31, 19.16, 17.77, 16.64, 14.92, 12.92, 11.88, 10.69, 8.96, 7.11, 6.42, 5.17, 3.82, 0.00, 3.81, 5.36, 8.96, 11.67, 14.88, 15.92, 13.69, 10.46, 7.89, 8.67, 6.78, 5.69, 8.07, 9.49, 13.25, 16.42, 16.66, 19.93, 21.34, 23.64, 25.58, 25.28, 22.91, 24.36, 23.00, 23.53, 20.17, 16.83, 18.52, 18.92, 19.15, 21.39
 29.50, 27.67, 29.43, 26.99, 23.49, 21.96, 19.83, 19.67, 16.98, 16.54, 13.64, 14.02, 12.10, 14.40, 15.47, 18.62, 20.67, 19.07, 17.57, 14.23, 14.23, 12.00, 14.77, 15.05, 11.34, 11.36, 14.83, 14.67, 11.55, 12.58, 16.00, 14.93, 13.29, 16.69, 16.14, 18.28, 18.49, 18.09, 16.99, 19.34, 20.05, 21.95, 24.17, 21.95, 18.48, 17.29, 15.42, 16.23, 17.36, 17.54, 15.63, 18.38, 18.00, 19.62, 18.46, 16.62, 14.73, 13.68, 12.48, 10.20, 9.21, 8.60, 6.51, 4.44, 4.96, 3.81, 0.00, 3.78, 6.47, 9.93, 13.33, 14.89, 13.32, 10.49, 8.89, 10.60, 9.81, 9.25, 11.84, 12.89, 16.70, 19.64, 19.44, 22.44, 23.35, 25.45, 26.94, 26.23, 23.71, 25.46, 23.83, 23.80, 20.20, 17.11, 18.85, 19.49, 20.30, 22.97
 31.45, 29.92, 31.94, 29.41, 26.10, 24.16, 21.90, 21.15, 18.40, 17.26, 13.97, 13.51, 10.77, 12.73, 12.96, 16.18, 17.76, 16.03, 14.14, 11.00, 11.00, 9.44, 12.50, 13.16, 9.65, 10.44, 14.10, 14.18, 11.81, 13.27, 16.63, 16.02, 15.09, 18.33, 17.47, 19.03, 18.76, 17.61, 15.88, 18.00, 18.05, 19.92, 21.78, 19.50, 15.96, 15.46, 13.69, 15.34, 16.94, 17.84, 16.57, 19.71, 19.84, 21.98, 21.24, 19.68, 17.33, 16.16, 15.59, 13.28, 11.53, 11.27, 9.99, 7.17, 5.71, 5.36, 3.78, 0.00, 3.81, 6.60, 10.16, 11.26, 9.55, 6.86, 5.83, 8.18, 8.74, 9.07, 12.47, 14.21, 17.90, 20.86, 21.22, 24.22, 25.43, 27.25, 28.72, 27.78, 24.92, 26.21, 24.15, 23.87, 20.41, 17.08, 18.08, 18.04, 18.55, 21.52
 33.33, 32.06, 33.89, 31.07, 27.84, 25.72, 23.85, 23.09, 20.74, 19.69, 16.61, 16.24, 13.39, 15.39, 14.83, 18.15, 19.04, 16.84, 14.25, 11.40, 10.26, 9.25, 11.50, 11.34, 7.86, 9.97, 13.14, 12.49, 10.62, 13.04, 15.83, 15.01, 14.99, 18.29, 17.89, 19.44, 19.48, 18.21, 16.62, 19.08, 18.89, 21.17, 22.92, 20.96, 17.29, 17.45, 15.31, 17.29, 18.56, 19.44, 18.09, 21.04, 20.96, 23.15, 22.90, 21.07, 18.38, 17.85, 17.63, 14.73, 13.13, 13.84, 12.42, 9.16, 8.27, 8.96, 6.47, 3.81, 0.00, 3.80, 7.30, 9.11, 8.68, 7.42, 7.64, 10.71, 12.11, 12.44, 15.95, 17.44, 21.10, 23.77, 23.99, 26.69, 27.61, 29.07, 30.12, 28.72, 25.62, 26.89, 24.44, 23.57, 20.08, 17.02, 17.67, 17.59, 18.57, 21.93
 34.96, 34.02, 36.03, 33.14, 30.14, 27.67, 25.77, 24.54, 22.28, 20.75, 17.61, 16.74, 13.58, 15.25, 13.76, 17.02, 17.16, 14.66, 11.58, 9.25, 7.50, 7.73, 9.62, 9.76, 7.21, 10.05, 12.87, 12.55, 11.82, 14.29, 16.76, 16.54, 17.10, 20.02, 19.32, 20.26, 19.87, 17.98, 15.95, 18.15, 17.34, 19.65, 21.03, 19.28, 15.68, 16.63, 14.55, 17.13, 18.59, 20.00, 19.24, 22.37, 22.72, 25.30, 25.45, 23.91, 20.91, 20.27, 20.57, 17.77, 15.67, 16.58, 15.72, 12.23, 10.52, 11.67, 9.93, 6.60, 3.80, 0.00, 3.80, 5.38, 5.82, 6.28, 7.43, 10.78, 13.13, 13.79, 17.52, 19.25, 22.68, 25.20, 25.79, 28.38, 29.48, 30.63, 31.60, 29.98, 26.62, 27.43, 24.62, 23.49, 20.30, 17.21, 17.03, 16.25, 16.99, 20.57
 35.89, 35.34, 37.37, 34.31, 31.58, 28.80, 27.10, 25.58, 23.68, 22.02, 19.15, 18.26, 15.25, 16.95, 14.86, 18.08, 17.49, 14.49, 11.17, 9.41, 6.46, 7.60, 8.08, 7.85, 6.78, 10.13, 12.06, 11.79, 12.24, 14.79, 16.63, 16.89, 18.14, 20.62, 19.86, 20.31, 19.80, 17.58, 15.56, 17.75, 16.63, 19.24, 20.47, 19.29, 15.78, 17.31, 15.00, 17.78, 18.95, 20.52, 20.08, 23.09, 23.64, 26.48, 27.13, 25.79, 22.47, 22.00, 22.85, 20.01, 17.65, 19.07, 18.63, 14.93, 13.08, 14.88, 13.33, 10.16, 7.30, 3.80, 0.00, 3.86, 6.52, 8.69, 9.79, 13.23, 15.86, 16.28, 19.95, 21.49, 24.69, 26.84, 27.53, 29.80, 30.83, 31.54, 32.24, 30.27, 26.71, 27.17, 24.01, 22.46, 19.60, 16.78, 15.87, 14.68, 15.58, 19.34
 38.13, 37.52, 39.80, 36.93, 34.20, 31.41, 29.38, 27.61, 25.38, 23.26, 20.09, 18.48, 15.08, 15.92, 13.26, 15.95, 14.91, 12.28, 8.56, 7.97, 6.06, 8.73, 9.92, 10.84, 10.10, 12.93, 15.16, 15.40, 15.79, 18.01, 20.13, 20.56, 21.52, 24.00, 22.92, 23.12, 22.12, 19.48, 16.86, 18.31, 16.47, 18.46, 19.01, 17.51, 14.35, 16.49, 14.94, 18.22, 20.06, 22.18, 22.23, 25.53, 26.43, 29.39, 29.82, 28.64, 25.45, 24.57, 25.26, 22.69, 20.18, 21.02, 20.65, 17.12, 14.75, 15.92, 14.89, 11.26, 9.11, 5.38, 3.86, 0.00, 3.83, 7.22, 9.39, 12.11, 15.37, 16.57, 20.32, 22.43, 25.47, 27.85, 28.99, 31.50, 32.91, 33.77, 34.77, 33.02, 29.47, 29.66, 26.53, 25.25, 22.59, 19.53, 18.31, 16.48, 16.54, 20.16
 37.17, 36.32, 38.78, 36.17, 33.34, 30.71, 28.31, 26.50, 23.87, 21.51, 18.06, 16.01, 12.36, 12.67, 10.12, 12.67, 12.13, 10.04, 6.59, 5.80, 5.88, 8.29, 10.79, 12.58, 11.23, 13.27, 16.18, 16.92, 16.66, 18.41, 21.10, 21.55, 21.85, 24.44, 23.02, 23.27, 21.96, 19.30, 16.33, 17.35, 15.45, 16.89, 17.33, 15.19, 12.09, 14.00, 13.05, 16.43, 18.82, 21.19, 21.40, 24.94, 26.05, 28.98, 29.01, 27.99, 25.04, 23.68, 24.10, 21.90, 19.31, 19.46, 19.17, 15.95, 13.17, 13.69, 13.32, 9.55, 8.68, 5.82, 6.52, 3.83, 0.00, 3.81, 6.50, 8.55, 12.05, 13.78, 17.52, 20.06, 23.04, 25.71, 27.11, 29.91, 31.65, 32.84, 34.24, 32.88, 29.50, 29.70, 26.88, 26.12, 23.38, 19.98, 19.08, 17.21, 16.68, 20.02
 35.45, 34.27, 36.74, 34.32, 31.32, 28.97, 26.37, 24.79, 21.85, 19.62, 15.97, 13.93, 10.20, 10.47, 8.89, 11.56, 12.19, 10.74, 8.26, 6.44, 7.69, 8.63, 11.98, 13.87, 11.67, 13.06, 16.52, 17.32, 16.27, 17.71, 20.85, 21.05, 20.71, 23.50, 22.04, 22.63, 21.39, 19.08, 16.21, 17.25, 15.86, 17.04, 17.81, 15.19, 12.02, 12.99, 12.27, 15.27, 17.88, 20.04, 20.01, 23.61, 24.61, 27.32, 26.90, 25.85, 23.23, 21.62, 21.60, 19.66, 17.24, 16.80, 16.34, 13.51, 10.72, 10.46, 10.49, 6.86, 7.42, 6.28, 8.69, 7.22, 3.81, 0.00, 3.81, 5.38, 8.68, 10.78, 14.51, 17.27, 20.39, 23.37, 24.72, 27.78, 29.61, 31.18, 32.85, 31.84, 28.70, 29.17, 26.72, 26.36, 23.41, 19.83, 19.56, 18.14, 17.58, 20.65
 31.73, 30.56, 33.12, 30.78, 27.86, 25.46, 22.74, 21.07, 18.08, 15.82, 12.17, 10.32, 6.72, 7.94, 7.27, 10.64, 12.01, 10.26, 8.84, 5.71, 7.26, 6.64, 10.43, 12.69, 10.40, 10.70, 14.37, 15.72, 14.46, 15.18, 18.58, 19.11, 18.33, 20.86, 19.05, 19.51, 18.10, 15.93, 13.15, 14.26, 13.45, 14.78, 16.22, 13.77, 10.31, 10.33, 9.20, 11.79, 14.34, 16.41, 16.43, 20.09, 21.29, 24.08, 23.64, 22.92, 20.31, 18.36, 18.57, 17.00, 14.23, 13.63, 13.81, 11.02, 7.66, 7.89, 8.89, 5.83, 7.64, 7.43, 9.79, 9.39, 6.50, 3.81, 0.00, 3.80, 6.13, 7.32, 11.10, 13.65, 16.74, 19.62, 20.97, 24.00, 25.89, 27.47, 29.26, 28.42, 25.38, 25.84, 23.61, 23.62, 20.69, 17.00, 17.03, 15.87, 15.25, 18.05
 32.69, 31.31, 34.06, 32.08, 29.15, 26.98, 23.92, 22.20, 18.86, 16.31, 12.52, 9.93, 6.31, 5.74, 5.81, 8.28, 10.50, 9.99, 9.50, 7.37, 10.15, 9.96, 13.76, 16.35, 14.16, 14.11, 17.80, 19.36, 17.90, 18.28, 21.85, 22.39, 21.19, 23.68, 21.66, 22.06, 20.35, 18.18, 15.20, 15.52, 14.51, 14.89, 15.86, 12.77, 9.98, 9.66, 9.91, 12.36, 15.51, 17.83, 18.18, 21.91, 23.32, 25.99, 25.14, 24.63, 22.42, 20.05, 19.89, 18.86, 16.25, 14.79, 15.04, 13.01, 9.72, 8.67, 10.60, 8.18, 10.71, 10.78, 13.23, 12.11, 8.55, 5.38, 3.80, 0.00, 3.80, 6.72, 10.03, 13.33, 16.07, 19.29, 21.08, 24.39, 26.69, 28.58, 30.78, 30.35, 27.56, 27.91, 25.99, 26.42, 23.63, 19.87, 19.97, 18.64, 17.44, 19.77
 30.07, 28.41, 31.18, 29.45, 26.46, 24.58, 21.35, 19.86, 16.30, 13.99, 10.26, 8.04, 5.39, 5.42, 7.66, 9.83, 12.86, 12.59, 12.80, 10.27, 12.82, 11.60, 15.35, 17.81, 15.36, 14.51, 18.24, 19.93, 17.99, 17.78, 21.54, 22.02, 20.21, 22.59, 20.45, 21.04, 19.41, 17.76, 15.21, 15.55, 15.34, 15.61, 17.10, 14.11, 11.54, 9.90, 10.17, 11.49, 14.47, 16.35, 16.49, 20.08, 21.44, 23.86, 22.61, 22.30, 20.49, 17.78, 17.34, 16.89, 14.44, 12.27, 12.81, 11.58, 8.53, 6.78, 9.81, 8.74, 12.11, 13.13, 15.86, 15.37, 12.05, 8.68, 6.13, 3.80, 0.00, 3.80, 6.57, 10.07, 12.83, 16.29, 18.00, 21.51, 23.89, 26.11, 28.56, 28.52, 26.06, 26.63, 25.18, 26.05, 23.23, 19.52, 20.21, 19.40, 18.29, 20.17
 26.33, 24.73, 27.50, 25.71, 22.80, 20.83, 17.58, 16.08, 12.54, 10.40, 6.73, 5.49, 4.22, 6.45, 9.15, 11.84, 14.77, 13.86, 14.32, 11.16, 13.07, 10.85, 14.23, 16.54, 14.16, 12.47, 16.01, 17.96, 15.92, 15.05, 18.83, 19.56, 17.44, 19.48, 17.12, 17.66, 16.07, 14.83, 12.76, 13.45, 14.13, 14.86, 17.12, 14.74, 11.96, 9.49, 8.82, 9.06, 11.47, 12.88, 12.83, 16.36, 17.80, 20.26, 19.10, 19.10, 17.25, 14.31, 14.22, 14.12, 11.37, 9.17, 10.60, 9.48, 6.37, 5.69, 9.25, 9.07, 12.44, 13.79, 16.28, 16.57, 13.78, 10.78, 7.32, 6.72, 3.80, 0.00, 3.81, 6.65, 9.73, 13.02, 14.47, 17.88, 20.17, 22.33, 24.76, 24.78, 22.42, 23.07, 21.84, 22.95, 20.18, 16.56, 17.65, 17.32, 16.49, 18.10
 24.10, 22.26, 25.19, 23.85, 21.06, 19.41, 15.87, 14.47, 10.71, 8.74, 5.77, 5.36, 6.49, 8.11, 11.56, 13.58, 16.87, 16.36, 17.44, 14.46, 16.48, 14.06, 17.12, 19.43, 17.22, 14.97, 18.18, 20.33, 18.17, 16.65, 20.35, 21.20, 18.59, 20.20, 17.62, 18.05, 16.36, 15.63, 14.04, 14.31, 15.56, 15.85, 18.28, 16.09, 13.90, 10.69, 10.50, 9.46, 11.50, 12.44, 12.52, 15.69, 17.31, 19.49, 17.94, 18.48, 17.20, 13.79, 13.57, 14.50, 12.01, 9.10, 11.22, 11.23, 8.91, 8.07, 11.84, 12.47, 15.95, 17.52, 19.95, 20.32, 17.52, 14.51, 11.10, 10.03, 6.57, 3.81, 0.00, 3.81, 6.33, 9.95, 11.62, 15.26, 17.87, 20.37, 23.21, 23.79, 21.91, 22.57, 21.95, 23.64, 21.12, 17.72, 19.15, 19.12, 18.14, 19.06
 20.39, 18.49, 21.38, 20.06, 17.33, 15.75, 12.16, 10.99, 7.23, 6.19, 4.66, 6.67, 8.99, 11.35, 14.58, 16.84, 19.93, 19.01, 20.09, 16.83, 18.26, 15.29, 17.78, 19.70, 17.62, 14.78, 17.50, 19.69, 17.44, 15.26, 18.75, 19.72, 16.76, 17.87, 15.18, 15.67, 14.25, 14.33, 13.65, 14.31, 16.42, 17.12, 20.05, 18.44, 16.21, 12.78, 11.86, 9.74, 10.49, 10.31, 9.91, 12.60, 14.15, 16.14, 14.53, 15.55, 14.49, 10.83, 10.94, 12.59, 10.21, 7.34, 10.38, 10.93, 9.43, 9.49, 12.89, 14.21, 17.44, 19.25, 21.49, 22.43, 20.06, 17.27, 13.65, 13.33, 10.07, 6.65, 3.81, 0.00, 3.81, 7.04, 7.99, 11.62, 14.09, 16.70, 19.59, 20.39, 18.82, 19.71, 19.56, 21.57, 19.17, 16.13, 18.10, 18.72, 18.16, 18.71
 18.69, 16.86, 20.12, 19.36, 17.16, 15.71, 11.93, 10.42, 6.92, 5.77, 6.08, 7.91, 11.13, 12.92, 16.31, 18.03, 21.17, 20.54, 22.20, 19.21, 20.86, 17.99, 20.23, 22.38, 20.71, 17.61, 19.94, 22.47, 20.51, 17.93, 21.14, 22.49, 19.46, 19.98, 17.00, 16.93, 15.12, 15.33, 14.86, 14.79, 17.13, 17.31, 20.24, 18.95, 17.35, 13.61, 13.23, 10.42, 10.86, 10.59, 10.99, 13.14, 15.21, 17.09, 15.50, 17.29, 16.59, 12.76, 13.23, 15.51, 13.25, 10.62, 13.85, 14.62, 13.11, 13.25, 16.70, 17.90, 21.10, 22.68, 24.69, 25.47, 23.04, 20.39, 16.74, 16.07, 12.83, 9.73, 6.33, 3.81, 0.00, 3.82, 6.02, 9.60, 12.77, 15.41, 18.74, 20.11, 19.01, 19.49, 19.89, 22.44, 20.57, 17.81, 19.64, 20.18, 19.24, 19.03
 15.46, 13.97, 17.51, 17.00, 15.42, 13.86, 10.15, 8.26, 5.73, 5.38, 7.77, 10.15, 13.77, 15.75, 18.86, 20.57, 23.44, 22.58, 24.44, 21.48, 22.83, 19.82, 21.49, 23.52, 22.30, 18.86, 20.56, 23.31, 21.68, 18.61, 21.38, 23.11, 20.12, 19.90, 16.70, 16.11, 14.18, 14.87, 15.09, 14.86, 17.72, 17.97, 21.14, 20.50, 19.13, 15.38, 14.74, 11.33, 10.68, 9.68, 10.48, 11.78, 14.26, 16.09, 14.91, 17.43, 16.83, 13.08, 14.26, 16.89, 14.64, 12.69, 16.26, 16.97, 15.67, 16.42, 19.64, 20.86, 23.77, 25.20, 26.84, 27.85, 25.71, 23.37, 19.62, 19.29, 16.29, 13.02, 9.95, 7.04, 3.82, 0.00, 3.81, 6.51, 10.11, 12.42, 15.96, 17.68, 17.00, 17.18, 18.15, 21.14, 19.82, 17.55, 19.41, 20.21, 19.34, 18.48
 12.82, 10.86, 14.14, 13.52, 11.72, 10.54, 6.89, 6.20, 4.50, 6.67, 9.40, 12.56, 15.87, 18.34, 21.37, 23.47, 26.31, 25.15, 26.60, 23.34, 24.24, 20.89, 22.32, 23.79, 22.38, 18.85, 20.26, 22.62, 20.73, 17.48, 19.96, 21.41, 18.15, 17.69, 14.84, 14.76, 13.69, 15.30, 16.29, 16.85, 20.02, 20.82, 24.19, 23.60, 21.83, 18.21, 16.98, 13.60, 12.23, 10.11, 9.63, 9.93, 11.69, 12.89, 11.45, 14.24, 14.12, 10.55, 11.72, 14.79, 13.14, 11.48, 15.01, 16.20, 15.74, 16.66, 19.44, 21.22, 23.99, 25.79, 27.53, 28.99, 27.11, 24.72, 20.97, 21.08, 18.00, 14.47, 11.62, 7.99, 6.02, 3.81, 0.00, 3.81, 6.81, 9.74, 13.25, 15.21, 14.98, 15.87, 17.26, 20.24, 18.78, 16.97, 19.44, 20.93, 20.73, 20.08
 9.11, 7.55, 11.14, 10.74, 9.90, 8.69, 5.74, 5.30, 6.13, 8.81, 12.21, 15.50, 18.91, 21.52, 24.32, 26.48, 29.09, 27.71, 29.21, 25.95, 26.53, 23.10, 24.00, 25.23, 24.21, 20.51, 21.27, 23.66, 22.10, 18.53, 20.41, 22.13, 19.02, 17.79, 14.96, 14.47, 13.62, 15.82, 17.50, 18.09, 21.57, 22.54, 26.05, 25.94, 24.27, 20.75, 19.29, 15.70, 13.56, 10.83, 10.42, 9.41, 11.20, 12.07, 11.29, 14.73, 14.75, 11.69, 13.49, 16.59, 15.12, 14.21, 17.75, 18.82, 18.58, 19.93, 22.44, 24.22, 26.69, 28.38, 29.80, 31.50, 29.91, 27.78, 24.00, 24.39, 21.51, 17.88, 15.26, 11.62, 9.60, 6.51, 3.81, 0.00, 3.81, 6.33, 10.08, 12.57, 13.08, 13.83, 15.96, 19.27, 18.39, 17.28, 19.80, 21.62, 21.65, 20.55
 6.55, 4.68, 7.79, 6.94, 6.36, 5.58, 4.10, 5.76, 8.03, 11.43, 14.71, 18.29, 21.44, 24.36, 27.02, 29.46, 31.96, 30.30, 31.47, 28.03, 28.18, 24.57, 25.13, 25.81, 24.79, 21.13, 21.43, 23.41, 21.81, 18.18, 19.50, 21.01, 17.89, 16.19, 13.89, 13.79, 13.90, 16.80, 19.10, 20.27, 23.90, 25.30, 28.94, 28.94, 26.99, 23.63, 21.74, 18.27, 15.70, 12.39, 11.08, 8.84, 9.56, 9.47, 8.99, 12.76, 13.21, 10.93, 12.88, 15.99, 15.13, 14.88, 18.13, 19.36, 19.75, 21.34, 23.35, 25.43, 27.61, 29.48, 30.83, 32.91, 31.65, 29.61, 25.89, 26.69, 23.89, 20.17, 17.87, 14.09, 12.77, 10.11, 6.81, 3.81, 0.00, 3.80, 7.14, 9.98, 11.25, 12.76, 15.34, 18.50, 17.67, 17.24, 20.15, 22.54, 23.17, 22.23
 4.36, 5.13, 7.77, 6.36, 7.41, 5.63, 5.84, 6.43, 9.82, 12.85, 16.38, 19.92, 23.06, 26.12, 28.43, 30.97, 33.13, 31.19, 32.37, 29.01, 28.84, 25.26, 25.26, 25.77, 25.27, 21.55, 21.21, 23.29, 22.25, 18.46, 19.15, 21.11, 18.47, 16.08, 13.72, 12.88, 13.04, 16.19, 18.98, 20.17, 23.94, 25.56, 29.27, 29.75, 27.85, 24.72, 22.58, 19.08, 15.97, 12.49, 11.54, 8.58, 9.60, 9.83, 10.75, 14.51, 14.42, 12.69, 15.33, 17.95, 16.83, 17.28, 20.60, 21.31, 21.56, 23.64, 25.45, 27.25, 29.07, 30.63, 31.54, 33.77, 32.84, 31.18, 27.47, 28.58, 26.11, 22.33, 20.37, 16.70, 15.41, 12.42, 9.74, 6.33, 3.80, 0.00, 3.84, 6.98, 8.86, 9.93, 13.07, 16.41, 16.29, 16.54, 19.21, 21.76, 22.58, 21.30
 5.22, 7.20, 8.11, 5.67, 7.69, 5.80, 7.93, 8.85, 12.55, 15.57, 18.92, 22.52, 25.40, 28.68, 30.69, 33.46, 35.38, 33.12, 34.04, 30.64, 30.01, 26.41, 25.91, 25.93, 25.70, 22.11, 21.14, 22.90, 22.17, 18.43, 18.35, 20.33, 18.12, 15.13, 13.30, 12.43, 13.37, 16.88, 20.15, 21.74, 25.53, 27.54, 31.31, 32.02, 29.93, 27.07, 24.57, 21.27, 17.84, 14.20, 12.91, 9.32, 9.52, 9.31, 11.31, 14.77, 14.53, 13.74, 16.66, 18.79, 17.92, 19.09, 22.15, 22.62, 23.16, 25.58, 26.94, 28.72, 30.12, 31.60, 32.24, 34.77, 34.24, 32.85, 29.26, 30.78, 28.56, 24.76, 23.21, 19.59, 18.74, 15.96, 13.25, 10.08, 7.14, 3.84, 0.00, 3.84, 6.97, 8.51, 11.98, 14.95, 15.25, 16.36, 19.06, 22.00, 23.35, 22.17
 9.01, 10.91, 11.48, 8.35, 9.56, 6.82, 9.26, 9.71, 13.38, 16.10, 19.12, 22.65, 25.16, 28.65, 30.25, 33.26, 34.85, 32.27, 32.88, 29.49, 28.42, 24.88, 23.91, 23.54, 23.62, 20.20, 18.68, 20.25, 19.95, 16.32, 15.61, 17.83, 16.19, 12.80, 11.17, 10.01, 11.54, 15.19, 18.78, 20.79, 24.51, 26.93, 30.73, 31.61, 29.29, 26.80, 23.92, 20.95, 17.31, 13.67, 12.18, 8.47, 8.38, 8.76, 11.82, 14.69, 13.67, 13.51, 16.84, 18.24, 17.20, 19.08, 21.97, 21.90, 22.45, 25.28, 26.23, 27.78, 28.72, 29.98, 30.27, 33.02, 32.88, 31.84, 28.42, 30.35, 28.52, 24.78, 23.79, 20.39, 20.11, 17.68, 15.21, 12.57, 9.98, 6.98, 3.84, 0.00, 3.82, 5.99, 9.15, 11.65, 12.16, 13.91, 16.54, 19.75, 21.57, 20.66
 11.97, 13.45, 14.56, 11.25, 11.36, 7.85, 9.33, 8.87, 12.12, 14.33, 16.94, 20.30, 22.50, 26.07, 27.36, 30.51, 31.87, 29.10, 29.52, 26.17, 24.89, 21.41, 20.23, 19.81, 20.09, 16.70, 14.98, 16.72, 16.73, 13.10, 12.36, 15.03, 13.75, 10.41, 8.26, 6.41, 8.09, 11.76, 15.45, 17.77, 21.38, 24.08, 27.87, 28.78, 26.29, 24.08, 20.96, 18.28, 14.60, 11.10, 9.61, 6.27, 6.73, 8.59, 11.95, 14.30, 12.33, 12.11, 15.80, 16.58, 15.01, 17.28, 20.15, 19.51, 19.77, 22.91, 23.71, 24.92, 25.62, 26.62, 26.71, 29.47, 29.50, 28.70, 25.38, 27.56, 26.06, 22.42, 21.91, 18.82, 19.01, 17.00, 14.98, 13.08, 11.25, 8.86, 6.97, 3.82, 0.00, 3.82, 5.81, 8.16, 8.40, 10.17, 12.75, 16.05, 18.09, 17.50
 12.79, 14.92, 16.55, 13.75, 14.33, 10.77, 11.46, 9.83, 12.96, 14.37, 17.14, 20.14, 22.49, 25.86, 26.91, 29.87, 30.97, 28.18, 28.92, 25.85, 24.66, 21.44, 20.00, 20.00, 20.86, 17.42, 15.53, 17.87, 18.47, 14.88, 14.25, 17.45, 16.52, 13.41, 10.75, 7.75, 7.79, 10.78, 14.45, 16.20, 19.79, 22.35, 26.06, 27.41, 25.26, 23.19, 20.22, 17.50, 13.65, 10.63, 10.48, 7.95, 9.80, 12.16, 15.24, 17.76, 15.59, 14.83, 18.61, 19.41, 17.28, 19.33, 22.47, 21.49, 21.12, 24.36, 25.46, 26.21, 26.89, 27.43, 27.17, 29.66, 29.70, 29.17, 25.84, 27.91, 26.63, 23.07, 22.57, 19.71, 19.49, 17.18, 15.87, 13.83, 12.76, 9.93, 8.51, 5.99, 3.82, 0.00, 3.84, 7.23, 8.83, 10.49, 12.07, 14.84, 16.46, 15.21
 16.37, 18.13, 19.85, 16.81, 16.74, 12.99, 13.25, 11.25, 13.60, 14.34, 16.41, 19.06, 20.88, 24.31, 24.89, 28.00, 28.76, 25.70, 26.16, 23.19, 21.65, 18.60, 16.74, 16.59, 17.85, 14.64, 12.35, 14.83, 15.99, 12.71, 11.89, 15.47, 15.19, 12.39, 9.64, 6.05, 5.79, 8.20, 11.93, 14.10, 17.42, 20.37, 24.00, 25.43, 23.07, 21.46, 18.22, 16.03, 12.29, 9.85, 9.87, 8.45, 10.36, 13.37, 16.50, 18.40, 15.58, 14.97, 18.80, 18.90, 16.40, 18.81, 21.74, 20.15, 19.49, 23.00, 23.83, 24.15, 24.44, 24.62, 24.01, 26.53, 26.88, 26.72, 23.61, 25.99, 25.18, 21.84, 21.95, 19.56, 19.89, 18.15, 17.26, 15.96, 15.34, 13.07, 11.98, 9.15, 5.81, 3.84, 0.00, 3.81, 5.72, 7.51, 8.50, 11.36, 13.41, 12.63
 19.69, 21.33, 22.71, 19.38, 19.05, 15.40, 15.93, 14.28, 16.27, 16.85, 18.30, 20.69, 21.92, 25.41, 25.53, 28.84, 29.25, 25.91, 25.87, 22.98, 20.88, 18.05, 15.60, 14.73, 16.41, 13.76, 10.69, 12.67, 14.52, 11.84, 10.14, 13.81, 14.47, 11.77, 9.80, 6.71, 7.41, 9.10, 12.59, 15.25, 18.10, 21.43, 24.89, 26.33, 23.72, 22.63, 19.13, 17.59, 14.17, 12.19, 11.81, 10.82, 11.91, 14.81, 18.14, 19.37, 16.18, 16.25, 19.97, 19.35, 16.96, 19.89, 22.36, 20.33, 19.81, 23.53, 23.80, 23.87, 23.57, 23.49, 22.46, 25.25, 26.12, 26.36, 23.62, 26.42, 26.05, 22.95, 23.64, 21.57, 22.44, 21.14, 20.24, 19.27, 18.50, 16.41, 14.95, 11.65, 8.16, 7.23, 3.81, 0.00, 3.81, 6.83, 7.21, 10.39, 13.27, 13.28
 20.01, 20.99, 22.37, 18.87, 17.80, 14.23, 14.48, 13.13, 14.56, 15.24, 16.18, 18.66, 19.56, 23.21, 23.42, 26.93, 27.55, 24.22, 23.85, 20.69, 18.52, 15.43, 13.29, 12.13, 13.21, 10.49, 7.56, 9.34, 10.79, 8.05, 6.51, 10.27, 10.86, 8.59, 6.61, 4.17, 5.96, 7.86, 11.18, 14.48, 17.25, 20.73, 24.23, 25.16, 22.18, 21.03, 17.36, 16.06, 12.93, 10.88, 9.65, 9.19, 9.76, 12.84, 15.89, 16.60, 13.13, 13.35, 16.90, 15.89, 13.51, 16.67, 18.87, 16.73, 16.44, 20.17, 20.20, 20.41, 20.08, 20.30, 19.60, 22.59, 23.38, 23.41, 20.69, 23.63, 23.23, 20.18, 21.12, 19.17, 20.57, 19.82, 18.78, 18.39, 17.67, 16.29, 15.25, 12.16, 8.40, 8.83, 5.72, 3.81, 0.00, 3.79, 5.68, 9.48, 12.68, 13.57
 20.64, 21.14, 22.97, 19.68, 18.10, 14.52, 13.82, 12.04, 12.52, 12.56, 12.91, 15.13, 15.82, 19.47, 19.69, 23.24, 23.97, 20.71, 20.38, 17.10, 15.18, 11.90, 10.21, 9.70, 10.40, 7.21, 5.10, 7.98, 8.98, 6.09, 6.46, 10.08, 10.14, 9.05, 6.26, 4.14, 4.27, 5.10, 7.93, 11.52, 14.20, 17.67, 21.17, 21.77, 18.66, 17.47, 13.75, 12.66, 9.91, 8.41, 7.36, 8.42, 9.64, 13.19, 15.54, 16.11, 12.47, 11.92, 15.27, 14.17, 11.18, 14.03, 16.33, 13.89, 13.07, 16.83, 17.11, 17.08, 17.02, 17.21, 16.78, 19.53, 19.98, 19.83, 17.00, 19.87, 19.52, 16.56, 17.72, 16.13, 17.81, 17.55, 16.97, 17.28, 17.24, 16.54, 16.36, 13.91, 10.17, 10.49, 7.51, 6.83, 3.79, 0.00, 3.78, 7.28, 10.17, 11.58
 23.22, 24.03, 26.08, 22.90, 21.57, 17.89, 17.01, 14.71, 14.99, 14.21, 14.24, 15.69, 16.03, 19.36, 18.94, 22.36, 22.51, 19.03, 18.72, 15.88, 13.69, 11.04, 8.48, 8.38, 10.36, 7.83, 5.31, 8.72, 10.84, 8.94, 9.08, 12.69, 13.42, 12.56, 10.02, 7.55, 6.29, 4.82, 6.76, 10.05, 12.16, 15.84, 19.10, 20.16, 17.22, 16.66, 12.99, 12.51, 10.10, 9.81, 10.08, 11.55, 13.27, 16.88, 19.24, 19.86, 16.20, 15.48, 18.72, 17.50, 14.29, 16.87, 19.10, 16.27, 14.77, 18.52, 18.85, 18.08, 17.67, 17.03, 15.87, 18.31, 19.08, 19.56, 17.03, 19.97, 20.21, 17.65, 19.15, 18.10, 19.64, 19.41, 19.44, 19.80, 20.15, 19.21, 19.06, 16.54, 12.75, 12.07, 8.50, 7.21, 5.68, 3.78, 0.00, 3.83, 7.24, 8.98
 25.78, 26.58, 28.95, 25.99, 24.64, 20.96, 19.61, 16.88, 16.60, 14.96, 14.44, 14.97, 14.90, 17.76, 16.75, 19.95, 19.64, 16.06, 15.89, 13.54, 11.45, 9.56, 6.75, 7.95, 10.55, 8.66, 7.18, 10.68, 12.94, 11.68, 12.37, 15.70, 16.47, 16.10, 13.46, 11.03, 8.89, 5.81, 5.55, 8.02, 9.20, 12.96, 15.90, 17.21, 14.46, 14.54, 11.09, 11.41, 9.84, 10.94, 12.20, 14.33, 16.50, 20.23, 22.27, 22.92, 19.28, 18.14, 21.14, 19.92, 16.43, 18.50, 20.71, 17.63, 15.39, 18.92, 19.49, 18.04, 17.59, 16.25, 14.68, 16.48, 17.21, 18.14, 15.87, 18.64, 19.40, 17.32, 19.12, 18.72, 20.18, 20.21, 20.93, 21.62, 22.54, 21.76, 22.00, 19.75, 16.05, 14.84, 11.36, 10.39, 9.48, 7.28, 3.83, 0.00, 3.83, 6.49
 26.54, 27.30, 30.05, 27.42, 26.14, 22.49, 20.62, 17.47, 16.73, 14.33, 13.60, 13.35, 13.35, 15.68, 14.49, 17.29, 16.81, 13.40, 13.97, 12.08, 10.88, 9.58, 7.74, 10.32, 12.55, 10.68, 10.34, 13.94, 15.74, 14.41, 15.71, 18.92, 19.23, 19.04, 16.03, 13.48, 10.52, 6.78, 4.69, 5.21, 5.64, 9.30, 12.20, 13.83, 11.51, 11.77, 8.83, 9.44, 8.67, 10.94, 13.17, 15.75, 18.47, 22.29, 23.97, 24.90, 21.46, 19.71, 22.55, 21.70, 17.98, 19.36, 21.79, 18.84, 16.00, 19.15, 20.30, 18.55, 18.57, 16.99, 15.58, 16.54, 16.68, 17.58, 15.25, 17.44, 18.29, 16.49, 18.14, 18.16, 19.24, 19.34, 20.73, 21.65, 23.17, 22.58, 23.35, 21.57, 18.09, 16.46, 13.41, 13.27, 12.68, 10.17, 7.24, 3.83, 0.00, 3.81
 24.97, 26.08, 29.00, 26.65, 25.83, 22.14, 20.25, 16.78, 16.43, 13.98, 14.07, 14.02, 14.90, 17.01, 16.26, 18.60, 18.29, 15.30, 16.64, 14.97, 14.35, 12.97, 11.48, 13.92, 16.03, 13.69, 13.15, 16.88, 18.56, 16.62, 17.76, 21.23, 21.22, 20.49, 17.15, 14.08, 10.63, 7.27, 6.11, 4.90, 6.28, 9.01, 12.09, 14.37, 12.85, 12.55, 10.21, 9.74, 8.36, 10.54, 13.50, 15.65, 18.85, 22.64, 24.42, 25.89, 22.68, 20.66, 23.73, 23.43, 19.71, 20.85, 23.71, 21.15, 18.36, 21.39, 22.97, 21.52, 21.93, 20.57, 19.34, 20.16, 20.02, 20.65, 18.05, 19.77, 20.17, 18.10, 19.06, 18.71, 19.03, 18.48, 20.08, 20.55, 22.23, 21.30, 22.17, 20.66, 17.50, 15.21, 12.63, 13.28, 13.57, 11.58, 8.98, 6.49, 3.81, 0.00
