 0.00, 3.82, 7.14, 8.69, 12.47, 15.66, 18.57, 21.26, 23.71, 24.60, 24.75, 26.68, 25.43, 28.12, 27.19, 26.09, 22.89, 21.98, 21.13, 22.48, 21.14, 22.66, 22.56, 20.53, 18.06, 14.25, 12.51, 8.98, 8.89, 6.45, 7.20, 9.84, 11.42, 12.07, 13.45, 15.29, 18.15, 18.52, 17.27, 17.54, 15.25, 15.07, 16.14, 12.77, 13.60, 16.95, 17.17, 20.88, 21.41, 19.04, 21.14, 19.09, 15.42, 14.29, 12.18, 12.66, 15.33, 15.15, 18.43, 20.06, 17.91, 18.12, 16.10, 17.46, 17.97, 19.42, 21.15, 18.73, 21.65, 21.34, 17.95, 16.81, 13.34, 13.19, 9.97, 6.56
 3.82, 0.00, 3.82, 6.24, 9.75, 13.27, 15.92, 18.44, 20.74, 21.77, 21.75, 23.84, 22.70, 25.18, 24.22, 23.48, 20.11, 19.03, 18.51, 19.98, 18.49, 20.26, 20.22, 18.70, 16.18, 12.51, 10.11, 6.94, 5.73, 3.76, 4.38, 7.77, 8.86, 8.71, 10.52, 12.68, 15.10, 15.62, 14.07, 14.70, 12.90, 12.37, 12.83, 9.24, 10.33, 13.43, 13.45, 17.21, 17.70, 15.25, 17.33, 15.38, 11.80, 11.15, 9.40, 10.84, 13.55, 14.29, 17.33, 18.74, 17.04, 16.61, 14.22, 14.91, 14.83, 16.07, 17.57, 15.05, 18.05, 18.00, 14.74, 13.81, 10.41, 11.18, 8.54, 6.17
 7.14, 3.82, 0.00, 3.82, 6.49, 10.24, 12.98, 15.09, 17.61, 19.09, 19.37, 21.91, 21.29, 23.71, 23.11, 22.95, 19.59, 17.90, 17.40, 18.45, 16.39, 17.88, 17.43, 16.20, 14.10, 10.71, 8.42, 6.52, 5.34, 5.83, 6.00, 9.68, 10.14, 8.60, 10.78, 13.48, 15.01, 15.44, 13.12, 13.70, 12.16, 10.57, 10.56, 6.99, 7.08, 10.08, 10.18, 13.81, 14.63, 12.66, 14.88, 13.35, 10.10, 10.51, 8.73, 10.76, 12.69, 13.99, 16.40, 18.06, 17.13, 16.57, 14.37, 14.58, 13.78, 14.14, 15.00, 12.08, 14.71, 14.78, 11.35, 10.08, 6.62, 7.86, 6.01, 5.40
 8.69, 6.24, 3.82, 0.00, 3.84, 7.08, 10.02, 12.57, 15.14, 16.40, 17.11, 19.65, 19.33, 22.15, 22.09, 21.92, 18.95, 16.77, 15.53, 15.95, 13.66, 14.72, 14.19, 12.60, 10.48, 7.00, 5.41, 4.39, 5.52, 7.60, 9.23, 12.60, 12.18, 10.99, 13.86, 16.12, 17.53, 18.47, 16.14, 17.05, 15.76, 13.76, 13.30, 9.84, 9.11, 11.38, 10.64, 13.97, 15.72, 14.03, 15.58, 13.67, 10.45, 10.46, 7.62, 8.70, 9.74, 10.81, 12.86, 14.89, 14.33, 14.25, 12.79, 13.57, 13.20, 13.08, 14.17, 11.64, 13.96, 13.08, 9.51, 8.60, 5.89, 6.59, 5.96, 5.44
 12.47, 9.75, 6.49, 3.84, 0.00, 3.81, 6.76, 8.84, 11.64, 13.40, 14.53, 17.52, 17.87, 20.57, 20.98, 21.42, 18.65, 15.88, 14.64, 14.45, 11.51, 12.13, 11.10, 10.08, 8.61, 6.17, 5.29, 6.78, 7.68, 10.63, 11.93, 15.13, 14.26, 12.37, 15.34, 17.68, 18.33, 19.32, 16.60, 17.60, 16.80, 14.15, 13.06, 10.17, 8.54, 9.71, 8.54, 11.25, 13.69, 12.67, 13.91, 12.44, 10.01, 10.97, 8.53, 9.91, 9.75, 11.50, 12.48, 14.58, 15.00, 14.69, 13.60, 13.83, 12.79, 11.57, 11.88, 9.24, 10.83, 9.71, 5.97, 4.99, 3.64, 5.25, 6.94, 8.24
 15.66, 13.27, 10.24, 7.08, 3.81, 0.00, 3.82, 6.01, 8.96, 10.76, 12.71, 15.81, 16.83, 19.73, 20.83, 21.50, 19.27, 16.03, 14.21, 13.04, 9.62, 9.18, 7.52, 6.41, 5.81, 4.96, 6.13, 8.95, 10.67, 13.95, 15.62, 18.67, 17.41, 15.65, 18.81, 20.92, 21.33, 22.56, 19.83, 20.96, 20.35, 17.47, 16.14, 13.60, 11.65, 12.02, 10.38, 12.13, 15.28, 14.79, 15.36, 13.93, 12.10, 12.95, 10.37, 10.91, 9.33, 10.92, 10.69, 13.10, 14.42, 14.49, 14.30, 14.73, 13.88, 11.92, 12.02, 10.09, 10.71, 8.48, 5.25, 5.12, 6.24, 6.86, 9.59, 11.07
 18.57, 15.92, 12.98, 10.02, 6.76, 3.82, 0.00, 3.82, 5.51, 6.94, 9.06, 12.29, 13.77, 16.57, 18.10, 19.13, 17.33, 13.76, 11.86, 10.14, 6.41, 5.80, 4.65, 5.47, 4.88, 6.22, 7.09, 10.72, 12.13, 15.81, 17.69, 20.27, 18.38, 16.64, 20.00, 21.67, 21.68, 23.33, 20.79, 22.41, 22.40, 19.60, 17.61, 15.30, 13.73, 13.14, 10.62, 11.64, 15.17, 14.74, 14.37, 12.84, 11.78, 12.71, 10.69, 11.20, 8.89, 11.22, 10.16, 11.80, 13.88, 13.45, 13.60, 13.57, 12.55, 9.91, 9.83, 9.00, 9.14, 5.91, 4.35, 6.57, 8.95, 10.40, 13.24, 14.62
 21.26, 18.44, 15.09, 12.57, 8.84, 6.01, 3.82, 0.00, 3.81, 7.09, 9.79, 13.44, 15.63, 17.88, 19.65, 21.30, 19.58, 15.89, 14.50, 12.60, 8.80, 7.50, 5.05, 7.08, 8.18, 9.79, 10.62, 14.07, 15.02, 18.60, 19.92, 22.59, 20.88, 18.62, 21.64, 23.59, 23.08, 24.40, 21.54, 22.89, 23.05, 19.89, 17.78, 16.21, 14.09, 12.77, 10.62, 10.41, 14.20, 14.74, 14.39, 13.83, 13.63, 15.36, 13.90, 14.87, 12.68, 14.98, 13.60, 15.22, 17.59, 17.04, 17.09, 16.56, 14.91, 11.69, 10.32, 9.30, 7.85, 4.97, 4.60, 6.17, 9.67, 11.07, 14.51, 16.69
 23.71, 20.74, 17.61, 15.14, 11.64, 8.96, 5.51, 3.81, 0.00, 3.82, 6.63, 10.27, 12.97, 14.92, 17.12, 19.11, 17.91, 14.10, 12.81, 10.55, 7.12, 5.93, 4.98, 8.46, 9.14, 11.53, 12.06, 15.75, 16.52, 20.28, 21.84, 24.05, 21.84, 19.76, 22.92, 24.37, 23.59, 25.33, 22.80, 24.62, 25.26, 22.32, 19.75, 18.25, 16.68, 14.86, 12.06, 11.37, 15.14, 15.51, 14.21, 13.51, 13.98, 15.56, 14.62, 15.49, 13.02, 15.70, 13.91, 14.67, 17.47, 16.47, 16.77, 15.86, 14.17, 10.61, 9.16, 9.60, 7.95, 4.46, 6.58, 9.37, 12.80, 14.64, 17.90, 19.77
 24.60, 21.77, 19.09, 16.40, 13.40, 10.76, 6.94, 7.09, 3.82, 0.00, 3.82, 6.87, 9.85, 12.07, 14.73, 16.53, 15.95, 12.15, 10.37, 7.50, 4.78, 3.81, 5.46, 8.94, 8.81, 11.73, 12.24, 15.99, 16.98, 20.80, 22.85, 24.71, 22.05, 20.52, 23.94, 24.85, 24.24, 26.46, 24.37, 26.61, 27.40, 24.77, 22.06, 20.20, 19.17, 17.53, 14.30, 14.04, 17.60, 17.35, 15.46, 14.03, 14.44, 15.25, 14.36, 14.63, 11.81, 14.51, 12.39, 12.32, 15.43, 14.28, 15.10, 14.34, 13.26, 9.97, 9.56, 11.17, 10.40, 6.79, 9.01, 12.31, 15.28, 17.18, 20.09, 21.37
 24.75, 21.75, 19.37, 17.11, 14.53, 12.71, 9.06, 9.79, 6.63, 3.82, 0.00, 3.82, 6.54, 8.38, 10.94, 12.98, 12.57, 8.85, 7.72, 5.63, 4.60, 6.31, 8.94, 12.00, 10.82, 13.11, 12.60, 16.06, 16.44, 20.15, 22.21, 23.52, 20.50, 19.18, 22.57, 22.98, 22.19, 24.76, 23.12, 25.78, 26.98, 24.74, 21.72, 19.86, 19.53, 17.70, 14.09, 13.99, 17.10, 16.31, 13.80, 12.01, 12.86, 13.48, 13.41, 14.01, 11.77, 15.00, 13.48, 12.42, 15.13, 13.11, 13.47, 12.02, 10.77, 7.62, 7.69, 10.42, 10.38, 7.45, 10.12, 13.86, 16.43, 18.91, 21.44, 22.42
 26.68, 23.84, 21.91, 19.65, 17.52, 15.81, 12.29, 13.44, 10.27, 6.87, 3.82, 0.00, 3.82, 5.63, 8.93, 10.73, 11.41, 8.22, 6.95, 4.95, 6.48, 8.42, 11.75, 14.48, 12.93, 15.25, 14.68, 17.85, 18.30, 21.83, 24.20, 25.08, 21.74, 20.98, 24.41, 24.26, 23.60, 26.54, 25.36, 28.31, 29.66, 27.72, 24.64, 22.61, 22.70, 21.00, 17.27, 17.37, 20.20, 19.03, 16.17, 14.00, 14.82, 14.69, 14.85, 14.93, 12.75, 15.74, 14.18, 12.15, 14.81, 12.53, 13.34, 11.97, 11.50, 9.28, 10.28, 13.48, 13.88, 11.19, 13.68, 17.43, 19.73, 22.19, 24.45, 25.01
 25.43, 22.70, 21.29, 19.33, 17.87, 16.83, 13.77, 15.63, 12.97, 9.85, 6.54, 3.82, 0.00, 3.82, 6.18, 7.12, 8.04, 5.44, 4.40, 4.52, 7.61, 10.58, 14.15, 16.27, 13.91, 15.50, 14.26, 16.85, 17.01, 20.23, 22.75, 23.16, 19.59, 19.38, 22.80, 22.15, 21.75, 25.00, 24.31, 27.51, 28.93, 27.43, 24.38, 22.10, 22.79, 21.40, 17.61, 18.34, 20.72, 18.89, 16.00, 13.21, 13.68, 12.79, 13.35, 13.34, 11.89, 14.95, 14.17, 11.48, 13.32, 10.39, 10.81, 9.22, 9.42, 8.46, 10.62, 13.89, 15.23, 12.93, 14.87, 18.60, 20.27, 22.90, 24.64, 24.71
 28.12, 25.18, 23.71, 22.15, 20.57, 19.73, 16.57, 17.88, 14.92, 12.07, 8.38, 5.63, 3.82, 0.00, 3.82, 6.35, 8.03, 6.47, 7.47, 8.24, 10.82, 13.66, 16.98, 19.52, 17.38, 18.92, 17.38, 19.85, 19.45, 22.50, 24.67, 24.69, 21.05, 20.68, 23.77, 22.82, 21.91, 25.22, 24.80, 28.19, 30.05, 28.72, 25.38, 23.53, 24.45, 22.64, 18.85, 19.10, 21.09, 19.35, 15.99, 13.68, 15.01, 14.57, 15.94, 16.49, 15.45, 18.65, 17.97, 15.28, 16.95, 13.79, 13.68, 11.35, 10.83, 9.91, 11.36, 15.04, 16.13, 14.50, 16.98, 20.77, 22.57, 25.52, 27.31, 27.57
 27.19, 24.22, 23.11, 22.09, 20.98, 20.83, 18.10, 19.65, 17.12, 14.73, 10.94, 8.93, 6.18, 3.82, 0.00, 3.82, 5.19, 5.37, 7.95, 10.22, 12.78, 16.13, 19.35, 21.61, 19.05, 19.90, 17.70, 19.59, 18.58, 21.20, 23.14, 22.63, 18.91, 18.82, 21.63, 20.21, 19.26, 22.75, 22.82, 26.41, 28.48, 27.59, 24.24, 22.43, 23.93, 22.23, 18.55, 19.16, 20.54, 18.30, 14.94, 12.45, 13.82, 13.16, 15.27, 16.26, 16.11, 19.43, 19.48, 16.74, 17.64, 14.05, 13.03, 10.09, 9.44, 9.67, 11.49, 15.01, 16.74, 15.77, 17.88, 21.51, 22.81, 26.00, 27.37, 27.40
 26.09, 23.48, 22.95, 21.92, 21.42, 21.50, 19.13, 21.30, 19.11, 16.53, 12.98, 10.73, 7.12, 6.35, 3.82, 0.00, 3.83, 5.78, 7.62, 10.51, 13.62, 17.13, 20.56, 22.26, 19.27, 19.74, 17.45, 18.81, 17.97, 20.22, 22.52, 21.73, 17.92, 18.59, 21.48, 19.67, 19.38, 23.07, 23.49, 27.12, 28.94, 28.35, 25.27, 23.04, 24.81, 23.66, 20.05, 21.29, 22.61, 19.94, 16.97, 13.91, 14.36, 12.68, 14.59, 15.01, 15.28, 18.20, 18.70, 15.60, 15.82, 12.15, 11.13, 8.72, 9.46, 10.90, 13.63, 16.74, 19.02, 17.81, 19.30, 22.79, 23.61, 26.60, 27.55, 27.05
 22.89, 20.11, 19.59, 18.95, 18.65, 19.27, 17.33, 19.58, 17.91, 15.95, 12.57, 11.41, 8.04, 8.03, 5.19, 3.83, 0.00, 3.83, 6.72, 10.34, 12.70, 16.48, 19.55, 21.04, 17.89, 17.77, 14.98, 16.02, 14.67, 16.80, 18.87, 18.04, 14.24, 14.79, 17.65, 15.94, 15.70, 19.36, 19.75, 23.37, 25.15, 24.67, 21.65, 19.39, 21.38, 20.37, 16.91, 18.50, 19.56, 16.61, 13.93, 10.65, 10.82, 9.15, 11.57, 12.69, 13.61, 16.81, 17.84, 15.26, 15.11, 11.30, 9.20, 5.96, 6.08, 8.30, 11.27, 13.92, 16.66, 15.87, 16.92, 20.16, 20.62, 23.75, 24.47, 23.97
 21.98, 19.03, 17.90, 16.77, 15.88, 16.03, 13.76, 15.89, 14.10, 12.15, 8.85, 8.22, 5.44, 6.47, 5.37, 5.78, 3.83, 0.00, 3.83, 7.11, 9.05, 12.81, 15.82, 17.52, 14.61, 14.90, 12.43, 14.23, 13.33, 16.16, 18.32, 18.27, 14.62, 14.47, 17.71, 16.80, 16.41, 19.77, 19.41, 22.80, 24.38, 23.34, 20.26, 17.97, 19.35, 18.16, 14.48, 15.85, 17.51, 14.97, 12.25, 8.95, 9.23, 8.19, 9.94, 11.11, 11.22, 14.74, 15.25, 13.01, 13.61, 10.01, 8.43, 5.27, 4.50, 5.15, 8.23, 11.12, 13.55, 12.30, 13.57, 17.02, 17.93, 21.00, 22.18, 22.06
 21.13, 18.51, 17.40, 15.53, 14.64, 14.21, 11.86, 14.50, 12.81, 10.37, 7.72, 6.95, 4.40, 7.47, 7.95, 7.62, 6.72, 3.83, 0.00, 3.83, 6.42, 10.08, 13.40, 14.73, 11.65, 12.31, 10.52, 12.70, 12.85, 15.97, 18.69, 19.18, 15.68, 15.74, 19.33, 18.78, 18.92, 22.13, 21.43, 24.55, 25.62, 24.29, 21.53, 18.84, 19.73, 18.93, 15.28, 16.85, 19.10, 16.79, 14.51, 11.14, 10.50, 8.91, 9.12, 9.06, 8.23, 11.53, 11.67, 9.24, 10.24, 6.92, 6.61, 5.18, 6.15, 6.20, 9.51, 11.96, 14.19, 11.98, 12.84, 16.29, 17.28, 19.85, 21.13, 20.83
 22.48, 19.98, 18.45, 15.95, 14.45, 13.04, 10.14, 12.60, 10.55, 7.50, 5.63, 4.95, 4.52, 8.24, 10.22, 10.51, 10.34, 7.11, 3.83, 0.00, 3.82, 6.82, 10.49, 12.06, 9.49, 11.27, 10.65, 13.58, 14.54, 18.00, 20.80, 21.84, 18.59, 18.30, 21.99, 21.90, 21.98, 24.94, 23.78, 26.63, 27.49, 25.70, 23.02, 20.39, 20.59, 19.68, 16.07, 17.21, 20.04, 18.33, 16.14, 13.20, 12.70, 11.66, 10.95, 10.30, 7.98, 10.92, 9.81, 7.62, 9.99, 7.79, 8.96, 8.60, 9.26, 7.93, 10.31, 12.67, 14.05, 11.05, 12.17, 15.67, 17.25, 19.42, 21.20, 21.21
 21.14, 18.49, 16.39, 13.66, 11.51, 9.62, 6.41, 8.80, 7.12, 4.78, 4.60, 6.48, 7.61, 10.82, 12.78, 13.62, 12.70, 9.05, 6.42, 3.82, 0.00, 3.83, 7.00, 8.84, 6.68, 8.83, 8.70, 12.22, 13.38, 17.11, 19.63, 21.26, 18.41, 17.49, 21.16, 21.73, 21.69, 24.22, 22.52, 24.99, 25.62, 23.42, 20.87, 18.37, 17.97, 17.01, 13.58, 14.56, 17.76, 16.52, 14.79, 12.31, 11.74, 11.54, 10.31, 10.12, 7.38, 10.45, 9.04, 8.41, 11.04, 9.59, 10.38, 10.06, 9.80, 7.43, 8.86, 10.43, 11.33, 7.91, 8.78, 12.21, 14.16, 16.18, 18.37, 18.88
 22.66, 20.26, 17.88, 14.72, 12.13, 9.18, 5.80, 7.50, 5.93, 3.81, 6.31, 8.42, 10.58, 13.66, 16.13, 17.13, 16.48, 12.81, 10.08, 6.82, 3.83, 0.00, 3.82, 6.10, 5.53, 8.94, 10.26, 13.97, 15.73, 19.48, 21.95, 24.02, 21.47, 20.36, 23.98, 24.93, 24.90, 27.16, 25.09, 27.22, 27.55, 24.98, 22.68, 20.31, 19.23, 18.32, 15.26, 15.81, 19.38, 18.75, 17.33, 15.35, 14.79, 14.88, 13.12, 12.53, 9.17, 11.26, 8.76, 9.18, 12.45, 12.06, 13.49, 13.71, 13.50, 10.88, 11.50, 12.52, 12.49, 8.67, 9.38, 12.26, 14.69, 16.01, 18.65, 19.48
 22.56, 20.22, 17.43, 14.19, 11.10, 7.52, 4.65, 5.05, 4.98, 5.46, 8.94, 11.75, 14.15, 16.98, 19.35, 20.56, 19.55, 15.82, 13.40, 10.49, 7.00, 3.82, 0.00, 3.83, 5.59, 8.87, 10.87, 14.55, 16.44, 20.12, 22.23, 24.76, 22.68, 21.14, 24.56, 26.05, 25.96, 27.76, 25.26, 26.91, 26.95, 24.01, 22.00, 19.89, 18.12, 17.27, 14.77, 15.02, 18.77, 18.76, 17.91, 16.52, 15.92, 16.59, 14.56, 14.28, 11.09, 12.73, 10.28, 11.87, 14.89, 14.98, 16.14, 16.40, 15.77, 12.89, 12.69, 12.76, 12.01, 8.34, 8.40, 10.37, 13.17, 13.92, 17.01, 18.40
 20.53, 18.70, 16.20, 12.60, 10.08, 6.41, 5.47, 7.08, 8.46, 8.94, 12.00, 14.48, 16.27, 19.52, 21.61, 22.26, 21.04, 17.52, 14.73, 12.06, 8.84, 6.10, 3.83, 0.00, 3.83, 6.75, 9.83, 13.07, 15.65, 19.05, 21.36, 24.17, 22.43, 21.18, 24.62, 26.27, 26.68, 28.35, 25.83, 27.22, 26.74, 23.86, 22.37, 19.89, 18.00, 17.95, 15.86, 16.80, 20.39, 20.13, 19.83, 18.16, 16.78, 16.98, 14.23, 13.32, 10.11, 10.72, 8.32, 11.00, 13.60, 14.54, 15.93, 16.97, 16.90, 14.63, 15.00, 14.47, 14.31, 10.89, 9.61, 10.62, 12.57, 12.43, 15.16, 16.17
 18.06, 16.18, 14.10, 10.48, 8.61, 5.81, 4.88, 8.18, 9.14, 8.81, 10.82, 12.93, 13.91, 17.38, 19.05, 19.27, 17.89, 14.61, 11.65, 9.49, 6.68, 5.53, 5.59, 3.83, 0.00, 3.83, 6.62, 9.92, 12.60, 16.04, 18.71, 21.23, 19.24, 18.40, 22.01, 23.32, 24.00, 25.95, 23.78, 25.49, 25.11, 22.62, 21.02, 18.14, 16.90, 17.09, 14.65, 16.25, 19.59, 18.62, 18.20, 15.93, 14.12, 13.72, 10.79, 9.57, 6.29, 7.31, 5.51, 7.94, 10.16, 10.87, 12.14, 13.43, 13.79, 12.09, 13.30, 12.99, 13.81, 10.44, 8.92, 10.56, 11.81, 12.28, 14.38, 14.70
 14.25, 12.51, 10.71, 7.00, 6.17, 4.96, 6.22, 9.79, 11.53, 11.73, 13.11, 15.25, 15.50, 18.92, 19.90, 19.74, 17.77, 14.90, 12.31, 11.27, 8.83, 8.94, 8.87, 6.75, 3.83, 0.00, 3.82, 6.43, 9.49, 12.64, 15.35, 18.05, 16.43, 15.76, 19.28, 20.75, 21.85, 23.61, 21.48, 23.01, 22.30, 20.03, 18.82, 15.61, 14.60, 15.53, 13.48, 15.86, 18.75, 17.38, 17.57, 15.14, 12.58, 11.91, 8.47, 7.31, 5.26, 5.99, 6.37, 8.99, 9.75, 10.50, 10.95, 12.52, 13.01, 12.08, 13.62, 12.56, 14.14, 11.48, 8.90, 9.75, 9.74, 10.06, 11.37, 11.15
 12.51, 10.11, 8.42, 5.41, 5.29, 6.13, 7.09, 10.62, 12.06, 12.24, 12.60, 14.68, 14.26, 17.38, 17.70, 17.45, 14.98, 12.43, 10.52, 10.65, 8.70, 10.26, 10.87, 9.83, 6.62, 3.82, 0.00, 3.79, 5.98, 9.49, 12.23, 14.62, 12.75, 12.09, 15.71, 17.00, 18.11, 20.01, 18.13, 19.96, 19.54, 17.63, 16.15, 12.76, 12.52, 13.43, 11.13, 14.02, 16.45, 14.51, 14.69, 11.98, 9.03, 8.19, 4.78, 4.86, 4.66, 6.97, 8.60, 9.94, 9.93, 9.44, 8.58, 9.57, 9.77, 9.43, 11.37, 10.21, 12.66, 10.65, 8.07, 9.35, 8.73, 10.25, 11.01, 10.57
 8.98, 6.94, 6.52, 4.39, 6.78, 8.95, 10.72, 14.07, 15.75, 15.99, 16.06, 17.85, 16.85, 19.85, 19.59, 18.81, 16.02, 14.23, 12.70, 13.58, 12.22, 13.97, 14.55, 13.07, 9.92, 6.43, 3.79, 0.00, 3.82, 6.34, 9.50, 11.93, 10.56, 10.59, 13.99, 15.25, 17.07, 18.80, 17.23, 18.87, 18.04, 16.67, 15.76, 12.03, 12.40, 14.19, 12.53, 15.95, 17.73, 15.35, 16.09, 13.29, 9.70, 8.15, 4.59, 4.58, 6.64, 7.75, 10.61, 11.87, 10.62, 10.33, 8.77, 10.22, 10.91, 11.70, 13.90, 12.39, 15.30, 13.92, 11.06, 11.55, 9.67, 10.81, 10.19, 8.59
 8.89, 5.73, 5.34, 5.52, 7.68, 10.67, 12.13, 15.02, 16.52, 16.98, 16.44, 18.30, 17.01, 19.45, 18.58, 17.97, 14.67, 13.33, 12.85, 14.54, 13.38, 15.73, 16.44, 15.65, 12.60, 9.49, 5.98, 3.82, 0.00, 3.82, 6.53, 8.64, 7.10, 6.77, 10.23, 11.53, 13.28, 15.00, 13.60, 15.50, 15.04, 14.08, 12.88, 9.12, 10.48, 12.16, 10.58, 14.28, 15.36, 12.52, 13.49, 10.77, 6.98, 5.76, 3.77, 6.31, 9.12, 11.09, 13.84, 14.50, 13.23, 11.94, 9.25, 9.42, 9.24, 10.55, 12.58, 10.83, 14.22, 13.73, 11.12, 11.66, 9.49, 11.60, 10.75, 9.54
 6.45, 3.76, 5.83, 7.60, 10.63, 13.95, 15.81, 18.60, 20.28, 20.80, 20.15, 21.83, 20.23, 22.50, 21.20, 20.22, 16.80, 16.16, 15.97, 18.00, 17.11, 19.48, 20.12, 19.05, 16.04, 12.64, 9.49, 6.34, 3.82, 0.00, 3.82, 5.74, 5.53, 6.35, 8.85, 10.08, 12.71, 14.02, 13.13, 14.68, 13.76, 13.65, 13.22, 9.52, 11.55, 13.90, 13.09, 16.91, 17.31, 14.28, 15.74, 13.27, 9.56, 8.14, 7.06, 8.90, 12.22, 13.51, 16.72, 17.37, 15.46, 14.36, 11.44, 11.81, 11.94, 13.86, 15.86, 13.96, 17.42, 17.34, 14.62, 14.63, 11.81, 13.46, 11.55, 9.53
 7.20, 4.38, 6.00, 9.23, 11.93, 15.62, 17.69, 19.92, 21.84, 22.85, 22.21, 24.20, 22.75, 24.67, 23.14, 22.52, 18.87, 18.32, 18.69, 20.80, 19.63, 21.95, 22.23, 21.36, 18.71, 15.35, 12.23, 9.50, 6.53, 3.82, 0.00, 3.83, 5.78, 5.32, 6.28, 8.55, 11.05, 11.41, 10.34, 11.33, 10.13, 10.55, 10.63, 7.35, 9.94, 12.58, 12.68, 16.41, 16.05, 13.14, 15.34, 13.64, 10.40, 10.15, 9.99, 12.45, 15.57, 17.06, 20.08, 20.88, 19.18, 17.93, 14.83, 14.55, 13.87, 15.54, 16.86, 14.44, 17.73, 18.42, 15.67, 15.11, 11.94, 13.71, 11.48, 10.05
 9.84, 7.77, 9.68, 12.60, 15.13, 18.67, 20.27, 22.59, 24.05, 24.71, 23.52, 25.08, 23.16, 24.69, 22.63, 21.73, 18.04, 18.27, 19.18, 21.84, 21.26, 24.02, 24.76, 24.17, 21.23, 18.05, 14.62, 11.93, 8.64, 5.74, 3.83, 0.00, 3.82, 5.06, 4.86, 5.62, 8.93, 9.66, 9.95, 11.55, 11.14, 12.56, 12.27, 9.56, 12.85, 14.91, 14.70, 18.28, 17.46, 14.12, 15.89, 14.05, 11.14, 10.42, 11.30, 13.81, 17.29, 18.95, 22.13, 22.35, 20.36, 18.64, 15.16, 14.49, 13.95, 16.31, 17.91, 16.04, 19.57, 20.45, 18.18, 18.14, 15.29, 17.39, 15.30, 13.76
 11.42, 8.86, 10.14, 12.18, 14.26, 17.41, 18.38, 20.88, 21.84, 22.05, 20.50, 21.74, 19.59, 21.05, 18.91, 17.92, 14.24, 14.62, 15.68, 18.59, 18.41, 21.47, 22.68, 22.43, 19.24, 16.43, 12.75, 10.56, 7.10, 5.53, 5.78, 3.82, 0.00, 3.82, 5.78, 5.12, 8.06, 10.21, 10.63, 13.20, 13.57, 14.37, 13.11, 10.15, 13.40, 14.75, 13.57, 17.07, 16.67, 13.03, 13.94, 11.45, 8.49, 7.09, 8.65, 11.32, 14.81, 16.89, 19.92, 19.64, 17.77, 15.59, 11.92, 10.87, 10.43, 13.19, 15.23, 14.01, 17.76, 18.33, 16.53, 17.26, 15.02, 17.56, 16.14, 14.74
 12.07, 8.71, 8.60, 10.99, 12.37, 15.65, 16.64, 18.62, 19.76, 20.52, 19.18, 20.98, 19.38, 20.68, 18.82, 18.59, 14.79, 14.47, 15.74, 18.30, 17.49, 20.36, 21.14, 21.18, 18.40, 15.76, 12.09, 10.59, 6.77, 6.35, 5.32, 5.06, 3.82, 0.00, 3.82, 5.32, 6.70, 8.28, 7.56, 10.21, 10.90, 11.18, 9.45, 6.64, 10.06, 11.09, 10.17, 13.62, 12.97, 9.42, 10.89, 9.06, 6.40, 6.89, 8.67, 12.10, 15.04, 17.54, 20.13, 20.20, 18.97, 16.77, 13.26, 11.66, 10.03, 11.85, 13.03, 11.20, 14.77, 15.89, 14.07, 14.54, 12.41, 15.34, 14.32, 13.81
 13.45, 10.52, 10.78, 13.86, 15.34, 18.81, 20.00, 21.64, 22.92, 23.94, 22.57, 24.41, 22.80, 23.77, 21.63, 21.48, 17.65, 17.71, 19.33, 21.99, 21.16, 23.98, 24.56, 24.62, 22.01, 19.28, 15.71, 13.99, 10.23, 8.85, 6.28, 4.86, 5.78, 3.82, 0.00, 3.82, 5.15, 5.21, 5.21, 7.58, 8.55, 10.02, 8.83, 7.22, 11.03, 12.16, 12.20, 15.30, 13.72, 10.41, 12.45, 11.55, 9.71, 10.56, 12.46, 15.80, 18.81, 21.18, 23.86, 24.00, 22.65, 20.46, 16.87, 15.17, 13.41, 15.18, 15.89, 13.87, 17.14, 18.83, 17.05, 17.06, 14.69, 17.46, 16.06, 15.66
 15.29, 12.68, 13.48, 16.12, 17.68, 20.92, 21.67, 23.59, 24.37, 24.85, 22.98, 24.26, 22.15, 22.82, 20.21, 19.67, 15.94, 16.80, 18.78, 21.90, 21.73, 24.93, 26.05, 26.27, 23.32, 20.75, 17.00, 15.25, 11.53, 10.08, 8.55, 5.62, 5.12, 5.32, 3.82, 0.00, 3.82, 5.81, 7.75, 10.66, 12.09, 13.80, 12.32, 10.70, 14.49, 15.24, 14.58, 17.54, 16.06, 12.43, 13.50, 12.06, 10.46, 10.42, 12.96, 16.06, 19.31, 21.74, 24.54, 24.11, 22.50, 19.96, 16.18, 14.25, 12.87, 15.37, 16.62, 15.42, 18.91, 20.38, 19.03, 19.67, 17.60, 20.49, 19.17, 18.36
 18.15, 15.10, 15.01, 17.53, 18.33, 21.33, 21.68, 23.08, 23.59, 24.24, 22.19, 23.60, 21.75, 21.91, 19.26, 19.38, 15.70, 16.41, 18.92, 21.98, 21.69, 24.90, 25.96, 26.68, 24.00, 21.85, 18.11, 17.07, 13.28, 12.71, 11.05, 8.93, 8.06, 6.70, 5.15, 3.82, 0.00, 3.81, 6.03, 9.58, 12.10, 13.52, 11.28, 10.64, 14.31, 14.15, 13.44, 15.76, 13.78, 10.30, 11.11, 10.50, 10.13, 11.20, 14.28, 17.74, 20.56, 23.44, 25.82, 25.30, 24.20, 21.36, 17.64, 15.04, 12.80, 14.72, 15.25, 14.21, 17.35, 19.36, 18.56, 19.38, 17.84, 21.11, 20.35, 20.22
 18.52, 15.62, 15.44, 18.47, 19.32, 22.56, 23.33, 24.40, 25.33, 26.46, 24.76, 26.54, 25.00, 25.22, 22.75, 23.07, 19.36, 19.77, 22.13, 24.94, 24.22, 27.16, 27.76, 28.35, 25.95, 23.61, 20.01, 18.80, 15.00, 14.02, 11.41, 9.66, 10.21, 8.28, 5.21, 5.81, 3.81, 0.00, 3.83, 6.53, 9.36, 11.41, 9.76, 10.12, 13.71, 13.78, 14.10, 16.24, 13.64, 10.74, 12.56, 12.83, 12.50, 14.06, 16.69, 20.24, 23.03, 25.76, 28.18, 28.05, 26.98, 24.40, 20.73, 18.35, 15.99, 17.46, 17.46, 15.76, 18.53, 20.96, 19.86, 20.01, 18.16, 21.21, 20.21, 20.35
 17.27, 14.07, 13.12, 16.14, 16.60, 19.83, 20.79, 21.54, 22.80, 24.37, 23.12, 25.36, 24.31, 24.80, 22.82, 23.49, 19.75, 19.41, 21.43, 23.78, 22.52, 25.09, 25.26, 25.83, 23.78, 21.48, 18.13, 17.23, 13.60, 13.13, 10.34, 9.95, 10.63, 7.56, 5.21, 7.75, 6.03, 3.83, 0.00, 3.82, 6.85, 7.99, 5.95, 6.88, 10.18, 10.16, 11.04, 13.14, 10.49, 7.96, 10.67, 11.46, 11.11, 13.41, 15.55, 19.23, 21.66, 24.41, 26.58, 26.86, 26.12, 23.80, 20.36, 18.11, 15.44, 16.20, 15.68, 13.35, 15.80, 18.42, 17.07, 16.80, 14.98, 18.01, 17.27, 17.95
 17.54, 14.70, 13.70, 17.05, 17.60, 20.96, 22.41, 22.89, 24.62, 26.61, 25.78, 28.31, 27.51, 28.19, 26.41, 27.12, 23.37, 22.80, 24.55, 26.63, 24.99, 27.22, 26.91, 27.22, 25.49, 23.01, 19.96, 18.87, 15.50, 14.68, 11.33, 11.55, 13.20, 10.21, 7.58, 10.66, 9.58, 6.53, 3.82, 0.00, 3.82, 5.67, 5.34, 7.45, 9.95, 10.52, 12.56, 14.45, 11.62, 10.11, 13.43, 14.61, 14.06, 16.41, 18.00, 21.54, 23.90, 26.37, 28.55, 29.26, 28.51, 26.53, 23.22, 21.30, 18.72, 19.20, 18.41, 15.58, 17.58, 20.33, 18.60, 17.56, 15.39, 17.90, 16.85, 17.81
 15.25, 12.90, 12.16, 15.76, 16.80, 20.35, 22.40, 23.05, 25.26, 27.40, 26.98, 29.66, 28.93, 30.05, 28.48, 28.94, 25.15, 24.38, 25.62, 27.49, 25.62, 27.55, 26.95, 26.74, 25.11, 22.30, 19.54, 18.04, 15.04, 13.76, 10.13, 11.14, 13.57, 10.90, 8.55, 12.09, 12.10, 9.36, 6.85, 3.82, 0.00, 3.82, 6.03, 7.27, 9.14, 10.98, 13.50, 15.80, 13.56, 12.25, 15.82, 16.57, 15.28, 17.26, 18.10, 21.32, 23.72, 25.73, 28.07, 29.18, 28.26, 26.73, 23.59, 22.24, 20.07, 20.59, 20.05, 16.85, 18.86, 21.24, 18.89, 17.24, 14.47, 16.29, 14.63, 15.43
 15.07, 12.37, 10.57, 13.76, 14.15, 17.47, 19.60, 19.89, 22.32, 24.77, 24.74, 27.72, 27.43, 28.72, 27.59, 28.35, 24.67, 23.34, 24.29, 25.70, 23.42, 24.98, 24.01, 23.86, 22.62, 20.03, 17.63, 16.67, 14.08, 13.65, 10.55, 12.56, 14.37, 11.18, 10.02, 13.80, 13.52, 11.41, 7.99, 5.67, 3.82, 0.00, 3.83, 5.49, 5.91, 7.82, 10.89, 12.98, 11.16, 10.55, 14.32, 15.32, 14.14, 16.56, 16.99, 20.19, 22.07, 24.13, 26.08, 27.48, 26.97, 25.63, 22.80, 21.52, 19.16, 19.02, 18.09, 14.57, 16.11, 18.46, 15.99, 13.96, 11.37, 13.15, 12.05, 13.66
 16.14, 12.83, 10.56, 13.30, 13.06, 16.14, 17.61, 17.78, 19.75, 22.06, 21.72, 24.64, 24.38, 25.38, 24.24, 25.27, 21.65, 20.26, 21.53, 23.02, 20.87, 22.68, 22.00, 22.37, 21.02, 18.82, 16.15, 15.76, 12.88, 13.22, 10.63, 12.27, 13.11, 9.45, 8.83, 12.32, 11.28, 9.76, 5.95, 5.34, 6.03, 3.83, 0.00, 3.83, 5.06, 5.24, 7.82, 9.78, 7.67, 6.75, 10.54, 11.84, 11.26, 14.18, 15.16, 18.67, 20.39, 22.93, 24.66, 25.69, 25.45, 23.71, 20.82, 19.05, 16.28, 15.92, 14.70, 11.35, 12.96, 15.62, 13.68, 12.35, 10.48, 13.22, 12.96, 14.69
 12.77, 9.24, 6.99, 9.84, 10.17, 13.60, 15.30, 16.21, 18.25, 20.20, 19.86, 22.61, 22.10, 23.53, 22.43, 23.04, 19.39, 17.97, 18.84, 20.39, 18.37, 20.31, 19.89, 19.89, 18.14, 15.61, 12.76, 12.03, 9.12, 9.52, 7.35, 9.56, 10.15, 6.64, 7.22, 10.70, 10.64, 10.12, 6.88, 7.45, 7.27, 5.49, 3.83, 0.00, 3.83, 5.57, 6.88, 10.07, 9.19, 7.17, 10.44, 10.47, 8.75, 11.13, 11.67, 15.05, 16.98, 19.36, 21.34, 22.38, 21.90, 20.30, 17.44, 16.06, 13.74, 13.76, 13.33, 10.01, 12.42, 14.28, 11.85, 10.77, 8.30, 11.15, 10.53, 11.66
 13.60, 10.33, 7.08, 9.11, 8.54, 11.65, 13.73, 14.09, 16.68, 19.17, 19.53, 22.70, 22.79, 24.45, 23.93, 24.81, 21.38, 19.35, 19.73, 20.59, 17.97, 19.23, 18.12, 18.00, 16.90, 14.60, 12.52, 12.40, 10.48, 11.55, 9.94, 12.85, 13.40, 10.06, 11.03, 14.49, 14.31, 13.71, 10.18, 9.95, 9.14, 5.91, 5.06, 3.83, 0.00, 3.82, 6.30, 8.96, 8.91, 8.34, 11.62, 12.03, 10.57, 13.15, 12.87, 15.87, 17.08, 19.25, 20.76, 22.33, 22.29, 21.14, 18.80, 17.74, 15.44, 14.62, 13.67, 9.92, 11.38, 13.09, 10.25, 8.13, 5.61, 8.17, 8.26, 10.54
 16.95, 13.43, 10.08, 11.38, 9.71, 12.02, 13.14, 12.77, 14.86, 17.53, 17.70, 21.00, 21.40, 22.64, 22.23, 23.66, 20.37, 18.16, 18.93, 19.68, 17.01, 18.32, 17.27, 17.95, 17.09, 15.53, 13.43, 14.19, 12.16, 13.90, 12.58, 14.91, 14.75, 11.09, 12.16, 15.24, 14.15, 13.78, 10.16, 10.52, 10.98, 7.82, 5.24, 5.57, 3.82, 0.00, 3.80, 5.40, 5.25, 5.67, 8.83, 10.17, 9.93, 13.27, 13.64, 16.89, 17.68, 20.38, 21.41, 22.65, 23.11, 21.56, 19.27, 17.60, 14.69, 13.22, 11.39, 7.66, 8.41, 10.94, 9.01, 7.59, 6.92, 10.13, 11.35, 13.87
 17.17, 13.45, 10.18, 10.64, 8.54, 10.38, 10.62, 10.62, 12.06, 14.30, 14.09, 17.27, 17.61, 18.85, 18.55, 20.05, 16.91, 14.48, 15.28, 16.07, 13.58, 15.26, 14.77, 15.86, 14.65, 13.48, 11.13, 12.53, 10.58, 13.09, 12.68, 14.70, 13.57, 10.17, 12.20, 14.58, 13.44, 14.10, 11.04, 12.56, 13.50, 10.89, 7.82, 6.88, 6.30, 3.80, 0.00, 3.82, 5.35, 4.54, 6.26, 6.91, 6.97, 10.48, 11.09, 14.38, 14.92, 18.01, 18.84, 19.67, 20.33, 18.48, 16.28, 14.37, 11.30, 9.48, 7.64, 3.88, 5.54, 7.82, 6.41, 6.70, 7.06, 10.82, 12.44, 14.47
 20.88, 17.21, 13.81, 13.97, 11.25, 12.13, 11.64, 10.41, 11.37, 14.04, 13.99, 17.37, 18.34, 19.10, 19.16, 21.29, 18.50, 15.85, 16.85, 17.21, 14.56, 15.81, 15.02, 16.80, 16.25, 15.86, 14.02, 15.95, 14.28, 16.91, 16.41, 18.28, 17.07, 13.62, 15.30, 17.54, 15.76, 16.24, 13.14, 14.45, 15.80, 12.98, 9.78, 10.07, 8.96, 5.40, 3.82, 0.00, 3.83, 5.58, 6.34, 8.43, 9.89, 13.53, 14.34, 17.45, 17.44, 20.65, 20.92, 21.67, 22.86, 20.94, 19.04, 16.85, 13.49, 10.92, 7.88, 5.00, 3.74, 7.30, 7.38, 7.84, 9.52, 12.92, 15.17, 17.68
 21.41, 17.70, 14.63, 15.72, 13.69, 15.28, 15.17, 14.20, 15.14, 17.60, 17.10, 20.20, 20.72, 21.09, 20.54, 22.61, 19.56, 17.51, 19.10, 20.04, 17.76, 19.38, 18.77, 20.39, 19.59, 18.75, 16.45, 17.73, 15.36, 17.31, 16.05, 17.46, 16.67, 12.97, 13.72, 16.06, 13.78, 13.64, 10.49, 11.62, 13.56, 11.16, 7.67, 9.19, 8.91, 5.25, 5.35, 3.83, 0.00, 3.83, 5.88, 8.97, 10.68, 14.49, 15.94, 19.42, 20.04, 23.27, 23.97, 24.58, 25.37, 23.21, 20.82, 18.33, 14.78, 12.92, 10.12, 7.46, 7.28, 10.94, 10.84, 10.85, 11.52, 14.93, 16.52, 18.89
 19.04, 15.25, 12.66, 14.03, 12.67, 14.79, 14.74, 14.74, 15.51, 17.35, 16.31, 19.03, 18.89, 19.35, 18.30, 19.94, 16.61, 14.97, 16.79, 18.33, 16.52, 18.75, 18.76, 20.13, 18.62, 17.38, 14.51, 15.35, 12.52, 14.28, 13.14, 14.12, 13.03, 9.42, 10.41, 12.43, 10.30, 10.74, 7.96, 10.11, 12.25, 10.55, 6.75, 7.17, 8.34, 5.67, 4.54, 5.58, 3.83, 0.00, 3.82, 6.06, 7.44, 11.17, 13.08, 16.77, 17.93, 21.22, 22.37, 22.66, 23.02, 20.63, 17.88, 15.27, 11.77, 10.69, 8.78, 6.26, 8.01, 11.06, 10.64, 11.21, 11.15, 14.86, 15.85, 17.53
 21.14, 17.33, 14.88, 15.58, 13.91, 15.36, 14.37, 14.39, 14.21, 15.46, 13.80, 16.17, 16.00, 15.99, 14.94, 16.97, 13.93, 12.25, 14.51, 16.14, 14.79, 17.33, 17.91, 19.83, 18.20, 17.57, 14.69, 16.09, 13.49, 15.74, 15.34, 15.89, 13.94, 10.89, 12.45, 13.50, 11.11, 12.56, 10.67, 13.43, 15.82, 14.32, 10.54, 10.44, 11.62, 8.83, 6.26, 6.34, 5.88, 3.82, 0.00, 3.82, 6.99, 10.56, 12.97, 16.48, 17.30, 20.91, 21.73, 21.47, 22.13, 19.36, 16.77, 13.68, 9.90, 8.43, 6.17, 5.40, 7.12, 9.89, 10.68, 12.43, 13.18, 16.99, 18.36, 19.84
 19.09, 15.38, 13.35, 13.67, 12.44, 13.93, 12.84, 13.83, 13.51, 14.03, 12.01, 14.00, 13.21, 13.68, 12.45, 13.91, 10.65, 8.95, 11.14, 13.20, 12.31, 15.35, 16.52, 18.16, 15.93, 15.14, 11.98, 13.29, 10.77, 13.27, 13.64, 14.05, 11.45, 9.06, 11.55, 12.06, 10.50, 12.83, 11.46, 14.61, 16.57, 15.32, 11.84, 10.47, 12.03, 10.17, 6.91, 8.43, 8.97, 6.06, 3.82, 0.00, 3.82, 6.97, 9.63, 13.05, 14.08, 17.74, 18.79, 18.24, 18.63, 15.72, 13.00, 9.87, 6.11, 5.27, 4.76, 4.88, 8.06, 9.43, 9.89, 12.23, 12.67, 16.42, 17.53, 18.38
 15.42, 11.80, 10.10, 10.45, 10.01, 12.10, 11.78, 13.63, 13.98, 14.44, 12.86, 14.82, 13.68, 15.01, 13.82, 14.36, 10.82, 9.23, 10.50, 12.70, 11.74, 14.79, 15.92, 16.78, 14.12, 12.58, 9.03, 9.70, 6.98, 9.56, 10.40, 11.14, 8.49, 6.40, 9.71, 10.46, 10.13, 12.50, 11.11, 14.06, 15.28, 14.14, 11.26, 8.75, 10.57, 9.93, 6.97, 9.89, 10.68, 7.44, 6.99, 3.82, 0.00, 3.82, 6.16, 9.85, 11.49, 14.89, 16.51, 16.23, 16.08, 13.46, 10.48, 8.02, 5.06, 5.57, 6.80, 5.83, 9.64, 10.19, 9.32, 11.24, 10.78, 14.29, 14.85, 15.15
 14.29, 11.15, 10.51, 10.46, 10.97, 12.95, 12.71, 15.36, 15.56, 15.25, 13.48, 14.69, 12.79, 14.57, 13.16, 12.68, 9.15, 8.19, 8.91, 11.66, 11.54, 14.88, 16.59, 16.98, 13.72, 11.91, 8.19, 8.15, 5.76, 8.14, 10.15, 10.42, 7.09, 6.89, 10.56, 10.42, 11.20, 14.06, 13.41, 16.41, 17.26, 16.56, 14.18, 11.13, 13.15, 13.27, 10.48, 13.53, 14.49, 11.17, 10.56, 6.97, 3.82, 0.00, 3.82, 7.11, 9.52, 12.68, 14.82, 14.10, 13.28, 10.50, 7.10, 4.99, 3.82, 6.41, 9.23, 9.09, 12.83, 12.48, 11.44, 13.49, 12.68, 15.68, 15.75, 15.15
 12.18, 9.40, 8.73, 7.62, 8.53, 10.37, 10.69, 13.90, 14.62, 14.36, 13.41, 14.85, 13.35, 15.94, 15.27, 14.59, 11.57, 9.94, 9.12, 10.95, 10.31, 13.12, 14.56, 14.23, 10.79, 8.47, 4.78, 4.59, 3.77, 7.06, 9.99, 11.30, 8.65, 8.67, 12.46, 12.96, 14.28, 16.69, 15.55, 18.00, 18.10, 16.99, 15.16, 11.67, 12.87, 13.64, 11.09, 14.34, 15.94, 13.08, 12.97, 9.63, 6.16, 3.82, 0.00, 3.81, 6.40, 9.22, 11.62, 11.55, 10.59, 8.67, 5.96, 6.02, 6.37, 7.81, 10.61, 9.97, 13.37, 12.22, 10.39, 12.10, 11.05, 13.41, 13.42, 12.48
 12.66, 10.84, 10.76, 8.70, 9.91, 10.91, 11.20, 14.87, 15.49, 14.63, 14.01, 14.93, 13.34, 16.49, 16.26, 15.01, 12.69, 11.11, 9.06, 10.30, 10.12, 12.53, 14.28, 13.32, 9.57, 7.31, 4.86, 4.58, 6.31, 8.90, 12.45, 13.81, 11.32, 12.10, 15.80, 16.06, 17.74, 20.24, 19.23, 21.54, 21.32, 20.19, 18.67, 15.05, 15.87, 16.89, 14.38, 17.45, 19.42, 16.77, 16.48, 13.05, 9.85, 7.11, 3.81, 0.00, 3.82, 5.80, 8.71, 8.56, 6.99, 5.85, 4.39, 6.76, 8.75, 10.10, 13.22, 13.00, 16.03, 14.11, 12.29, 14.01, 13.11, 14.67, 14.62, 13.12
 15.33, 13.55, 12.69, 9.74, 9.75, 9.33, 8.89, 12.68, 13.02, 11.81, 11.77, 12.75, 11.89, 15.45, 16.11, 15.28, 13.61, 11.22, 8.23, 7.98, 7.38, 9.17, 11.09, 10.11, 6.29, 5.26, 4.66, 6.64, 9.12, 12.22, 15.57, 17.29, 14.81, 15.04, 18.81, 19.31, 20.56, 23.03, 21.66, 23.90, 23.72, 22.07, 20.39, 16.98, 17.08, 17.68, 14.92, 17.44, 20.04, 17.93, 17.30, 14.08, 11.49, 9.52, 6.40, 3.82, 0.00, 3.83, 5.31, 5.47, 5.54, 5.28, 6.09, 8.31, 10.00, 10.10, 12.89, 13.05, 15.37, 12.68, 11.20, 13.28, 13.27, 14.54, 15.32, 14.38
 15.15, 14.29, 13.99, 10.81, 11.50, 10.92, 11.22, 14.98, 15.70, 14.51, 15.00, 15.74, 14.95, 18.65, 19.43, 18.20, 16.81, 14.74, 11.53, 10.92, 10.45, 11.26, 12.73, 10.72, 7.31, 5.99, 6.97, 7.75, 11.09, 13.51, 17.06, 18.95, 16.89, 17.54, 21.18, 21.74, 23.44, 25.76, 24.41, 26.37, 25.73, 24.13, 22.93, 19.36, 19.25, 20.38, 18.01, 20.65, 23.27, 21.22, 20.91, 17.74, 14.89, 12.68, 9.22, 5.80, 3.83, 0.00, 3.82, 5.27, 4.26, 6.53, 8.32, 11.42, 13.59, 13.92, 16.65, 16.54, 18.71, 15.90, 14.05, 15.50, 15.12, 15.50, 15.86, 14.35
 18.43, 17.33, 16.40, 12.86, 12.48, 10.69, 10.16, 13.60, 13.91, 12.39, 13.48, 14.18, 14.17, 17.97, 19.48, 18.70, 17.84, 15.25, 11.67, 9.81, 9.04, 8.76, 10.28, 8.32, 5.51, 6.37, 8.60, 10.61, 13.84, 16.72, 20.08, 22.13, 19.92, 20.13, 23.86, 24.54, 25.82, 28.18, 26.58, 28.55, 28.07, 26.08, 24.66, 21.34, 20.76, 21.41, 18.84, 20.92, 23.97, 22.37, 21.73, 18.79, 16.51, 14.82, 11.62, 8.71, 5.31, 3.82, 0.00, 3.82, 5.66, 7.95, 10.55, 13.14, 14.95, 14.42, 16.73, 16.98, 18.48, 15.16, 13.84, 15.57, 16.05, 16.30, 17.45, 16.59
 20.06, 18.74, 18.06, 14.89, 14.58, 13.10, 11.80, 15.22, 14.67, 12.32, 12.42, 12.15, 11.48, 15.28, 16.74, 15.60, 15.26, 13.01, 9.24, 7.62, 8.41, 9.18, 11.87, 11.00, 7.94, 8.99, 9.94, 11.87, 14.50, 17.37, 20.88, 22.35, 19.64, 20.20, 24.00, 24.11, 25.30, 28.05, 26.86, 29.26, 29.18, 27.48, 25.69, 22.38, 22.33, 22.65, 19.67, 21.67, 24.58, 22.66, 21.47, 18.24, 16.23, 14.10, 11.55, 8.56, 5.47, 5.27, 3.82, 0.00, 3.82, 5.28, 8.67, 11.23, 13.56, 13.44, 16.23, 17.25, 19.00, 15.73, 15.11, 17.51, 18.13, 19.02, 20.10, 19.12
 17.91, 17.04, 17.13, 14.33, 15.00, 14.42, 13.88, 17.59, 17.47, 15.43, 15.13, 14.81, 13.32, 16.95, 17.64, 15.82, 15.11, 13.61, 10.24, 9.99, 11.04, 12.45, 14.89, 13.60, 10.16, 9.75, 9.93, 10.62, 13.23, 15.46, 19.18, 20.36, 17.77, 18.97, 22.65, 22.50, 24.20, 26.98, 26.12, 28.51, 28.26, 26.97, 25.45, 21.90, 22.29, 23.11, 20.33, 22.86, 25.37, 23.02, 22.13, 18.63, 16.08, 13.28, 10.59, 6.99, 5.54, 4.26, 5.66, 3.82, 0.00, 3.82, 7.01, 10.46, 13.46, 14.34, 17.57, 18.28, 20.63, 17.76, 16.65, 18.73, 18.58, 19.43, 19.78, 18.12
 18.12, 16.61, 16.57, 14.25, 14.69, 14.49, 13.45, 17.04, 16.47, 14.28, 13.11, 12.53, 10.39, 13.79, 14.05, 12.15, 11.30, 10.01, 6.92, 7.79, 9.59, 12.06, 14.98, 14.54, 10.87, 10.50, 9.44, 10.33, 11.94, 14.36, 17.93, 18.64, 15.59, 16.77, 20.46, 19.96, 21.36, 24.40, 23.80, 26.53, 26.73, 25.63, 23.71, 20.30, 21.14, 21.56, 18.48, 20.94, 23.21, 20.63, 19.36, 15.72, 13.46, 10.50, 8.67, 5.85, 5.28, 6.53, 7.95, 5.28, 3.82, 0.00, 3.82, 6.90, 10.13, 11.41, 14.93, 16.10, 18.70, 16.15, 15.51, 18.06, 18.05, 19.63, 20.08, 18.68
 16.10, 14.22, 14.37, 12.79, 13.60, 14.30, 13.60, 17.09, 16.77, 15.10, 13.47, 13.34, 10.81, 13.68, 13.03, 11.13, 9.20, 8.43, 6.61, 8.96, 10.38, 13.49, 16.14, 15.93, 12.14, 10.95, 8.58, 8.77, 9.25, 11.44, 14.83, 15.16, 11.92, 13.26, 16.87, 16.18, 17.64, 20.73, 20.36, 23.22, 23.59, 22.80, 20.82, 17.44, 18.80, 19.27, 16.28, 19.04, 20.82, 17.88, 16.77, 13.00, 10.48, 7.10, 5.96, 4.39, 6.09, 8.32, 10.55, 8.67, 7.01, 3.82, 0.00, 3.82, 7.29, 9.55, 13.26, 14.16, 17.29, 15.42, 14.59, 17.03, 16.59, 18.63, 18.75, 17.33
 17.46, 14.91, 14.58, 13.57, 13.83, 14.73, 13.57, 16.56, 15.86, 14.34, 12.02, 11.97, 9.22, 11.35, 10.09, 8.72, 5.96, 5.27, 5.18, 8.60, 10.06, 13.71, 16.40, 16.97, 13.43, 12.52, 9.57, 10.22, 9.42, 11.81, 14.55, 14.49, 10.87, 11.66, 15.17, 14.25, 15.04, 18.35, 18.11, 21.30, 22.24, 21.52, 19.05, 16.06, 17.74, 17.60, 14.37, 16.85, 18.33, 15.27, 13.68, 9.87, 8.02, 4.99, 6.02, 6.76, 8.31, 11.42, 13.14, 11.23, 10.46, 6.90, 3.82, 0.00, 3.82, 6.77, 10.54, 11.92, 15.17, 13.85, 13.63, 16.42, 16.28, 18.97, 19.36, 18.48
 17.97, 14.83, 13.78, 13.20, 12.79, 13.88, 12.55, 14.91, 14.17, 13.26, 10.77, 11.50, 9.42, 10.83, 9.44, 9.46, 6.08, 4.50, 6.15, 9.26, 9.80, 13.50, 15.77, 16.90, 13.79, 13.01, 9.77, 10.91, 9.24, 11.94, 13.87, 13.95, 10.43, 10.03, 13.41, 12.87, 12.80, 15.99, 15.44, 18.72, 20.07, 19.16, 16.28, 13.74, 15.44, 14.69, 11.30, 13.49, 14.78, 11.77, 9.90, 6.11, 5.06, 3.82, 6.37, 8.75, 10.00, 13.59, 14.95, 13.56, 13.46, 10.13, 7.29, 3.82, 0.00, 3.82, 7.23, 8.69, 12.01, 11.38, 11.53, 14.42, 14.58, 17.77, 18.50, 18.29
 19.42, 16.07, 14.14, 13.08, 11.57, 11.92, 9.91, 11.69, 10.61, 9.97, 7.62, 9.28, 8.46, 9.91, 9.67, 10.90, 8.30, 5.15, 6.20, 7.93, 7.43, 10.88, 12.89, 14.63, 12.09, 12.08, 9.43, 11.70, 10.55, 13.86, 15.54, 16.31, 13.19, 11.85, 15.18, 15.37, 14.72, 17.46, 16.20, 19.20, 20.59, 19.02, 15.92, 13.76, 14.62, 13.22, 9.48, 10.92, 12.92, 10.69, 8.43, 5.27, 5.57, 6.41, 7.81, 10.10, 10.10, 13.92, 14.42, 13.44, 14.34, 11.41, 9.55, 6.77, 3.82, 0.00, 3.81, 6.05, 8.74, 7.79, 8.71, 12.08, 13.15, 16.43, 17.92, 18.42
 21.15, 17.57, 15.00, 14.17, 11.88, 12.02, 9.83, 10.32, 9.16, 9.56, 7.69, 10.28, 10.62, 11.36, 11.49, 13.63, 11.27, 8.23, 9.51, 10.31, 8.86, 11.50, 12.69, 15.00, 13.30, 13.62, 11.37, 13.90, 12.58, 15.86, 16.86, 17.91, 15.23, 13.03, 15.89, 16.62, 15.25, 17.46, 15.68, 18.41, 20.05, 18.09, 14.70, 13.33, 13.67, 11.39, 7.64, 7.88, 10.12, 8.78, 6.17, 4.76, 6.80, 9.23, 10.61, 13.22, 12.89, 16.65, 16.73, 16.23, 17.57, 14.93, 13.26, 10.54, 7.23, 3.81, 0.00, 3.82, 5.43, 5.54, 7.50, 10.79, 12.56, 16.04, 18.04, 19.30
 18.73, 15.05, 12.08, 11.64, 9.24, 10.09, 9.00, 9.30, 9.60, 11.17, 10.42, 13.48, 13.89, 15.04, 15.01, 16.74, 13.92, 11.12, 11.96, 12.67, 10.43, 12.52, 12.76, 14.47, 12.99, 12.56, 10.21, 12.39, 10.83, 13.96, 14.44, 16.04, 14.01, 11.20, 13.87, 15.42, 14.21, 15.76, 13.35, 15.58, 16.85, 14.57, 11.35, 10.01, 9.92, 7.66, 3.88, 5.00, 7.46, 6.26, 5.40, 4.88, 5.83, 9.09, 9.97, 13.00, 13.05, 16.54, 16.98, 17.25, 18.28, 16.10, 14.16, 11.92, 8.69, 6.05, 3.82, 0.00, 3.82, 5.21, 5.36, 7.75, 9.16, 12.82, 14.76, 16.37
 21.65, 18.05, 14.71, 13.96, 10.83, 10.71, 9.14, 7.85, 7.95, 10.40, 10.38, 13.88, 15.23, 16.13, 16.74, 19.02, 16.66, 13.55, 14.19, 14.05, 11.33, 12.49, 12.01, 14.31, 13.81, 14.14, 12.66, 15.30, 14.22, 17.42, 17.73, 19.57, 17.76, 14.77, 17.14, 18.91, 17.35, 18.53, 15.80, 17.58, 18.86, 16.11, 12.96, 12.42, 11.38, 8.41, 5.54, 3.74, 7.28, 8.01, 7.12, 8.06, 9.64, 12.83, 13.37, 16.03, 15.37, 18.71, 18.48, 19.00, 20.63, 18.70, 17.29, 15.17, 12.01, 8.74, 5.43, 3.82, 0.00, 3.84, 5.48, 7.57, 10.20, 13.47, 16.13, 18.38
 21.34, 18.00, 14.78, 13.08, 9.71, 8.48, 5.91, 4.97, 4.46, 6.79, 7.45, 11.19, 12.93, 14.50, 15.77, 17.81, 15.87, 12.30, 11.98, 11.05, 7.91, 8.67, 8.34, 10.89, 10.44, 11.48, 10.65, 13.92, 13.73, 17.34, 18.42, 20.45, 18.33, 15.89, 18.83, 20.38, 19.36, 20.96, 18.42, 20.33, 21.24, 18.46, 15.62, 14.28, 13.09, 10.94, 7.82, 7.30, 10.94, 11.06, 9.89, 9.43, 10.19, 12.48, 12.22, 14.11, 12.68, 15.90, 15.16, 15.73, 17.76, 16.15, 15.42, 13.85, 11.38, 7.79, 5.54, 5.21, 3.84, 0.00, 3.83, 7.19, 10.26, 13.05, 15.95, 17.87
 17.95, 14.74, 11.35, 9.51, 5.97, 5.25, 4.35, 4.60, 6.58, 9.01, 10.12, 13.68, 14.87, 16.98, 17.88, 19.30, 16.92, 13.57, 12.84, 12.17, 8.78, 9.38, 8.40, 9.61, 8.92, 8.90, 8.07, 11.06, 11.12, 14.62, 15.67, 18.18, 16.53, 14.07, 17.05, 19.03, 18.56, 19.86, 17.07, 18.60, 18.89, 15.99, 13.68, 11.85, 10.25, 9.01, 6.41, 7.38, 10.84, 10.64, 10.68, 9.89, 9.32, 11.44, 10.39, 12.29, 11.20, 14.05, 13.84, 15.11, 16.65, 15.51, 14.59, 13.63, 11.53, 8.71, 7.50, 5.36, 5.48, 3.83, 0.00, 3.81, 6.58, 9.31, 12.13, 14.10
 16.81, 13.81, 10.08, 8.60, 4.99, 5.12, 6.57, 6.17, 9.37, 12.31, 13.86, 17.43, 18.60, 20.77, 21.51, 22.79, 20.16, 17.02, 16.29, 15.67, 12.21, 12.26, 10.37, 10.62, 10.56, 9.75, 9.35, 11.55, 11.66, 14.63, 15.11, 18.14, 17.26, 14.54, 17.06, 19.67, 19.38, 20.01, 16.80, 17.56, 17.24, 13.96, 12.35, 10.77, 8.13, 7.59, 6.70, 7.84, 10.85, 11.21, 12.43, 12.23, 11.24, 13.49, 12.10, 14.01, 13.28, 15.50, 15.57, 17.51, 18.73, 18.06, 17.03, 16.42, 14.42, 12.08, 10.79, 7.75, 7.57, 7.19, 3.81, 0.00, 3.82, 6.09, 9.31, 12.02
 13.34, 10.41, 6.62, 5.89, 3.64, 6.24, 8.95, 9.67, 12.80, 15.28, 16.43, 19.73, 20.27, 22.57, 22.81, 23.61, 20.62, 17.93, 17.28, 17.25, 14.16, 14.69, 13.17, 12.57, 11.81, 9.74, 8.73, 9.67, 9.49, 11.81, 11.94, 15.29, 15.02, 12.41, 14.69, 17.60, 17.84, 18.16, 14.98, 15.39, 14.47, 11.37, 10.48, 8.30, 5.61, 6.92, 7.06, 9.52, 11.52, 11.15, 13.18, 12.67, 10.78, 12.68, 11.05, 13.11, 13.27, 15.12, 16.05, 18.13, 18.58, 18.05, 16.59, 16.28, 14.58, 13.15, 12.56, 9.16, 10.20, 10.26, 6.58, 3.82, 0.00, 3.82, 5.93, 8.59
 13.19, 11.18, 7.86, 6.59, 5.25, 6.86, 10.40, 11.07, 14.64, 17.18, 18.91, 22.19, 22.90, 25.52, 26.00, 26.60, 23.75, 21.00, 19.85, 19.42, 16.18, 16.01, 13.92, 12.43, 12.28, 10.06, 10.25, 10.81, 11.60, 13.46, 13.71, 17.39, 17.56, 15.34, 17.46, 20.49, 21.11, 21.21, 18.01, 17.90, 16.29, 13.15, 13.22, 11.15, 8.17, 10.13, 10.82, 12.92, 14.93, 14.86, 16.99, 16.42, 14.29, 15.68, 13.41, 14.67, 14.54, 15.50, 16.30, 19.02, 19.43, 19.63, 18.63, 18.97, 17.77, 16.43, 16.04, 12.82, 13.47, 13.05, 9.31, 6.09, 3.82, 0.00, 3.83, 7.13
 9.97, 8.54, 6.01, 5.96, 6.94, 9.59, 13.24, 14.51, 17.90, 20.09, 21.44, 24.45, 24.64, 27.31, 27.37, 27.55, 24.47, 22.18, 21.13, 21.20, 18.37, 18.65, 17.01, 15.16, 14.38, 11.37, 11.01, 10.19, 10.75, 11.55, 11.48, 15.30, 16.14, 14.32, 16.06, 19.17, 20.35, 20.21, 17.27, 16.85, 14.63, 12.05, 12.96, 10.53, 8.26, 11.35, 12.44, 15.17, 16.52, 15.85, 18.36, 17.53, 14.85, 15.75, 13.42, 14.62, 15.32, 15.86, 17.45, 20.10, 19.78, 20.08, 18.75, 19.36, 18.50, 17.92, 18.04, 14.76, 16.13, 15.95, 12.13, 9.31, 5.93, 3.83, 0.00, 3.82
 6.56, 6.17, 5.40, 5.44, 8.24, 11.07, 14.62, 16.69, 19.77, 21.37, 22.42, 25.01, 24.71, 27.57, 27.40, 27.05, 23.97, 22.06, 20.83, 21.21, 18.88, 19.48, 18.40, 16.17, 14.70, 11.15, 10.57, 8.59, 9.54, 9.53, 10.05, 13.76, 14.74, 13.81, 15.66, 18.36, 20.22, 20.35, 17.95, 17.81, 15.43, 13.66, 14.69, 11.66, 10.54, 13.87, 14.47, 17.68, 18.89, 17.53, 19.84, 18.38, 15.15, 15.15, 12.48, 13.12, 14.38, 14.35, 16.59, 19.12, 18.12, 18.68, 17.33, 18.48, 18.29, 18.42, 19.30, 16.37, 18.38, 17.87, 14.10, 12.02, 8.59, 7.13, 3.82, 0.00
