 0.00, 3.80, 6.58, 10.25, 13.11, 16.47, 19.54, 23.15, 24.21, 22.17, 19.74, 16.03, 13.72, 10.16, 8.21, 5.51, 5.36, 5.89, 7.96, 10.83, 10.97, 14.06, 14.83, 17.11, 14.44, 12.48, 15.97, 16.70, 13.81, 15.24, 18.68, 17.91, 16.78, 19.18, 21.71, 21.88, 23.24, 21.33, 24.61, 24.62, 21.18, 21.12, 17.74, 18.23, 16.30, 18.41, 21.44, 20.88, 20.87, 18.20, 20.00, 19.25, 19.70, 17.47, 13.83, 11.12, 11.92, 15.51, 15.00, 13.10, 10.27, 8.10, 5.39, 7.40, 9.64, 12.05, 13.67, 17.18, 18.56, 22.32, 24.27, 27.10, 29.54, 32.17, 35.46, 37.06
 3.80, 0.00, 3.80, 6.90, 10.08, 13.21, 16.34, 19.95, 20.73, 18.54, 16.08, 12.36, 10.22, 6.62, 5.69, 4.70, 6.32, 8.50, 10.33, 13.35, 12.60, 15.09, 14.93, 17.14, 14.66, 11.94, 14.90, 15.90, 12.70, 13.29, 16.93, 16.36, 14.57, 16.55, 19.46, 19.65, 21.51, 20.00, 23.28, 22.76, 19.35, 19.42, 16.13, 16.64, 15.05, 17.36, 20.20, 20.08, 19.92, 17.70, 19.93, 19.37, 20.53, 18.51, 15.22, 12.18, 13.80, 16.98, 15.74, 14.22, 10.75, 9.00, 5.79, 5.54, 7.98, 9.55, 11.51, 14.68, 16.06, 19.87, 21.87, 24.99, 27.34, 30.23, 33.32, 34.67
 6.58, 3.80, 0.00, 3.82, 6.78, 9.95, 13.18, 16.68, 17.91, 15.89, 13.81, 10.06, 8.47, 5.82, 5.51, 6.53, 7.21, 9.51, 10.29, 13.46, 12.27, 13.91, 12.92, 15.44, 13.68, 10.39, 12.91, 14.73, 11.98, 11.70, 15.52, 15.80, 14.00, 15.22, 18.04, 17.59, 19.46, 17.78, 20.76, 19.94, 16.38, 16.07, 12.67, 12.96, 11.49, 13.99, 16.63, 16.65, 16.48, 14.62, 17.24, 17.14, 18.76, 16.70, 13.88, 10.56, 12.77, 15.36, 13.51, 12.55, 8.76, 8.13, 6.03, 4.65, 5.27, 5.98, 7.72, 10.94, 12.56, 16.36, 18.64, 21.75, 24.32, 27.32, 30.34, 31.54
 10.25, 6.90, 3.82, 0.00, 3.82, 6.35, 9.73, 13.17, 14.20, 12.07, 10.14, 6.40, 5.71, 4.62, 6.37, 9.01, 10.29, 13.01, 13.66, 16.65, 14.97, 15.93, 14.10, 16.35, 15.05, 11.38, 12.88, 15.01, 12.38, 10.92, 14.66, 15.40, 13.04, 13.39, 16.45, 15.82, 18.20, 16.99, 19.75, 18.28, 14.86, 14.62, 11.56, 11.80, 11.02, 13.62, 15.75, 16.30, 15.93, 14.80, 17.75, 17.92, 20.18, 18.44, 16.18, 12.98, 15.60, 17.63, 15.27, 14.83, 11.03, 11.01, 9.23, 6.55, 6.24, 4.52, 6.28, 8.50, 10.12, 13.82, 16.20, 19.60, 22.08, 25.34, 28.08, 28.95
 13.11, 10.08, 6.78, 3.82, 0.00, 3.84, 6.47, 10.08, 11.53, 10.24, 8.45, 5.46, 5.12, 6.29, 7.58, 10.88, 11.71, 14.57, 14.96, 17.45, 15.17, 15.26, 12.69, 14.56, 13.93, 10.16, 10.58, 13.15, 11.19, 8.81, 12.27, 13.82, 11.71, 11.19, 13.88, 12.66, 15.03, 13.93, 16.42, 14.64, 11.30, 11.21, 8.61, 9.46, 9.91, 13.03, 14.30, 14.63, 13.60, 12.84, 15.73, 15.95, 18.75, 17.51, 15.94, 13.22, 16.40, 17.75, 15.33, 15.82, 12.24, 13.31, 12.32, 10.01, 8.59, 5.56, 4.86, 5.69, 6.44, 10.14, 12.39, 15.82, 18.27, 21.58, 24.28, 25.15
 16.47, 13.21, 9.95, 6.35, 3.84, 0.00, 3.81, 6.85, 8.33, 6.79, 6.13, 4.30, 6.48, 8.83, 11.03, 14.47, 15.52, 18.31, 18.47, 21.07, 18.84, 18.62, 15.70, 17.48, 17.30, 13.59, 13.32, 16.03, 14.36, 11.38, 14.30, 16.19, 13.77, 12.29, 14.97, 13.47, 16.20, 15.59, 17.50, 14.99, 12.04, 11.65, 9.71, 9.86, 10.74, 13.29, 14.01, 15.14, 14.31, 14.55, 17.70, 18.40, 21.48, 20.31, 19.13, 16.38, 19.44, 20.43, 17.59, 18.18, 14.79, 15.89, 15.01, 12.14, 10.47, 6.77, 6.30, 4.97, 6.04, 8.91, 11.50, 15.11, 17.52, 21.11, 23.34, 23.65
 19.54, 16.34, 13.18, 9.73, 6.47, 3.81, 0.00, 3.83, 5.50, 5.81, 5.57, 6.06, 7.99, 11.21, 13.14, 16.80, 17.80, 20.75, 20.98, 23.15, 20.50, 19.76, 16.48, 17.59, 17.86, 14.42, 13.11, 15.72, 14.66, 11.12, 13.17, 15.58, 13.38, 10.95, 13.08, 11.18, 14.04, 14.04, 15.48, 12.46, 10.19, 10.37, 9.74, 10.62, 12.64, 15.33, 15.15, 16.05, 14.53, 15.16, 17.93, 18.49, 21.95, 21.37, 20.73, 18.49, 21.85, 22.43, 19.74, 20.90, 17.70, 19.23, 18.52, 15.83, 14.05, 10.32, 8.84, 6.14, 5.01, 6.59, 8.48, 12.21, 14.23, 17.93, 19.90, 20.08
 23.15, 19.95, 16.68, 13.17, 10.08, 6.85, 3.83, 0.00, 3.82, 5.57, 7.36, 9.08, 11.59, 14.90, 16.96, 20.61, 21.53, 24.35, 24.30, 26.46, 23.85, 22.79, 19.30, 20.34, 21.07, 17.78, 16.09, 18.80, 18.15, 14.49, 16.01, 18.68, 16.61, 13.70, 15.34, 13.13, 15.79, 16.07, 16.71, 13.24, 11.69, 11.46, 11.65, 11.96, 14.30, 16.42, 15.55, 16.89, 15.50, 16.96, 19.73, 20.71, 24.30, 23.82, 23.59, 21.44, 24.71, 24.90, 22.01, 23.37, 20.44, 22.15, 21.70, 18.88, 16.83, 13.01, 11.47, 8.05, 7.07, 6.56, 8.32, 11.62, 13.48, 17.25, 18.60, 18.09
 24.21, 20.73, 17.91, 14.20, 11.53, 8.33, 5.50, 3.82, 0.00, 3.77, 5.57, 8.68, 11.35, 14.96, 17.49, 21.26, 22.76, 25.92, 26.36, 28.56, 25.83, 25.09, 21.77, 22.51, 22.79, 19.51, 17.82, 19.96, 18.92, 15.20, 16.45, 18.64, 16.10, 12.99, 14.92, 13.49, 16.70, 17.71, 18.66, 15.14, 14.04, 14.58, 14.80, 15.44, 17.55, 19.74, 19.18, 20.56, 19.11, 20.25, 22.91, 23.47, 27.07, 26.72, 26.21, 23.99, 27.31, 27.86, 25.06, 26.15, 22.94, 24.22, 23.22, 20.14, 18.72, 14.98, 14.07, 11.13, 10.01, 9.88, 10.69, 14.02, 15.04, 18.80, 19.81, 19.13
 22.17, 18.54, 15.89, 12.07, 10.24, 6.79, 5.81, 5.57, 3.77, 0.00, 3.77, 6.40, 9.83, 13.06, 16.10, 19.73, 21.50, 24.61, 25.11, 27.69, 25.28, 25.02, 21.95, 23.17, 23.03, 19.48, 18.50, 20.69, 19.05, 15.61, 17.57, 19.31, 16.35, 13.86, 16.51, 15.47, 18.83, 19.44, 20.87, 17.61, 15.83, 16.01, 15.31, 15.44, 16.77, 18.71, 18.79, 20.52, 19.64, 20.56, 23.57, 24.23, 27.61, 26.78, 25.81, 23.16, 26.22, 27.15, 24.19, 24.74, 21.39, 22.17, 20.87, 17.52, 16.45, 12.90, 12.93, 10.65, 10.69, 11.63, 13.28, 16.83, 18.29, 22.07, 23.34, 22.76
 19.74, 16.08, 13.81, 10.14, 8.45, 6.13, 5.57, 7.36, 5.57, 3.77, 0.00, 3.81, 6.56, 10.02, 13.05, 16.74, 18.82, 22.18, 23.15, 25.56, 23.00, 23.03, 20.23, 21.19, 20.57, 17.09, 16.28, 18.01, 16.00, 12.72, 14.76, 16.04, 12.85, 10.67, 13.74, 13.31, 16.88, 17.64, 19.64, 16.73, 14.84, 15.67, 14.77, 15.60, 16.86, 19.33, 19.81, 21.00, 19.78, 20.01, 22.76, 22.88, 26.15, 25.47, 24.20, 21.65, 24.85, 26.12, 23.51, 23.97, 20.39, 20.95, 19.27, 16.09, 15.53, 12.22, 12.32, 10.75, 10.30, 12.06, 13.26, 17.01, 18.27, 21.96, 23.61, 23.59
 16.03, 12.36, 10.06, 6.40, 5.46, 4.30, 6.06, 9.08, 8.68, 6.40, 3.81, 0.00, 3.79, 6.67, 9.86, 13.41, 15.45, 18.70, 19.67, 22.28, 19.98, 20.37, 17.86, 19.25, 18.31, 14.67, 14.63, 16.49, 14.07, 11.27, 14.12, 15.14, 11.99, 10.81, 14.17, 13.76, 17.04, 17.10, 19.51, 17.09, 14.51, 15.01, 13.25, 13.92, 14.52, 17.08, 18.17, 19.21, 18.27, 18.03, 20.91, 21.01, 23.97, 22.93, 21.28, 18.50, 21.53, 23.09, 20.55, 20.67, 16.99, 17.30, 15.48, 12.35, 12.00, 8.99, 9.64, 9.18, 9.52, 12.31, 14.08, 17.86, 19.64, 23.23, 25.36, 25.70
 13.72, 10.22, 8.47, 5.71, 5.12, 6.48, 7.99, 11.59, 11.35, 9.83, 6.56, 3.79, 0.00, 3.79, 6.53, 10.21, 12.49, 16.01, 17.50, 19.80, 17.29, 17.97, 15.85, 16.90, 15.42, 11.96, 12.24, 13.53, 10.70, 8.36, 11.44, 11.89, 8.73, 8.50, 12.02, 12.18, 15.30, 15.28, 18.23, 16.41, 13.77, 14.86, 13.00, 14.43, 15.01, 18.04, 19.35, 19.71, 18.40, 17.39, 19.83, 19.31, 22.07, 21.24, 19.33, 16.83, 19.97, 21.84, 19.81, 19.95, 16.18, 16.41, 14.35, 11.83, 11.95, 9.60, 9.94, 10.35, 10.07, 13.29, 14.53, 18.17, 19.78, 23.11, 25.60, 26.47
 10.16, 6.62, 5.82, 4.62, 6.29, 8.83, 11.21, 14.90, 14.96, 13.06, 10.02, 6.67, 3.79, 0.00, 3.80, 6.95, 9.65, 13.11, 14.95, 17.43, 15.35, 16.76, 15.34, 16.73, 14.65, 11.32, 12.74, 13.75, 10.39, 9.35, 12.83, 12.56, 9.73, 10.85, 14.25, 14.68, 17.35, 16.81, 20.06, 18.79, 15.84, 16.67, 14.18, 15.38, 15.15, 18.06, 20.00, 20.17, 19.22, 17.65, 20.02, 19.33, 21.56, 20.36, 17.88, 15.18, 17.94, 20.34, 18.60, 18.17, 14.36, 13.93, 11.38, 9.24, 10.27, 9.13, 10.27, 11.95, 12.34, 15.93, 17.43, 20.91, 22.75, 25.91, 28.65, 29.75
 8.21, 5.69, 5.51, 6.37, 7.58, 11.03, 13.14, 16.96, 17.49, 16.10, 13.05, 9.86, 6.53, 3.80, 0.00, 3.80, 6.20, 9.89, 12.12, 14.16, 11.89, 13.57, 12.69, 13.90, 11.36, 8.39, 10.53, 11.11, 7.62, 7.86, 11.39, 10.81, 8.96, 11.01, 13.80, 14.25, 16.24, 15.22, 18.72, 18.17, 15.16, 16.15, 13.60, 15.28, 15.03, 18.20, 20.18, 19.66, 18.46, 16.22, 18.06, 16.89, 18.74, 17.69, 15.02, 12.74, 15.57, 18.09, 16.97, 16.71, 13.11, 12.91, 10.68, 9.80, 10.68, 10.27, 10.68, 12.90, 12.93, 16.58, 17.80, 20.92, 22.78, 25.59, 28.66, 30.20
 5.51, 4.70, 6.53, 9.01, 10.88, 14.47, 16.80, 20.61, 21.26, 19.73, 16.74, 13.41, 10.21, 6.95, 3.80, 0.00, 3.76, 7.17, 10.17, 12.03, 10.39, 12.99, 13.19, 14.48, 11.39, 9.28, 12.28, 12.33, 8.94, 10.53, 13.74, 12.57, 11.41, 14.13, 16.58, 17.23, 18.74, 17.38, 20.96, 20.95, 17.91, 18.74, 15.98, 17.50, 16.71, 19.64, 22.00, 21.20, 20.24, 17.53, 19.02, 17.59, 18.70, 17.43, 14.24, 12.16, 14.34, 17.38, 16.87, 16.12, 12.85, 12.03, 9.63, 9.98, 11.54, 12.31, 13.03, 15.82, 16.13, 19.81, 21.06, 23.96, 25.88, 28.46, 31.70, 33.46
 5.36, 6.32, 7.21, 10.29, 11.71, 15.52, 17.80, 21.53, 22.76, 21.50, 18.82, 15.45, 12.49, 9.65, 6.20, 3.76, 0.00, 3.78, 6.69, 8.31, 6.78, 9.67, 10.47, 12.13, 9.16, 7.57, 11.20, 11.56, 9.03, 11.10, 14.20, 13.56, 13.28, 15.83, 17.71, 17.79, 18.62, 16.57, 19.95, 20.42, 17.24, 17.69, 14.79, 16.27, 15.28, 18.18, 20.53, 19.23, 18.32, 15.22, 16.35, 14.89, 15.51, 14.04, 10.68, 8.90, 10.97, 13.99, 13.98, 13.44, 10.63, 10.38, 9.07, 10.50, 11.25, 12.45, 12.56, 15.68, 16.06, 19.64, 20.97, 23.47, 25.66, 27.97, 31.41, 33.38
 5.89, 8.50, 9.51, 13.01, 14.57, 18.31, 20.75, 24.35, 25.92, 24.61, 22.18, 18.70, 16.01, 13.11, 9.89, 7.17, 3.78, 0.00, 3.81, 5.24, 5.47, 9.01, 10.88, 12.91, 10.26, 9.59, 13.39, 13.87, 12.03, 14.33, 17.23, 16.73, 16.87, 19.39, 21.02, 20.84, 21.22, 18.73, 21.84, 22.69, 19.44, 19.44, 16.39, 17.46, 15.97, 18.42, 20.99, 19.40, 18.89, 15.54, 16.33, 15.02, 14.73, 12.79, 9.06, 7.65, 8.53, 11.91, 12.65, 11.74, 9.83, 9.45, 9.05, 11.65, 12.23, 14.22, 14.35, 17.76, 18.47, 21.93, 23.45, 25.64, 28.05, 30.14, 33.70, 35.78
 7.96, 10.33, 10.29, 13.66, 14.96, 18.47, 20.98, 24.30, 26.36, 25.11, 23.15, 19.67, 17.50, 14.95, 12.12, 10.17, 6.69, 3.81, 0.00, 3.80, 5.43, 8.07, 9.91, 12.72, 11.09, 10.36, 13.98, 15.24, 14.05, 15.86, 18.82, 19.00, 19.22, 21.25, 22.73, 21.94, 22.07, 19.12, 21.77, 22.65, 19.23, 18.53, 15.29, 15.79, 13.89, 15.92, 18.53, 16.77, 16.71, 13.41, 14.28, 13.66, 13.02, 10.32, 6.52, 4.76, 4.74, 8.26, 9.19, 8.27, 7.18, 7.60, 8.79, 11.73, 11.38, 13.63, 13.47, 16.99, 18.10, 21.35, 23.21, 25.13, 27.91, 29.92, 33.49, 35.48
 10.83, 13.35, 13.46, 16.65, 17.45, 21.07, 23.15, 26.46, 28.56, 27.69, 25.56, 22.28, 19.80, 17.43, 14.16, 12.03, 8.31, 5.24, 3.80, 0.00, 3.80, 6.47, 9.55, 11.59, 9.98, 10.61, 14.04, 14.73, 14.22, 16.61, 18.98, 19.04, 19.98, 22.21, 23.14, 22.41, 21.94, 18.84, 21.38, 22.87, 19.80, 19.39, 16.65, 17.67, 16.28, 18.48, 20.64, 18.31, 17.79, 14.14, 13.97, 12.66, 11.18, 9.09, 5.54, 6.26, 6.11, 8.63, 10.81, 10.75, 10.42, 11.31, 12.53, 15.41, 14.97, 16.86, 16.12, 19.33, 19.88, 22.86, 24.25, 25.77, 28.32, 29.92, 33.62, 35.94
 10.97, 12.60, 12.27, 14.97, 15.17, 18.84, 20.50, 23.85, 25.83, 25.28, 23.00, 19.98, 17.29, 15.35, 11.89, 10.39, 6.78, 5.47, 5.43, 3.80, 0.00, 3.77, 6.65, 8.20, 6.22, 7.03, 10.39, 10.93, 10.66, 13.10, 15.26, 15.46, 16.63, 18.77, 19.47, 18.74, 18.20, 15.20, 17.93, 19.46, 16.54, 16.61, 14.19, 15.90, 15.26, 18.06, 19.82, 17.40, 16.17, 12.43, 12.13, 10.18, 9.53, 8.33, 5.21, 6.12, 8.02, 9.93, 11.45, 12.19, 10.98, 12.39, 13.12, 15.26, 14.61, 15.70, 14.43, 17.26, 17.21, 20.12, 21.13, 22.66, 24.99, 26.57, 30.27, 32.68
 14.06, 15.09, 13.91, 15.93, 15.26, 18.62, 19.76, 22.79, 25.09, 25.02, 23.03, 20.37, 17.97, 16.76, 13.57, 12.99, 9.67, 9.01, 8.07, 6.47, 3.77, 0.00, 3.79, 5.29, 5.18, 6.53, 8.85, 9.99, 10.92, 12.79, 14.48, 15.49, 17.04, 18.58, 18.74, 17.41, 16.31, 12.91, 15.11, 16.94, 14.22, 14.11, 12.21, 14.19, 14.18, 17.10, 18.20, 15.33, 13.61, 9.79, 8.74, 6.49, 5.93, 5.42, 3.93, 6.27, 8.78, 9.20, 10.71, 12.61, 11.75, 14.13, 15.40, 17.12, 15.70, 16.14, 14.03, 16.29, 15.83, 18.22, 19.01, 20.04, 22.42, 23.71, 27.45, 29.96
 14.83, 14.93, 12.92, 14.10, 12.69, 15.70, 16.48, 19.30, 21.77, 21.95, 20.23, 17.86, 15.85, 15.34, 12.69, 13.19, 10.47, 10.88, 9.91, 9.55, 6.65, 3.79, 0.00, 3.83, 5.32, 5.03, 6.28, 8.69, 9.91, 10.67, 12.45, 14.26, 15.51, 16.35, 16.49, 14.62, 13.66, 10.13, 12.16, 13.56, 10.62, 10.32, 8.54, 10.89, 11.58, 14.84, 15.47, 12.69, 10.45, 6.81, 6.32, 4.48, 6.26, 6.02, 5.77, 6.69, 10.12, 10.00, 10.26, 12.72, 11.34, 14.23, 15.47, 16.40, 14.44, 14.04, 11.33, 13.03, 12.28, 14.48, 15.30, 16.38, 18.93, 20.44, 24.13, 26.46
 17.11, 17.14, 15.44, 16.35, 14.56, 17.48, 17.59, 20.34, 22.51, 23.17, 21.19, 19.25, 16.90, 16.73, 13.90, 14.48, 12.13, 12.91, 12.72, 11.59, 8.20, 5.29, 3.83, 0.00, 3.81, 5.51, 5.20, 6.38, 8.89, 10.04, 10.65, 12.45, 14.54, 15.42, 14.76, 13.08, 11.37, 7.87, 10.02, 12.24, 10.16, 11.02, 10.44, 13.51, 14.89, 18.28, 18.50, 15.63, 12.79, 9.52, 7.96, 4.54, 6.50, 8.23, 8.62, 10.27, 13.49, 13.33, 13.99, 16.48, 15.07, 17.73, 18.58, 19.38, 17.71, 16.98, 14.13, 15.25, 13.59, 15.33, 15.20, 15.86, 17.77, 18.81, 22.59, 25.31
 14.44, 14.66, 13.68, 15.05, 13.93, 17.30, 17.86, 21.07, 22.79, 23.03, 20.57, 18.31, 15.42, 14.65, 11.36, 11.39, 9.16, 10.26, 11.09, 9.98, 6.22, 5.18, 5.32, 3.81, 0.00, 3.78, 5.36, 5.02, 6.34, 8.72, 9.79, 10.48, 12.51, 14.26, 14.10, 13.33, 12.31, 9.52, 12.55, 14.38, 12.13, 13.39, 12.18, 15.15, 15.99, 19.47, 20.32, 17.81, 15.37, 11.95, 11.14, 8.04, 9.14, 10.05, 8.94, 10.03, 13.17, 14.06, 14.83, 16.54, 14.68, 16.62, 16.83, 17.79, 16.83, 16.50, 14.33, 16.00, 14.59, 16.99, 16.99, 18.29, 20.00, 21.35, 25.06, 27.72
 12.48, 11.94, 10.39, 11.38, 10.16, 13.59, 14.42, 17.78, 19.51, 19.48, 17.09, 14.67, 11.96, 11.32, 8.39, 9.28, 7.57, 9.59, 10.36, 10.61, 7.03, 6.53, 5.03, 5.51, 3.78, 0.00, 3.81, 5.38, 5.11, 6.35, 8.71, 9.83, 10.76, 12.16, 12.80, 11.82, 11.77, 9.18, 12.42, 13.25, 10.34, 11.35, 9.53, 12.37, 13.15, 16.77, 17.79, 15.80, 13.56, 10.48, 10.91, 8.83, 10.81, 10.78, 9.26, 8.88, 12.49, 13.66, 13.47, 14.94, 12.44, 14.34, 14.28, 14.68, 13.59, 12.90, 10.80, 12.55, 11.40, 14.25, 14.78, 16.70, 18.73, 20.69, 24.26, 26.51
 15.97, 14.90, 12.91, 12.88, 10.58, 13.32, 13.11, 16.09, 17.82, 18.50, 16.28, 14.63, 12.24, 12.74, 10.53, 12.28, 11.20, 13.39, 13.98, 14.04, 10.39, 8.85, 6.28, 5.20, 5.36, 3.81, 0.00, 3.82, 5.45, 5.07, 6.23, 8.62, 9.97, 10.40, 10.21, 8.58, 8.10, 5.42, 8.79, 9.61, 7.14, 9.06, 8.50, 12.05, 13.89, 17.64, 17.90, 15.87, 12.94, 10.47, 10.57, 8.40, 11.32, 12.19, 11.76, 11.77, 15.51, 16.00, 15.56, 17.59, 15.17, 17.43, 17.45, 17.30, 15.84, 14.31, 11.56, 12.14, 9.92, 12.05, 11.78, 13.43, 15.14, 16.99, 20.57, 22.93
 16.70, 15.90, 14.73, 15.01, 13.15, 16.03, 15.72, 18.80, 19.96, 20.69, 18.01, 16.49, 13.53, 13.75, 11.11, 12.33, 11.56, 13.87, 15.24, 14.73, 10.93, 9.99, 8.69, 6.38, 5.02, 5.38, 3.82, 0.00, 3.84, 5.38, 4.98, 6.10, 8.66, 9.99, 9.24, 8.86, 8.04, 6.42, 10.08, 11.50, 10.01, 12.56, 12.31, 15.85, 17.53, 21.28, 21.69, 19.60, 16.65, 13.99, 13.53, 10.61, 12.84, 14.24, 13.55, 14.02, 17.52, 18.37, 18.46, 20.23, 17.81, 19.63, 19.22, 19.29, 18.44, 17.20, 14.89, 15.60, 13.25, 15.28, 14.43, 15.92, 16.89, 18.36, 21.89, 24.55
 13.81, 12.70, 11.98, 12.38, 11.19, 14.36, 14.66, 18.15, 18.92, 19.05, 16.00, 14.07, 10.70, 10.39, 7.62, 8.94, 9.03, 12.03, 14.05, 14.22, 10.66, 10.92, 9.91, 8.89, 6.34, 5.11, 5.45, 3.84, 0.00, 3.82, 5.42, 5.00, 6.24, 8.56, 9.23, 9.72, 10.34, 9.34, 13.14, 13.72, 11.68, 13.95, 12.88, 16.04, 17.17, 20.88, 21.83, 20.23, 17.76, 15.12, 15.47, 13.01, 15.08, 15.64, 14.06, 13.65, 17.06, 18.63, 18.41, 19.51, 16.62, 17.78, 16.73, 16.59, 16.34, 15.29, 13.72, 14.89, 13.08, 15.80, 15.51, 17.74, 18.88, 20.89, 24.24, 26.54
 15.24, 13.29, 11.70, 10.92, 8.81, 11.38, 11.12, 14.49, 15.20, 15.61, 12.72, 11.27, 8.36, 9.35, 7.86, 10.53, 11.10, 14.33, 15.86, 16.61, 13.10, 12.79, 10.67, 10.04, 8.72, 6.35, 5.07, 5.38, 3.82, 0.00, 3.83, 5.40, 5.19, 5.81, 6.96, 6.77, 8.41, 7.96, 11.57, 11.16, 9.06, 11.55, 10.83, 14.04, 15.69, 19.44, 20.03, 18.83, 16.25, 14.31, 15.23, 13.41, 16.23, 16.69, 15.52, 14.62, 18.29, 19.53, 18.62, 19.93, 16.80, 18.22, 17.20, 16.29, 15.61, 13.72, 11.86, 12.21, 9.95, 12.52, 12.17, 14.78, 15.94, 18.38, 21.53, 23.50
 18.68, 16.93, 15.52, 14.66, 12.27, 14.30, 13.17, 16.01, 16.45, 17.57, 14.76, 14.12, 11.44, 12.83, 11.39, 13.74, 14.20, 17.23, 18.82, 18.98, 15.26, 14.48, 12.45, 10.65, 9.79, 8.71, 6.23, 4.98, 5.42, 3.83, 0.00, 3.79, 5.50, 5.47, 4.31, 4.67, 5.61, 6.45, 9.96, 9.99, 9.21, 12.54, 12.92, 16.48, 18.65, 22.43, 22.56, 21.11, 18.07, 16.25, 16.49, 14.21, 17.08, 18.33, 17.69, 17.46, 21.15, 22.06, 21.46, 23.12, 20.23, 21.85, 20.94, 20.12, 19.38, 17.35, 15.18, 14.97, 12.04, 13.70, 12.24, 14.24, 14.54, 16.48, 19.59, 21.90
 17.91, 16.36, 15.80, 15.40, 13.82, 16.19, 15.58, 18.68, 18.64, 19.31, 16.04, 15.14, 11.89, 12.56, 10.81, 12.57, 13.56, 16.73, 19.00, 19.04, 15.46, 15.49, 14.26, 12.45, 10.48, 9.83, 8.62, 6.10, 5.00, 5.40, 3.79, 0.00, 3.80, 6.06, 5.73, 7.94, 8.98, 9.90, 13.46, 13.76, 12.91, 16.06, 15.93, 19.33, 21.01, 24.77, 25.35, 23.94, 21.14, 18.96, 19.16, 16.56, 18.92, 20.05, 18.85, 18.58, 22.04, 23.48, 23.15, 24.37, 21.35, 22.42, 21.02, 20.38, 20.33, 18.75, 17.20, 17.53, 15.03, 17.10, 15.87, 18.01, 18.15, 19.99, 22.99, 25.31
 16.78, 14.57, 14.00, 13.04, 11.71, 13.77, 13.38, 16.61, 16.10, 16.35, 12.85, 11.99, 8.73, 9.73, 8.96, 11.41, 13.28, 16.87, 19.22, 19.98, 16.63, 17.04, 15.51, 14.54, 12.51, 10.76, 9.97, 8.66, 6.24, 5.19, 5.50, 3.80, 0.00, 3.82, 5.92, 8.32, 10.73, 11.80, 15.30, 14.69, 13.42, 16.27, 15.74, 18.73, 20.20, 23.84, 24.62, 23.77, 21.31, 19.47, 20.38, 18.33, 20.91, 21.46, 19.93, 18.92, 22.37, 24.08, 23.25, 24.08, 20.72, 21.41, 19.58, 18.37, 18.60, 16.81, 15.81, 16.06, 13.91, 16.29, 15.53, 18.30, 18.65, 21.06, 23.81, 25.64
 19.18, 16.55, 15.22, 13.39, 11.19, 12.29, 10.95, 13.70, 12.99, 13.86, 10.67, 10.81, 8.50, 10.85, 11.01, 14.13, 15.83, 19.39, 21.25, 22.21, 18.77, 18.58, 16.35, 15.42, 14.26, 12.16, 10.40, 9.99, 8.56, 5.81, 5.47, 6.06, 3.82, 0.00, 3.78, 5.76, 9.10, 10.89, 13.84, 12.43, 11.60, 14.62, 14.70, 17.68, 19.68, 23.26, 23.56, 22.97, 20.36, 19.15, 20.27, 18.64, 21.71, 22.37, 21.30, 20.19, 23.84, 25.13, 23.89, 25.04, 21.67, 22.72, 21.14, 19.47, 19.17, 16.70, 15.33, 14.67, 12.05, 13.81, 12.68, 15.56, 15.64, 18.30, 20.75, 22.30
 21.71, 19.46, 18.04, 16.45, 13.88, 14.97, 13.08, 15.34, 14.92, 16.51, 13.74, 14.17, 12.02, 14.25, 13.80, 16.58, 17.71, 21.02, 22.73, 23.14, 19.47, 18.74, 16.49, 14.76, 14.10, 12.80, 10.21, 9.24, 9.23, 6.96, 4.31, 5.73, 5.92, 3.78, 0.00, 3.78, 6.31, 9.02, 11.62, 10.69, 10.91, 14.47, 15.38, 18.76, 21.21, 24.88, 24.76, 23.75, 20.70, 19.47, 19.96, 17.99, 21.09, 22.38, 21.83, 21.35, 25.08, 25.99, 25.05, 26.66, 23.57, 25.04, 23.82, 22.46, 21.84, 19.36, 17.41, 16.48, 13.29, 14.32, 12.27, 14.39, 13.80, 15.90, 18.40, 20.38
 21.88, 19.65, 17.59, 15.82, 12.66, 13.47, 11.18, 13.13, 13.49, 15.47, 13.31, 13.76, 12.18, 14.68, 14.25, 17.23, 17.79, 20.84, 21.94, 22.41, 18.74, 17.41, 14.62, 13.08, 13.33, 11.82, 8.58, 8.86, 9.72, 6.77, 4.67, 7.94, 8.32, 5.76, 3.78, 0.00, 3.83, 6.33, 8.46, 7.00, 7.34, 10.99, 12.42, 15.87, 18.70, 22.31, 21.79, 20.70, 17.49, 16.62, 17.14, 15.58, 19.00, 20.31, 20.24, 19.82, 23.63, 24.06, 22.94, 24.92, 22.04, 23.99, 23.29, 21.93, 20.69, 17.94, 15.43, 14.05, 10.52, 11.02, 8.70, 10.68, 10.44, 12.76, 15.52, 17.53
 23.24, 21.51, 19.46, 18.20, 15.03, 16.20, 14.04, 15.79, 16.70, 18.83, 16.88, 17.04, 15.30, 17.35, 16.24, 18.74, 18.62, 21.22, 22.07, 21.94, 18.20, 16.31, 13.66, 11.37, 12.31, 11.77, 8.10, 8.04, 10.34, 8.41, 5.61, 8.98, 10.73, 9.10, 6.31, 3.83, 0.00, 3.81, 5.46, 5.62, 6.98, 10.75, 12.76, 16.46, 19.46, 23.08, 22.29, 20.61, 17.06, 15.97, 15.65, 13.68, 16.97, 18.90, 19.39, 19.68, 23.43, 23.45, 22.78, 25.17, 22.71, 25.03, 24.77, 23.88, 22.39, 19.91, 16.97, 15.77, 12.17, 12.23, 9.54, 10.23, 9.79, 11.10, 14.32, 17.01
 21.33, 20.00, 17.78, 16.99, 13.93, 15.59, 14.04, 16.07, 17.71, 19.44, 17.64, 17.10, 15.28, 16.81, 15.22, 17.38, 16.57, 18.73, 19.12, 18.84, 15.20, 12.91, 10.13, 7.87, 9.52, 9.18, 5.42, 6.42, 9.34, 7.96, 6.45, 9.90, 11.80, 10.89, 9.02, 6.33, 3.81, 0.00, 3.81, 5.37, 5.22, 8.47, 10.17, 13.96, 16.81, 20.42, 19.70, 17.61, 14.03, 12.54, 11.93, 9.87, 13.22, 15.14, 15.85, 16.40, 20.09, 19.86, 19.37, 21.96, 19.81, 22.41, 22.59, 22.11, 20.33, 18.17, 14.96, 14.21, 10.95, 11.39, 9.50, 10.02, 10.80, 12.04, 15.67, 18.41
 24.61, 23.28, 20.76, 19.75, 16.42, 17.50, 15.48, 16.71, 18.66, 20.87, 19.64, 19.51, 18.23, 20.06, 18.72, 20.96, 19.95, 21.84, 21.77, 21.38, 17.93, 15.11, 12.16, 10.02, 12.55, 12.42, 8.79, 10.08, 13.14, 11.57, 9.96, 13.46, 15.30, 13.84, 11.62, 8.46, 5.46, 3.81, 0.00, 3.81, 5.62, 8.23, 11.08, 14.56, 17.84, 21.16, 19.78, 17.57, 13.77, 13.02, 12.00, 10.54, 13.94, 16.19, 17.69, 18.51, 22.06, 21.21, 20.66, 23.65, 21.87, 24.83, 25.40, 24.86, 22.68, 20.31, 16.80, 15.47, 12.10, 11.35, 8.90, 7.93, 8.45, 8.90, 12.67, 15.65
 24.62, 22.76, 19.94, 18.28, 14.64, 14.99, 12.46, 13.24, 15.14, 17.61, 16.73, 17.09, 16.41, 18.79, 18.17, 20.95, 20.42, 22.69, 22.65, 22.87, 19.46, 16.94, 13.56, 12.24, 14.38, 13.25, 9.61, 11.50, 13.72, 11.16, 9.99, 13.76, 14.69, 12.43, 10.69, 7.00, 5.62, 5.37, 3.81, 0.00, 3.82, 6.73, 9.97, 13.21, 16.76, 20.00, 18.45, 16.91, 13.27, 13.30, 13.33, 12.67, 16.39, 18.00, 19.18, 19.27, 22.94, 22.25, 21.05, 23.86, 21.75, 24.59, 24.96, 23.87, 21.61, 18.76, 15.32, 13.29, 9.65, 8.27, 5.26, 4.82, 5.62, 7.57, 11.02, 13.36
 21.18, 19.35, 16.38, 14.86, 11.30, 12.04, 10.19, 11.69, 14.04, 15.83, 14.84, 14.51, 13.77, 15.84, 15.16, 17.91, 17.24, 19.44, 19.23, 19.80, 16.54, 14.22, 10.62, 10.16, 12.13, 10.34, 7.14, 10.01, 11.68, 9.06, 9.21, 12.91, 13.42, 11.60, 10.91, 7.34, 6.98, 5.22, 5.62, 3.82, 0.00, 3.81, 6.31, 9.79, 13.16, 16.56, 15.42, 13.90, 10.43, 10.16, 10.88, 10.54, 14.36, 15.32, 16.12, 15.80, 19.49, 18.98, 17.56, 20.20, 17.98, 20.80, 21.23, 20.20, 17.84, 15.11, 11.60, 9.92, 6.49, 6.26, 5.05, 6.36, 8.68, 11.10, 14.44, 16.35
 21.12, 19.42, 16.07, 14.62, 11.21, 11.65, 10.37, 11.46, 14.58, 16.01, 15.67, 15.01, 14.86, 16.67, 16.15, 18.74, 17.69, 19.44, 18.53, 19.39, 16.61, 14.11, 10.32, 11.02, 13.39, 11.35, 9.06, 12.56, 13.95, 11.55, 12.54, 16.06, 16.27, 14.62, 14.47, 10.99, 10.75, 8.47, 8.23, 6.73, 3.81, 0.00, 3.84, 6.61, 10.25, 13.33, 11.81, 10.28, 6.85, 7.48, 8.96, 9.98, 13.69, 14.00, 15.10, 14.51, 17.95, 16.98, 15.14, 17.99, 16.13, 19.29, 20.27, 19.29, 16.40, 13.72, 9.95, 8.12, 5.67, 5.11, 5.97, 6.89, 10.32, 12.71, 15.82, 17.28
 17.74, 16.13, 12.67, 11.56, 8.61, 9.71, 9.74, 11.65, 14.80, 15.31, 14.77, 13.25, 13.00, 14.18, 13.60, 15.98, 14.79, 16.39, 15.29, 16.65, 14.19, 12.21, 8.54, 10.44, 12.18, 9.53, 8.50, 12.31, 12.88, 10.83, 12.92, 15.93, 15.74, 14.70, 15.38, 12.42, 12.76, 10.17, 11.08, 9.97, 6.31, 3.84, 0.00, 3.81, 6.88, 10.36, 9.76, 8.37, 5.74, 5.52, 8.27, 9.59, 12.92, 12.26, 12.63, 11.33, 14.73, 14.16, 11.97, 14.47, 12.37, 15.47, 16.52, 15.64, 12.66, 10.26, 6.44, 5.70, 4.81, 6.53, 8.75, 10.53, 13.92, 16.48, 19.57, 20.90
 18.23, 16.64, 12.96, 11.80, 9.46, 9.86, 10.62, 11.96, 15.44, 15.44, 15.60, 13.92, 14.43, 15.38, 15.28, 17.50, 16.27, 17.46, 15.79, 17.67, 15.90, 14.19, 10.89, 13.51, 15.15, 12.37, 12.05, 15.85, 16.04, 14.04, 16.48, 19.33, 18.73, 17.68, 18.76, 15.87, 16.46, 13.96, 14.56, 13.21, 9.79, 6.61, 3.81, 0.00, 3.82, 6.80, 6.08, 5.57, 4.64, 5.96, 9.59, 11.94, 14.75, 13.27, 13.56, 11.67, 14.45, 13.64, 10.69, 12.97, 11.21, 14.37, 15.88, 14.86, 11.37, 9.08, 5.61, 4.95, 6.40, 7.78, 10.98, 12.68, 16.35, 19.00, 21.78, 22.62
 16.30, 15.05, 11.49, 11.02, 9.91, 10.74, 12.64, 14.30, 17.55, 16.77, 16.86, 14.52, 15.01, 15.15, 15.03, 16.71, 15.28, 15.97, 13.89, 16.28, 15.26, 14.18, 11.58, 14.89, 15.99, 13.15, 13.89, 17.53, 17.17, 15.69, 18.65, 21.01, 20.20, 19.68, 21.21, 18.70, 19.46, 16.81, 17.84, 16.76, 13.16, 10.25, 6.88, 3.82, 0.00, 3.79, 5.30, 5.47, 6.71, 7.12, 10.92, 13.36, 15.44, 13.07, 12.69, 10.07, 12.18, 11.70, 8.21, 9.78, 8.13, 11.21, 13.14, 12.40, 8.67, 7.38, 5.09, 6.51, 9.23, 11.27, 14.62, 16.49, 20.13, 22.79, 25.60, 26.40
 18.41, 17.36, 13.99, 13.62, 13.03, 13.29, 15.33, 16.42, 19.74, 18.71, 19.33, 17.08, 18.04, 18.06, 18.20, 19.64, 18.18, 18.42, 15.92, 18.48, 18.06, 17.10, 14.84, 18.28, 19.47, 16.77, 17.64, 21.28, 20.88, 19.44, 22.43, 24.77, 23.84, 23.26, 24.88, 22.31, 23.08, 20.42, 21.16, 20.00, 16.56, 13.33, 10.36, 6.80, 3.79, 0.00, 3.77, 5.62, 8.58, 9.77, 13.34, 16.27, 17.92, 15.20, 14.96, 12.32, 13.47, 12.64, 8.88, 9.90, 9.27, 12.00, 14.40, 13.72, 9.98, 9.36, 8.24, 9.31, 12.41, 13.94, 17.49, 19.13, 22.88, 25.49, 28.06, 28.56
 21.44, 20.20, 16.63, 15.75, 14.30, 14.01, 15.15, 15.55, 19.18, 18.79, 19.81, 18.17, 19.35, 20.00, 20.18, 22.00, 20.53, 20.99, 18.53, 20.64, 19.82, 18.20, 15.47, 18.50, 20.32, 17.79, 17.90, 21.69, 21.83, 20.03, 22.56, 25.35, 24.62, 23.56, 24.76, 21.79, 22.29, 19.70, 19.78, 18.45, 15.42, 11.81, 9.76, 6.08, 5.30, 3.77, 0.00, 3.80, 6.75, 9.31, 12.67, 15.97, 17.98, 15.82, 16.41, 14.40, 15.92, 14.42, 10.97, 12.90, 12.45, 15.51, 17.82, 16.97, 13.20, 11.77, 9.74, 9.43, 11.87, 12.36, 15.79, 16.87, 20.69, 23.11, 25.47, 25.80
 20.88, 20.08, 16.65, 16.30, 14.63, 15.14, 16.05, 16.89, 20.56, 20.52, 21.00, 19.21, 19.71, 20.17, 19.66, 21.20, 19.23, 19.40, 16.77, 18.31, 17.40, 15.33, 12.69, 15.63, 17.81, 15.80, 15.87, 19.60, 20.23, 18.83, 21.11, 23.94, 23.77, 22.97, 23.75, 20.70, 20.61, 17.61, 17.57, 16.91, 13.90, 10.28, 8.37, 5.57, 5.47, 5.62, 3.80, 0.00, 3.83, 6.12, 9.10, 12.61, 14.42, 12.42, 13.56, 12.24, 13.88, 11.83, 8.91, 11.77, 11.73, 15.31, 17.89, 17.66, 13.95, 12.84, 10.13, 10.26, 11.86, 12.40, 15.30, 15.93, 19.74, 21.75, 24.46, 25.31
 20.87, 19.92, 16.48, 15.93, 13.60, 14.31, 14.53, 15.50, 19.11, 19.64, 19.78, 18.27, 18.40, 19.22, 18.46, 20.24, 18.32, 18.89, 16.71, 17.79, 16.17, 13.61, 10.45, 12.79, 15.37, 13.56, 12.94, 16.65, 17.76, 16.25, 18.07, 21.14, 21.31, 20.36, 20.70, 17.49, 17.06, 14.03, 13.77, 13.27, 10.43, 6.85, 5.74, 4.64, 6.71, 8.58, 6.75, 3.83, 0.00, 3.83, 6.52, 9.80, 12.31, 11.20, 12.76, 12.04, 14.48, 12.53, 10.28, 13.54, 12.92, 16.61, 18.77, 18.47, 14.95, 13.32, 9.88, 9.45, 9.79, 10.01, 12.30, 12.66, 16.38, 18.24, 21.16, 22.35
 18.20, 17.70, 14.62, 14.80, 12.84, 14.55, 15.16, 16.96, 20.25, 20.56, 20.01, 18.03, 17.39, 17.65, 16.22, 17.53, 15.22, 15.54, 13.41, 14.14, 12.43, 9.79, 6.81, 9.52, 11.95, 10.48, 10.47, 13.99, 15.12, 14.31, 16.25, 18.96, 19.47, 19.15, 19.47, 16.62, 15.97, 12.54, 13.02, 13.30, 10.16, 7.48, 5.52, 5.96, 7.12, 9.77, 9.31, 6.12, 3.83, 0.00, 3.82, 6.68, 9.00, 7.70, 9.07, 8.73, 11.46, 9.75, 8.19, 11.60, 10.90, 14.63, 16.76, 17.02, 13.85, 12.81, 9.46, 10.20, 10.31, 11.53, 13.40, 14.05, 17.47, 19.21, 22.51, 24.18
 20.00, 19.93, 17.24, 17.75, 15.73, 17.70, 17.93, 19.73, 22.91, 23.57, 22.76, 20.91, 19.83, 20.02, 18.06, 19.02, 16.35, 16.33, 14.28, 13.97, 12.13, 8.74, 6.32, 7.96, 11.14, 10.91, 10.57, 13.53, 15.47, 15.23, 16.49, 19.16, 20.38, 20.27, 19.96, 17.14, 15.65, 11.93, 12.00, 13.33, 10.88, 8.96, 8.27, 9.59, 10.92, 13.34, 12.67, 9.10, 6.52, 3.82, 0.00, 3.83, 5.88, 5.89, 8.59, 9.85, 12.32, 10.16, 9.98, 13.62, 13.43, 17.11, 19.28, 19.98, 17.09, 16.28, 12.94, 13.60, 12.98, 13.79, 14.78, 14.69, 17.72, 18.75, 22.24, 24.38
 19.25, 19.37, 17.14, 17.92, 15.95, 18.40, 18.49, 20.71, 23.47, 24.23, 22.88, 21.01, 19.31, 19.33, 16.89, 17.59, 14.89, 15.02, 13.66, 12.66, 10.18, 6.49, 4.48, 4.54, 8.04, 8.83, 8.40, 10.61, 13.01, 13.41, 14.21, 16.56, 18.33, 18.64, 17.99, 15.58, 13.68, 9.87, 10.54, 12.67, 10.54, 9.98, 9.59, 11.94, 13.36, 16.27, 15.97, 12.61, 9.80, 6.68, 3.83, 0.00, 3.83, 5.72, 7.97, 10.00, 12.79, 11.37, 11.98, 15.20, 14.61, 17.92, 19.59, 20.47, 18.11, 17.39, 14.17, 15.04, 13.80, 14.92, 15.21, 15.21, 17.67, 18.48, 22.18, 24.75
 19.70, 20.53, 18.76, 20.18, 18.75, 21.48, 21.95, 24.30, 27.07, 27.61, 26.15, 23.97, 22.07, 21.56, 18.74, 18.70, 15.51, 14.73, 13.02, 11.18, 9.53, 5.93, 6.26, 6.50, 9.14, 10.81, 11.32, 12.84, 15.08, 16.23, 17.08, 18.92, 20.91, 21.71, 21.09, 19.00, 16.97, 13.22, 13.94, 16.39, 14.36, 13.69, 12.92, 14.75, 15.44, 17.92, 17.98, 14.42, 12.31, 9.00, 5.88, 3.83, 0.00, 3.82, 6.72, 9.92, 11.76, 10.06, 11.85, 14.91, 15.08, 18.22, 20.22, 21.74, 19.59, 19.56, 16.71, 18.12, 17.30, 18.61, 19.04, 18.95, 21.35, 21.88, 25.59, 28.27
 17.47, 18.51, 16.70, 18.44, 17.51, 20.31, 21.37, 23.82, 26.72, 26.78, 25.47, 22.93, 21.24, 20.36, 17.69, 17.43, 14.04, 12.79, 10.32, 9.09, 8.33, 5.42, 6.02, 8.23, 10.05, 10.78, 12.19, 14.24, 15.64, 16.69, 18.33, 20.05, 21.46, 22.37, 22.38, 20.31, 18.90, 15.14, 16.19, 18.00, 15.32, 14.00, 12.26, 13.27, 13.07, 15.20, 15.82, 12.42, 11.20, 7.70, 5.89, 5.72, 3.82, 0.00, 3.83, 6.85, 8.20, 6.25, 8.20, 11.18, 11.74, 14.94, 17.32, 19.09, 16.85, 17.31, 14.85, 16.81, 16.80, 18.54, 19.72, 20.10, 22.94, 23.96, 27.60, 29.94
 13.83, 15.22, 13.88, 16.18, 15.94, 19.13, 20.73, 23.59, 26.21, 25.81, 24.20, 21.28, 19.33, 17.88, 15.02, 14.24, 10.68, 9.06, 6.52, 5.54, 5.21, 3.93, 5.77, 8.62, 8.94, 9.26, 11.76, 13.55, 14.06, 15.52, 17.69, 18.85, 19.93, 21.30, 21.83, 20.24, 19.39, 15.85, 17.69, 19.18, 16.12, 15.10, 12.63, 13.56, 12.69, 14.96, 16.41, 13.56, 12.76, 9.07, 8.59, 7.97, 6.72, 3.83, 0.00, 3.83, 5.31, 5.31, 7.33, 9.21, 9.27, 11.92, 14.03, 16.14, 14.41, 15.44, 13.64, 16.29, 16.66, 19.09, 20.53, 21.57, 24.39, 25.82, 29.48, 31.73
 11.12, 12.18, 10.56, 12.98, 13.22, 16.38, 18.49, 21.44, 23.99, 23.16, 21.65, 18.50, 16.83, 15.18, 12.74, 12.16, 8.90, 7.65, 4.76, 6.26, 6.12, 6.27, 6.69, 10.27, 10.03, 8.88, 11.77, 14.02, 13.65, 14.62, 17.46, 18.58, 18.92, 20.19, 21.35, 19.82, 19.68, 16.40, 18.51, 19.27, 15.80, 14.51, 11.33, 11.67, 10.07, 12.32, 14.40, 12.24, 12.04, 8.73, 9.85, 10.00, 9.92, 6.85, 3.83, 0.00, 3.82, 5.39, 5.52, 6.53, 5.60, 8.32, 10.48, 12.44, 10.63, 11.95, 10.68, 13.81, 14.86, 17.71, 19.69, 21.29, 24.32, 26.26, 29.79, 31.68
 11.92, 13.80, 12.77, 15.60, 16.40, 19.44, 21.85, 24.71, 27.31, 26.22, 24.85, 21.53, 19.97, 17.94, 15.57, 14.34, 10.97, 8.53, 4.74, 6.11, 8.02, 8.78, 10.12, 13.49, 13.17, 12.49, 15.51, 17.52, 17.06, 18.29, 21.15, 22.04, 22.37, 23.84, 25.08, 23.63, 23.43, 20.09, 22.06, 22.94, 19.49, 17.95, 14.73, 14.45, 12.18, 13.47, 15.92, 13.88, 14.48, 11.46, 12.32, 12.79, 11.76, 8.20, 5.31, 3.82, 0.00, 3.82, 5.28, 4.85, 5.95, 7.90, 10.77, 13.50, 12.01, 14.18, 13.54, 16.85, 18.32, 21.12, 23.29, 24.78, 27.91, 29.77, 33.28, 35.15
 15.51, 16.98, 15.36, 17.63, 17.75, 20.43, 22.43, 24.90, 27.86, 27.15, 26.12, 23.09, 21.84, 20.34, 18.09, 17.38, 13.99, 11.91, 8.26, 8.63, 9.93, 9.20, 10.00, 13.33, 14.06, 13.66, 16.00, 18.37, 18.63, 19.53, 22.06, 23.48, 24.08, 25.13, 25.99, 24.06, 23.45, 19.86, 21.21, 22.25, 18.98, 16.98, 14.16, 13.64, 11.70, 12.64, 14.42, 11.83, 12.53, 9.75, 10.16, 11.37, 10.06, 6.25, 5.31, 5.39, 3.82, 0.00, 3.80, 5.68, 7.84, 10.73, 13.95, 16.24, 14.04, 15.61, 14.25, 17.03, 18.35, 20.59, 22.72, 23.69, 26.96, 28.53, 32.00, 33.87
 15.00, 15.74, 13.51, 15.27, 15.33, 17.59, 19.74, 22.01, 25.06, 24.19, 23.51, 20.55, 19.81, 18.60, 16.97, 16.87, 13.98, 12.65, 9.19, 10.81, 11.45, 10.71, 10.26, 13.99, 14.83, 13.47, 15.56, 18.46, 18.41, 18.62, 21.46, 23.15, 23.25, 23.89, 25.05, 22.94, 22.78, 19.37, 20.66, 21.05, 17.56, 15.14, 11.97, 10.69, 8.21, 8.88, 10.97, 8.91, 10.28, 8.19, 9.98, 11.98, 11.85, 8.20, 7.33, 5.52, 5.28, 3.80, 0.00, 3.83, 5.52, 9.04, 12.41, 14.03, 11.27, 12.59, 11.30, 14.01, 15.86, 18.11, 20.69, 21.94, 25.42, 27.35, 30.64, 32.15
 13.10, 14.22, 12.55, 14.83, 15.82, 18.18, 20.90, 23.37, 26.15, 24.74, 23.97, 20.67, 19.95, 18.17, 16.71, 16.12, 13.44, 11.74, 8.27, 10.75, 12.19, 12.61, 12.72, 16.48, 16.54, 14.94, 17.59, 20.23, 19.51, 19.93, 23.12, 24.37, 24.08, 25.04, 26.66, 24.92, 25.17, 21.96, 23.65, 23.86, 20.20, 17.99, 14.47, 12.97, 9.78, 9.90, 12.90, 11.77, 13.54, 11.60, 13.62, 15.20, 14.91, 11.18, 9.21, 6.53, 4.85, 5.68, 3.83, 0.00, 3.83, 6.12, 9.85, 11.98, 9.81, 12.19, 12.09, 15.34, 17.69, 20.36, 23.17, 24.83, 28.28, 30.47, 33.73, 35.12
 10.27, 10.75, 8.76, 11.03, 12.24, 14.79, 17.70, 20.44, 22.94, 21.39, 20.39, 16.99, 16.18, 14.36, 13.11, 12.85, 10.63, 9.83, 7.18, 10.42, 10.98, 11.75, 11.34, 15.07, 14.68, 12.44, 15.17, 17.81, 16.62, 16.80, 20.23, 21.35, 20.72, 21.67, 23.57, 22.04, 22.71, 19.81, 21.87, 21.75, 17.98, 16.13, 12.37, 11.21, 8.13, 9.27, 12.45, 11.73, 12.92, 10.90, 13.43, 14.61, 15.08, 11.74, 9.27, 5.60, 5.95, 7.84, 5.52, 3.83, 0.00, 3.85, 6.96, 8.60, 6.34, 8.74, 8.97, 12.56, 14.93, 18.00, 20.80, 22.91, 26.22, 28.69, 31.92, 33.25
 8.10, 9.00, 8.13, 11.01, 13.31, 15.89, 19.23, 22.15, 24.22, 22.17, 20.95, 17.30, 16.41, 13.93, 12.91, 12.03, 10.38, 9.45, 7.60, 11.31, 12.39, 14.13, 14.23, 17.73, 16.62, 14.34, 17.43, 19.63, 17.78, 18.22, 21.85, 22.42, 21.41, 22.72, 25.04, 23.99, 25.03, 22.41, 24.83, 24.59, 20.80, 19.29, 15.47, 14.37, 11.21, 12.00, 15.51, 15.31, 16.61, 14.63, 17.11, 17.92, 18.22, 14.94, 11.92, 8.32, 7.90, 10.73, 9.04, 6.12, 3.85, 0.00, 3.82, 6.44, 5.86, 9.41, 10.99, 14.74, 17.29, 20.64, 23.47, 25.92, 29.10, 31.74, 34.93, 36.18
 5.39, 5.79, 6.03, 9.23, 12.32, 15.01, 18.52, 21.70, 23.22, 20.87, 19.27, 15.48, 14.35, 11.38, 10.68, 9.63, 9.07, 9.05, 8.79, 12.53, 13.12, 15.40, 15.47, 18.58, 16.83, 14.28, 17.45, 19.22, 16.73, 17.20, 20.94, 21.02, 19.58, 21.14, 23.82, 23.29, 24.77, 22.59, 25.40, 24.96, 21.23, 20.27, 16.52, 15.88, 13.14, 14.40, 17.82, 17.89, 18.77, 16.76, 19.28, 19.59, 20.22, 17.32, 14.03, 10.48, 10.77, 13.95, 12.41, 9.85, 6.96, 3.82, 0.00, 3.78, 5.55, 9.04, 11.39, 15.08, 17.44, 21.07, 23.73, 26.55, 29.46, 32.30, 35.43, 36.64
 7.40, 5.54, 4.65, 6.55, 10.01, 12.14, 15.83, 18.88, 20.14, 17.52, 16.09, 12.35, 11.83, 9.24, 9.80, 9.98, 10.50, 11.65, 11.73, 15.41, 15.26, 17.12, 16.40, 19.38, 17.79, 14.68, 17.30, 19.29, 16.59, 16.29, 20.12, 20.38, 18.37, 19.47, 22.46, 21.93, 23.88, 22.11, 24.86, 23.87, 20.20, 19.29, 15.64, 14.86, 12.40, 13.72, 16.97, 17.66, 18.47, 17.02, 19.98, 20.47, 21.74, 19.09, 16.14, 12.44, 13.50, 16.24, 14.03, 11.98, 8.60, 6.44, 3.78, 0.00, 3.78, 6.53, 9.72, 13.02, 15.58, 19.20, 21.99, 25.11, 27.94, 31.05, 33.94, 34.84
 9.64, 7.98, 5.27, 6.24, 8.59, 10.47, 14.05, 16.83, 18.72, 16.45, 15.53, 12.00, 11.95, 10.27, 10.68, 11.54, 11.25, 12.23, 11.38, 14.97, 14.61, 15.70, 14.44, 17.71, 16.83, 13.59, 15.84, 18.44, 16.34, 15.61, 19.38, 20.33, 18.60, 19.17, 21.84, 20.69, 22.39, 20.33, 22.68, 21.61, 17.84, 16.40, 12.66, 11.37, 8.67, 9.98, 13.20, 13.95, 14.95, 13.85, 17.09, 18.11, 19.59, 16.85, 14.41, 10.63, 12.01, 14.04, 11.27, 9.81, 6.34, 5.86, 5.55, 3.78, 0.00, 3.83, 6.67, 10.11, 13.05, 16.46, 19.53, 22.42, 25.52, 28.58, 31.45, 32.28
 12.05, 9.55, 5.98, 4.52, 5.56, 6.77, 10.32, 13.01, 14.98, 12.90, 12.22, 8.99, 9.60, 9.13, 10.27, 12.31, 12.45, 14.22, 13.63, 16.86, 15.70, 16.14, 14.04, 16.98, 16.50, 12.90, 14.31, 17.20, 15.29, 13.72, 17.35, 18.75, 16.81, 16.70, 19.36, 17.94, 19.91, 18.17, 20.31, 18.76, 15.11, 13.72, 10.26, 9.08, 7.38, 9.36, 11.77, 12.84, 13.32, 12.81, 16.28, 17.39, 19.56, 17.31, 15.44, 11.95, 14.18, 15.61, 12.59, 12.19, 8.74, 9.41, 9.04, 6.53, 3.83, 0.00, 3.82, 6.62, 9.67, 13.02, 16.16, 19.23, 22.26, 25.50, 28.18, 28.82
 13.67, 11.51, 7.72, 6.28, 4.86, 6.30, 8.84, 11.47, 14.07, 12.93, 12.32, 9.64, 9.94, 10.27, 10.68, 13.03, 12.56, 14.35, 13.47, 16.12, 14.43, 14.03, 11.33, 14.13, 14.33, 10.80, 11.56, 14.89, 13.72, 11.86, 15.18, 17.20, 15.81, 15.33, 17.41, 15.43, 16.97, 14.96, 16.80, 15.32, 11.60, 9.95, 6.44, 5.61, 5.09, 8.24, 9.74, 10.13, 9.88, 9.46, 12.94, 14.17, 16.71, 14.85, 13.64, 10.68, 13.54, 14.25, 11.30, 12.09, 8.97, 10.99, 11.39, 9.72, 6.67, 3.82, 0.00, 3.81, 6.55, 9.86, 12.97, 15.77, 18.95, 22.03, 24.83, 25.67
 17.18, 14.68, 10.94, 8.50, 5.69, 4.97, 6.14, 8.05, 11.13, 10.65, 10.75, 9.18, 10.35, 11.95, 12.90, 15.82, 15.68, 17.76, 16.99, 19.33, 17.26, 16.29, 13.03, 15.25, 16.00, 12.55, 12.14, 15.60, 14.89, 12.21, 14.97, 17.53, 16.06, 14.67, 16.48, 14.05, 15.77, 14.21, 15.47, 13.29, 9.92, 8.12, 5.70, 4.95, 6.51, 9.31, 9.43, 10.26, 9.45, 10.20, 13.60, 15.04, 18.12, 16.81, 16.29, 13.81, 16.85, 17.03, 14.01, 15.34, 12.56, 14.74, 15.08, 13.02, 10.11, 6.62, 3.81, 0.00, 3.81, 6.51, 9.96, 12.89, 16.08, 19.36, 21.85, 22.34
 18.56, 16.06, 12.56, 10.12, 6.44, 6.04, 5.01, 7.07, 10.01, 10.69, 10.30, 9.52, 10.07, 12.34, 12.93, 16.13, 16.06, 18.47, 18.10, 19.88, 17.21, 15.83, 12.28, 13.59, 14.59, 11.40, 9.92, 13.25, 13.08, 9.95, 12.04, 15.03, 13.91, 12.05, 13.29, 10.52, 12.17, 10.95, 12.10, 9.65, 6.49, 5.67, 4.81, 6.40, 9.23, 12.41, 11.87, 11.86, 9.79, 10.31, 12.98, 13.80, 17.30, 16.80, 16.66, 14.86, 18.32, 18.35, 15.86, 17.69, 14.93, 17.29, 17.44, 15.58, 13.05, 9.67, 6.55, 3.81, 0.00, 3.81, 6.50, 9.69, 12.60, 15.91, 18.52, 19.30
 22.32, 19.87, 16.36, 13.82, 10.14, 8.91, 6.59, 6.56, 9.88, 11.63, 12.06, 12.31, 13.29, 15.93, 16.58, 19.81, 19.64, 21.93, 21.35, 22.86, 20.12, 18.22, 14.48, 15.33, 16.99, 14.25, 12.05, 15.28, 15.80, 12.52, 13.70, 17.10, 16.29, 13.81, 14.32, 11.02, 12.23, 11.39, 11.35, 8.27, 6.26, 5.11, 6.53, 7.78, 11.27, 13.94, 12.36, 12.40, 10.01, 11.53, 13.79, 14.92, 18.61, 18.54, 19.09, 17.71, 21.12, 20.59, 18.11, 20.36, 18.00, 20.64, 21.07, 19.20, 16.46, 13.02, 9.86, 6.51, 3.81, 0.00, 3.83, 6.62, 9.76, 13.14, 15.39, 15.86
 24.27, 21.87, 18.64, 16.20, 12.39, 11.50, 8.48, 8.32, 10.69, 13.28, 13.26, 14.08, 14.53, 17.43, 17.80, 21.06, 20.97, 23.45, 23.21, 24.25, 21.13, 19.01, 15.30, 15.20, 16.99, 14.78, 11.78, 14.43, 15.51, 12.17, 12.24, 15.87, 15.53, 12.68, 12.27, 8.70, 9.54, 9.50, 8.90, 5.26, 5.05, 5.97, 8.75, 10.98, 14.62, 17.49, 15.79, 15.30, 12.30, 13.40, 14.78, 15.21, 19.04, 19.72, 20.53, 19.69, 23.29, 22.72, 20.69, 23.17, 20.80, 23.47, 23.73, 21.99, 19.53, 16.16, 12.97, 9.96, 6.50, 3.83, 0.00, 3.79, 6.17, 9.69, 12.05, 12.93
 27.10, 24.99, 21.75, 19.60, 15.82, 15.11, 12.21, 11.62, 14.02, 16.83, 17.01, 17.86, 18.17, 20.91, 20.92, 23.96, 23.47, 25.64, 25.13, 25.77, 22.66, 20.04, 16.38, 15.86, 18.29, 16.70, 13.43, 15.92, 17.74, 14.78, 14.24, 18.01, 18.30, 15.56, 14.39, 10.68, 10.23, 10.02, 7.93, 4.82, 6.36, 6.89, 10.53, 12.68, 16.49, 19.13, 16.87, 15.93, 12.66, 14.05, 14.69, 15.21, 18.95, 20.10, 21.57, 21.29, 24.78, 23.69, 21.94, 24.83, 22.91, 25.92, 26.55, 25.11, 22.42, 19.23, 15.77, 12.89, 9.69, 6.62, 3.79, 0.00, 3.83, 6.64, 9.16, 10.42
 29.54, 27.34, 24.32, 22.08, 18.27, 17.52, 14.23, 13.48, 15.04, 18.29, 18.27, 19.64, 19.78, 22.75, 22.78, 25.88, 25.66, 28.05, 27.91, 28.32, 24.99, 22.42, 18.93, 17.77, 20.00, 18.73, 15.14, 16.89, 18.88, 15.94, 14.54, 18.15, 18.65, 15.64, 13.80, 10.44, 9.79, 10.80, 8.45, 5.62, 8.68, 10.32, 13.92, 16.35, 20.13, 22.88, 20.69, 19.74, 16.38, 17.47, 17.72, 17.67, 21.35, 22.94, 24.39, 24.32, 27.91, 26.96, 25.42, 28.28, 26.22, 29.10, 29.46, 27.94, 25.52, 22.26, 18.95, 16.08, 12.60, 9.76, 6.17, 3.83, 0.00, 3.79, 6.02, 7.79
 32.17, 30.23, 27.32, 25.34, 21.58, 21.11, 17.93, 17.25, 18.80, 22.07, 21.96, 23.23, 23.11, 25.91, 25.59, 28.46, 27.97, 30.14, 29.92, 29.92, 26.57, 23.71, 20.44, 18.81, 21.35, 20.69, 16.99, 18.36, 20.89, 18.38, 16.48, 19.99, 21.06, 18.30, 15.90, 12.76, 11.10, 12.04, 8.90, 7.57, 11.10, 12.71, 16.48, 19.00, 22.79, 25.49, 23.11, 21.75, 18.24, 19.21, 18.75, 18.48, 21.88, 23.96, 25.82, 26.26, 29.77, 28.53, 27.35, 30.47, 28.69, 31.74, 32.30, 31.05, 28.58, 25.50, 22.03, 19.36, 15.91, 13.14, 9.69, 6.64, 3.79, 0.00, 3.80, 7.07
 35.46, 33.32, 30.34, 28.08, 24.28, 23.34, 19.90, 18.60, 19.81, 23.34, 23.61, 25.36, 25.60, 28.65, 28.66, 31.70, 31.41, 33.70, 33.49, 33.62, 30.27, 27.45, 24.13, 22.59, 25.06, 24.26, 20.57, 21.89, 24.24, 21.53, 19.59, 22.99, 23.81, 20.75, 18.40, 15.52, 14.32, 15.67, 12.67, 11.02, 14.44, 15.82, 19.57, 21.78, 25.60, 28.06, 25.47, 24.46, 21.16, 22.51, 22.24, 22.18, 25.59, 27.60, 29.48, 29.79, 33.28, 32.00, 30.64, 33.73, 31.92, 34.93, 35.43, 33.94, 31.45, 28.18, 24.83, 21.85, 18.52, 15.39, 12.05, 9.16, 6.02, 3.80, 0.00, 3.79
 37.06, 34.67, 31.54, 28.95, 25.15, 23.65, 20.08, 18.09, 19.13, 22.76, 23.59, 25.70, 26.47, 29.75, 30.20, 33.46, 33.38, 35.78, 35.48, 35.94, 32.68, 29.96, 26.46, 25.31, 27.72, 26.51, 22.93, 24.55, 26.54, 23.50, 21.90, 25.31, 25.64, 22.30, 20.38, 17.53, 17.01, 18.41, 15.65, 13.36, 16.35, 17.28, 20.90, 22.62, 26.40, 28.56, 25.80, 25.31, 22.35, 24.18, 24.38, 24.75, 28.27, 29.94, 31.73, 31.68, 35.15, 33.87, 32.15, 35.12, 33.25, 36.18, 36.64, 34.84, 32.28, 28.82, 25.67, 22.34, 19.30, 15.86, 12.93, 10.42, 7.79, 7.07, 3.79, 0.00
