 0.00, 3.83, 5.21, 7.27, 10.46, 13.70, 17.19, 18.00, 21.57, 20.83, 18.77, 21.93, 24.14, 21.95, 22.30, 26.01, 26.72, 24.60, 24.09, 26.90, 29.47, 28.24, 26.25, 26.49, 23.82, 26.09, 27.05, 30.42, 29.78, 31.34, 30.33, 31.41, 30.92, 27.47, 26.58, 25.90, 22.17, 22.44, 20.33, 18.32, 15.06, 15.31, 18.47, 19.08, 20.50, 24.29, 25.01, 26.20, 29.94, 32.60, 30.69, 31.69, 28.63, 29.14, 29.44, 26.42, 23.90, 25.06, 25.10, 21.70, 20.61, 17.01, 15.09, 13.75, 10.27, 8.79, 7.02, 10.50, 12.16, 10.99, 12.40, 15.31, 16.18, 16.42, 19.34, 20.13, 23.04, 21.34, 18.73, 21.55, 24.70, 27.54, 25.80, 28.27, 25.79, 27.42, 24.72, 24.15, 20.59, 18.70, 18.25, 16.86, 13.22, 14.54, 16.51, 13.86, 11.73, 15.05, 16.03, 13.08, 13.41, 17.06, 16.55, 14.37, 17.40, 20.33, 19.68, 19.68
 3.83, 0.00, 3.81, 6.80, 10.41, 12.88, 16.48, 17.77, 21.03, 19.63, 17.75, 21.22, 22.90, 20.37, 21.18, 24.84, 25.03, 22.81, 22.78, 25.91, 28.21, 27.23, 25.69, 26.36, 24.09, 26.75, 28.14, 31.36, 30.26, 31.58, 30.31, 30.94, 30.08, 26.83, 26.47, 26.12, 22.53, 23.36, 21.73, 19.31, 16.53, 17.27, 19.99, 20.15, 20.91, 24.64, 25.88, 26.96, 30.78, 33.10, 30.83, 31.54, 28.34, 28.52, 28.98, 25.69, 23.44, 25.13, 25.10, 21.49, 21.06, 17.38, 16.20, 14.60, 11.57, 9.42, 6.93, 10.07, 11.42, 9.17, 10.24, 13.63, 14.14, 13.68, 16.79, 18.18, 21.01, 19.07, 16.98, 20.22, 23.06, 26.07, 24.49, 26.89, 24.33, 25.52, 22.59, 21.56, 17.96, 15.93, 14.98, 13.57, 10.03, 11.88, 14.10, 11.69, 10.09, 13.74, 14.88, 12.57, 13.41, 17.02, 16.74, 15.36, 18.47, 21.09, 20.68, 21.33
 5.21, 3.81, 0.00, 3.84, 6.96, 9.40, 12.88, 13.97, 17.28, 16.05, 14.10, 17.52, 19.36, 17.05, 17.81, 21.45, 21.90, 19.95, 19.88, 22.78, 25.33, 24.56, 22.84, 23.25, 20.87, 23.47, 25.09, 28.37, 27.19, 28.73, 27.72, 28.33, 27.75, 24.54, 24.13, 23.43, 19.84, 20.53, 19.24, 17.06, 14.42, 15.89, 18.64, 19.29, 19.90, 23.48, 24.49, 25.09, 28.92, 31.13, 28.95, 29.98, 27.03, 27.60, 28.51, 25.41, 22.80, 24.58, 25.14, 21.63, 20.99, 17.19, 15.78, 13.40, 10.24, 7.14, 6.07, 9.66, 9.79, 7.59, 9.99, 12.77, 12.52, 12.78, 16.16, 17.32, 20.59, 19.29, 17.13, 20.08, 23.13, 25.75, 23.68, 25.68, 22.78, 23.94, 20.87, 20.23, 16.50, 14.11, 13.86, 12.10, 8.43, 9.46, 11.31, 8.86, 6.64, 10.15, 11.37, 9.06, 9.64, 13.27, 13.29, 12.05, 14.98, 17.60, 17.54, 18.37
 7.27, 6.80, 3.84, 0.00, 3.79, 6.59, 10.24, 11.84, 15.10, 14.23, 12.95, 16.37, 18.32, 16.62, 17.73, 21.13, 21.82, 20.51, 20.64, 23.15, 26.04, 25.67, 23.75, 23.69, 21.08, 23.33, 25.11, 28.56, 27.48, 29.42, 28.86, 29.48, 29.26, 26.15, 25.65, 24.46, 20.88, 21.11, 20.03, 18.46, 15.77, 17.59, 20.61, 21.81, 22.54, 25.99, 26.66, 26.84, 30.62, 32.82, 30.85, 32.21, 29.52, 30.40, 31.58, 28.62, 25.82, 27.55, 28.41, 25.01, 24.13, 20.34, 18.58, 15.89, 12.54, 9.12, 9.35, 13.04, 12.54, 10.51, 13.40, 15.86, 14.96, 15.42, 19.00, 20.20, 23.66, 22.62, 20.59, 23.41, 26.49, 28.92, 26.59, 28.26, 25.11, 26.11, 22.87, 22.35, 18.58, 15.67, 15.58, 13.06, 9.52, 8.98, 11.22, 9.71, 6.27, 8.89, 11.14, 9.32, 8.37, 12.19, 13.20, 11.72, 13.87, 16.87, 17.54, 18.09
 10.46, 10.41, 6.96, 3.79, 0.00, 3.76, 6.95, 8.32, 11.65, 11.37, 10.30, 13.42, 15.66, 14.59, 15.62, 18.78, 19.89, 19.10, 19.15, 21.18, 24.37, 24.28, 22.13, 21.62, 18.87, 20.83, 22.79, 26.29, 25.24, 27.48, 27.33, 27.97, 28.13, 25.15, 24.55, 22.91, 19.46, 19.34, 18.68, 17.64, 15.25, 17.63, 20.57, 22.25, 22.91, 26.09, 26.43, 26.10, 29.76, 31.83, 30.07, 31.77, 29.43, 30.71, 32.24, 29.56, 26.50, 28.19, 29.53, 26.32, 25.24, 21.52, 19.58, 16.46, 13.31, 9.74, 11.26, 14.69, 13.35, 11.83, 15.27, 17.03, 15.58, 16.66, 20.19, 21.07, 24.75, 24.26, 22.22, 24.68, 27.84, 29.89, 27.18, 28.43, 25.06, 26.03, 22.79, 22.71, 19.04, 15.98, 16.58, 13.93, 10.86, 9.20, 10.64, 9.65, 5.83, 6.82, 9.35, 7.98, 5.66, 9.29, 11.07, 9.71, 11.04, 14.11, 15.42, 15.97
 13.70, 12.88, 9.40, 6.59, 3.76, 0.00, 3.74, 6.35, 8.91, 8.04, 7.87, 11.18, 12.82, 12.01, 13.73, 16.51, 17.35, 17.07, 17.69, 19.58, 22.71, 23.17, 21.34, 20.92, 18.56, 20.63, 23.11, 26.41, 24.95, 27.16, 27.08, 27.28, 27.41, 24.78, 24.61, 22.95, 19.84, 20.01, 20.04, 19.02, 17.24, 20.08, 22.63, 24.22, 24.38, 27.30, 27.82, 27.11, 30.69, 32.39, 30.49, 32.17, 29.98, 31.24, 33.13, 30.46, 27.48, 29.51, 31.07, 27.88, 27.11, 23.44, 21.88, 18.50, 15.80, 12.04, 13.60, 16.59, 14.61, 12.76, 16.23, 17.69, 15.48, 16.43, 20.00, 21.12, 24.82, 24.60, 23.02, 25.45, 28.38, 30.23, 27.42, 28.25, 24.68, 25.18, 21.75, 21.59, 18.05, 14.66, 15.40, 12.43, 10.11, 7.34, 8.41, 8.71, 5.30, 4.45, 7.95, 8.25, 5.90, 8.53, 11.22, 11.02, 11.71, 14.15, 16.11, 17.24
 17.19, 16.48, 12.88, 10.24, 6.95, 3.74, 0.00, 3.79, 5.34, 5.08, 6.00, 8.57, 10.15, 10.34, 12.13, 14.29, 15.45, 15.93, 16.64, 17.91, 21.19, 22.10, 20.25, 19.47, 17.27, 19.05, 21.83, 24.98, 23.40, 25.78, 26.08, 26.13, 26.58, 24.25, 24.14, 22.18, 19.44, 19.45, 20.08, 19.51, 18.26, 21.46, 23.74, 25.55, 25.51, 28.06, 28.39, 27.18, 30.57, 32.00, 30.25, 32.15, 30.33, 31.87, 34.10, 31.69, 28.60, 30.65, 32.59, 29.61, 28.80, 25.29, 23.76, 20.16, 17.86, 14.25, 16.36, 18.98, 16.47, 15.02, 18.60, 19.45, 16.82, 18.15, 21.49, 22.37, 26.11, 26.37, 24.92, 27.01, 29.88, 31.34, 28.28, 28.64, 24.94, 25.27, 21.92, 22.14, 18.90, 15.56, 16.87, 14.06, 12.52, 9.34, 9.20, 10.24, 7.74, 4.90, 7.84, 9.24, 6.54, 7.40, 10.89, 11.39, 11.00, 12.86, 15.51, 16.86
 18.00, 17.77, 13.97, 11.84, 8.32, 6.35, 3.79, 0.00, 3.80, 5.41, 4.69, 6.03, 8.80, 9.46, 10.09, 12.25, 14.22, 14.74, 14.70, 15.47, 19.02, 19.71, 17.46, 16.24, 13.82, 15.35, 18.12, 21.27, 19.81, 22.37, 22.94, 23.24, 24.08, 21.71, 21.28, 18.99, 16.37, 16.07, 16.97, 16.81, 15.93, 19.35, 21.37, 23.47, 23.44, 25.72, 25.73, 24.22, 27.45, 28.87, 27.36, 29.54, 28.01, 29.89, 32.25, 30.16, 26.87, 28.69, 30.95, 28.25, 27.17, 23.86, 22.20, 18.51, 16.60, 13.38, 16.17, 18.41, 15.58, 15.00, 18.71, 18.91, 16.42, 18.47, 21.46, 21.71, 25.50, 26.20, 24.47, 26.08, 29.09, 30.20, 26.88, 27.05, 23.40, 24.06, 21.04, 21.90, 18.89, 16.03, 18.06, 15.85, 14.35, 11.74, 10.62, 10.86, 8.89, 5.85, 6.88, 8.02, 5.18, 4.27, 8.04, 8.85, 7.77, 9.20, 12.13, 13.58
 21.57, 21.03, 17.28, 15.10, 11.65, 8.91, 5.34, 3.80, 0.00, 3.81, 5.28, 5.03, 6.72, 8.72, 9.86, 10.87, 12.78, 14.26, 14.74, 14.92, 18.34, 19.72, 17.83, 16.54, 14.72, 16.02, 19.17, 21.95, 20.18, 22.71, 23.52, 23.40, 24.34, 22.47, 22.41, 20.07, 18.03, 17.87, 19.40, 19.41, 19.05, 22.61, 24.32, 26.35, 25.98, 27.93, 27.99, 26.11, 29.12, 30.12, 28.63, 30.82, 29.58, 31.50, 34.16, 32.20, 29.01, 31.00, 33.45, 30.86, 29.99, 26.80, 25.40, 21.64, 20.05, 16.87, 19.56, 21.54, 18.45, 17.74, 21.31, 21.25, 18.33, 20.26, 23.08, 23.42, 27.11, 28.08, 26.72, 28.20, 30.97, 31.82, 28.44, 28.15, 24.42, 24.65, 21.65, 22.56, 19.90, 17.03, 19.19, 16.97, 16.22, 13.22, 11.65, 12.85, 11.55, 7.94, 8.81, 11.04, 8.81, 6.96, 10.60, 12.15, 10.53, 10.95, 14.29, 16.03
 20.83, 19.63, 16.05, 14.23, 11.37, 8.04, 5.08, 5.41, 3.81, 0.00, 3.86, 5.47, 5.45, 6.32, 8.78, 10.08, 10.90, 12.14, 13.43, 14.35, 17.37, 18.94, 17.64, 17.16, 15.84, 17.85, 21.18, 23.80, 21.60, 23.65, 23.90, 23.33, 23.69, 21.93, 22.41, 20.64, 18.58, 19.16, 20.68, 19.99, 19.68, 23.24, 24.81, 26.36, 25.63, 27.69, 28.27, 26.62, 29.79, 30.63, 28.71, 30.50, 28.97, 30.48, 33.14, 30.90, 27.98, 30.34, 32.59, 29.81, 29.38, 26.11, 25.14, 21.40, 19.89, 16.45, 18.57, 20.38, 17.26, 15.96, 19.28, 19.38, 16.13, 17.59, 20.47, 21.26, 24.85, 25.66, 24.70, 26.45, 28.97, 29.98, 26.81, 26.55, 22.77, 22.57, 19.30, 19.74, 17.04, 13.94, 15.87, 13.59, 13.33, 10.26, 8.40, 10.36, 9.69, 5.99, 7.27, 10.35, 9.04, 7.92, 11.22, 13.24, 12.63, 13.03, 15.86, 18.09
 18.77, 17.75, 14.10, 12.95, 10.30, 7.87, 6.00, 4.69, 5.28, 3.86, 0.00, 3.84, 5.48, 4.89, 6.14, 8.66, 9.97, 10.20, 10.68, 12.00, 15.22, 16.16, 14.55, 14.20, 12.68, 15.09, 18.32, 21.00, 18.81, 20.73, 20.74, 20.42, 20.73, 18.63, 18.91, 17.23, 14.94, 15.72, 17.16, 16.23, 16.06, 19.67, 21.06, 22.54, 21.78, 23.86, 24.45, 22.91, 26.16, 27.14, 25.16, 26.95, 25.33, 26.91, 29.50, 27.32, 24.29, 26.55, 28.84, 26.13, 25.61, 22.40, 21.47, 17.70, 16.47, 13.23, 15.58, 17.07, 13.78, 12.97, 16.38, 16.13, 13.08, 15.09, 17.82, 18.17, 21.86, 22.82, 21.54, 23.07, 25.77, 26.72, 23.46, 23.35, 19.61, 19.85, 16.72, 17.53, 14.74, 12.01, 14.47, 12.78, 12.14, 9.91, 7.44, 8.06, 7.83, 4.42, 3.79, 6.93, 6.46, 4.89, 7.62, 10.08, 10.07, 10.25, 12.58, 15.12
 21.93, 21.22, 17.52, 16.37, 13.42, 11.18, 8.57, 6.03, 5.03, 5.47, 3.84, 0.00, 3.81, 5.39, 5.07, 6.31, 8.82, 9.96, 9.89, 9.93, 13.44, 14.69, 12.88, 11.89, 10.64, 12.58, 16.08, 18.47, 16.17, 18.28, 18.80, 18.45, 19.32, 17.57, 17.74, 15.63, 13.97, 14.47, 16.59, 16.29, 16.77, 20.52, 21.52, 23.25, 22.37, 23.93, 24.18, 22.09, 25.00, 25.69, 24.01, 26.11, 25.02, 26.99, 29.85, 28.10, 24.96, 27.05, 29.74, 27.39, 26.70, 23.81, 22.85, 19.08, 18.32, 15.56, 18.33, 19.45, 15.95, 15.84, 19.16, 18.28, 15.29, 17.74, 19.98, 19.81, 23.38, 24.86, 23.56, 24.55, 27.20, 27.65, 24.15, 23.55, 19.86, 20.15, 17.47, 18.93, 16.69, 14.52, 17.42, 16.15, 15.82, 13.69, 10.93, 11.47, 11.53, 8.22, 6.75, 9.42, 8.86, 5.68, 8.05, 10.96, 9.93, 8.88, 11.68, 14.40
 24.14, 22.90, 19.36, 18.32, 15.66, 12.82, 10.15, 8.80, 6.72, 5.45, 5.48, 3.81, 0.00, 3.75, 5.23, 4.89, 6.13, 8.33, 9.56, 9.63, 12.47, 14.56, 13.70, 13.41, 13.15, 15.28, 18.97, 20.90, 18.15, 19.78, 20.03, 18.96, 19.41, 18.25, 19.15, 17.54, 16.37, 17.44, 19.80, 19.16, 19.89, 23.64, 24.39, 25.73, 24.41, 25.80, 26.45, 24.33, 27.12, 27.38, 25.43, 27.20, 26.13, 27.79, 30.85, 29.02, 26.19, 28.64, 31.28, 28.90, 28.67, 25.84, 25.33, 21.60, 21.03, 18.14, 20.44, 21.33, 17.76, 17.16, 20.14, 19.21, 15.78, 17.75, 19.81, 20.01, 23.35, 24.93, 24.20, 25.26, 27.51, 27.86, 24.50, 23.56, 19.84, 19.42, 16.61, 17.79, 15.93, 13.73, 16.57, 15.41, 15.95, 13.70, 10.58, 12.09, 12.88, 9.51, 8.39, 11.84, 11.77, 9.15, 11.30, 14.45, 13.71, 12.55, 15.13, 18.08
 21.95, 20.37, 17.05, 16.62, 14.59, 12.01, 10.34, 9.46, 8.72, 6.32, 4.89, 5.39, 3.75, 0.00, 3.84, 5.47, 5.34, 5.83, 7.54, 9.09, 11.58, 13.22, 12.68, 13.27, 13.12, 15.97, 19.51, 21.50, 18.61, 19.79, 19.36, 18.19, 18.00, 16.57, 17.78, 16.75, 15.28, 16.98, 19.04, 17.71, 18.38, 22.01, 22.67, 23.58, 22.04, 23.63, 24.72, 22.99, 26.02, 26.35, 24.01, 25.40, 23.92, 25.22, 28.15, 26.05, 23.38, 26.07, 28.47, 25.92, 25.99, 23.10, 22.93, 19.28, 18.84, 15.93, 17.79, 18.39, 14.84, 13.99, 16.71, 15.79, 12.22, 14.05, 16.10, 16.49, 19.83, 21.27, 20.67, 21.92, 24.08, 24.65, 21.45, 20.77, 16.99, 16.50, 13.39, 14.30, 12.23, 10.02, 13.00, 12.21, 12.94, 11.30, 7.73, 8.99, 10.63, 7.91, 6.16, 9.83, 10.81, 8.92, 10.35, 13.66, 13.93, 13.04, 14.89, 18.10
 22.30, 21.18, 17.81, 17.73, 15.62, 13.73, 12.13, 10.09, 9.86, 8.78, 6.14, 5.07, 5.23, 3.84, 0.00, 3.79, 5.61, 5.33, 4.89, 5.94, 9.09, 10.18, 9.06, 9.45, 9.46, 12.46, 15.99, 17.81, 14.85, 15.99, 15.63, 14.71, 14.91, 13.30, 14.21, 12.98, 11.75, 13.54, 15.95, 14.80, 16.05, 19.74, 19.98, 21.01, 19.41, 20.65, 21.49, 19.49, 22.38, 22.67, 20.49, 22.14, 20.93, 22.62, 25.66, 23.93, 21.04, 23.47, 26.18, 23.96, 23.77, 21.16, 20.95, 17.33, 17.43, 15.10, 17.39, 17.54, 13.81, 13.97, 16.68, 15.06, 11.93, 14.59, 16.14, 15.64, 18.99, 20.89, 19.89, 20.53, 22.88, 23.05, 19.56, 18.71, 15.00, 15.13, 12.60, 14.44, 12.72, 11.41, 14.88, 14.70, 15.00, 13.92, 10.37, 10.34, 12.00, 9.64, 6.60, 9.38, 10.79, 8.07, 8.37, 12.10, 12.31, 10.58, 12.01, 15.50
 26.01, 24.84, 21.45, 21.13, 18.78, 16.51, 14.29, 12.25, 10.87, 10.08, 8.66, 6.31, 4.89, 5.47, 3.79, 0.00, 3.78, 5.80, 5.98, 4.93, 7.71, 10.01, 9.53, 9.70, 10.66, 13.06, 16.80, 18.03, 14.78, 15.78, 15.80, 14.34, 14.82, 14.10, 15.36, 14.07, 13.76, 15.42, 18.35, 17.62, 19.24, 22.94, 22.92, 23.98, 22.17, 22.93, 23.66, 21.24, 23.69, 23.47, 21.46, 23.16, 22.47, 24.26, 27.58, 26.16, 23.44, 25.86, 28.79, 26.84, 26.74, 24.39, 24.31, 20.76, 21.07, 18.84, 21.18, 21.22, 17.48, 17.65, 20.18, 18.37, 15.16, 17.62, 18.82, 18.28, 21.30, 23.52, 22.86, 23.21, 25.25, 25.00, 21.50, 20.04, 16.50, 16.14, 14.02, 16.06, 15.02, 13.97, 17.41, 17.30, 18.09, 16.71, 13.10, 13.74, 15.39, 12.64, 10.12, 13.07, 14.03, 10.93, 11.57, 15.27, 14.80, 12.55, 14.32, 17.77
 26.72, 25.03, 21.90, 21.82, 19.89, 17.35, 15.45, 14.22, 12.78, 10.90, 9.97, 8.82, 6.13, 5.34, 5.61, 3.78, 0.00, 3.84, 6.29, 6.62, 7.77, 10.58, 11.31, 12.51, 13.84, 16.56, 20.22, 21.32, 17.89, 18.34, 17.77, 15.71, 15.33, 15.01, 17.01, 16.46, 16.19, 18.37, 21.11, 19.84, 21.39, 24.99, 24.90, 25.49, 23.34, 24.14, 25.41, 23.27, 25.78, 25.34, 22.92, 24.07, 23.13, 24.39, 27.72, 26.05, 23.73, 26.55, 29.23, 27.13, 27.56, 25.20, 25.56, 22.11, 22.47, 20.07, 21.84, 21.69, 18.04, 17.65, 19.74, 18.02, 14.51, 16.34, 17.33, 17.29, 20.02, 22.18, 22.12, 22.68, 24.28, 24.12, 20.93, 19.35, 15.81, 14.64, 12.24, 13.76, 13.11, 12.16, 15.41, 15.61, 17.14, 15.98, 12.23, 13.42, 15.71, 13.24, 11.04, 14.36, 15.75, 13.27, 13.96, 17.67, 17.72, 15.84, 17.38, 20.92
 24.60, 22.81, 19.95, 20.51, 19.10, 17.07, 15.93, 14.74, 14.26, 12.14, 10.20, 9.96, 8.33, 5.83, 5.33, 5.80, 3.84, 0.00, 3.79, 6.27, 7.03, 8.75, 9.72, 11.80, 13.13, 16.40, 19.79, 20.96, 17.54, 17.60, 16.34, 14.35, 13.33, 12.56, 14.79, 14.85, 14.32, 17.05, 19.47, 17.63, 19.23, 22.63, 22.34, 22.52, 20.16, 21.07, 22.71, 20.95, 23.66, 23.35, 20.59, 21.40, 20.06, 21.04, 24.26, 22.40, 20.17, 23.15, 25.67, 23.50, 24.14, 21.83, 22.53, 19.25, 19.90, 17.77, 19.19, 18.58, 15.01, 14.75, 16.46, 14.46, 11.06, 13.01, 13.69, 13.47, 16.21, 18.41, 18.34, 18.86, 20.46, 20.40, 17.25, 15.92, 12.28, 11.24, 8.60, 10.31, 9.65, 9.32, 12.89, 13.77, 15.23, 14.89, 11.06, 11.42, 14.32, 12.66, 9.87, 12.72, 14.95, 12.97, 12.81, 16.51, 17.33, 15.61, 16.40, 20.08
 24.09, 22.78, 19.88, 20.64, 19.15, 17.69, 16.64, 14.70, 14.74, 13.43, 10.68, 9.89, 9.56, 7.54, 4.89, 5.98, 6.29, 3.79, 0.00, 3.87, 5.46, 5.85, 6.04, 8.32, 9.84, 13.25, 16.43, 17.48, 14.10, 14.07, 12.73, 11.14, 10.51, 9.22, 11.10, 11.06, 10.71, 13.61, 16.19, 14.46, 16.52, 19.89, 19.26, 19.56, 17.21, 17.86, 19.23, 17.27, 19.93, 19.69, 17.06, 18.20, 17.04, 18.50, 21.78, 20.26, 17.70, 20.36, 23.18, 21.30, 21.58, 19.51, 20.08, 16.86, 17.96, 16.38, 18.18, 17.26, 13.62, 14.32, 16.12, 13.58, 10.79, 13.61, 13.99, 12.80, 15.65, 18.19, 17.50, 17.46, 19.40, 19.04, 15.52, 14.18, 10.57, 10.62, 8.75, 11.47, 10.81, 11.05, 14.83, 15.86, 16.63, 16.55, 12.84, 12.18, 14.81, 13.37, 9.88, 11.88, 14.33, 11.99, 10.90, 14.66, 15.52, 13.34, 13.56, 17.34
 26.90, 25.91, 22.78, 23.15, 21.18, 19.58, 17.91, 15.47, 14.92, 14.35, 12.00, 9.93, 9.63, 9.09, 5.94, 4.93, 6.62, 6.27, 3.87, 0.00, 3.82, 5.24, 5.02, 6.27, 8.67, 11.39, 14.76, 15.30, 11.69, 11.77, 11.22, 9.47, 9.96, 9.42, 10.96, 10.23, 10.85, 13.20, 16.41, 15.49, 17.93, 21.37, 20.56, 21.27, 19.05, 19.17, 19.98, 17.39, 19.54, 18.94, 16.82, 18.44, 18.06, 20.03, 23.52, 22.54, 19.90, 22.16, 25.33, 23.85, 23.82, 22.01, 22.32, 19.12, 20.30, 18.89, 21.15, 20.36, 16.70, 17.73, 19.74, 17.13, 14.54, 17.46, 17.79, 16.34, 18.99, 21.77, 20.98, 20.55, 22.46, 21.65, 18.02, 16.19, 12.96, 13.10, 11.97, 14.93, 14.61, 14.76, 18.51, 19.27, 19.98, 19.44, 15.73, 15.37, 17.51, 15.51, 12.15, 14.17, 15.98, 12.92, 12.05, 15.81, 15.84, 12.97, 13.52, 17.23
 29.47, 28.21, 25.33, 26.04, 24.37, 22.71, 21.19, 19.02, 18.34, 17.37, 15.22, 13.44, 12.47, 11.58, 9.09, 7.71, 7.77, 7.03, 5.46, 3.82, 0.00, 3.77, 6.21, 8.64, 11.75, 14.36, 17.40, 17.29, 13.51, 12.55, 11.29, 8.44, 7.97, 8.76, 11.37, 11.73, 13.08, 15.88, 19.07, 17.84, 20.56, 23.77, 22.51, 22.69, 19.97, 19.60, 20.84, 18.33, 20.09, 18.86, 16.43, 17.45, 17.31, 18.91, 22.59, 21.83, 19.68, 22.16, 25.29, 24.07, 24.53, 23.12, 24.00, 21.10, 22.70, 21.52, 23.38, 22.10, 18.59, 19.57, 21.00, 18.07, 15.59, 18.18, 17.78, 16.22, 18.22, 21.35, 21.09, 20.28, 21.61, 20.32, 16.93, 14.46, 11.64, 11.12, 10.80, 13.97, 14.64, 15.56, 19.23, 20.58, 21.79, 21.62, 17.81, 17.54, 20.19, 18.45, 15.11, 17.17, 19.35, 16.52, 15.47, 19.22, 19.52, 16.65, 16.83, 20.57
 28.24, 27.23, 24.56, 25.67, 24.28, 23.17, 22.10, 19.71, 19.72, 18.94, 16.16, 14.69, 14.56, 13.22, 10.18, 10.01, 10.58, 8.75, 5.85, 5.24, 3.77, 0.00, 3.80, 7.26, 10.44, 13.24, 15.75, 15.54, 11.92, 10.42, 8.34, 5.74, 4.87, 4.99, 7.80, 8.87, 10.48, 13.68, 16.66, 15.21, 18.24, 21.15, 19.48, 19.43, 16.59, 15.94, 17.23, 14.83, 16.60, 15.44, 12.80, 13.81, 13.60, 15.43, 19.09, 18.54, 16.28, 18.56, 21.81, 20.83, 21.18, 20.08, 21.10, 18.50, 20.58, 19.97, 21.78, 20.06, 16.76, 18.35, 19.51, 16.22, 14.43, 17.36, 16.61, 14.36, 16.24, 19.54, 18.89, 17.61, 19.10, 17.62, 14.05, 11.70, 9.08, 9.67, 10.03, 13.66, 14.31, 15.75, 19.45, 21.10, 21.90, 22.22, 18.57, 17.52, 20.18, 18.97, 15.30, 16.57, 19.14, 16.55, 14.67, 18.17, 18.90, 16.01, 15.36, 19.04
 26.25, 25.69, 22.84, 23.75, 22.13, 21.34, 20.25, 17.46, 17.83, 17.64, 14.55, 12.88, 13.70, 12.68, 9.06, 9.53, 11.31, 9.72, 6.04, 5.02, 6.21, 3.80, 0.00, 3.78, 6.71, 9.61, 12.10, 12.32, 8.85, 8.18, 6.77, 5.95, 6.87, 5.16, 5.96, 5.63, 7.02, 9.96, 13.10, 12.07, 15.16, 18.20, 16.71, 17.26, 14.93, 14.56, 15.18, 12.49, 14.58, 14.08, 11.93, 13.82, 13.59, 16.05, 19.45, 18.91, 16.05, 17.86, 21.28, 20.23, 19.91, 18.60, 19.01, 16.23, 18.15, 17.68, 19.97, 18.56, 15.21, 17.23, 18.89, 15.77, 14.20, 17.60, 17.41, 15.03, 17.45, 20.45, 19.10, 17.97, 20.10, 18.97, 15.17, 13.53, 10.79, 12.27, 12.10, 15.59, 15.38, 16.26, 20.01, 21.19, 21.38, 21.48, 18.03, 16.62, 18.70, 17.44, 13.68, 14.44, 16.72, 13.96, 11.76, 15.07, 15.61, 12.56, 11.71, 15.33
 26.49, 26.36, 23.25, 23.69, 21.62, 20.92, 19.47, 16.24, 16.54, 17.16, 14.20, 11.89, 13.41, 13.27, 9.45, 9.70, 12.51, 11.80, 8.32, 6.27, 8.64, 7.26, 3.78, 0.00, 3.81, 5.99, 8.78, 9.21, 5.79, 6.60, 7.04, 7.58, 9.86, 8.22, 7.39, 4.91, 6.29, 7.84, 11.47, 11.54, 14.53, 17.70, 16.51, 17.85, 16.21, 15.94, 15.66, 12.54, 14.46, 14.33, 13.09, 15.74, 15.88, 18.79, 21.99, 21.64, 18.48, 19.77, 23.30, 22.31, 21.39, 19.98, 19.69, 16.78, 18.33, 17.85, 20.68, 19.80, 16.46, 18.62, 20.79, 18.00, 16.46, 20.01, 20.31, 18.04, 20.74, 23.51, 21.81, 20.82, 23.27, 22.28, 18.44, 17.05, 14.40, 16.02, 15.59, 18.90, 18.24, 18.53, 22.25, 22.89, 22.69, 22.32, 19.04, 17.70, 19.09, 17.46, 13.91, 14.46, 15.99, 12.80, 10.77, 13.80, 13.54, 10.06, 9.50, 12.88
 23.82, 24.09, 20.87, 21.08, 18.87, 18.56, 17.27, 13.82, 14.72, 15.84, 12.68, 10.64, 13.15, 13.12, 9.46, 10.66, 13.84, 13.13, 9.84, 8.67, 11.75, 10.44, 6.71, 3.81, 0.00, 3.75, 6.72, 8.70, 6.53, 8.74, 9.60, 11.01, 13.11, 10.72, 9.01, 5.74, 4.93, 5.04, 8.55, 9.18, 11.67, 15.00, 14.43, 16.40, 15.51, 15.91, 15.17, 12.34, 14.76, 15.57, 14.65, 17.53, 17.24, 20.21, 23.02, 22.40, 18.92, 19.93, 23.29, 22.03, 20.62, 18.83, 17.87, 14.76, 15.81, 15.29, 18.50, 18.11, 14.91, 17.18, 19.78, 17.44, 16.09, 19.74, 20.60, 18.51, 21.59, 23.91, 21.75, 21.16, 24.05, 23.55, 19.72, 19.00, 16.19, 18.13, 17.19, 20.15, 18.80, 18.55, 22.08, 22.26, 21.48, 20.95, 18.08, 16.44, 17.15, 15.62, 12.31, 12.18, 13.24, 10.15, 7.89, 10.42, 9.96, 6.47, 5.76, 9.14
 26.09, 26.75, 23.47, 23.33, 20.83, 20.63, 19.05, 15.35, 16.02, 17.85, 15.09, 12.58, 15.28, 15.97, 12.46, 13.06, 16.56, 16.40, 13.25, 11.39, 14.36, 13.24, 9.61, 5.99, 3.75, 0.00, 3.79, 5.99, 4.98, 8.41, 10.59, 12.57, 15.38, 13.37, 11.16, 7.44, 7.45, 5.65, 9.05, 11.02, 13.33, 16.32, 15.80, 18.25, 17.82, 17.91, 16.44, 13.29, 15.05, 15.92, 15.87, 19.17, 19.44, 22.72, 25.44, 25.20, 21.67, 22.21, 25.67, 24.72, 22.93, 21.38, 20.04, 17.18, 18.09, 17.80, 21.25, 21.09, 18.10, 20.48, 23.19, 20.96, 19.76, 23.41, 24.32, 22.16, 25.17, 27.51, 25.21, 24.47, 27.39, 26.74, 22.92, 22.10, 19.55, 21.56, 20.82, 23.85, 22.53, 22.18, 25.67, 25.64, 24.69, 23.89, 21.18, 19.69, 19.94, 18.20, 15.26, 14.99, 15.33, 12.12, 10.34, 12.05, 10.63, 6.97, 6.60, 8.72
 27.05, 28.14, 25.09, 25.11, 22.79, 23.11, 21.83, 18.12, 19.17, 21.18, 18.32, 16.08, 18.97, 19.51, 15.99, 16.80, 20.22, 19.79, 16.43, 14.76, 17.40, 15.75, 12.10, 8.78, 6.72, 3.79, 0.00, 3.80, 5.43, 8.70, 11.12, 13.96, 16.96, 14.81, 11.85, 8.20, 8.37, 5.45, 7.99, 10.87, 13.19, 15.51, 14.70, 17.44, 17.52, 17.32, 15.11, 11.96, 13.23, 14.55, 15.29, 18.87, 19.42, 22.95, 25.32, 25.46, 21.90, 21.78, 25.24, 24.69, 22.45, 21.30, 19.69, 17.35, 18.48, 18.90, 22.34, 22.05, 19.50, 22.30, 24.83, 22.57, 21.94, 25.67, 26.42, 23.95, 26.79, 29.08, 26.48, 25.44, 28.46, 27.71, 24.00, 23.41, 21.28, 23.73, 23.32, 26.44, 25.15, 25.00, 28.41, 28.47, 27.25, 26.67, 24.19, 22.32, 22.38, 21.02, 18.14, 17.23, 17.54, 14.78, 12.60, 13.42, 12.15, 9.07, 7.59, 8.34
 30.42, 31.36, 28.37, 28.56, 26.29, 26.41, 24.98, 21.27, 21.95, 23.80, 21.00, 18.47, 20.90, 21.50, 17.81, 18.03, 21.32, 20.96, 17.48, 15.30, 17.29, 15.54, 12.32, 9.21, 8.70, 5.99, 3.80, 0.00, 3.81, 6.41, 9.52, 12.50, 15.92, 14.44, 11.55, 8.33, 10.03, 8.12, 10.83, 13.32, 16.16, 18.22, 16.75, 19.06, 18.71, 17.73, 15.46, 11.90, 12.12, 12.66, 13.94, 17.63, 18.90, 22.59, 25.11, 25.77, 22.45, 22.18, 25.83, 25.75, 23.69, 23.05, 21.87, 19.81, 21.43, 22.05, 25.32, 24.60, 22.02, 24.93, 27.18, 24.55, 23.94, 27.69, 28.01, 25.28, 27.77, 30.41, 28.00, 26.51, 29.23, 28.00, 24.33, 23.31, 21.58, 23.97, 24.11, 27.50, 26.70, 26.96, 30.52, 30.90, 29.98, 29.52, 26.76, 24.99, 25.45, 24.00, 20.89, 20.29, 20.90, 17.95, 15.73, 16.97, 15.81, 12.50, 11.09, 12.09
 29.78, 30.26, 27.19, 27.48, 25.24, 24.95, 23.40, 19.81, 20.18, 21.60, 18.81, 16.17, 18.15, 18.61, 14.85, 14.78, 17.89, 17.54, 14.10, 11.69, 13.51, 11.92, 8.85, 5.79, 6.53, 4.98, 5.43, 3.81, 0.00, 3.76, 6.91, 9.24, 12.68, 11.47, 9.23, 6.06, 8.46, 7.89, 11.39, 12.96, 16.10, 18.65, 17.11, 18.97, 17.95, 16.98, 15.49, 11.81, 12.50, 12.38, 12.75, 16.18, 17.31, 20.81, 23.73, 24.16, 20.95, 21.27, 25.00, 24.69, 23.14, 22.32, 21.59, 19.21, 20.94, 21.15, 24.28, 23.40, 20.48, 23.14, 25.32, 22.51, 21.53, 25.21, 25.41, 22.78, 25.24, 28.06, 25.99, 24.55, 27.07, 25.74, 22.00, 20.63, 18.68, 20.76, 20.88, 24.34, 23.76, 24.13, 27.80, 28.35, 27.80, 27.36, 24.32, 22.78, 23.67, 22.06, 18.74, 18.67, 19.65, 16.45, 14.32, 16.35, 15.44, 11.81, 10.75, 12.86
 31.34, 31.58, 28.73, 29.42, 27.48, 27.16, 25.78, 22.37, 22.71, 23.65, 20.73, 18.28, 19.78, 19.79, 15.99, 15.78, 18.34, 17.60, 14.07, 11.77, 12.55, 10.42, 8.18, 6.60, 8.74, 8.41, 8.70, 6.41, 3.76, 0.00, 3.77, 6.28, 9.90, 9.32, 7.41, 5.67, 9.23, 9.90, 13.18, 14.02, 17.56, 19.86, 17.70, 18.88, 17.27, 15.63, 14.53, 10.79, 10.87, 9.77, 9.95, 13.20, 14.84, 18.31, 21.39, 22.20, 19.33, 19.67, 23.48, 23.55, 22.36, 22.01, 21.88, 19.82, 22.10, 22.57, 25.33, 23.90, 21.06, 23.82, 25.53, 22.35, 21.56, 25.15, 24.79, 21.88, 23.87, 26.99, 25.16, 23.26, 25.42, 23.65, 20.03, 18.30, 16.85, 18.94, 19.71, 23.37, 23.34, 24.29, 28.00, 29.03, 28.78, 28.71, 25.48, 23.86, 25.26, 23.88, 20.31, 20.34, 21.88, 18.83, 16.41, 18.72, 18.36, 14.80, 13.36, 15.75
 30.33, 30.31, 27.72, 28.86, 27.33, 27.08, 26.08, 22.94, 23.52, 23.90, 20.74, 18.80, 20.03, 19.36, 15.63, 15.80, 17.77, 16.34, 12.73, 11.22, 11.29, 8.34, 6.77, 7.04, 9.60, 10.59, 11.12, 9.52, 6.91, 3.77, 0.00, 3.78, 6.74, 5.97, 4.39, 4.78, 8.52, 10.48, 13.39, 13.22, 16.95, 19.09, 16.56, 17.02, 14.83, 12.92, 12.57, 9.15, 9.54, 8.06, 7.00, 9.84, 11.32, 14.67, 17.88, 18.69, 16.03, 16.61, 20.41, 20.55, 19.77, 19.64, 20.09, 18.24, 20.92, 21.57, 23.90, 21.99, 19.28, 22.08, 23.32, 19.89, 19.36, 22.84, 22.04, 18.93, 20.58, 23.83, 22.16, 20.00, 21.93, 19.99, 16.44, 14.63, 13.47, 15.76, 16.94, 20.65, 20.94, 22.37, 26.01, 27.46, 27.38, 27.76, 24.48, 22.65, 24.50, 23.52, 19.75, 19.72, 21.86, 19.16, 16.41, 18.89, 19.25, 15.96, 14.10, 16.86
 31.41, 30.94, 28.33, 29.48, 27.97, 27.28, 26.13, 23.24, 23.40, 23.33, 20.42, 18.45, 18.96, 18.19, 14.71, 14.34, 15.71, 14.35, 11.14, 9.47, 8.44, 5.74, 5.95, 7.58, 11.01, 12.57, 13.96, 12.50, 9.24, 6.28, 3.78, 0.00, 3.79, 4.99, 6.06, 7.28, 10.58, 13.13, 16.22, 15.56, 19.16, 21.58, 19.21, 19.31, 16.63, 14.86, 15.32, 12.29, 12.84, 10.86, 9.03, 10.74, 12.05, 14.76, 18.36, 18.95, 16.69, 17.96, 21.61, 21.56, 21.41, 21.13, 22.00, 19.96, 22.55, 22.75, 24.84, 22.87, 19.91, 22.27, 23.34, 19.82, 18.83, 22.03, 21.00, 18.11, 19.55, 23.03, 21.93, 19.85, 21.33, 19.20, 15.73, 13.24, 11.96, 13.49, 14.89, 18.66, 19.44, 21.08, 24.75, 26.42, 26.84, 27.20, 23.68, 22.26, 24.53, 23.38, 19.61, 20.21, 22.54, 19.74, 17.36, 20.36, 20.76, 17.45, 16.14, 19.32
 30.92, 30.08, 27.75, 29.26, 28.13, 27.41, 26.58, 24.08, 24.34, 23.69, 20.73, 19.32, 19.41, 18.00, 14.91, 14.82, 15.33, 13.33, 10.51, 9.96, 7.97, 4.87, 6.87, 9.86, 13.11, 15.38, 16.96, 15.92, 12.68, 9.90, 6.74, 3.79, 0.00, 3.75, 6.82, 9.34, 11.90, 15.12, 17.83, 16.37, 19.81, 22.12, 19.68, 19.11, 15.94, 14.24, 15.63, 13.31, 14.21, 12.25, 9.43, 9.83, 10.47, 12.40, 16.18, 16.50, 14.72, 16.56, 19.94, 19.77, 20.27, 20.06, 21.53, 19.65, 22.39, 22.55, 24.12, 21.80, 18.98, 21.09, 21.64, 17.99, 17.08, 19.93, 18.41, 15.51, 16.49, 20.12, 19.46, 17.27, 18.31, 16.00, 12.70, 9.82, 8.78, 10.06, 12.01, 15.76, 17.06, 19.22, 22.74, 24.84, 25.57, 26.33, 22.81, 21.36, 24.09, 23.28, 19.51, 20.22, 23.00, 20.59, 18.17, 21.29, 22.24, 19.25, 17.86, 21.24
 27.47, 26.83, 24.54, 26.15, 25.15, 24.78, 24.25, 21.71, 22.47, 21.93, 18.63, 17.57, 18.25, 16.57, 13.30, 14.10, 15.01, 12.56, 9.22, 9.42, 8.76, 4.99, 5.16, 8.22, 10.72, 13.37, 14.81, 14.44, 11.47, 9.32, 5.97, 4.99, 3.75, 0.00, 3.78, 6.70, 8.59, 12.08, 14.46, 12.72, 16.12, 18.40, 16.05, 15.57, 12.53, 11.26, 12.65, 10.49, 12.21, 11.20, 8.15, 9.11, 8.80, 11.14, 14.71, 14.61, 12.18, 13.98, 17.44, 16.96, 17.11, 16.63, 17.88, 15.92, 18.70, 19.03, 20.66, 18.35, 15.59, 18.00, 18.69, 15.06, 14.46, 17.64, 16.42, 13.32, 14.83, 18.20, 16.96, 14.92, 16.62, 14.84, 11.16, 9.24, 7.55, 9.91, 11.18, 14.88, 15.46, 17.42, 20.92, 22.86, 23.14, 24.02, 20.71, 18.82, 21.33, 20.82, 16.99, 17.19, 20.08, 17.94, 15.15, 18.03, 19.29, 16.57, 14.79, 18.13
 26.58, 26.47, 24.13, 25.65, 24.55, 24.61, 24.14, 21.28, 22.41, 22.41, 18.91, 17.74, 19.15, 17.78, 14.21, 15.36, 17.01, 14.79, 11.10, 10.96, 11.37, 7.80, 5.96, 7.39, 9.01, 11.16, 11.85, 11.55, 9.23, 7.41, 4.39, 6.06, 6.82, 3.78, 0.00, 3.76, 6.01, 9.09, 11.31, 10.06, 13.73, 15.79, 13.23, 13.27, 10.78, 9.36, 9.75, 7.05, 8.99, 8.71, 6.31, 8.61, 8.58, 11.79, 14.87, 15.09, 12.10, 13.01, 16.72, 16.45, 15.77, 15.40, 16.06, 14.25, 17.13, 17.94, 19.95, 17.79, 15.24, 18.19, 19.19, 15.72, 15.59, 19.08, 18.25, 15.01, 16.81, 19.85, 17.93, 15.87, 18.10, 16.57, 12.90, 11.79, 10.36, 13.25, 14.16, 17.70, 17.68, 19.24, 22.72, 24.31, 24.03, 24.82, 21.75, 19.50, 21.47, 21.04, 17.23, 16.76, 19.37, 17.24, 14.07, 16.42, 17.57, 14.82, 12.48, 15.42
 25.90, 26.12, 23.43, 24.46, 22.91, 22.95, 22.18, 18.99, 20.07, 20.64, 17.23, 15.63, 17.54, 16.75, 12.98, 14.07, 16.46, 14.85, 11.06, 10.23, 11.73, 8.87, 5.63, 4.91, 5.74, 7.44, 8.20, 8.33, 6.06, 5.67, 4.78, 7.28, 9.34, 6.70, 3.76, 0.00, 3.81, 5.96, 8.95, 8.78, 12.39, 14.86, 12.85, 13.93, 12.31, 11.53, 10.88, 7.64, 9.70, 10.07, 8.91, 11.90, 12.06, 15.38, 18.24, 18.30, 15.00, 15.64, 19.30, 18.79, 17.53, 16.70, 16.52, 14.25, 16.57, 17.13, 19.74, 18.24, 15.46, 18.39, 20.06, 16.99, 16.50, 20.18, 20.03, 17.12, 19.47, 22.24, 20.07, 18.51, 21.10, 19.94, 16.19, 15.27, 13.33, 15.94, 16.17, 19.59, 19.03, 19.90, 23.46, 24.50, 23.92, 24.21, 21.22, 19.10, 20.51, 19.69, 16.00, 15.48, 17.49, 15.00, 11.97, 14.19, 14.73, 11.68, 9.47, 12.35
 22.17, 22.53, 19.84, 20.88, 19.46, 19.84, 19.44, 16.37, 18.03, 18.58, 14.94, 13.97, 16.37, 15.28, 11.75, 13.76, 16.19, 14.32, 10.71, 10.85, 13.08, 10.48, 7.02, 6.29, 4.93, 7.45, 8.37, 10.03, 8.46, 9.23, 8.52, 10.58, 11.90, 8.59, 6.01, 3.81, 0.00, 3.83, 6.19, 5.39, 8.78, 11.61, 10.23, 11.71, 10.63, 11.05, 10.49, 8.13, 11.23, 12.61, 11.26, 13.92, 13.11, 16.08, 18.54, 17.95, 14.34, 15.10, 18.44, 17.33, 15.79, 14.30, 13.63, 10.95, 12.93, 13.40, 16.17, 14.98, 12.23, 15.25, 17.22, 14.52, 14.17, 17.93, 18.28, 15.63, 18.45, 20.72, 18.19, 17.20, 20.23, 19.76, 16.03, 15.88, 13.52, 16.25, 15.76, 18.77, 17.52, 17.96, 21.32, 22.06, 21.06, 21.39, 18.73, 16.28, 17.34, 16.85, 13.30, 12.17, 14.21, 12.18, 8.77, 10.65, 11.72, 9.26, 6.54, 9.59
 22.44, 23.36, 20.53, 21.11, 19.34, 20.01, 19.45, 16.07, 17.87, 19.16, 15.72, 14.47, 17.44, 16.98, 13.54, 15.42, 18.37, 17.05, 13.61, 13.20, 15.88, 13.68, 9.96, 7.84, 5.04, 5.65, 5.45, 8.12, 7.89, 9.90, 10.48, 13.13, 15.12, 12.08, 9.09, 5.96, 3.83, 0.00, 3.78, 5.58, 8.28, 10.96, 10.15, 12.69, 12.67, 13.21, 11.60, 9.14, 11.83, 13.75, 13.39, 16.51, 16.05, 19.24, 21.42, 21.02, 17.31, 17.48, 20.73, 19.74, 17.60, 16.10, 14.57, 12.02, 13.38, 13.98, 17.22, 16.66, 14.20, 17.21, 19.56, 17.33, 17.04, 20.77, 21.53, 19.06, 22.00, 24.02, 21.24, 20.41, 23.62, 23.28, 19.63, 19.61, 17.34, 20.06, 19.41, 22.29, 20.74, 20.72, 23.97, 24.24, 22.85, 22.80, 20.45, 18.06, 18.36, 17.67, 14.54, 13.05, 14.17, 12.07, 8.91, 9.78, 10.03, 7.55, 4.37, 6.48
 20.33, 21.73, 19.24, 20.03, 18.68, 20.04, 20.08, 16.97, 19.40, 20.68, 17.16, 16.59, 19.80, 19.04, 15.95, 18.35, 21.11, 19.47, 16.19, 16.41, 19.07, 16.66, 13.10, 11.47, 8.55, 9.05, 7.99, 10.83, 11.39, 13.18, 13.39, 16.22, 17.83, 14.46, 11.31, 8.95, 6.19, 3.78, 0.00, 3.80, 5.52, 7.54, 7.16, 10.34, 11.38, 12.55, 10.59, 9.22, 12.20, 14.95, 14.71, 17.60, 16.69, 19.68, 21.25, 20.69, 16.92, 16.62, 19.48, 18.40, 15.74, 14.16, 11.97, 9.82, 11.01, 12.36, 15.51, 15.07, 13.33, 16.59, 18.81, 16.97, 17.36, 20.95, 21.85, 19.41, 22.33, 23.89, 20.71, 20.05, 23.50, 23.56, 20.16, 20.81, 18.76, 21.76, 21.03, 23.59, 21.72, 21.63, 24.52, 24.71, 22.83, 23.07, 21.23, 18.42, 18.30, 18.26, 15.48, 13.12, 14.16, 13.00, 9.65, 9.13, 10.11, 8.96, 5.24, 5.52
 18.32, 19.31, 17.06, 18.46, 17.64, 19.02, 19.51, 16.81, 19.41, 19.99, 16.23, 16.29, 19.16, 17.71, 14.80, 17.62, 19.84, 17.63, 14.46, 15.49, 17.84, 15.21, 12.07, 11.54, 9.18, 11.02, 10.87, 13.32, 12.96, 14.02, 13.22, 15.56, 16.37, 12.72, 10.06, 8.78, 5.39, 5.58, 3.80, 0.00, 3.78, 6.23, 5.45, 7.75, 8.26, 10.13, 9.21, 8.63, 12.28, 14.88, 13.75, 16.03, 14.40, 16.96, 18.46, 17.45, 13.67, 13.81, 16.51, 15.04, 12.70, 10.77, 9.03, 6.52, 8.43, 10.00, 12.69, 11.68, 9.94, 13.44, 15.31, 13.31, 14.02, 17.55, 18.28, 15.79, 18.69, 20.12, 16.91, 16.34, 19.85, 20.15, 16.83, 17.83, 15.76, 18.85, 18.05, 20.42, 18.54, 18.73, 21.50, 22.01, 20.23, 20.96, 19.12, 16.00, 16.37, 16.85, 13.86, 11.34, 13.30, 12.64, 8.90, 8.87, 11.05, 10.23, 6.69, 8.16
 15.06, 16.53, 14.42, 15.77, 15.25, 17.24, 18.26, 15.93, 19.05, 19.68, 16.06, 16.77, 19.89, 18.38, 16.05, 19.24, 21.39, 19.23, 16.52, 17.93, 20.56, 18.24, 15.16, 14.53, 11.67, 13.33, 13.19, 16.16, 16.10, 17.56, 16.95, 19.16, 19.81, 16.12, 13.73, 12.39, 8.78, 8.28, 5.52, 3.78, 0.00, 3.78, 5.59, 8.30, 9.91, 12.63, 11.82, 11.98, 15.57, 18.43, 17.36, 19.43, 17.46, 19.62, 20.69, 19.24, 15.56, 15.68, 17.73, 15.78, 13.22, 10.64, 7.89, 5.18, 5.51, 7.38, 10.24, 10.09, 9.04, 12.26, 14.39, 13.30, 14.25, 17.42, 18.72, 16.77, 19.86, 20.63, 17.20, 17.34, 21.04, 21.95, 18.91, 20.39, 18.19, 21.12, 19.83, 21.66, 19.25, 18.92, 21.22, 21.29, 18.96, 19.69, 18.50, 15.20, 14.84, 15.82, 13.51, 10.26, 11.77, 12.12, 8.76, 7.25, 10.05, 10.59, 7.51, 7.82
 15.31, 17.27, 15.89, 17.59, 17.63, 20.08, 21.46, 19.35, 22.61, 23.24, 19.67, 20.52, 23.64, 22.01, 19.74, 22.94, 24.99, 22.63, 19.89, 21.37, 23.77, 21.15, 18.20, 17.70, 15.00, 16.32, 15.51, 18.22, 18.65, 19.86, 19.09, 21.58, 22.12, 18.40, 15.79, 14.86, 11.61, 10.96, 7.54, 6.23, 3.78, 0.00, 3.86, 6.68, 9.57, 12.41, 11.28, 12.44, 15.76, 19.04, 18.24, 20.09, 18.00, 19.98, 20.37, 19.07, 15.58, 14.96, 16.50, 14.81, 11.67, 9.53, 6.06, 5.33, 5.98, 9.20, 11.14, 10.66, 10.88, 14.17, 15.64, 14.80, 16.53, 19.40, 20.44, 18.36, 21.04, 21.49, 17.79, 17.76, 21.44, 22.49, 19.85, 21.78, 20.10, 23.28, 22.29, 23.99, 21.68, 21.60, 23.58, 23.81, 21.28, 22.38, 21.54, 18.05, 17.60, 19.04, 16.96, 13.51, 14.95, 15.72, 12.49, 10.57, 13.27, 14.06, 10.86, 10.31
 18.47, 19.99, 18.64, 20.61, 20.57, 22.63, 23.74, 21.37, 24.32, 24.81, 21.06, 21.52, 24.39, 22.67, 19.98, 22.92, 24.90, 22.34, 19.26, 20.56, 22.51, 19.48, 16.71, 16.51, 14.43, 15.80, 14.70, 16.75, 17.11, 17.70, 16.56, 19.21, 19.68, 16.05, 13.23, 12.85, 10.23, 10.15, 7.16, 5.45, 5.59, 3.86, 0.00, 3.77, 6.62, 8.85, 7.44, 8.99, 12.23, 15.55, 14.78, 16.54, 14.61, 16.79, 17.15, 16.35, 12.83, 11.75, 13.73, 12.68, 9.39, 8.25, 5.82, 5.93, 8.48, 11.70, 13.37, 11.82, 11.77, 15.46, 16.43, 14.76, 16.70, 19.77, 20.12, 17.46, 19.73, 20.67, 17.03, 16.16, 19.68, 20.20, 17.54, 19.33, 18.11, 21.58, 21.20, 23.28, 21.51, 22.06, 24.34, 25.09, 22.99, 24.31, 22.98, 19.49, 19.72, 20.95, 18.32, 15.28, 17.24, 17.39, 13.78, 12.80, 15.30, 15.16, 11.55, 11.67
 19.08, 20.15, 19.29, 21.81, 22.25, 24.22, 25.55, 23.47, 26.35, 26.36, 22.54, 23.25, 25.73, 23.58, 21.01, 23.98, 25.49, 22.52, 19.56, 21.27, 22.69, 19.43, 17.26, 17.85, 16.40, 18.25, 17.44, 19.06, 18.97, 18.88, 17.02, 19.31, 19.11, 15.57, 13.27, 13.93, 11.71, 12.69, 10.34, 7.75, 8.30, 6.68, 3.77, 0.00, 3.79, 6.54, 6.52, 9.24, 12.37, 15.37, 14.03, 14.96, 12.47, 14.03, 13.91, 12.95, 9.66, 8.38, 10.01, 9.00, 5.64, 5.19, 4.33, 5.96, 9.39, 12.74, 13.47, 10.96, 11.45, 15.12, 15.22, 13.28, 15.84, 18.60, 18.37, 15.50, 17.22, 18.07, 14.43, 13.17, 16.54, 17.10, 14.85, 17.08, 16.39, 19.95, 19.92, 21.84, 20.39, 21.49, 23.57, 24.83, 22.97, 24.81, 23.44, 19.84, 20.62, 22.21, 19.45, 16.58, 19.13, 19.45, 15.79, 15.29, 18.15, 17.91, 14.39, 15.09
 20.50, 20.91, 19.90, 22.54, 22.91, 24.38, 25.51, 23.44, 25.98, 25.63, 21.78, 22.37, 24.41, 22.04, 19.41, 22.17, 23.34, 20.16, 17.21, 19.05, 19.97, 16.59, 14.93, 16.21, 15.51, 17.82, 17.52, 18.71, 17.95, 17.27, 14.83, 16.63, 15.94, 12.53, 10.78, 12.31, 10.63, 12.67, 11.38, 8.26, 9.91, 9.57, 6.62, 3.79, 0.00, 3.83, 5.86, 8.22, 11.42, 13.69, 11.58, 11.99, 9.10, 10.51, 10.89, 9.81, 6.22, 5.78, 8.26, 7.23, 5.24, 5.18, 6.54, 7.08, 10.89, 13.55, 14.12, 11.02, 10.83, 14.43, 14.18, 11.48, 13.92, 16.73, 15.93, 12.68, 14.13, 15.52, 12.19, 10.31, 13.53, 13.67, 11.19, 13.30, 12.79, 16.43, 16.75, 18.87, 17.90, 19.51, 21.79, 23.50, 22.15, 24.13, 22.35, 18.90, 20.36, 21.76, 18.66, 16.35, 19.38, 19.32, 15.64, 16.05, 18.90, 18.13, 14.79, 16.36
 24.29, 24.64, 23.48, 25.99, 26.09, 27.30, 28.06, 25.72, 27.93, 27.69, 23.86, 23.93, 25.80, 23.63, 20.65, 22.93, 24.14, 21.07, 17.86, 19.17, 19.60, 15.94, 14.56, 15.94, 15.91, 17.91, 17.32, 17.73, 16.98, 15.63, 12.92, 14.86, 14.24, 11.26, 9.36, 11.53, 11.05, 13.21, 12.55, 10.13, 12.63, 12.41, 8.85, 6.54, 3.83, 0.00, 3.84, 6.19, 8.57, 10.41, 8.32, 8.51, 6.07, 8.22, 8.86, 9.15, 5.96, 4.50, 8.11, 8.67, 7.27, 8.65, 10.16, 10.71, 14.51, 17.02, 17.82, 14.70, 14.14, 17.68, 17.39, 14.28, 16.37, 19.26, 17.96, 14.37, 15.25, 17.28, 14.43, 11.71, 14.25, 13.37, 10.90, 12.31, 12.55, 16.31, 17.43, 20.00, 19.67, 21.67, 24.22, 26.17, 25.17, 27.04, 24.89, 21.66, 23.37, 24.40, 21.01, 19.11, 22.11, 21.50, 17.77, 18.58, 21.00, 19.62, 16.23, 17.93
 25.01, 25.88, 24.49, 26.66, 26.43, 27.82, 28.39, 25.73, 27.99, 28.27, 24.45, 24.18, 26.45, 24.72, 21.49, 23.66, 25.41, 22.71, 19.23, 19.98, 20.84, 17.23, 15.18, 15.66, 15.17, 16.44, 15.11, 15.46, 15.49, 14.53, 12.57, 15.32, 15.63, 12.65, 9.75, 10.88, 10.49, 11.60, 10.59, 9.21, 11.82, 11.28, 7.44, 6.52, 5.86, 3.84, 0.00, 3.80, 6.04, 9.02, 8.31, 9.80, 8.70, 11.53, 12.11, 12.87, 9.78, 7.75, 10.97, 11.76, 9.35, 10.56, 10.79, 11.33, 14.86, 17.60, 18.98, 16.38, 15.76, 19.50, 19.77, 16.91, 18.78, 21.94, 21.08, 17.60, 18.86, 20.82, 17.77, 15.36, 18.06, 17.19, 14.61, 15.66, 15.61, 19.34, 20.28, 23.03, 22.44, 24.03, 26.74, 28.31, 27.03, 28.54, 26.44, 23.21, 24.44, 25.22, 21.89, 19.76, 22.28, 21.47, 17.69, 18.08, 20.08, 18.62, 15.01, 16.10
 26.20, 26.96, 25.09, 26.84, 26.10, 27.11, 27.18, 24.22, 26.11, 26.62, 22.91, 22.09, 24.33, 22.99, 19.49, 21.24, 23.27, 20.95, 17.27, 17.39, 18.33, 14.83, 12.49, 12.54, 12.34, 13.29, 11.96, 11.90, 11.81, 10.79, 9.15, 12.29, 13.31, 10.49, 7.05, 7.64, 8.13, 9.14, 9.22, 8.63, 11.98, 12.44, 8.99, 9.24, 8.22, 6.19, 3.80, 0.00, 3.84, 6.62, 6.31, 9.07, 9.00, 12.53, 14.08, 14.95, 11.76, 10.57, 14.16, 14.71, 12.66, 13.23, 13.19, 12.70, 15.95, 18.11, 20.06, 17.81, 16.41, 20.06, 20.84, 17.79, 18.92, 22.38, 21.68, 18.22, 19.80, 22.19, 19.39, 17.07, 19.72, 18.52, 15.44, 15.67, 15.18, 18.71, 19.64, 22.77, 22.27, 23.70, 26.77, 28.19, 27.11, 28.20, 25.76, 22.85, 24.09, 24.31, 20.81, 19.10, 21.41, 19.97, 16.32, 17.17, 18.60, 16.54, 13.12, 14.55
 29.94, 30.78, 28.92, 30.62, 29.76, 30.69, 30.57, 27.45, 29.12, 29.79, 26.16, 25.00, 27.12, 26.02, 22.38, 23.69, 25.78, 23.66, 19.93, 19.54, 20.09, 16.60, 14.58, 14.46, 14.76, 15.05, 13.23, 12.12, 12.50, 10.87, 9.54, 12.84, 14.21, 12.21, 8.99, 9.70, 11.23, 11.83, 12.20, 12.28, 15.57, 15.76, 12.23, 12.37, 11.42, 8.57, 6.04, 3.84, 0.00, 3.78, 5.58, 8.54, 9.88, 13.50, 14.92, 16.66, 14.01, 12.32, 15.84, 17.15, 15.22, 16.43, 16.55, 16.42, 19.68, 21.92, 23.87, 21.55, 20.21, 23.84, 24.51, 21.34, 22.45, 25.86, 24.90, 21.32, 22.51, 25.10, 22.50, 19.81, 22.06, 20.35, 17.54, 17.35, 17.43, 20.85, 22.27, 25.57, 25.44, 27.08, 30.23, 31.77, 30.83, 31.86, 29.30, 26.50, 27.81, 27.86, 24.30, 22.77, 24.95, 23.26, 19.72, 20.62, 21.69, 19.35, 16.08, 17.26
 32.60, 33.10, 31.13, 32.82, 31.83, 32.39, 32.00, 28.87, 30.12, 30.63, 27.14, 25.69, 27.38, 26.35, 22.67, 23.47, 25.34, 23.35, 19.69, 18.94, 18.86, 15.44, 14.08, 14.33, 15.57, 15.92, 14.55, 12.66, 12.38, 9.77, 8.06, 10.86, 12.25, 11.20, 8.71, 10.07, 12.61, 13.75, 14.95, 14.88, 18.43, 19.04, 15.55, 15.37, 13.69, 10.41, 9.02, 6.62, 3.78, 0.00, 3.76, 6.73, 9.38, 12.96, 14.92, 17.06, 14.89, 13.68, 17.30, 18.79, 17.52, 18.83, 19.44, 19.08, 22.41, 24.32, 26.22, 23.75, 22.10, 25.53, 26.08, 22.64, 23.42, 26.76, 25.47, 21.84, 22.71, 25.69, 23.56, 20.60, 22.37, 20.12, 17.36, 16.42, 16.83, 19.93, 21.82, 25.32, 25.70, 27.62, 30.91, 32.68, 32.15, 33.14, 30.27, 27.75, 29.42, 29.20, 25.49, 24.46, 26.78, 24.75, 21.38, 22.83, 23.72, 20.99, 18.08, 19.73
 30.69, 30.83, 28.95, 30.85, 30.07, 30.49, 30.25, 27.36, 28.63, 28.71, 25.16, 24.01, 25.43, 24.01, 20.49, 21.46, 22.92, 20.59, 17.06, 16.82, 16.43, 12.80, 11.93, 13.09, 14.65, 15.87, 15.29, 13.94, 12.75, 9.95, 7.00, 9.03, 9.43, 8.15, 6.31, 8.91, 11.26, 13.39, 14.71, 13.75, 17.36, 18.24, 14.78, 14.03, 11.58, 8.32, 8.31, 6.31, 5.58, 3.76, 0.00, 3.75, 6.01, 9.68, 12.17, 13.97, 11.82, 11.33, 15.06, 16.24, 15.54, 16.67, 17.80, 17.27, 20.73, 22.42, 24.03, 21.31, 19.57, 22.84, 23.14, 19.54, 20.30, 23.50, 21.98, 18.33, 19.06, 22.17, 20.25, 17.24, 18.87, 16.57, 13.70, 12.67, 13.13, 16.27, 18.28, 21.73, 22.29, 24.43, 27.67, 29.66, 29.34, 30.54, 27.61, 25.11, 27.12, 27.05, 23.28, 22.42, 25.10, 23.23, 19.84, 21.63, 22.90, 20.27, 17.43, 19.63
 31.69, 31.54, 29.98, 32.21, 31.77, 32.17, 32.15, 29.54, 30.82, 30.50, 26.95, 26.11, 27.20, 25.40, 22.14, 23.16, 24.07, 21.40, 18.20, 18.44, 17.45, 13.81, 13.82, 15.74, 17.53, 19.17, 18.87, 17.63, 16.18, 13.20, 9.84, 10.74, 9.83, 9.11, 8.61, 11.90, 13.92, 16.51, 17.60, 16.03, 19.43, 20.09, 16.54, 14.96, 11.99, 8.51, 9.80, 9.07, 8.54, 6.73, 3.75, 0.00, 3.80, 6.72, 9.27, 11.55, 10.30, 10.03, 13.41, 14.97, 15.06, 16.65, 18.52, 18.37, 22.02, 23.77, 24.85, 21.74, 20.28, 23.36, 23.07, 19.37, 20.41, 23.23, 21.16, 17.45, 17.44, 20.62, 19.08, 15.67, 16.68, 13.93, 11.61, 10.53, 12.01, 15.05, 17.62, 20.87, 21.90, 24.52, 27.53, 29.92, 29.85, 31.41, 28.51, 25.99, 28.35, 28.57, 24.80, 24.03, 27.05, 25.43, 22.04, 23.93, 25.57, 23.12, 20.30, 22.65
 28.63, 28.34, 27.03, 29.52, 29.43, 29.98, 30.33, 28.01, 29.58, 28.97, 25.33, 25.02, 26.13, 23.92, 20.93, 22.47, 23.13, 20.06, 17.04, 18.06, 17.31, 13.60, 13.59, 15.88, 17.24, 19.44, 19.42, 18.90, 17.31, 14.84, 11.32, 12.05, 10.47, 8.80, 8.58, 12.06, 13.11, 16.05, 16.69, 14.40, 17.46, 18.00, 14.61, 12.47, 9.10, 6.07, 8.70, 9.00, 9.88, 9.38, 6.01, 3.80, 0.00, 3.80, 6.57, 8.06, 6.53, 6.85, 10.24, 11.38, 11.85, 13.32, 15.60, 15.58, 19.28, 21.08, 21.76, 18.44, 17.25, 20.27, 19.65, 16.01, 17.42, 20.06, 17.92, 14.16, 14.09, 17.06, 15.38, 11.93, 13.15, 10.77, 8.34, 8.21, 9.69, 13.11, 15.41, 18.35, 19.16, 21.87, 24.63, 27.12, 26.94, 28.80, 26.12, 23.40, 25.83, 26.44, 22.79, 21.81, 25.07, 23.90, 20.45, 22.20, 24.31, 22.29, 19.39, 21.81
 29.14, 28.52, 27.60, 30.40, 30.71, 31.24, 31.87, 29.89, 31.50, 30.48, 26.91, 26.99, 27.79, 25.22, 22.62, 24.26, 24.39, 21.04, 18.50, 20.03, 18.91, 15.43, 16.05, 18.79, 20.21, 22.72, 22.95, 22.59, 20.81, 18.31, 14.67, 14.76, 12.40, 11.14, 11.79, 15.38, 16.08, 19.24, 19.68, 16.96, 19.62, 19.98, 16.79, 14.03, 10.51, 8.22, 11.53, 12.53, 13.50, 12.96, 9.68, 6.72, 3.80, 0.00, 3.82, 5.23, 5.56, 6.75, 8.99, 10.20, 11.84, 13.55, 16.53, 16.86, 20.50, 22.24, 22.30, 18.68, 17.89, 20.53, 19.24, 15.68, 17.41, 19.45, 16.76, 13.14, 12.09, 14.96, 13.80, 10.02, 10.33, 7.52, 6.15, 6.66, 9.30, 12.34, 14.95, 17.38, 18.60, 21.70, 24.08, 26.93, 26.98, 29.23, 26.69, 23.99, 26.71, 27.64, 24.13, 23.23, 26.74, 25.91, 22.57, 24.35, 26.78, 25.01, 22.22, 24.72
 29.44, 28.98, 28.51, 31.58, 32.24, 33.13, 34.10, 32.25, 34.16, 33.14, 29.50, 29.85, 30.85, 28.15, 25.66, 27.58, 27.72, 24.26, 21.78, 23.52, 22.59, 19.09, 19.45, 21.99, 23.02, 25.44, 25.32, 25.11, 23.73, 21.39, 17.88, 18.36, 16.18, 14.71, 14.87, 18.24, 18.54, 21.42, 21.25, 18.46, 20.69, 20.37, 17.15, 13.91, 10.89, 8.86, 12.11, 14.08, 14.92, 14.92, 12.17, 9.27, 6.57, 3.82, 0.00, 3.86, 5.77, 5.58, 6.37, 8.60, 10.51, 13.03, 16.25, 17.41, 21.07, 23.26, 22.90, 19.12, 19.08, 21.75, 20.04, 16.84, 19.22, 20.94, 18.22, 14.76, 13.30, 15.44, 14.06, 10.21, 10.27, 8.02, 8.11, 9.77, 12.45, 15.41, 17.80, 19.76, 20.77, 23.86, 25.85, 28.74, 28.53, 31.07, 28.87, 25.93, 28.47, 29.80, 26.47, 25.16, 28.68, 28.24, 24.78, 26.12, 28.80, 27.36, 24.33, 26.47
 26.42, 25.69, 25.41, 28.62, 29.56, 30.46, 31.69, 30.16, 32.20, 30.90, 27.32, 28.10, 29.02, 26.05, 23.93, 26.16, 26.05, 22.40, 20.26, 22.54, 21.83, 18.54, 18.91, 21.64, 22.40, 25.20, 25.46, 25.77, 24.16, 22.20, 18.69, 18.95, 16.50, 14.61, 15.09, 18.30, 17.95, 21.02, 20.69, 17.45, 19.24, 19.07, 16.35, 12.95, 9.81, 9.15, 12.87, 14.95, 16.66, 17.06, 13.97, 11.55, 8.06, 5.23, 3.86, 0.00, 3.79, 5.59, 5.57, 6.07, 8.98, 10.77, 14.34, 15.35, 18.77, 20.70, 19.93, 16.08, 16.24, 18.58, 16.54, 13.52, 16.13, 17.52, 14.77, 11.49, 9.95, 11.72, 10.27, 6.45, 6.72, 5.47, 5.79, 8.71, 10.83, 13.69, 15.53, 17.01, 17.75, 20.81, 22.50, 25.43, 25.21, 27.95, 25.97, 22.99, 25.60, 27.20, 24.08, 22.76, 26.39, 26.32, 23.02, 24.32, 27.28, 26.19, 23.34, 25.59
 23.90, 23.44, 22.80, 25.82, 26.50, 27.48, 28.60, 26.87, 29.01, 27.98, 24.29, 24.96, 26.19, 23.38, 21.04, 23.44, 23.73, 20.17, 17.70, 19.90, 19.68, 16.28, 16.05, 18.48, 18.92, 21.67, 21.90, 22.45, 20.95, 19.33, 16.03, 16.69, 14.72, 12.18, 12.10, 15.00, 14.34, 17.31, 16.92, 13.67, 15.56, 15.58, 12.83, 9.66, 6.22, 5.96, 9.78, 11.76, 14.01, 14.89, 11.82, 10.30, 6.53, 5.56, 5.77, 3.79, 0.00, 3.76, 5.69, 5.22, 6.90, 8.10, 11.34, 11.97, 15.54, 17.53, 17.23, 13.50, 13.32, 16.11, 14.67, 11.44, 13.98, 16.02, 13.87, 10.30, 10.09, 12.03, 9.71, 6.28, 8.35, 7.72, 5.95, 8.68, 9.63, 13.06, 14.38, 16.27, 16.42, 19.08, 21.13, 23.69, 23.16, 25.63, 23.59, 20.46, 22.82, 24.29, 21.08, 19.56, 23.08, 22.92, 19.50, 20.71, 23.61, 22.53, 19.59, 21.80
 25.06, 25.13, 24.58, 27.55, 28.19, 29.51, 30.65, 28.69, 31.00, 30.34, 26.55, 27.05, 28.64, 26.07, 23.47, 25.86, 26.55, 23.15, 20.36, 22.16, 22.16, 18.56, 17.86, 19.77, 19.93, 22.21, 21.78, 22.18, 21.27, 19.67, 16.61, 17.96, 16.56, 13.98, 13.01, 15.64, 15.10, 17.48, 16.62, 13.81, 15.68, 14.96, 11.75, 8.38, 5.78, 4.50, 7.75, 10.57, 12.32, 13.68, 11.33, 10.03, 6.85, 6.75, 5.58, 5.59, 3.76, 0.00, 3.83, 5.43, 5.53, 8.21, 10.98, 12.45, 16.19, 18.81, 18.71, 15.12, 15.34, 18.51, 17.28, 14.34, 17.07, 19.28, 17.40, 13.90, 13.77, 15.39, 12.77, 9.57, 11.50, 10.75, 9.48, 11.79, 12.97, 16.53, 17.95, 19.98, 19.97, 22.41, 24.47, 26.83, 25.97, 28.35, 26.43, 23.14, 25.11, 26.60, 23.40, 21.49, 24.76, 24.60, 20.97, 21.72, 24.52, 23.45, 20.16, 21.85
 25.10, 25.10, 25.14, 28.41, 29.53, 31.07, 32.59, 30.95, 33.45, 32.59, 28.84, 29.74, 31.28, 28.47, 26.18, 28.79, 29.23, 25.67, 23.18, 25.33, 25.29, 21.81, 21.28, 23.30, 23.29, 25.67, 25.24, 25.83, 25.00, 23.48, 20.41, 21.61, 19.94, 17.44, 16.72, 19.30, 18.44, 20.73, 19.48, 16.51, 17.73, 16.50, 13.73, 10.01, 8.26, 8.11, 10.97, 14.16, 15.84, 17.30, 15.06, 13.41, 10.24, 8.99, 6.37, 5.57, 5.69, 3.83, 0.00, 3.76, 5.09, 8.37, 11.55, 13.78, 17.21, 19.99, 19.20, 15.49, 16.53, 19.35, 17.51, 15.10, 18.32, 19.93, 17.92, 14.80, 14.10, 14.92, 12.38, 9.42, 10.86, 10.84, 10.80, 13.76, 15.22, 18.48, 19.78, 21.23, 21.18, 23.67, 25.22, 27.69, 26.73, 29.47, 27.92, 24.54, 26.47, 28.39, 25.46, 23.37, 26.69, 26.99, 23.46, 23.91, 26.99, 26.32, 23.04, 24.54
 21.70, 21.49, 21.63, 25.01, 26.32, 27.88, 29.61, 28.25, 30.86, 29.81, 26.13, 27.39, 28.90, 25.92, 23.96, 26.84, 27.13, 23.50, 21.30, 23.85, 24.07, 20.83, 20.23, 22.31, 22.03, 24.72, 24.69, 25.75, 24.69, 23.55, 20.55, 21.56, 19.77, 16.96, 16.45, 18.79, 17.33, 19.74, 18.40, 15.04, 15.78, 14.81, 12.68, 9.00, 7.23, 8.67, 11.76, 14.71, 17.15, 18.79, 16.24, 14.97, 11.38, 10.20, 8.60, 6.07, 5.22, 5.43, 3.76, 0.00, 3.84, 5.61, 9.28, 11.24, 14.39, 16.92, 15.78, 11.99, 13.28, 15.86, 13.85, 11.70, 15.16, 16.57, 14.83, 12.00, 11.74, 12.05, 9.06, 6.78, 9.09, 10.20, 9.84, 13.26, 13.96, 17.07, 17.72, 18.79, 18.30, 20.56, 21.89, 24.25, 23.18, 26.03, 24.70, 21.26, 23.16, 25.31, 22.60, 20.45, 23.84, 24.47, 21.11, 21.51, 24.82, 24.48, 21.43, 23.04
 20.61, 21.06, 20.99, 24.13, 25.24, 27.11, 28.80, 27.17, 29.99, 29.38, 25.61, 26.70, 28.67, 25.99, 23.77, 26.74, 27.56, 24.14, 21.58, 23.82, 24.53, 21.18, 19.91, 21.39, 20.62, 22.93, 22.45, 23.69, 23.14, 22.36, 19.77, 21.41, 20.27, 17.11, 15.77, 17.53, 15.79, 17.60, 15.74, 12.70, 13.22, 11.67, 9.39, 5.64, 5.24, 7.27, 9.35, 12.66, 15.22, 17.52, 15.54, 15.06, 11.85, 11.84, 10.51, 8.98, 6.90, 5.53, 5.09, 3.84, 0.00, 3.80, 6.50, 9.14, 12.43, 15.54, 14.93, 11.52, 12.88, 15.99, 14.72, 12.77, 16.11, 18.05, 16.96, 14.09, 14.66, 15.06, 11.63, 9.85, 12.67, 13.54, 12.43, 15.45, 15.70, 19.12, 19.53, 20.94, 20.00, 21.79, 23.36, 25.26, 23.75, 26.28, 25.03, 21.43, 22.80, 24.86, 22.17, 19.59, 22.65, 23.28, 19.75, 19.65, 22.85, 22.64, 19.33, 20.45
 17.01, 17.38, 17.19, 20.34, 21.52, 23.44, 25.29, 23.86, 26.80, 26.11, 22.40, 23.81, 25.84, 23.10, 21.16, 24.39, 25.20, 21.83, 19.51, 22.01, 23.12, 20.08, 18.60, 19.98, 18.83, 21.38, 21.30, 23.05, 22.32, 22.01, 19.64, 21.13, 20.06, 16.63, 15.40, 16.70, 14.30, 16.10, 14.16, 10.77, 10.64, 9.53, 8.25, 5.19, 5.18, 8.65, 10.56, 13.23, 16.43, 18.83, 16.67, 16.65, 13.32, 13.55, 13.03, 10.77, 8.10, 8.21, 8.37, 5.61, 3.80, 0.00, 3.80, 5.88, 8.93, 11.85, 11.14, 7.76, 9.29, 12.39, 11.40, 9.81, 13.15, 15.14, 14.68, 12.21, 13.61, 13.68, 9.91, 9.27, 12.72, 14.23, 12.63, 15.64, 15.01, 18.22, 17.91, 19.06, 17.55, 18.87, 20.34, 21.94, 20.19, 22.67, 21.62, 17.94, 19.13, 21.34, 18.87, 16.14, 19.18, 20.13, 16.78, 16.54, 19.96, 20.11, 17.07, 18.27
 15.09, 16.20, 15.78, 18.58, 19.58, 21.88, 23.76, 22.20, 25.40, 25.14, 21.47, 22.85, 25.33, 22.93, 20.95, 24.31, 25.56, 22.53, 20.08, 22.32, 24.00, 21.10, 19.01, 19.69, 17.87, 20.04, 19.69, 21.87, 21.59, 21.88, 20.09, 22.00, 21.53, 17.88, 16.06, 16.52, 13.63, 14.57, 11.97, 9.03, 7.89, 6.06, 5.82, 4.33, 6.54, 10.16, 10.79, 13.19, 16.55, 19.44, 17.80, 18.52, 15.60, 16.53, 16.25, 14.34, 11.34, 10.98, 11.55, 9.28, 6.50, 3.80, 0.00, 3.79, 6.32, 9.90, 9.85, 7.54, 9.12, 12.39, 12.37, 11.40, 14.27, 16.55, 16.87, 14.70, 16.71, 16.71, 12.87, 12.77, 16.35, 17.83, 15.87, 18.56, 17.45, 20.67, 19.96, 21.22, 19.22, 19.88, 21.41, 22.40, 20.17, 22.23, 21.44, 17.70, 18.15, 20.31, 18.10, 14.89, 17.40, 18.54, 15.23, 14.23, 17.59, 18.16, 15.05, 15.61
 13.75, 14.60, 13.40, 15.89, 16.46, 18.50, 20.16, 18.51, 21.64, 21.40, 17.70, 19.08, 21.60, 19.28, 17.33, 20.76, 22.11, 19.25, 16.86, 19.12, 21.10, 18.50, 16.23, 16.78, 14.76, 17.18, 17.35, 19.81, 19.21, 19.82, 18.24, 19.96, 19.65, 15.92, 14.25, 14.25, 10.95, 12.02, 9.82, 6.52, 5.18, 5.33, 5.93, 5.96, 7.08, 10.71, 11.33, 12.70, 16.42, 19.08, 17.27, 18.37, 15.58, 16.86, 17.41, 15.35, 11.97, 12.45, 13.78, 11.24, 9.14, 5.88, 3.79, 0.00, 3.82, 6.83, 7.75, 5.95, 6.16, 9.71, 10.63, 9.53, 11.65, 14.36, 15.19, 13.20, 15.91, 16.21, 12.56, 12.87, 16.62, 18.02, 15.48, 17.71, 15.90, 18.89, 17.73, 19.09, 16.79, 17.05, 18.90, 19.61, 17.40, 19.11, 18.09, 14.41, 14.83, 16.72, 14.39, 11.20, 13.79, 14.80, 11.50, 10.75, 14.20, 14.76, 11.91, 12.93
 10.27, 11.57, 10.24, 12.54, 13.31, 15.80, 17.86, 16.60, 20.05, 19.89, 16.47, 18.32, 21.03, 18.84, 17.43, 21.07, 22.47, 19.90, 17.96, 20.30, 22.70, 20.58, 18.15, 18.33, 15.81, 18.09, 18.48, 21.43, 20.94, 22.10, 20.92, 22.55, 22.39, 18.70, 17.13, 16.57, 12.93, 13.38, 11.01, 8.43, 5.51, 5.98, 8.48, 9.39, 10.89, 14.51, 14.86, 15.95, 19.68, 22.41, 20.73, 22.02, 19.28, 20.50, 21.07, 18.77, 15.54, 16.19, 17.21, 14.39, 12.43, 8.93, 6.32, 3.82, 0.00, 3.85, 5.17, 5.52, 6.11, 8.68, 10.37, 10.54, 12.14, 14.47, 16.16, 14.97, 18.01, 17.80, 14.30, 15.48, 19.18, 21.01, 18.54, 20.75, 18.56, 21.16, 19.40, 20.32, 17.46, 16.91, 18.36, 18.38, 15.63, 17.08, 16.69, 13.06, 12.59, 14.80, 13.23, 9.60, 11.56, 13.40, 10.73, 9.06, 12.70, 14.21, 11.99, 12.49
 8.79, 9.42, 7.14, 9.12, 9.74, 12.04, 14.25, 13.38, 16.87, 16.45, 13.23, 15.56, 18.14, 15.93, 15.10, 18.84, 20.07, 17.77, 16.38, 18.89, 21.52, 19.97, 17.68, 17.85, 15.29, 17.80, 18.90, 22.05, 21.15, 22.57, 21.57, 22.75, 22.55, 19.03, 17.94, 17.13, 13.40, 13.98, 12.36, 10.00, 7.38, 9.20, 11.70, 12.74, 13.55, 17.02, 17.60, 18.11, 21.92, 24.32, 22.42, 23.77, 21.08, 22.24, 23.26, 20.70, 17.53, 18.81, 19.99, 16.92, 15.54, 11.85, 9.90, 6.83, 3.85, 0.00, 3.79, 6.02, 5.26, 6.44, 9.27, 10.04, 10.54, 12.69, 15.12, 14.64, 18.09, 17.80, 14.77, 16.55, 20.12, 22.06, 19.46, 21.35, 18.63, 20.69, 18.33, 18.93, 15.68, 14.40, 15.75, 15.22, 12.32, 13.39, 13.18, 9.69, 8.78, 11.10, 10.00, 6.34, 8.23, 10.64, 8.73, 7.28, 11.00, 12.91, 11.65, 12.59
 7.02, 6.93, 6.07, 9.35, 11.26, 13.60, 16.36, 16.17, 19.56, 18.57, 15.58, 18.33, 20.44, 17.79, 17.39, 21.18, 21.84, 19.19, 18.18, 21.15, 23.38, 21.78, 19.97, 20.68, 18.50, 21.25, 22.34, 25.32, 24.28, 25.33, 23.90, 24.84, 24.12, 20.66, 19.95, 19.74, 16.17, 17.22, 15.51, 12.69, 10.24, 11.14, 13.37, 13.47, 14.12, 17.82, 18.98, 20.06, 23.87, 26.22, 24.03, 24.85, 21.76, 22.30, 22.90, 19.93, 17.23, 18.71, 19.20, 15.78, 14.93, 11.14, 9.85, 7.75, 5.17, 3.79, 0.00, 3.89, 5.22, 5.22, 6.86, 8.78, 10.06, 11.25, 13.65, 13.68, 16.78, 15.74, 12.78, 15.17, 18.55, 21.04, 18.98, 21.34, 18.90, 20.79, 18.40, 18.37, 15.07, 13.99, 14.56, 14.32, 11.31, 13.31, 13.66, 10.09, 9.65, 12.78, 12.08, 8.92, 11.09, 13.82, 12.14, 11.04, 14.72, 16.60, 15.28, 16.29
 10.50, 10.07, 9.66, 13.04, 14.69, 16.59, 18.98, 18.41, 21.54, 20.38, 17.07, 19.45, 21.33, 18.39, 17.54, 21.22, 21.69, 18.58, 17.26, 20.36, 22.10, 20.06, 18.56, 19.80, 18.11, 21.09, 22.05, 24.60, 23.40, 23.90, 21.99, 22.87, 21.80, 18.35, 17.79, 18.24, 14.98, 16.66, 15.07, 11.68, 10.09, 10.66, 11.82, 10.96, 11.02, 14.70, 16.38, 17.81, 21.55, 23.75, 21.31, 21.74, 18.44, 18.68, 19.12, 16.08, 13.50, 15.12, 15.49, 11.99, 11.52, 7.76, 7.54, 5.95, 5.52, 6.02, 3.89, 0.00, 3.74, 5.35, 5.28, 6.06, 8.58, 10.02, 11.44, 10.78, 13.57, 12.70, 9.36, 11.42, 14.89, 17.34, 15.42, 18.05, 15.99, 18.18, 16.27, 16.45, 13.65, 13.58, 14.45, 15.20, 12.88, 15.38, 15.04, 11.32, 12.07, 14.91, 13.34, 10.52, 13.49, 15.47, 13.09, 12.70, 16.46, 17.59, 15.69, 17.12
 12.16, 11.42, 9.79, 12.54, 13.35, 14.61, 16.47, 15.58, 18.45, 17.26, 13.78, 15.95, 17.76, 14.84, 13.81, 17.48, 18.04, 15.01, 13.62, 16.70, 18.59, 16.76, 15.21, 16.46, 14.91, 18.10, 19.50, 22.02, 20.48, 21.06, 19.28, 19.91, 18.98, 15.59, 15.24, 15.46, 12.23, 14.20, 13.33, 9.94, 9.04, 10.88, 11.77, 11.45, 10.83, 14.14, 15.76, 16.41, 20.21, 22.10, 19.57, 20.28, 17.25, 17.89, 19.08, 16.24, 13.32, 15.34, 16.53, 13.28, 12.88, 9.29, 9.12, 6.16, 6.11, 5.26, 5.22, 3.74, 0.00, 3.80, 5.53, 4.93, 6.04, 8.58, 10.27, 9.41, 12.85, 12.83, 9.90, 11.62, 15.08, 17.00, 14.45, 16.44, 13.81, 15.83, 13.66, 14.26, 11.36, 11.10, 12.78, 13.49, 11.54, 13.54, 12.44, 8.72, 9.97, 12.21, 10.05, 7.56, 11.00, 12.40, 9.96, 10.42, 14.01, 14.70, 13.10, 15.15
 10.99, 9.17, 7.59, 10.51, 11.83, 12.76, 15.02, 15.00, 17.74, 15.96, 12.97, 15.84, 17.16, 13.99, 13.97, 17.65, 17.65, 14.75, 14.32, 17.73, 19.57, 18.35, 17.23, 18.62, 17.18, 20.48, 22.30, 24.93, 23.14, 23.82, 22.08, 22.27, 21.09, 18.00, 18.19, 18.39, 15.25, 17.21, 16.59, 13.44, 12.26, 14.17, 15.46, 15.12, 14.43, 17.68, 19.50, 20.06, 23.84, 25.53, 22.84, 23.36, 20.27, 20.53, 21.75, 18.58, 16.11, 18.51, 19.35, 15.86, 15.99, 12.39, 12.39, 9.71, 8.68, 6.44, 5.22, 5.35, 3.80, 0.00, 3.77, 5.36, 5.20, 6.35, 9.18, 9.79, 13.23, 12.56, 10.40, 13.08, 16.09, 18.43, 16.22, 18.14, 15.30, 16.54, 13.73, 13.40, 9.95, 8.82, 9.71, 10.05, 7.89, 10.33, 9.78, 6.14, 7.64, 10.49, 9.24, 7.45, 10.67, 12.69, 11.28, 11.86, 15.27, 16.36, 15.51, 17.60
 12.40, 10.24, 9.99, 13.40, 15.27, 16.23, 18.60, 18.71, 21.31, 19.28, 16.38, 19.16, 20.14, 16.71, 16.68, 20.18, 19.74, 16.46, 16.12, 19.74, 21.00, 19.51, 18.89, 20.79, 19.78, 23.19, 24.83, 27.18, 25.32, 25.53, 23.32, 23.34, 21.64, 18.69, 19.19, 20.06, 17.22, 19.56, 18.81, 15.31, 14.39, 15.64, 16.43, 15.22, 14.18, 17.39, 19.77, 20.84, 24.51, 26.08, 23.14, 23.07, 19.65, 19.24, 20.04, 16.54, 14.67, 17.28, 17.51, 13.85, 14.72, 11.40, 12.37, 10.63, 10.37, 9.27, 6.86, 5.28, 5.53, 3.77, 0.00, 3.83, 5.53, 5.20, 7.10, 8.02, 10.80, 9.36, 7.28, 10.55, 13.26, 16.08, 14.53, 16.94, 14.64, 15.82, 13.37, 12.52, 9.52, 9.49, 9.65, 11.03, 9.49, 12.73, 12.32, 9.08, 11.04, 13.97, 12.67, 11.16, 14.44, 16.34, 14.67, 15.30, 18.81, 19.69, 18.47, 20.58
 15.31, 13.63, 12.77, 15.86, 17.03, 17.69, 19.45, 18.91, 21.25, 19.38, 16.13, 18.28, 19.21, 15.79, 15.06, 18.37, 18.02, 14.46, 13.58, 17.13, 18.07, 16.22, 15.77, 18.00, 17.44, 20.96, 22.57, 24.55, 22.51, 22.35, 19.89, 19.82, 17.99, 15.06, 15.72, 16.99, 14.52, 17.33, 16.97, 13.31, 13.30, 14.80, 14.76, 13.28, 11.48, 14.28, 16.91, 17.79, 21.34, 22.64, 19.54, 19.37, 16.01, 15.68, 16.84, 13.52, 11.44, 14.34, 15.10, 11.70, 12.77, 9.81, 11.40, 9.53, 10.54, 10.04, 8.78, 6.06, 4.93, 5.36, 3.83, 0.00, 3.83, 5.40, 5.71, 4.90, 8.15, 7.99, 5.56, 7.83, 10.82, 13.07, 11.02, 13.28, 10.95, 12.53, 10.51, 10.50, 8.13, 9.24, 10.62, 12.64, 11.79, 14.59, 13.18, 9.94, 12.52, 14.71, 12.46, 11.20, 14.90, 15.95, 13.72, 14.97, 18.35, 18.51, 16.96, 19.47
 16.18, 14.14, 12.52, 14.96, 15.58, 15.48, 16.82, 16.42, 18.33, 16.13, 13.08, 15.29, 15.78, 12.22, 11.93, 15.16, 14.51, 11.06, 10.79, 14.54, 15.59, 14.43, 14.20, 16.46, 16.09, 19.76, 21.94, 23.94, 21.53, 21.56, 19.36, 18.83, 17.08, 14.46, 15.59, 16.50, 14.17, 17.04, 17.36, 14.02, 14.25, 16.53, 16.70, 15.84, 13.92, 16.37, 18.78, 18.92, 22.45, 23.42, 20.30, 20.41, 17.42, 17.41, 19.22, 16.13, 13.98, 17.07, 18.32, 15.16, 16.11, 13.15, 14.27, 11.65, 12.14, 10.54, 10.06, 8.58, 6.04, 5.20, 5.53, 3.83, 0.00, 3.76, 5.37, 5.65, 9.37, 9.81, 8.61, 10.65, 13.13, 14.91, 12.48, 13.80, 10.71, 11.46, 8.54, 8.43, 5.32, 5.74, 7.97, 9.87, 9.63, 11.94, 9.89, 7.10, 10.36, 11.97, 9.63, 9.43, 13.12, 13.79, 12.17, 14.13, 17.10, 17.08, 16.23, 19.13
 16.42, 13.68, 12.78, 15.42, 16.66, 16.43, 18.15, 18.47, 20.26, 17.59, 15.09, 17.74, 17.75, 14.05, 14.59, 17.62, 16.34, 13.01, 13.61, 17.46, 18.18, 17.36, 17.60, 20.01, 19.74, 23.41, 25.67, 27.69, 25.21, 25.15, 22.84, 22.03, 19.93, 17.64, 19.08, 20.18, 17.93, 20.77, 20.95, 17.55, 17.42, 19.40, 19.77, 18.60, 16.73, 19.26, 21.94, 22.38, 25.86, 26.76, 23.50, 23.23, 20.06, 19.45, 20.94, 17.52, 16.02, 19.28, 19.93, 16.57, 18.05, 15.14, 16.55, 14.36, 14.47, 12.69, 11.25, 10.02, 8.58, 6.35, 5.20, 5.40, 3.76, 0.00, 3.78, 6.44, 9.26, 8.54, 8.43, 11.38, 13.17, 15.53, 13.90, 15.44, 12.73, 12.73, 9.65, 7.96, 4.68, 4.97, 5.33, 7.98, 8.31, 11.37, 10.04, 7.92, 11.23, 13.28, 11.84, 11.94, 15.30, 16.48, 15.37, 17.08, 20.09, 20.40, 19.77, 22.53
 19.34, 16.79, 16.16, 19.00, 20.19, 20.00, 21.49, 21.46, 23.08, 20.47, 17.82, 19.98, 19.81, 16.10, 16.14, 18.82, 17.33, 13.69, 13.99, 17.79, 17.78, 16.61, 17.41, 20.31, 20.60, 24.32, 26.42, 28.01, 25.41, 24.79, 22.04, 21.00, 18.41, 16.42, 18.25, 20.03, 18.28, 21.53, 21.85, 18.28, 18.72, 20.44, 20.12, 18.37, 15.93, 17.96, 21.08, 21.68, 24.90, 25.47, 21.98, 21.16, 17.92, 16.76, 18.22, 14.77, 13.87, 17.40, 17.92, 14.83, 16.96, 14.68, 16.87, 15.19, 16.16, 15.12, 13.65, 11.44, 10.27, 9.18, 7.10, 5.71, 5.37, 3.78, 0.00, 3.77, 5.66, 5.38, 6.31, 8.73, 9.84, 12.08, 10.86, 12.48, 10.32, 10.18, 7.83, 6.05, 4.57, 7.22, 7.89, 11.23, 12.03, 15.03, 13.35, 11.36, 14.80, 16.59, 14.63, 14.73, 18.34, 19.07, 17.49, 19.44, 22.46, 22.30, 21.27, 24.20
 20.13, 18.18, 17.32, 20.20, 21.07, 21.12, 22.37, 21.71, 23.42, 21.26, 18.17, 19.81, 20.01, 16.49, 15.64, 18.28, 17.29, 13.47, 12.80, 16.34, 16.22, 14.36, 15.03, 18.04, 18.51, 22.16, 23.95, 25.28, 22.78, 21.88, 18.93, 18.11, 15.51, 13.32, 15.01, 17.12, 15.63, 19.06, 19.41, 15.79, 16.77, 18.36, 17.46, 15.50, 12.68, 14.37, 17.60, 18.22, 21.32, 21.84, 18.33, 17.45, 14.16, 13.14, 14.76, 11.49, 10.30, 13.90, 14.80, 12.00, 14.09, 12.21, 14.70, 13.20, 14.97, 14.64, 13.68, 10.78, 9.41, 9.79, 8.02, 4.90, 5.65, 6.44, 3.77, 0.00, 3.83, 5.53, 5.12, 5.99, 7.74, 9.38, 7.46, 9.30, 7.26, 8.26, 6.91, 7.00, 6.44, 9.41, 11.10, 14.13, 14.52, 17.22, 15.14, 12.70, 15.99, 17.55, 14.91, 14.63, 18.42, 18.71, 16.50, 18.52, 21.53, 20.96, 19.45, 22.43
 23.04, 21.01, 20.59, 23.66, 24.75, 24.82, 26.11, 25.50, 27.11, 24.85, 21.86, 23.38, 23.35, 19.83, 18.99, 21.30, 20.02, 16.21, 15.65, 18.99, 18.22, 16.24, 17.45, 20.74, 21.59, 25.17, 26.79, 27.77, 25.24, 23.87, 20.58, 19.55, 16.49, 14.83, 16.81, 19.47, 18.45, 22.00, 22.33, 18.69, 19.86, 21.04, 19.73, 17.22, 14.13, 15.25, 18.86, 19.80, 22.51, 22.71, 19.06, 17.44, 14.09, 12.09, 13.30, 9.95, 10.09, 13.77, 14.10, 11.74, 14.66, 13.61, 16.71, 15.91, 18.01, 18.09, 16.78, 13.57, 12.85, 13.23, 10.80, 8.15, 9.37, 9.26, 5.66, 3.83, 0.00, 3.81, 5.28, 4.98, 4.70, 6.46, 6.03, 8.23, 7.72, 8.28, 8.28, 7.96, 8.86, 12.31, 13.44, 16.86, 17.57, 20.49, 18.53, 16.30, 19.64, 21.26, 18.68, 18.45, 22.24, 22.50, 20.21, 22.21, 25.23, 24.53, 22.83, 25.78
 21.34, 19.07, 19.29, 22.62, 24.26, 24.60, 26.37, 26.20, 28.08, 25.66, 22.82, 24.86, 24.93, 21.27, 20.89, 23.52, 22.18, 18.41, 18.19, 21.77, 21.35, 19.54, 20.45, 23.51, 23.91, 27.51, 29.08, 30.41, 28.06, 26.99, 23.83, 23.03, 20.12, 18.20, 19.85, 22.24, 20.72, 24.02, 23.89, 20.12, 20.63, 21.49, 20.67, 18.07, 15.52, 17.28, 20.82, 22.19, 25.10, 25.69, 22.17, 20.62, 17.06, 14.96, 15.44, 11.72, 12.03, 15.39, 14.92, 12.05, 15.06, 13.68, 16.71, 16.21, 17.80, 17.80, 15.74, 12.70, 12.83, 12.56, 9.36, 7.99, 9.81, 8.54, 5.38, 5.53, 3.81, 0.00, 3.85, 5.83, 5.61, 8.85, 9.28, 11.94, 11.39, 11.83, 11.11, 9.73, 9.73, 12.58, 12.69, 16.02, 16.48, 19.83, 18.53, 16.21, 19.31, 21.48, 19.43, 18.90, 22.59, 23.48, 21.38, 22.92, 26.22, 26.04, 24.39, 27.07
 18.73, 16.98, 17.13, 20.59, 22.22, 23.02, 24.92, 24.47, 26.72, 24.70, 21.54, 23.56, 24.20, 20.67, 19.89, 22.86, 22.12, 18.34, 17.50, 20.98, 21.09, 18.89, 19.10, 21.81, 21.75, 25.21, 26.48, 28.00, 25.99, 25.16, 22.16, 21.93, 19.46, 16.96, 17.93, 20.07, 18.19, 21.24, 20.71, 16.91, 17.20, 17.79, 17.03, 14.43, 12.19, 14.43, 17.77, 19.39, 22.50, 23.56, 20.25, 19.08, 15.38, 13.80, 14.06, 10.27, 9.71, 12.77, 12.38, 9.06, 11.63, 9.91, 12.87, 12.56, 14.30, 14.77, 12.78, 9.36, 9.90, 10.40, 7.28, 5.56, 8.61, 8.43, 6.31, 5.12, 5.28, 3.85, 0.00, 3.89, 6.09, 9.29, 8.85, 12.04, 11.23, 12.76, 11.95, 11.46, 10.57, 12.91, 13.48, 16.29, 15.94, 19.21, 18.01, 15.10, 17.77, 20.12, 17.93, 16.74, 20.43, 21.45, 19.02, 20.16, 23.60, 23.58, 21.63, 24.02
 21.55, 20.22, 20.08, 23.41, 24.68, 25.45, 27.01, 26.08, 28.20, 26.45, 23.07, 24.55, 25.26, 21.92, 20.53, 23.21, 22.68, 18.86, 17.46, 20.55, 20.28, 17.61, 17.97, 20.82, 21.16, 24.47, 25.44, 26.51, 24.55, 23.26, 20.00, 19.85, 17.27, 14.92, 15.87, 18.51, 17.20, 20.41, 20.05, 16.34, 17.34, 17.76, 16.16, 13.17, 10.31, 11.71, 15.36, 17.07, 19.81, 20.60, 17.24, 15.67, 11.93, 10.02, 10.21, 6.45, 6.28, 9.57, 9.42, 6.78, 9.85, 9.27, 12.77, 12.87, 15.48, 16.55, 15.17, 11.42, 11.62, 13.08, 10.55, 7.83, 10.65, 11.38, 8.73, 5.99, 4.98, 5.83, 3.89, 0.00, 3.75, 6.05, 5.60, 9.21, 9.36, 11.56, 11.91, 12.38, 12.37, 15.21, 16.43, 19.36, 19.16, 22.16, 20.51, 17.57, 20.32, 22.29, 19.60, 18.42, 22.17, 22.66, 19.82, 21.16, 24.43, 23.91, 21.59, 24.05
 24.70, 23.06, 23.13, 26.49, 27.84, 28.38, 29.88, 29.09, 30.97, 28.97, 25.77, 27.20, 27.51, 24.08, 22.88, 25.25, 24.28, 20.46, 19.40, 22.46, 21.61, 19.10, 20.10, 23.27, 24.05, 27.39, 28.46, 29.23, 27.07, 25.42, 21.93, 21.33, 18.31, 16.62, 18.10, 21.10, 20.23, 23.62, 23.50, 19.85, 21.04, 21.44, 19.68, 16.54, 13.53, 14.25, 18.06, 19.72, 22.06, 22.37, 18.87, 16.68, 13.15, 10.33, 10.27, 6.72, 8.35, 11.50, 10.86, 9.09, 12.67, 12.72, 16.35, 16.62, 19.18, 20.12, 18.55, 14.89, 15.08, 16.09, 13.26, 10.82, 13.13, 13.17, 9.84, 7.74, 4.70, 5.61, 6.09, 3.75, 0.00, 3.80, 5.73, 8.97, 10.14, 11.54, 12.53, 12.58, 13.49, 16.78, 17.69, 21.00, 21.31, 24.43, 22.72, 20.14, 23.17, 25.07, 22.42, 21.62, 25.41, 25.80, 23.11, 24.68, 27.87, 27.19, 24.97, 27.59
 27.54, 26.07, 25.75, 28.92, 29.89, 30.23, 31.34, 30.20, 31.82, 29.98, 26.72, 27.65, 27.86, 24.65, 23.05, 25.00, 24.12, 20.40, 19.04, 21.65, 20.32, 17.62, 18.97, 22.28, 23.55, 26.74, 27.71, 28.00, 25.74, 23.65, 19.99, 19.20, 16.00, 14.84, 16.57, 19.94, 19.76, 23.28, 23.56, 20.15, 21.95, 22.49, 20.20, 17.10, 13.67, 13.37, 17.19, 18.52, 20.35, 20.12, 16.57, 13.93, 10.77, 7.52, 8.02, 5.47, 7.72, 10.75, 10.84, 10.20, 13.54, 14.23, 17.83, 18.02, 21.01, 22.06, 21.04, 17.34, 17.00, 18.43, 16.08, 13.07, 14.91, 15.53, 12.08, 9.38, 6.46, 8.85, 9.29, 6.05, 3.80, 0.00, 3.85, 6.32, 8.75, 10.29, 12.38, 13.26, 14.87, 18.42, 19.86, 23.23, 23.76, 26.59, 24.44, 22.00, 25.16, 26.62, 23.63, 23.06, 26.85, 26.72, 23.87, 25.75, 28.67, 27.50, 25.19, 27.96
 25.80, 24.49, 23.68, 26.59, 27.18, 27.42, 28.28, 26.88, 28.44, 26.81, 23.46, 24.15, 24.50, 21.45, 19.56, 21.50, 20.93, 17.25, 15.52, 18.02, 16.93, 14.05, 15.17, 18.44, 19.72, 22.92, 24.00, 24.33, 22.00, 20.03, 16.44, 15.73, 12.70, 11.16, 12.90, 16.19, 16.03, 19.63, 20.16, 16.83, 18.91, 19.85, 17.54, 14.85, 11.19, 10.90, 14.61, 15.44, 17.54, 17.36, 13.70, 11.61, 8.34, 6.15, 8.11, 5.79, 5.95, 9.48, 10.80, 9.84, 12.43, 12.63, 15.87, 15.48, 18.54, 19.46, 18.98, 15.42, 14.45, 16.22, 14.53, 11.02, 12.48, 13.90, 10.86, 7.46, 6.03, 9.28, 8.85, 5.60, 5.73, 3.85, 0.00, 3.75, 5.39, 7.92, 9.91, 11.66, 12.94, 16.30, 18.34, 21.46, 21.86, 24.35, 21.92, 19.44, 22.54, 23.70, 20.48, 19.97, 23.72, 23.29, 20.39, 22.45, 25.18, 23.82, 21.57, 24.47
 28.27, 26.89, 25.68, 28.26, 28.43, 28.25, 28.64, 27.05, 28.15, 26.55, 23.35, 23.55, 23.56, 20.77, 18.71, 20.04, 19.35, 15.92, 14.18, 16.19, 14.46, 11.70, 13.53, 17.05, 19.00, 22.10, 23.41, 23.31, 20.63, 18.30, 14.63, 13.24, 9.82, 9.24, 11.79, 15.27, 15.88, 19.61, 20.81, 17.83, 20.39, 21.78, 19.33, 17.08, 13.30, 12.31, 15.66, 15.67, 17.35, 16.42, 12.67, 10.53, 8.21, 6.66, 9.77, 8.71, 8.68, 11.79, 13.76, 13.26, 15.45, 15.64, 18.56, 17.71, 20.75, 21.35, 21.34, 18.05, 16.44, 18.14, 16.94, 13.28, 13.80, 15.44, 12.48, 9.30, 8.23, 11.94, 12.04, 9.21, 8.97, 6.32, 3.75, 0.00, 3.79, 5.82, 8.91, 11.39, 13.36, 16.79, 19.25, 22.36, 23.17, 25.27, 22.41, 20.35, 23.63, 24.24, 20.82, 20.86, 24.49, 23.51, 20.78, 23.31, 25.63, 23.79, 21.81, 24.98
 25.79, 24.33, 22.78, 25.11, 25.06, 24.68, 24.94, 23.40, 24.42, 22.77, 19.61, 19.86, 19.84, 16.99, 15.00, 16.50, 15.81, 12.28, 10.57, 12.96, 11.64, 9.08, 10.79, 14.40, 16.19, 19.55, 21.28, 21.58, 18.68, 16.85, 13.47, 11.96, 8.78, 7.55, 10.36, 13.33, 13.52, 17.34, 18.76, 15.76, 18.19, 20.10, 18.11, 16.39, 12.79, 12.55, 15.61, 15.18, 17.43, 16.83, 13.13, 12.01, 9.69, 9.30, 12.45, 10.83, 9.63, 12.97, 15.22, 13.96, 15.70, 15.01, 17.45, 15.90, 18.56, 18.63, 18.90, 15.99, 13.81, 15.30, 14.64, 10.95, 10.71, 12.73, 10.32, 7.26, 7.72, 11.39, 11.23, 9.36, 10.14, 8.75, 5.39, 3.79, 0.00, 3.76, 5.80, 8.86, 10.35, 13.49, 16.31, 19.17, 19.98, 21.82, 18.82, 16.87, 20.18, 20.58, 17.15, 17.45, 21.04, 19.98, 17.46, 20.22, 22.45, 20.67, 19.03, 22.39
 27.42, 25.52, 23.94, 26.11, 26.03, 25.18, 25.27, 24.06, 24.65, 22.57, 19.85, 20.15, 19.42, 16.50, 15.13, 16.14, 14.64, 11.24, 10.62, 13.10, 11.12, 9.67, 12.27, 16.02, 18.13, 21.56, 23.73, 23.97, 20.76, 18.94, 15.76, 13.49, 10.06, 9.91, 13.25, 15.94, 16.25, 20.06, 21.76, 18.85, 21.12, 23.28, 21.58, 19.95, 16.43, 16.31, 19.34, 18.71, 20.85, 19.93, 16.27, 15.05, 13.11, 12.34, 15.41, 13.69, 13.06, 16.53, 18.48, 17.07, 19.12, 18.22, 20.67, 18.89, 21.16, 20.69, 20.79, 18.18, 15.83, 16.54, 15.82, 12.53, 11.46, 12.73, 10.18, 8.26, 8.28, 11.83, 12.76, 11.56, 11.54, 10.29, 7.92, 5.82, 3.76, 0.00, 3.81, 6.64, 9.25, 12.60, 15.26, 18.33, 19.82, 21.54, 18.41, 17.13, 20.74, 20.91, 17.73, 18.73, 22.22, 21.11, 19.13, 22.20, 24.26, 22.47, 21.35, 24.90
 24.72, 22.59, 20.87, 22.87, 22.79, 21.75, 21.92, 21.04, 21.65, 19.30, 16.72, 17.47, 16.61, 13.39, 12.60, 14.02, 12.24, 8.60, 8.75, 11.97, 10.80, 10.03, 12.10, 15.59, 17.19, 20.82, 23.32, 24.11, 20.88, 19.71, 16.94, 14.89, 12.01, 11.18, 14.16, 16.17, 15.76, 19.41, 21.03, 18.05, 19.83, 22.29, 21.20, 19.92, 16.75, 17.43, 20.28, 19.64, 22.27, 21.82, 18.28, 17.62, 15.41, 14.95, 17.80, 15.53, 14.38, 17.95, 19.78, 17.72, 19.53, 17.91, 19.96, 17.73, 19.40, 18.33, 18.40, 16.27, 13.66, 13.73, 13.37, 10.51, 8.54, 9.65, 7.83, 6.91, 8.28, 11.11, 11.95, 11.91, 12.53, 12.38, 9.91, 8.91, 5.80, 3.81, 0.00, 3.77, 5.71, 8.84, 11.66, 14.59, 16.19, 17.81, 14.68, 13.61, 17.32, 17.49, 14.56, 15.85, 19.29, 18.42, 16.86, 19.96, 22.06, 20.64, 19.93, 23.50
 24.15, 21.56, 20.23, 22.35, 22.71, 21.59, 22.14, 21.90, 22.56, 19.74, 17.53, 18.93, 17.79, 14.30, 14.44, 16.06, 13.76, 10.31, 11.47, 14.93, 13.97, 13.66, 15.59, 18.90, 20.15, 23.85, 26.44, 27.50, 24.34, 23.37, 20.65, 18.66, 15.76, 14.88, 17.70, 19.59, 18.77, 22.29, 23.59, 20.42, 21.66, 23.99, 23.28, 21.84, 18.87, 20.00, 23.03, 22.77, 25.57, 25.32, 21.73, 20.87, 18.35, 17.38, 19.76, 17.01, 16.27, 19.98, 21.23, 18.79, 20.94, 19.06, 21.22, 19.09, 20.32, 18.93, 18.37, 16.45, 14.26, 13.40, 12.52, 10.50, 8.43, 7.96, 6.05, 7.00, 7.96, 9.73, 11.46, 12.38, 12.58, 13.26, 11.66, 11.39, 8.86, 6.64, 3.77, 0.00, 3.79, 7.27, 9.10, 12.47, 14.56, 16.54, 13.86, 13.13, 16.97, 17.55, 15.26, 16.65, 20.04, 19.75, 18.59, 21.44, 23.76, 22.83, 22.32, 25.76
 20.59, 17.96, 16.50, 18.58, 19.04, 18.05, 18.90, 18.89, 19.90, 17.04, 14.74, 16.69, 15.93, 12.23, 12.72, 15.02, 13.11, 9.65, 10.81, 14.61, 14.64, 14.31, 15.38, 18.24, 18.80, 22.53, 25.15, 26.70, 23.76, 23.34, 20.94, 19.44, 17.06, 15.46, 17.68, 19.03, 17.52, 20.74, 21.72, 18.54, 19.25, 21.68, 21.51, 20.39, 17.90, 19.67, 22.44, 22.27, 25.44, 25.70, 22.29, 21.90, 19.16, 18.60, 20.77, 17.75, 16.42, 19.97, 21.18, 18.30, 20.00, 17.55, 19.22, 16.79, 17.46, 15.68, 15.07, 13.65, 11.36, 9.95, 9.52, 8.13, 5.32, 4.68, 4.57, 6.44, 8.86, 9.73, 10.57, 12.37, 13.49, 14.87, 12.94, 13.36, 10.35, 9.25, 5.71, 3.79, 0.00, 3.81, 6.05, 9.20, 10.89, 12.99, 10.49, 9.47, 13.29, 14.17, 12.15, 13.38, 16.72, 16.89, 15.92, 18.50, 20.98, 20.52, 20.16, 23.42
 18.70, 15.93, 14.11, 15.67, 15.98, 14.66, 15.56, 16.03, 17.03, 13.94, 12.01, 14.52, 13.73, 10.02, 11.41, 13.97, 12.16, 9.32, 11.05, 14.76, 15.56, 15.75, 16.26, 18.53, 18.55, 22.18, 25.00, 26.96, 24.13, 24.29, 22.37, 21.08, 19.22, 17.42, 19.24, 19.90, 17.96, 20.72, 21.63, 18.73, 18.92, 21.60, 22.06, 21.49, 19.51, 21.67, 24.03, 23.70, 27.08, 27.62, 24.43, 24.52, 21.87, 21.70, 23.86, 20.81, 19.08, 22.41, 23.67, 20.56, 21.79, 18.87, 19.88, 17.05, 16.91, 14.40, 13.99, 13.58, 11.10, 8.82, 9.49, 9.24, 5.74, 4.97, 7.22, 9.41, 12.31, 12.58, 12.91, 15.21, 16.78, 18.42, 16.30, 16.79, 13.49, 12.60, 8.84, 7.27, 3.81, 0.00, 3.79, 5.80, 7.63, 9.28, 6.78, 6.38, 10.16, 10.92, 9.61, 11.28, 14.18, 14.67, 14.45, 16.87, 19.16, 19.15, 19.35, 22.44
 18.25, 14.98, 13.86, 15.58, 16.58, 15.40, 16.87, 18.06, 19.19, 15.87, 14.47, 17.42, 16.57, 13.00, 14.88, 17.41, 15.41, 12.89, 14.83, 18.51, 19.23, 19.45, 20.01, 22.25, 22.08, 25.67, 28.41, 30.52, 27.80, 28.00, 26.01, 24.75, 22.74, 20.92, 22.72, 23.46, 21.32, 23.97, 24.52, 21.50, 21.22, 23.58, 24.34, 23.57, 21.79, 24.22, 26.74, 26.77, 30.23, 30.91, 27.67, 27.53, 24.63, 24.08, 25.85, 22.50, 21.13, 24.47, 25.22, 21.89, 23.36, 20.34, 21.41, 18.90, 18.36, 15.75, 14.56, 14.45, 12.78, 9.71, 9.65, 10.62, 7.97, 5.33, 7.89, 11.10, 13.44, 12.69, 13.48, 16.43, 17.69, 19.86, 18.34, 19.25, 16.31, 15.26, 11.66, 9.10, 6.05, 3.79, 0.00, 3.79, 6.33, 8.78, 7.76, 7.79, 10.97, 12.44, 12.13, 13.45, 16.03, 17.22, 17.26, 19.19, 21.66, 22.13, 22.36, 25.18
 16.86, 13.57, 12.10, 13.06, 13.93, 12.43, 14.06, 15.85, 16.97, 13.59, 12.78, 16.15, 15.41, 12.21, 14.70, 17.30, 15.61, 13.77, 15.86, 19.27, 20.58, 21.10, 21.19, 22.89, 22.26, 25.64, 28.47, 30.90, 28.35, 29.03, 27.46, 26.42, 24.84, 22.86, 24.31, 24.50, 22.06, 24.24, 24.71, 22.01, 21.29, 23.81, 25.09, 24.83, 23.50, 26.17, 28.31, 28.19, 31.77, 32.68, 29.66, 29.92, 27.12, 26.93, 28.74, 25.43, 23.69, 26.83, 27.69, 24.25, 25.26, 21.94, 22.40, 19.61, 18.38, 15.22, 14.32, 15.20, 13.49, 10.05, 11.03, 12.64, 9.87, 7.98, 11.23, 14.13, 16.86, 16.02, 16.29, 19.36, 21.00, 23.23, 21.46, 22.36, 19.17, 18.33, 14.59, 12.47, 9.20, 5.80, 3.79, 0.00, 3.71, 5.31, 5.38, 6.49, 8.71, 10.09, 10.90, 12.41, 14.22, 15.79, 16.56, 18.16, 20.35, 21.27, 22.00, 24.54
 13.22, 10.03, 8.43, 9.52, 10.86, 10.11, 12.52, 14.35, 16.22, 13.33, 12.14, 15.82, 15.95, 12.94, 15.00, 18.09, 17.14, 15.23, 16.63, 19.98, 21.79, 21.90, 21.38, 22.69, 21.48, 24.69, 27.25, 29.98, 27.80, 28.78, 27.38, 26.84, 25.57, 23.14, 24.03, 23.92, 21.06, 22.85, 22.83, 20.23, 18.96, 21.28, 22.99, 22.97, 22.15, 25.17, 27.03, 27.11, 30.83, 32.15, 29.34, 29.85, 26.94, 26.98, 28.53, 25.21, 23.16, 25.97, 26.73, 23.18, 23.75, 20.19, 20.17, 17.40, 15.63, 12.32, 11.31, 12.88, 11.54, 7.89, 9.49, 11.79, 9.63, 8.31, 12.03, 14.52, 17.57, 16.48, 15.94, 19.16, 21.31, 23.76, 21.86, 23.17, 19.98, 19.82, 16.19, 14.56, 10.89, 7.63, 6.33, 3.71, 0.00, 3.81, 5.44, 5.05, 6.05, 8.54, 9.81, 10.33, 11.90, 14.22, 14.90, 15.81, 18.25, 19.70, 20.28, 22.42
 14.54, 11.88, 9.46, 8.98, 9.20, 7.34, 9.34, 11.74, 13.22, 10.26, 9.91, 13.69, 13.70, 11.30, 13.92, 16.71, 15.98, 14.89, 16.55, 19.44, 21.62, 22.22, 21.48, 22.32, 20.95, 23.89, 26.67, 29.52, 27.36, 28.71, 27.76, 27.20, 26.33, 24.02, 24.82, 24.21, 21.39, 22.80, 23.07, 20.96, 19.69, 22.38, 24.31, 24.81, 24.13, 27.04, 28.54, 28.20, 31.86, 33.14, 30.54, 31.41, 28.80, 29.23, 31.07, 27.95, 25.63, 28.35, 29.47, 26.03, 26.28, 22.67, 22.23, 19.11, 17.08, 13.39, 13.31, 15.38, 13.54, 10.33, 12.73, 14.59, 11.94, 11.37, 15.03, 17.22, 20.49, 19.83, 19.21, 22.16, 24.43, 26.59, 24.35, 25.27, 21.82, 21.54, 17.81, 16.54, 12.99, 9.28, 8.78, 5.31, 3.81, 0.00, 3.84, 5.46, 5.05, 6.19, 8.66, 9.98, 10.47, 12.60, 14.22, 15.20, 16.94, 18.51, 19.77, 21.82
 16.51, 14.10, 11.31, 11.22, 10.64, 8.41, 9.20, 10.62, 11.65, 8.40, 7.44, 10.93, 10.58, 7.73, 10.37, 13.10, 12.23, 11.06, 12.84, 15.73, 17.81, 18.57, 18.03, 19.04, 18.08, 21.18, 24.19, 26.76, 24.32, 25.48, 24.48, 23.68, 22.81, 20.71, 21.75, 21.22, 18.73, 20.45, 21.23, 19.12, 18.50, 21.54, 22.98, 23.44, 22.35, 24.89, 26.44, 25.76, 29.30, 30.27, 27.61, 28.51, 26.12, 26.69, 28.87, 25.97, 23.59, 26.43, 27.92, 24.70, 25.03, 21.62, 21.44, 18.09, 16.69, 13.18, 13.66, 15.04, 12.44, 9.78, 12.32, 13.18, 9.89, 10.04, 13.35, 15.14, 18.53, 18.53, 18.01, 20.51, 22.72, 24.44, 21.92, 22.41, 18.82, 18.41, 14.68, 13.86, 10.49, 6.78, 7.76, 5.38, 5.44, 3.84, 0.00, 3.76, 5.42, 5.11, 6.14, 8.55, 9.76, 10.81, 12.22, 14.09, 15.68, 16.51, 17.78, 20.33
 13.86, 11.69, 8.86, 9.71, 9.65, 8.71, 10.24, 10.86, 12.85, 10.36, 8.06, 11.47, 12.09, 8.99, 10.34, 13.74, 13.42, 11.42, 12.18, 15.37, 17.54, 17.52, 16.62, 17.70, 16.44, 19.69, 22.32, 24.99, 22.78, 23.86, 22.65, 22.26, 21.36, 18.82, 19.50, 19.10, 16.28, 18.06, 18.42, 16.00, 15.20, 18.05, 19.49, 19.84, 18.90, 21.66, 23.21, 22.85, 26.50, 27.75, 25.11, 25.99, 23.40, 23.99, 25.93, 22.99, 20.46, 23.14, 24.54, 21.26, 21.43, 17.94, 17.70, 14.41, 13.06, 9.69, 10.09, 11.32, 8.72, 6.14, 9.08, 9.94, 7.10, 7.92, 11.36, 12.70, 16.30, 16.21, 15.10, 17.57, 20.14, 22.00, 19.44, 20.35, 16.87, 17.13, 13.61, 13.13, 9.47, 6.38, 7.79, 6.49, 5.05, 5.46, 3.76, 0.00, 3.85, 5.39, 5.04, 5.93, 8.24, 9.79, 10.16, 11.72, 14.05, 15.01, 15.58, 18.05
 11.73, 10.09, 6.64, 6.27, 5.83, 5.30, 7.74, 8.89, 11.55, 9.69, 7.83, 11.53, 12.88, 10.63, 12.00, 15.39, 15.71, 14.32, 14.81, 17.51, 20.19, 20.18, 18.70, 19.09, 17.15, 19.94, 22.38, 25.45, 23.67, 25.26, 24.50, 24.53, 24.09, 21.33, 21.47, 20.51, 17.34, 18.36, 18.30, 16.37, 14.84, 17.60, 19.72, 20.62, 20.36, 23.37, 24.44, 24.09, 27.81, 29.42, 27.12, 28.35, 25.83, 26.71, 28.47, 25.60, 22.82, 25.11, 26.47, 23.16, 22.80, 19.13, 18.15, 14.83, 12.59, 8.78, 9.65, 12.07, 9.97, 7.64, 11.04, 12.52, 10.36, 11.23, 14.80, 15.99, 19.64, 19.31, 17.77, 20.32, 23.17, 25.16, 22.54, 23.63, 20.18, 20.74, 17.32, 16.97, 13.29, 10.16, 10.97, 8.71, 6.05, 5.05, 5.42, 3.85, 0.00, 3.74, 5.52, 5.31, 5.91, 8.66, 9.79, 10.27, 12.38, 14.22, 15.16, 16.97
 15.05, 13.74, 10.15, 8.89, 6.82, 4.45, 4.90, 5.85, 7.94, 5.99, 4.42, 8.22, 9.51, 7.91, 9.64, 12.64, 13.24, 12.66, 13.37, 15.51, 18.45, 18.97, 17.44, 17.46, 15.62, 18.20, 21.02, 24.00, 22.06, 23.88, 23.52, 23.38, 23.28, 20.82, 21.04, 19.69, 16.85, 17.67, 18.26, 16.85, 15.82, 19.04, 20.95, 22.21, 21.76, 24.40, 25.22, 24.31, 27.86, 29.20, 27.05, 28.57, 26.44, 27.64, 29.80, 27.20, 24.29, 26.60, 28.39, 25.31, 24.86, 21.34, 20.31, 16.72, 14.80, 11.10, 12.78, 14.91, 12.21, 10.49, 13.97, 14.71, 11.97, 13.28, 16.59, 17.55, 21.26, 21.48, 20.12, 22.29, 25.07, 26.62, 23.70, 24.24, 20.58, 20.91, 17.49, 17.55, 14.17, 10.92, 12.44, 10.09, 8.54, 6.19, 5.11, 5.39, 3.74, 0.00, 3.84, 5.68, 5.13, 6.52, 8.82, 10.07, 11.13, 12.53, 14.28, 16.33
 16.03, 14.88, 11.37, 11.14, 9.35, 7.95, 7.84, 6.88, 8.81, 7.27, 3.79, 6.75, 8.39, 6.16, 6.60, 10.12, 11.04, 9.87, 9.88, 12.15, 15.11, 15.30, 13.68, 13.91, 12.31, 15.26, 18.14, 20.89, 18.74, 20.31, 19.75, 19.61, 19.51, 16.99, 17.23, 16.00, 13.30, 14.54, 15.48, 13.86, 13.51, 16.96, 18.32, 19.45, 18.66, 21.01, 21.89, 20.81, 24.30, 25.49, 23.28, 24.80, 22.79, 24.13, 26.47, 24.08, 21.08, 23.40, 25.46, 22.60, 22.17, 18.87, 18.10, 14.39, 13.23, 10.00, 12.08, 13.34, 10.05, 9.24, 12.67, 12.46, 9.63, 11.84, 14.63, 14.91, 18.68, 19.43, 17.93, 19.60, 22.42, 23.63, 20.48, 20.82, 17.15, 17.73, 14.56, 15.26, 12.15, 9.61, 12.13, 10.90, 9.81, 8.66, 6.14, 5.04, 5.52, 3.84, 0.00, 3.80, 5.32, 5.13, 6.15, 8.57, 9.97, 10.43, 11.69, 14.36
 13.08, 12.57, 9.06, 9.32, 7.98, 8.25, 9.24, 8.02, 11.04, 10.35, 6.93, 9.42, 11.84, 9.83, 9.38, 13.07, 14.36, 12.72, 11.88, 14.17, 17.17, 16.57, 14.44, 14.46, 12.18, 14.99, 17.23, 20.29, 18.67, 20.34, 19.72, 20.21, 20.22, 17.19, 16.76, 15.48, 12.17, 13.05, 13.12, 11.34, 10.26, 13.51, 15.28, 16.58, 16.35, 19.11, 19.76, 19.10, 22.77, 24.46, 22.42, 24.03, 21.81, 23.23, 25.16, 22.76, 19.56, 21.49, 23.37, 20.45, 19.59, 16.14, 14.89, 11.20, 9.60, 6.34, 8.92, 10.52, 7.56, 7.45, 11.16, 11.20, 9.43, 11.94, 14.73, 14.63, 18.45, 18.90, 16.74, 18.42, 21.62, 23.06, 19.97, 20.86, 17.45, 18.73, 15.85, 16.65, 13.38, 11.28, 13.45, 12.41, 10.33, 9.98, 8.55, 5.93, 5.31, 5.68, 3.80, 0.00, 3.81, 5.27, 4.74, 5.80, 8.38, 9.64, 10.02, 12.17
 13.41, 13.41, 9.64, 8.37, 5.66, 5.90, 6.54, 5.18, 8.81, 9.04, 6.46, 8.86, 11.77, 10.81, 10.79, 14.03, 15.75, 14.95, 14.33, 15.98, 19.35, 19.14, 16.72, 15.99, 13.24, 15.33, 17.54, 20.90, 19.65, 21.88, 21.86, 22.54, 23.00, 20.08, 19.37, 17.49, 14.21, 14.17, 14.16, 13.30, 11.77, 14.95, 17.24, 19.13, 19.38, 22.11, 22.28, 21.41, 24.95, 26.78, 25.10, 27.05, 25.07, 26.74, 28.68, 26.39, 23.08, 24.76, 26.69, 23.84, 22.65, 19.18, 17.40, 13.79, 11.56, 8.23, 11.09, 13.49, 11.00, 10.67, 14.44, 14.90, 13.12, 15.30, 18.34, 18.42, 22.24, 22.59, 20.43, 22.17, 25.41, 26.85, 23.72, 24.49, 21.04, 22.22, 19.29, 20.04, 16.72, 14.18, 16.03, 14.22, 11.90, 10.47, 9.76, 8.24, 5.91, 5.13, 5.32, 3.81, 0.00, 3.86, 5.55, 5.27, 6.56, 8.87, 10.31, 11.67
 17.06, 17.02, 13.27, 12.19, 9.29, 8.53, 7.40, 4.27, 6.96, 7.92, 4.89, 5.68, 9.15, 8.92, 8.07, 10.93, 13.27, 12.97, 11.99, 12.92, 16.52, 16.55, 13.96, 12.80, 10.15, 12.12, 14.78, 17.95, 16.45, 18.83, 19.16, 19.74, 20.59, 17.94, 17.24, 15.00, 12.18, 12.07, 13.00, 12.64, 12.12, 15.72, 17.39, 19.45, 19.32, 21.50, 21.47, 19.97, 23.26, 24.75, 23.23, 25.43, 23.90, 25.91, 28.24, 26.32, 22.92, 24.60, 26.99, 24.47, 23.28, 20.13, 18.54, 14.80, 13.40, 10.64, 13.82, 15.47, 12.40, 12.69, 16.34, 15.95, 13.79, 16.48, 19.07, 18.71, 22.50, 23.48, 21.45, 22.66, 25.80, 26.72, 23.29, 23.51, 19.98, 21.11, 18.42, 19.75, 16.89, 14.67, 17.22, 15.79, 14.22, 12.60, 10.81, 9.79, 8.66, 6.52, 5.13, 5.27, 3.86, 0.00, 3.79, 5.52, 5.25, 6.04, 8.31, 10.38
 16.55, 16.74, 13.29, 13.20, 11.07, 11.22, 10.89, 8.04, 10.60, 11.22, 7.62, 8.05, 11.30, 10.35, 8.37, 11.57, 13.96, 12.81, 10.90, 12.05, 15.47, 14.67, 11.76, 10.77, 7.89, 10.34, 12.60, 15.73, 14.32, 16.41, 16.41, 17.36, 18.17, 15.15, 14.07, 11.97, 8.77, 8.91, 9.65, 8.90, 8.76, 12.49, 13.78, 15.79, 15.64, 17.77, 17.69, 16.32, 19.72, 21.38, 19.84, 22.04, 20.45, 22.57, 24.78, 23.02, 19.50, 20.97, 23.46, 21.11, 19.75, 16.78, 15.23, 11.50, 10.73, 8.73, 12.14, 13.09, 9.96, 11.28, 14.67, 13.72, 12.17, 15.37, 17.49, 16.50, 20.21, 21.38, 19.02, 19.82, 23.11, 23.87, 20.39, 20.78, 17.46, 19.13, 16.86, 18.59, 15.92, 14.45, 17.26, 16.56, 14.90, 14.22, 12.22, 10.16, 9.79, 8.82, 6.15, 4.74, 5.55, 3.79, 0.00, 3.83, 5.22, 5.14, 5.59, 8.30
 14.37, 15.36, 12.05, 11.72, 9.71, 11.02, 11.39, 8.85, 12.15, 13.24, 10.08, 10.96, 14.45, 13.66, 12.10, 15.27, 17.67, 16.51, 14.66, 15.81, 19.22, 18.17, 15.07, 13.80, 10.42, 12.05, 13.42, 16.97, 16.35, 18.72, 18.89, 20.36, 21.29, 18.03, 16.42, 14.19, 10.65, 9.78, 9.13, 8.87, 7.25, 10.57, 12.80, 15.29, 16.05, 18.58, 18.08, 17.17, 20.62, 22.83, 21.63, 23.93, 22.20, 24.35, 26.12, 24.32, 20.71, 21.72, 23.91, 21.51, 19.65, 16.54, 14.23, 10.75, 9.06, 7.28, 11.04, 12.70, 10.42, 11.86, 15.30, 14.97, 14.13, 17.08, 19.44, 18.52, 22.21, 22.92, 20.16, 21.16, 24.68, 25.75, 22.45, 23.31, 20.22, 22.20, 19.96, 21.44, 18.50, 16.87, 19.19, 18.16, 15.81, 15.20, 14.09, 11.72, 10.27, 10.07, 8.57, 5.80, 5.27, 5.52, 3.83, 0.00, 3.77, 5.99, 5.89, 6.75
 17.40, 18.47, 14.98, 13.87, 11.04, 11.71, 11.00, 7.77, 10.53, 12.63, 10.07, 9.93, 13.71, 13.93, 12.31, 14.80, 17.72, 17.33, 15.52, 15.84, 19.52, 18.90, 15.61, 13.54, 9.96, 10.63, 12.15, 15.81, 15.44, 18.36, 19.25, 20.76, 22.24, 19.29, 17.57, 14.73, 11.72, 10.03, 10.11, 11.05, 10.05, 13.27, 15.30, 18.15, 18.90, 21.00, 20.08, 18.60, 21.69, 23.72, 22.90, 25.57, 24.31, 26.78, 28.80, 27.28, 23.61, 24.52, 26.99, 24.82, 22.85, 19.96, 17.59, 14.20, 12.70, 11.00, 14.72, 16.46, 14.01, 15.27, 18.81, 18.35, 17.10, 20.09, 22.46, 21.53, 25.23, 26.22, 23.60, 24.43, 27.87, 28.67, 25.18, 25.63, 22.45, 24.26, 22.06, 23.76, 20.98, 19.16, 21.66, 20.35, 18.25, 16.94, 15.68, 14.05, 12.38, 11.13, 9.97, 8.38, 6.56, 5.25, 5.22, 3.77, 0.00, 3.79, 5.66, 5.91
 20.33, 21.09, 17.60, 16.87, 14.11, 14.15, 12.86, 9.20, 10.95, 13.03, 10.25, 8.88, 12.55, 13.04, 10.58, 12.55, 15.84, 15.61, 13.34, 12.97, 16.65, 16.01, 12.56, 10.06, 6.47, 6.97, 9.07, 12.50, 11.81, 14.80, 15.96, 17.45, 19.25, 16.57, 14.82, 11.68, 9.26, 7.55, 8.96, 10.23, 10.59, 14.06, 15.16, 17.91, 18.13, 19.62, 18.62, 16.54, 19.35, 20.99, 20.27, 23.12, 22.29, 25.01, 27.36, 26.19, 22.53, 23.45, 26.32, 24.48, 22.64, 20.11, 18.16, 14.76, 14.21, 12.91, 16.60, 17.59, 14.70, 16.36, 19.69, 18.51, 17.08, 20.40, 22.30, 20.96, 24.53, 26.04, 23.58, 23.91, 27.19, 27.50, 23.82, 23.79, 20.67, 22.47, 20.64, 22.83, 20.52, 19.15, 22.13, 21.27, 19.70, 18.51, 16.51, 15.01, 14.22, 12.53, 10.43, 9.64, 8.87, 6.04, 5.14, 5.99, 3.79, 0.00, 3.76, 5.67
 19.68, 20.68, 17.54, 17.54, 15.42, 16.11, 15.51, 12.13, 14.29, 15.86, 12.58, 11.68, 15.13, 14.89, 12.01, 14.32, 17.38, 16.40, 13.56, 13.52, 16.83, 15.36, 11.71, 9.50, 5.76, 6.60, 7.59, 11.09, 10.75, 13.36, 14.10, 16.14, 17.86, 14.79, 12.48, 9.47, 6.54, 4.37, 5.24, 6.69, 7.51, 10.86, 11.55, 14.39, 14.79, 16.23, 15.01, 13.12, 16.08, 18.08, 17.43, 20.30, 19.39, 22.22, 24.33, 23.34, 19.59, 20.16, 23.04, 21.43, 19.33, 17.07, 15.05, 11.91, 11.99, 11.65, 15.28, 15.69, 13.10, 15.51, 18.47, 16.96, 16.23, 19.77, 21.27, 19.45, 22.83, 24.39, 21.63, 21.59, 24.97, 25.19, 21.57, 21.81, 19.03, 21.35, 19.93, 22.32, 20.16, 19.35, 22.36, 22.00, 20.28, 19.77, 17.78, 15.58, 15.16, 14.28, 11.69, 10.02, 10.31, 8.31, 5.59, 5.89, 5.66, 3.76, 0.00, 3.80
 19.68, 21.33, 18.37, 18.09, 15.97, 17.24, 16.86, 13.58, 16.03, 18.09, 15.12, 14.40, 18.08, 18.10, 15.50, 17.77, 20.92, 20.08, 17.34, 17.23, 20.57, 19.04, 15.33, 12.88, 9.14, 8.72, 8.34, 12.09, 12.86, 15.75, 16.86, 19.32, 21.24, 18.13, 15.42, 12.35, 9.59, 6.48, 5.52, 8.16, 7.82, 10.31, 11.67, 15.09, 16.36, 17.93, 16.10, 14.55, 17.26, 19.73, 19.63, 22.65, 21.81, 24.72, 26.47, 25.59, 21.80, 21.85, 24.54, 23.04, 20.45, 18.27, 15.61, 12.93, 12.49, 12.59, 16.29, 17.12, 15.15, 17.60, 20.58, 19.47, 19.13, 22.53, 24.20, 22.43, 25.78, 27.07, 24.02, 24.05, 27.59, 27.96, 24.47, 24.98, 22.39, 24.90, 23.50, 25.76, 23.42, 22.44, 25.18, 24.54, 22.42, 21.82, 20.33, 18.05, 16.97, 16.33, 14.36, 12.17, 11.67, 10.38, 8.30, 6.75, 5.91, 5.67, 3.80, 0.00
