 0.00, 3.85, 7.17, 10.74, 13.07, 16.32, 17.89, 18.15, 20.76, 22.17, 22.81, 19.73, 16.33, 17.65, 17.08, 15.36, 12.15, 11.44, 8.57, 8.52, 12.00, 12.55, 14.18, 14.11, 13.01, 14.74, 14.35, 17.07, 17.29, 15.89, 12.24, 13.22, 15.47, 15.35, 18.34, 17.52, 16.74, 15.47, 16.98, 15.25, 17.71, 17.07, 16.89, 14.01, 10.42, 8.08, 5.00, 4.32, 5.02, 8.34, 11.61, 14.85, 18.25, 21.72, 20.58, 17.64, 13.80, 12.60, 9.82, 10.25, 8.24, 8.57, 9.06, 10.63, 10.70, 13.23
 3.85, 0.00, 3.77, 7.13, 9.76, 13.15, 15.12, 15.75, 18.79, 20.69, 21.41, 18.77, 15.33, 16.39, 15.26, 13.30, 9.77, 8.81, 6.58, 6.01, 9.83, 10.94, 12.33, 12.18, 11.77, 13.68, 13.59, 16.72, 16.92, 16.33, 12.55, 12.63, 15.42, 15.29, 18.17, 16.88, 15.34, 13.98, 14.87, 12.56, 14.53, 13.81, 13.22, 10.27, 6.64, 4.94, 3.45, 4.58, 6.98, 9.67, 13.38, 16.21, 19.83, 22.99, 21.26, 17.95, 14.27, 12.81, 10.00, 11.49, 9.46, 8.20, 8.09, 8.36, 7.84, 9.87
 7.17, 3.77, 0.00, 3.75, 6.86, 9.89, 12.39, 13.77, 17.04, 19.49, 20.68, 18.51, 14.95, 15.22, 13.30, 10.77, 7.03, 5.35, 4.00, 3.96, 7.50, 8.44, 9.26, 9.08, 9.49, 11.81, 12.49, 16.04, 16.72, 16.92, 13.24, 13.07, 16.40, 16.81, 19.80, 18.52, 16.30, 14.44, 14.35, 11.35, 12.74, 11.24, 10.41, 8.10, 5.06, 4.95, 6.10, 6.57, 8.66, 10.11, 13.81, 15.97, 19.68, 22.47, 20.27, 16.67, 13.33, 12.06, 9.90, 12.47, 11.24, 9.40, 9.75, 9.20, 8.56, 9.53
 10.74, 7.13, 3.75, 0.00, 3.80, 6.68, 9.65, 11.54, 15.10, 18.00, 19.31, 17.76, 14.44, 14.28, 11.82, 9.28, 5.86, 4.58, 5.94, 6.14, 8.50, 9.47, 9.26, 8.51, 9.63, 11.59, 12.47, 16.03, 16.66, 17.65, 14.25, 13.34, 16.86, 17.39, 20.17, 18.72, 15.90, 13.88, 12.89, 9.38, 9.90, 8.00, 6.78, 5.14, 3.79, 5.50, 8.41, 9.27, 11.68, 12.66, 16.23, 17.98, 21.57, 23.95, 21.27, 17.61, 14.77, 13.25, 11.40, 14.36, 13.31, 10.70, 10.78, 9.23, 8.55, 8.53
 13.07, 9.76, 6.86, 3.80, 0.00, 3.73, 6.03, 7.85, 11.50, 14.58, 16.00, 14.90, 11.84, 11.33, 8.71, 6.78, 4.50, 5.68, 8.46, 9.73, 11.83, 12.05, 10.70, 8.65, 9.20, 10.05, 10.55, 13.83, 14.30, 15.97, 13.05, 11.59, 15.16, 16.11, 18.84, 17.69, 14.51, 11.99, 10.18, 6.52, 6.96, 4.48, 4.84, 4.93, 5.73, 6.56, 9.96, 10.42, 12.94, 13.53, 16.85, 18.43, 21.73, 23.71, 20.69, 17.24, 14.88, 12.75, 11.05, 14.08, 13.33, 10.30, 10.67, 9.14, 9.63, 9.86
 16.32, 13.15, 9.89, 6.68, 3.73, 0.00, 3.84, 7.19, 10.47, 14.05, 16.08, 15.66, 12.88, 11.32, 7.94, 5.80, 5.37, 6.66, 10.31, 12.02, 13.19, 12.81, 10.52, 8.08, 9.22, 9.76, 11.00, 14.11, 15.11, 17.41, 14.98, 13.65, 17.22, 18.67, 21.38, 20.50, 17.15, 14.35, 11.78, 8.33, 7.86, 4.10, 5.19, 7.46, 9.18, 10.28, 13.57, 13.56, 15.55, 15.36, 18.25, 19.15, 22.20, 23.65, 20.30, 16.94, 15.32, 13.51, 12.74, 16.08, 16.02, 13.22, 14.04, 12.62, 13.19, 12.95
 17.89, 15.12, 12.39, 9.65, 6.03, 3.84, 0.00, 3.83, 6.71, 10.39, 12.67, 12.67, 10.34, 8.30, 5.04, 4.78, 6.50, 9.30, 12.82, 15.06, 16.58, 15.78, 13.14, 9.94, 9.85, 8.89, 9.34, 11.70, 12.50, 15.36, 13.63, 12.07, 15.37, 17.28, 19.93, 19.57, 16.25, 13.06, 10.04, 7.40, 7.48, 4.30, 7.50, 9.82, 11.62, 11.77, 14.85, 14.43, 16.32, 15.93, 18.44, 19.29, 21.93, 23.04, 19.55, 16.64, 15.46, 13.10, 12.47, 15.46, 15.73, 12.97, 14.15, 13.23, 14.75, 15.12
 18.15, 15.75, 13.77, 11.54, 7.85, 7.19, 3.83, 0.00, 3.81, 7.08, 8.92, 9.02, 7.24, 5.77, 4.23, 6.43, 8.30, 11.76, 14.77, 17.05, 19.18, 18.48, 16.08, 12.70, 11.60, 9.68, 8.58, 9.97, 9.76, 12.87, 11.71, 9.54, 12.38, 14.38, 16.82, 16.83, 13.64, 10.26, 7.08, 5.70, 6.87, 5.61, 9.41, 11.02, 12.62, 11.88, 14.64, 14.23, 16.33, 16.30, 18.70, 19.96, 22.34, 23.50, 20.16, 17.65, 16.39, 13.36, 12.20, 14.44, 14.47, 11.63, 12.73, 12.23, 14.56, 15.62
 20.76, 18.79, 17.04, 15.10, 11.50, 10.47, 6.71, 3.81, 0.00, 3.80, 6.67, 7.58, 6.97, 4.63, 4.80, 8.26, 11.05, 14.71, 17.64, 20.30, 22.37, 21.24, 18.54, 14.89, 13.26, 10.46, 8.90, 8.85, 8.59, 12.24, 12.21, 10.39, 12.52, 15.12, 17.43, 18.16, 15.35, 11.85, 8.89, 8.88, 10.19, 9.29, 13.10, 14.81, 16.29, 15.17, 17.51, 16.60, 18.24, 17.79, 19.58, 20.54, 22.35, 23.02, 19.68, 17.79, 17.17, 14.07, 13.46, 15.24, 15.84, 13.55, 15.11, 15.22, 17.94, 19.26
 22.17, 20.69, 19.49, 18.00, 14.58, 14.05, 10.39, 7.08, 3.80, 0.00, 3.76, 5.18, 6.35, 5.09, 7.46, 11.22, 13.88, 17.67, 20.22, 22.97, 25.33, 24.13, 21.56, 17.86, 15.66, 12.44, 9.99, 8.47, 7.15, 10.82, 11.90, 10.14, 11.17, 14.03, 16.04, 17.47, 15.23, 11.85, 9.59, 10.89, 12.73, 12.58, 16.38, 17.66, 18.82, 17.14, 18.95, 17.86, 19.32, 18.96, 20.38, 21.49, 22.87, 23.42, 20.37, 19.05, 18.56, 15.21, 14.50, 15.39, 16.06, 14.21, 15.86, 16.55, 19.73, 21.53
 22.81, 21.41, 20.68, 19.31, 16.00, 16.08, 12.67, 8.92, 6.67, 3.76, 0.00, 3.81, 6.82, 7.58, 10.30, 13.94, 15.99, 19.74, 22.02, 24.42, 27.12, 26.32, 24.09, 20.52, 18.31, 15.28, 12.37, 10.74, 8.12, 11.15, 12.47, 9.98, 9.97, 12.20, 13.47, 15.02, 13.08, 10.23, 8.47, 10.95, 12.86, 13.80, 17.40, 18.25, 19.41, 17.53, 19.16, 18.56, 20.41, 20.66, 22.29, 23.87, 25.32, 26.15, 23.33, 22.02, 21.14, 17.55, 16.17, 16.46, 16.42, 14.41, 15.37, 16.02, 19.39, 21.38
 19.73, 18.77, 18.51, 17.76, 14.90, 15.66, 12.67, 9.02, 7.58, 5.18, 3.81, 0.00, 3.82, 6.09, 9.46, 12.82, 14.37, 18.09, 19.85, 22.30, 25.25, 24.41, 22.49, 19.03, 16.41, 13.47, 10.06, 8.34, 4.97, 7.52, 8.87, 6.58, 6.35, 9.12, 11.11, 13.02, 11.50, 8.32, 7.68, 10.13, 12.96, 13.74, 17.19, 17.36, 17.80, 15.35, 16.40, 15.48, 17.14, 17.57, 19.15, 21.07, 22.57, 23.76, 21.22, 19.89, 18.63, 14.89, 13.16, 12.96, 12.85, 11.22, 12.55, 13.94, 17.55, 20.05
 16.33, 15.33, 14.95, 14.44, 11.84, 12.88, 10.34, 7.24, 6.97, 6.35, 6.82, 3.82, 0.00, 3.81, 6.79, 9.64, 10.82, 14.48, 16.09, 18.66, 21.59, 20.67, 18.85, 15.49, 12.79, 10.10, 6.65, 6.00, 3.39, 6.01, 5.93, 3.84, 5.74, 8.82, 11.79, 13.17, 11.32, 7.64, 7.01, 8.20, 11.50, 11.59, 14.87, 14.81, 14.82, 12.25, 13.27, 12.02, 13.61, 13.95, 15.80, 17.79, 19.67, 21.16, 18.55, 16.80, 15.18, 11.42, 9.50, 9.81, 9.84, 8.06, 10.04, 11.65, 15.13, 17.69
 17.65, 16.39, 15.22, 14.28, 11.33, 11.32, 8.30, 5.77, 4.63, 5.09, 7.58, 6.09, 3.81, 0.00, 3.78, 7.22, 9.58, 13.39, 15.57, 18.58, 20.99, 19.58, 17.18, 13.53, 10.92, 7.73, 4.95, 4.47, 4.50, 7.95, 7.92, 7.07, 9.41, 12.60, 15.58, 16.80, 14.59, 10.82, 9.13, 9.23, 11.87, 10.87, 14.41, 15.16, 15.55, 13.54, 15.03, 13.38, 14.49, 13.92, 15.46, 16.69, 18.43, 19.43, 16.40, 14.64, 13.69, 10.24, 9.49, 10.82, 11.86, 10.29, 12.70, 13.89, 16.96, 19.01
 17.08, 15.26, 13.30, 11.82, 8.71, 7.94, 5.04, 4.23, 4.80, 7.46, 10.30, 9.46, 6.79, 3.78, 0.00, 3.77, 6.80, 10.51, 13.28, 16.30, 18.27, 16.80, 14.11, 10.40, 8.48, 5.81, 4.98, 6.71, 8.00, 10.99, 9.90, 9.15, 12.25, 15.01, 18.07, 18.63, 15.93, 12.23, 9.95, 8.59, 10.51, 8.41, 11.79, 13.06, 13.74, 12.49, 14.57, 13.09, 14.28, 13.42, 15.31, 16.16, 18.33, 19.31, 15.95, 13.56, 12.62, 9.69, 9.38, 11.89, 12.94, 10.99, 13.25, 13.73, 16.16, 17.61
 15.36, 13.30, 10.77, 9.28, 6.78, 5.80, 4.78, 6.43, 8.26, 11.22, 13.94, 12.82, 9.64, 7.22, 3.77, 0.00, 3.76, 7.06, 10.09, 13.24, 14.81, 13.17, 10.36, 6.67, 5.37, 4.20, 5.68, 8.84, 10.79, 13.05, 11.07, 10.88, 14.43, 16.85, 20.11, 20.23, 17.45, 13.97, 11.91, 9.49, 11.00, 7.98, 10.47, 11.65, 11.99, 11.27, 13.46, 11.90, 12.86, 11.73, 13.90, 14.53, 17.18, 18.40, 15.01, 11.96, 10.70, 8.49, 8.54, 11.90, 12.98, 11.14, 13.42, 13.61, 15.34, 16.41
 12.15, 9.77, 7.03, 5.86, 4.50, 5.37, 6.50, 8.30, 11.05, 13.88, 15.99, 14.37, 10.82, 9.58, 6.80, 3.76, 0.00, 3.83, 6.66, 9.57, 11.51, 10.37, 8.35, 5.37, 4.78, 5.83, 7.16, 10.85, 12.34, 13.80, 10.93, 10.76, 14.50, 16.29, 19.59, 19.21, 16.50, 13.41, 11.96, 8.98, 10.55, 7.74, 9.10, 9.25, 8.79, 8.20, 10.38, 9.16, 10.48, 10.01, 12.93, 14.14, 17.34, 19.22, 16.21, 12.74, 10.47, 8.50, 7.59, 11.13, 11.50, 9.47, 11.36, 11.32, 12.48, 13.51
 11.44, 8.81, 5.35, 4.58, 5.68, 6.66, 9.30, 11.76, 14.71, 17.67, 19.74, 18.09, 14.48, 13.39, 10.51, 7.06, 3.83, 0.00, 3.82, 6.46, 7.77, 6.76, 5.29, 4.01, 5.62, 8.43, 10.48, 14.28, 15.94, 16.98, 13.80, 13.91, 17.61, 19.01, 22.26, 21.48, 18.83, 16.17, 14.98, 11.66, 12.62, 9.72, 9.59, 9.31, 8.24, 8.68, 10.62, 9.76, 10.77, 10.34, 13.40, 14.41, 17.93, 20.03, 17.26, 13.50, 10.99, 10.18, 9.55, 13.11, 13.29, 11.57, 13.03, 12.60, 12.68, 13.08
 8.57, 6.58, 4.00, 5.94, 8.46, 10.31, 12.82, 14.77, 17.64, 20.22, 22.02, 19.85, 16.09, 15.57, 13.28, 10.09, 6.66, 3.82, 0.00, 3.86, 5.92, 5.11, 5.78, 6.23, 7.05, 10.24, 11.96, 15.68, 17.26, 17.49, 13.99, 14.69, 18.16, 19.24, 22.56, 21.75, 19.58, 17.25, 16.86, 13.80, 15.21, 12.86, 12.39, 11.06, 8.71, 8.61, 9.26, 8.15, 8.55, 8.52, 11.76, 13.18, 16.93, 19.57, 17.39, 13.66, 10.50, 10.24, 9.29, 12.37, 12.30, 11.33, 12.75, 12.82, 12.55, 13.33
 8.52, 6.01, 3.96, 6.14, 9.73, 12.02, 15.06, 17.05, 20.30, 22.97, 24.42, 22.30, 18.66, 18.58, 16.30, 13.24, 9.57, 6.46, 3.86, 0.00, 3.84, 5.73, 7.99, 9.45, 10.85, 13.95, 15.39, 19.06, 20.20, 20.29, 16.62, 16.87, 20.18, 20.60, 23.58, 22.20, 20.08, 18.37, 18.21, 15.04, 15.96, 14.08, 12.61, 10.57, 7.79, 8.69, 9.24, 9.50, 10.52, 11.45, 14.79, 16.46, 20.25, 23.07, 21.09, 17.38, 14.15, 13.93, 12.50, 15.15, 14.29, 13.04, 13.45, 12.82, 11.43, 11.56
 12.00, 9.83, 7.50, 8.50, 11.83, 13.19, 16.58, 19.18, 22.37, 25.33, 27.12, 25.25, 21.59, 20.99, 18.27, 14.81, 11.51, 7.77, 5.92, 3.84, 0.00, 3.79, 6.86, 9.64, 12.04, 15.53, 17.67, 21.45, 23.02, 23.36, 19.80, 20.18, 23.64, 24.27, 27.29, 25.90, 23.60, 21.79, 21.24, 17.83, 18.26, 15.90, 14.07, 12.75, 10.71, 12.25, 13.08, 13.11, 13.60, 13.77, 16.64, 17.57, 21.27, 23.80, 21.80, 18.05, 15.30, 15.84, 15.18, 18.12, 17.74, 16.61, 17.19, 16.37, 14.76, 14.20
 12.55, 10.94, 8.44, 9.47, 12.05, 12.81, 15.78, 18.48, 21.24, 24.13, 26.32, 24.41, 20.67, 19.58, 16.80, 13.17, 10.37, 6.76, 5.11, 5.73, 3.79, 0.00, 3.79, 7.09, 9.49, 13.18, 15.81, 19.52, 21.64, 22.03, 18.71, 19.62, 23.14, 24.34, 27.66, 26.76, 24.49, 22.19, 21.47, 18.16, 18.94, 16.11, 15.05, 14.32, 12.48, 13.32, 14.04, 13.04, 12.72, 11.87, 14.22, 14.53, 18.11, 20.40, 18.37, 14.65, 12.23, 13.36, 13.52, 16.69, 17.09, 16.41, 17.80, 17.58, 16.72, 16.68
 14.18, 12.33, 9.26, 9.26, 10.70, 10.52, 13.14, 16.08, 18.54, 21.56, 24.09, 22.49, 18.85, 17.18, 14.11, 10.36, 8.35, 5.29, 5.78, 7.99, 6.86, 3.79, 0.00, 3.79, 6.93, 10.50, 13.61, 17.27, 19.71, 20.61, 17.62, 18.47, 22.12, 23.79, 27.20, 26.59, 24.07, 21.35, 20.13, 16.83, 17.54, 14.27, 13.83, 13.96, 12.87, 13.58, 14.88, 13.50, 13.25, 11.73, 13.83, 13.64, 17.01, 18.79, 16.24, 12.46, 10.66, 11.67, 12.44, 16.01, 16.94, 16.05, 17.86, 17.69, 17.42, 17.46
 14.11, 12.18, 9.08, 8.51, 8.65, 8.08, 9.94, 12.70, 14.89, 17.86, 20.52, 19.03, 15.49, 13.53, 10.40, 6.67, 5.37, 4.01, 6.23, 9.45, 9.64, 7.09, 3.79, 0.00, 3.77, 6.96, 10.17, 13.79, 16.29, 17.55, 14.85, 15.58, 19.25, 21.26, 24.71, 24.40, 21.80, 18.75, 17.28, 14.20, 15.19, 11.81, 12.31, 12.87, 12.21, 12.37, 13.99, 12.30, 12.29, 10.57, 12.70, 12.64, 15.85, 17.40, 14.41, 10.64, 9.02, 9.14, 10.03, 13.79, 15.00, 13.90, 16.07, 16.11, 16.57, 17.03
 13.01, 11.77, 9.49, 9.63, 9.20, 9.22, 9.85, 11.60, 13.26, 15.66, 18.31, 16.41, 12.79, 10.92, 8.48, 5.37, 4.78, 5.62, 7.05, 10.85, 12.04, 9.49, 6.93, 3.77, 0.00, 3.72, 6.85, 10.39, 13.09, 14.10, 11.60, 12.88, 16.38, 18.74, 22.36, 22.54, 20.27, 16.99, 15.87, 13.36, 15.19, 12.22, 13.60, 13.83, 12.84, 11.88, 12.95, 10.49, 10.04, 7.89, 9.78, 10.01, 13.11, 14.80, 11.80, 8.15, 6.15, 5.46, 6.71, 10.42, 12.16, 11.57, 14.38, 15.23, 16.46, 17.73
 14.74, 13.68, 11.81, 11.59, 10.05, 9.76, 8.89, 9.68, 10.46, 12.44, 15.28, 13.47, 10.10, 7.73, 5.81, 4.20, 5.83, 8.43, 10.24, 13.95, 15.53, 13.18, 10.50, 6.96, 3.72, 0.00, 3.77, 6.95, 9.97, 11.48, 9.73, 10.99, 14.26, 17.13, 20.72, 21.40, 19.18, 15.61, 14.32, 12.48, 14.67, 11.99, 14.32, 14.89, 14.34, 12.86, 13.99, 11.38, 11.11, 9.01, 10.35, 10.63, 13.05, 14.28, 11.00, 8.06, 6.92, 4.71, 6.19, 9.46, 11.63, 11.04, 14.18, 15.39, 17.37, 19.00
 14.35, 13.59, 12.49, 12.47, 10.55, 11.00, 9.34, 8.58, 8.90, 9.99, 12.37, 10.06, 6.65, 4.95, 4.98, 5.68, 7.16, 10.48, 11.96, 15.39, 17.67, 15.81, 13.61, 10.17, 6.85, 3.77, 0.00, 3.81, 6.29, 7.83, 6.40, 7.63, 10.64, 13.75, 17.33, 18.37, 16.45, 12.79, 11.91, 10.93, 13.79, 11.99, 14.80, 14.97, 14.37, 12.15, 12.97, 10.39, 10.55, 9.25, 10.69, 11.88, 13.99, 15.43, 12.53, 10.30, 8.82, 5.31, 5.12, 7.34, 9.32, 8.72, 12.03, 13.76, 16.41, 18.60
 17.07, 16.72, 16.04, 16.03, 13.83, 14.11, 11.70, 9.97, 8.85, 8.47, 10.74, 8.34, 6.00, 4.47, 6.71, 8.84, 10.85, 14.28, 15.68, 19.06, 21.45, 19.52, 17.27, 13.79, 10.39, 6.95, 3.81, 0.00, 3.86, 5.84, 6.49, 7.89, 9.74, 13.39, 16.76, 18.53, 17.01, 13.36, 12.68, 12.76, 15.77, 14.49, 17.71, 18.00, 17.58, 15.07, 15.61, 13.01, 12.97, 11.71, 12.30, 13.36, 14.58, 15.54, 12.88, 11.72, 11.01, 7.63, 7.70, 8.29, 10.55, 10.48, 13.76, 15.88, 18.98, 21.44
 17.29, 16.92, 16.72, 16.66, 14.30, 15.11, 12.50, 9.76, 8.59, 7.15, 8.12, 4.97, 3.39, 4.50, 8.00, 10.79, 12.34, 15.94, 17.26, 20.20, 23.02, 21.64, 19.71, 16.29, 13.09, 9.97, 6.29, 3.86, 0.00, 3.77, 5.44, 5.53, 6.40, 10.14, 13.24, 15.28, 14.04, 10.55, 10.36, 11.48, 14.76, 14.44, 17.75, 17.72, 17.40, 14.61, 15.06, 13.06, 13.76, 13.51, 14.57, 16.32, 17.64, 18.88, 16.51, 15.36, 14.16, 10.49, 9.25, 8.89, 9.96, 9.45, 12.14, 14.37, 17.86, 20.60
 15.89, 16.33, 16.92, 17.65, 15.97, 17.41, 15.36, 12.87, 12.24, 10.82, 11.15, 7.52, 6.01, 7.95, 10.99, 13.05, 13.80, 16.98, 17.49, 20.29, 23.36, 22.03, 20.61, 17.55, 14.10, 11.48, 7.83, 5.84, 3.77, 0.00, 3.78, 5.63, 5.37, 8.98, 12.30, 14.70, 14.29, 11.26, 12.25, 13.43, 17.02, 16.89, 19.81, 19.12, 18.11, 14.83, 14.32, 11.99, 12.19, 12.29, 13.03, 15.31, 16.48, 18.18, 16.47, 15.56, 13.93, 10.37, 8.69, 6.81, 7.83, 8.60, 11.49, 14.51, 18.02, 21.19
 12.24, 12.55, 13.24, 14.25, 13.05, 14.98, 13.63, 11.71, 12.21, 11.90, 12.47, 8.87, 5.93, 7.92, 9.90, 11.07, 10.93, 13.80, 13.99, 16.62, 19.80, 18.71, 17.62, 14.85, 11.60, 9.73, 6.40, 6.49, 5.44, 3.78, 0.00, 3.83, 5.60, 8.45, 12.22, 13.74, 12.94, 9.89, 11.00, 11.35, 15.01, 14.70, 17.17, 16.09, 14.68, 11.31, 10.66, 8.24, 8.78, 9.39, 11.03, 13.76, 15.74, 17.98, 16.14, 14.44, 12.05, 8.41, 5.68, 4.22, 4.54, 5.06, 8.42, 11.52, 14.78, 17.95
 13.22, 12.63, 13.07, 13.34, 11.59, 13.65, 12.07, 9.54, 10.39, 10.14, 9.98, 6.58, 3.84, 7.07, 9.15, 10.88, 10.76, 13.91, 14.69, 16.87, 20.18, 19.62, 18.47, 15.58, 12.88, 10.99, 7.63, 7.89, 5.53, 5.63, 3.83, 0.00, 3.75, 6.18, 9.74, 10.87, 9.50, 6.18, 7.29, 8.26, 11.97, 12.40, 15.00, 13.96, 13.14, 9.96, 10.17, 9.05, 10.94, 12.16, 14.40, 17.07, 19.27, 21.37, 19.18, 17.19, 14.83, 11.10, 8.15, 7.74, 6.58, 4.68, 6.67, 9.11, 12.72, 15.80
 15.47, 15.42, 16.40, 16.86, 15.16, 17.22, 15.37, 12.38, 12.52, 11.17, 9.97, 6.35, 5.74, 9.41, 12.25, 14.43, 14.50, 17.61, 18.16, 20.18, 23.64, 23.14, 22.12, 19.25, 16.38, 14.26, 10.64, 9.74, 6.40, 5.37, 5.60, 3.75, 0.00, 3.82, 7.11, 9.39, 9.19, 6.72, 8.83, 10.96, 14.54, 15.57, 18.21, 17.04, 16.22, 12.92, 12.57, 11.66, 13.30, 14.74, 16.51, 19.33, 21.09, 23.13, 21.29, 19.80, 17.60, 13.88, 11.07, 9.50, 8.14, 7.29, 8.44, 11.15, 14.90, 18.21
 15.35, 15.29, 16.81, 17.39, 16.11, 18.67, 17.28, 14.38, 15.12, 14.03, 12.20, 9.12, 8.82, 12.60, 15.01, 16.85, 16.29, 19.01, 19.24, 20.60, 24.27, 24.34, 23.79, 21.26, 18.74, 17.13, 13.75, 13.39, 10.14, 8.98, 8.45, 6.18, 3.82, 0.00, 3.81, 5.82, 6.62, 5.75, 9.11, 11.47, 14.79, 16.55, 18.65, 16.91, 15.93, 12.67, 12.02, 12.13, 14.35, 16.57, 18.73, 21.90, 23.92, 26.27, 24.56, 22.84, 20.25, 16.65, 13.39, 11.76, 9.26, 8.03, 7.44, 9.90, 13.48, 16.95
 18.34, 18.17, 19.80, 20.17, 18.84, 21.38, 19.93, 16.82, 17.43, 16.04, 13.47, 11.11, 11.79, 15.58, 18.07, 20.11, 19.59, 22.26, 22.56, 23.58, 27.29, 27.66, 27.20, 24.71, 22.36, 20.72, 17.33, 16.76, 13.24, 12.30, 12.22, 9.74, 7.11, 3.81, 0.00, 3.80, 6.23, 7.24, 10.62, 13.52, 16.35, 18.75, 20.69, 18.92, 18.23, 15.29, 14.76, 15.48, 17.89, 20.30, 22.48, 25.69, 27.64, 29.95, 28.27, 26.61, 24.06, 20.45, 17.18, 15.52, 12.90, 11.57, 10.16, 11.81, 15.07, 18.33
 17.52, 16.88, 18.52, 18.72, 17.69, 20.50, 19.57, 16.83, 18.16, 17.47, 15.02, 13.02, 13.17, 16.80, 18.63, 20.23, 19.21, 21.48, 21.75, 22.20, 25.90, 26.76, 26.59, 24.40, 22.54, 21.40, 18.37, 18.53, 15.28, 14.70, 13.74, 10.87, 9.39, 5.82, 3.80, 0.00, 3.78, 6.58, 10.03, 12.49, 14.83, 17.61, 18.95, 16.84, 16.22, 13.71, 13.46, 15.08, 18.04, 20.83, 23.49, 26.79, 29.15, 31.66, 29.82, 27.74, 24.92, 21.42, 17.92, 16.80, 13.70, 11.67, 9.13, 9.73, 12.47, 15.49
 16.74, 15.34, 16.30, 15.90, 14.51, 17.15, 16.25, 13.64, 15.35, 15.23, 13.08, 11.50, 11.32, 14.59, 15.93, 17.45, 16.50, 18.83, 19.58, 20.08, 23.60, 24.49, 24.07, 21.80, 20.27, 19.18, 16.45, 17.01, 14.04, 14.29, 12.94, 9.50, 9.19, 6.62, 6.23, 3.78, 0.00, 3.78, 6.70, 9.00, 11.09, 14.02, 15.38, 13.55, 13.49, 11.39, 12.12, 13.94, 17.23, 19.77, 22.70, 25.76, 28.33, 30.71, 28.49, 26.14, 23.42, 19.91, 16.53, 16.20, 13.32, 10.45, 7.82, 7.35, 10.23, 12.90
 15.47, 13.98, 14.44, 13.88, 11.99, 14.35, 13.06, 10.26, 11.85, 11.85, 10.23, 8.32, 7.64, 10.82, 12.23, 13.97, 13.41, 16.17, 17.25, 18.37, 21.79, 22.19, 21.35, 18.75, 16.99, 15.61, 12.79, 13.36, 10.55, 11.26, 9.89, 6.18, 6.72, 5.75, 7.24, 6.58, 3.78, 0.00, 3.77, 6.30, 9.23, 11.52, 13.56, 12.23, 12.26, 9.87, 10.97, 11.98, 15.07, 17.10, 19.91, 22.72, 25.21, 27.39, 25.01, 22.70, 20.19, 16.60, 13.44, 13.42, 11.10, 8.01, 6.55, 6.74, 10.29, 13.03
 16.98, 14.87, 14.35, 12.89, 10.18, 11.78, 10.04, 7.08, 8.89, 9.59, 8.47, 7.68, 7.01, 9.13, 9.95, 11.91, 11.96, 14.98, 16.86, 18.21, 21.24, 21.47, 20.13, 17.28, 15.87, 14.32, 11.91, 12.68, 10.36, 12.25, 11.00, 7.29, 8.83, 9.11, 10.62, 10.03, 6.70, 3.77, 0.00, 3.74, 6.28, 8.57, 11.15, 10.82, 11.86, 10.29, 12.44, 13.26, 16.28, 17.71, 20.53, 22.87, 25.39, 27.22, 24.44, 22.01, 19.88, 16.35, 13.71, 14.57, 12.95, 9.58, 8.84, 8.10, 11.16, 13.07
 15.25, 12.56, 11.35, 9.38, 6.52, 8.33, 7.40, 5.70, 8.88, 10.89, 10.95, 10.13, 8.20, 9.23, 8.59, 9.49, 8.98, 11.66, 13.80, 15.04, 17.83, 18.16, 16.83, 14.20, 13.36, 12.48, 10.93, 12.76, 11.48, 13.43, 11.35, 8.26, 10.96, 11.47, 13.52, 12.49, 9.00, 6.30, 3.74, 0.00, 3.73, 5.23, 7.62, 7.40, 8.74, 7.85, 10.80, 11.73, 14.84, 16.11, 19.23, 21.36, 24.21, 26.12, 23.19, 20.34, 18.09, 14.91, 12.44, 14.15, 12.71, 9.08, 8.53, 7.00, 9.33, 10.68
 17.71, 14.53, 12.74, 9.90, 6.96, 7.86, 7.48, 6.87, 10.19, 12.73, 12.86, 12.96, 11.50, 11.87, 10.51, 11.00, 10.55, 12.62, 15.21, 15.96, 18.26, 18.94, 17.54, 15.19, 15.19, 14.67, 13.79, 15.77, 14.76, 17.02, 15.01, 11.97, 14.54, 14.79, 16.35, 14.83, 11.09, 9.23, 6.28, 3.73, 0.00, 3.83, 5.46, 6.41, 9.19, 9.77, 13.23, 14.64, 17.81, 18.97, 22.18, 24.06, 27.02, 28.78, 25.64, 22.63, 20.56, 17.69, 15.54, 17.63, 16.24, 12.56, 11.62, 9.14, 10.29, 10.30
 17.07, 13.81, 11.24, 8.00, 4.48, 4.10, 4.30, 5.61, 9.29, 12.58, 13.80, 13.74, 11.59, 10.87, 8.41, 7.98, 7.74, 9.72, 12.86, 14.08, 15.90, 16.11, 14.27, 11.81, 12.22, 11.99, 11.99, 14.49, 14.44, 16.89, 14.70, 12.40, 15.57, 16.55, 18.75, 17.61, 14.02, 11.52, 8.57, 5.23, 3.83, 0.00, 3.82, 6.17, 8.82, 9.72, 13.30, 14.01, 16.69, 17.20, 20.28, 21.69, 24.68, 26.25, 22.95, 19.80, 17.98, 15.51, 13.98, 16.72, 16.00, 12.64, 12.64, 10.67, 11.59, 11.43
 16.89, 13.22, 10.41, 6.78, 4.84, 5.19, 7.50, 9.41, 13.10, 16.38, 17.40, 17.19, 14.87, 14.41, 11.79, 10.47, 9.10, 9.59, 12.39, 12.61, 14.07, 15.05, 13.83, 12.31, 13.60, 14.32, 14.80, 17.71, 17.75, 19.81, 17.17, 15.00, 18.21, 18.65, 20.69, 18.95, 15.38, 13.56, 11.15, 7.62, 5.46, 3.82, 0.00, 3.80, 7.19, 9.51, 13.26, 14.65, 17.50, 18.33, 21.68, 23.16, 26.44, 28.25, 25.07, 21.63, 19.53, 17.48, 15.83, 18.69, 17.60, 14.21, 13.60, 10.91, 10.52, 9.20
 14.01, 10.27, 8.10, 5.14, 4.93, 7.46, 9.82, 11.02, 14.81, 17.66, 18.25, 17.36, 14.81, 15.16, 13.06, 11.65, 9.25, 9.31, 11.06, 10.57, 12.75, 14.32, 13.96, 12.87, 13.83, 14.89, 14.97, 18.00, 17.72, 19.12, 16.09, 13.96, 17.04, 16.91, 18.92, 16.84, 13.55, 12.23, 10.82, 7.40, 6.41, 6.17, 3.80, 0.00, 3.75, 6.52, 10.17, 12.25, 15.45, 16.95, 20.57, 22.55, 26.01, 28.26, 25.41, 21.90, 19.24, 17.13, 14.86, 17.35, 15.65, 12.25, 11.00, 7.97, 6.87, 5.61
 10.42, 6.64, 5.06, 3.79, 5.73, 9.18, 11.62, 12.62, 16.29, 18.82, 19.41, 17.80, 14.82, 15.55, 13.74, 11.99, 8.79, 8.24, 8.71, 7.79, 10.71, 12.48, 12.87, 12.21, 12.84, 14.34, 14.37, 17.58, 17.40, 18.11, 14.68, 13.14, 16.22, 15.93, 18.23, 16.22, 13.49, 12.26, 11.86, 8.74, 9.19, 8.82, 7.19, 3.75, 0.00, 3.74, 6.93, 9.28, 12.48, 14.41, 18.16, 20.46, 24.04, 26.66, 24.16, 20.63, 17.53, 15.59, 13.01, 15.26, 13.28, 10.28, 9.03, 6.54, 4.94, 4.91
 8.08, 4.94, 4.95, 5.50, 6.56, 10.28, 11.77, 11.88, 15.17, 17.14, 17.53, 15.35, 12.25, 13.54, 12.49, 11.27, 8.20, 8.68, 8.61, 8.69, 12.25, 13.32, 13.58, 12.37, 11.88, 12.86, 12.15, 15.07, 14.61, 14.83, 11.31, 9.96, 12.92, 12.67, 15.29, 13.71, 11.39, 9.87, 10.29, 7.85, 9.77, 9.72, 9.51, 6.52, 3.74, 0.00, 3.77, 6.05, 9.61, 11.96, 15.69, 18.40, 21.84, 24.60, 22.32, 19.04, 15.75, 13.37, 10.27, 11.96, 9.66, 6.64, 5.53, 4.26, 4.68, 7.08
 5.00, 3.45, 6.10, 8.41, 9.96, 13.57, 14.85, 14.64, 17.51, 18.95, 19.16, 16.40, 13.27, 15.03, 14.57, 13.46, 10.38, 10.62, 9.26, 9.24, 13.08, 14.04, 14.88, 13.99, 12.95, 13.99, 12.97, 15.61, 15.06, 14.32, 10.66, 10.17, 12.57, 12.02, 14.76, 13.46, 12.12, 10.97, 12.44, 10.80, 13.23, 13.30, 13.26, 10.17, 6.93, 3.77, 0.00, 3.81, 7.35, 10.55, 14.17, 17.36, 20.72, 23.84, 22.07, 19.02, 15.41, 13.19, 9.77, 10.50, 7.64, 5.77, 4.77, 5.63, 6.24, 9.37
 4.32, 4.58, 6.57, 9.27, 10.42, 13.56, 14.43, 14.23, 16.60, 17.86, 18.56, 15.48, 12.02, 13.38, 13.09, 11.90, 9.16, 9.76, 8.15, 9.50, 13.11, 13.04, 13.50, 12.30, 10.49, 11.38, 10.39, 13.01, 13.06, 11.99, 8.24, 9.05, 11.66, 12.13, 15.48, 15.08, 13.94, 11.98, 13.26, 11.73, 14.64, 14.01, 14.65, 12.25, 9.28, 6.05, 3.81, 0.00, 3.77, 6.87, 10.42, 13.68, 16.96, 20.10, 18.48, 15.59, 11.93, 9.73, 6.34, 7.05, 4.94, 4.52, 6.17, 8.37, 9.79, 12.73
 5.02, 6.98, 8.66, 11.68, 12.94, 15.55, 16.32, 16.33, 18.24, 19.32, 20.41, 17.14, 13.61, 14.49, 14.28, 12.86, 10.48, 10.77, 8.55, 10.52, 13.60, 12.72, 13.25, 12.29, 10.04, 11.11, 10.55, 12.97, 13.76, 12.19, 8.78, 10.94, 13.30, 14.35, 17.89, 18.04, 17.23, 15.07, 16.28, 14.84, 17.81, 16.69, 17.50, 15.45, 12.48, 9.61, 7.35, 3.77, 0.00, 3.78, 7.01, 10.47, 13.69, 17.07, 15.93, 13.29, 9.52, 8.06, 5.51, 5.75, 5.37, 7.09, 9.59, 12.12, 13.46, 16.23
 8.34, 9.67, 10.11, 12.66, 13.53, 15.36, 15.93, 16.30, 17.79, 18.96, 20.66, 17.57, 13.95, 13.92, 13.42, 11.73, 10.01, 10.34, 8.52, 11.45, 13.77, 11.87, 11.73, 10.57, 7.89, 9.01, 9.25, 11.71, 13.51, 12.29, 9.39, 12.16, 14.74, 16.57, 20.30, 20.83, 19.77, 17.10, 17.71, 16.11, 18.97, 17.20, 18.33, 16.95, 14.41, 11.96, 10.55, 6.87, 3.78, 0.00, 3.79, 6.83, 10.24, 13.50, 12.27, 9.60, 5.83, 5.18, 4.51, 5.77, 7.56, 9.34, 12.47, 14.85, 16.29, 18.72
 11.61, 13.38, 13.81, 16.23, 16.85, 18.25, 18.44, 18.70, 19.58, 20.38, 22.29, 19.15, 15.80, 15.46, 15.31, 13.90, 12.93, 13.40, 11.76, 14.79, 16.64, 14.22, 13.83, 12.70, 9.78, 10.35, 10.69, 12.30, 14.57, 13.03, 11.03, 14.40, 16.51, 18.73, 22.48, 23.49, 22.70, 19.91, 20.53, 19.23, 22.18, 20.28, 21.68, 20.57, 18.16, 15.69, 14.17, 10.42, 7.01, 3.79, 0.00, 3.81, 6.71, 10.21, 9.76, 8.00, 5.02, 5.76, 6.87, 7.04, 9.86, 12.32, 15.70, 18.37, 20.01, 22.50
 14.85, 16.21, 15.97, 17.98, 18.43, 19.15, 19.29, 19.96, 20.54, 21.49, 23.87, 21.07, 17.79, 16.69, 16.16, 14.53, 14.14, 14.41, 13.18, 16.46, 17.57, 14.53, 13.64, 12.64, 10.01, 10.63, 11.88, 13.36, 16.32, 15.31, 13.76, 17.07, 19.33, 21.90, 25.69, 26.79, 25.76, 22.72, 22.87, 21.36, 24.06, 21.69, 23.16, 22.55, 20.46, 18.40, 17.36, 13.68, 10.47, 6.83, 3.81, 0.00, 3.79, 7.02, 6.69, 5.29, 3.93, 6.69, 9.32, 10.19, 13.35, 15.47, 18.95, 21.35, 22.90, 25.07
 18.25, 19.83, 19.68, 21.57, 21.73, 22.20, 21.93, 22.34, 22.35, 22.87, 25.32, 22.57, 19.67, 18.43, 18.33, 17.18, 17.34, 17.93, 16.93, 20.25, 21.27, 18.11, 17.01, 15.85, 13.11, 13.05, 13.99, 14.58, 17.64, 16.48, 15.74, 19.27, 21.09, 23.92, 27.64, 29.15, 28.33, 25.21, 25.39, 24.21, 27.02, 24.68, 26.44, 26.01, 24.04, 21.84, 20.72, 16.96, 13.69, 10.24, 6.71, 3.79, 0.00, 3.78, 5.32, 6.37, 7.01, 9.33, 12.18, 12.37, 15.84, 18.26, 21.89, 24.52, 26.34, 28.63
 21.72, 22.99, 22.47, 23.95, 23.71, 23.65, 23.04, 23.50, 23.02, 23.42, 26.15, 23.76, 21.16, 19.43, 19.31, 18.40, 19.22, 20.03, 19.57, 23.07, 23.80, 20.40, 18.79, 17.40, 14.80, 14.28, 15.43, 15.54, 18.88, 18.18, 17.98, 21.37, 23.13, 26.27, 29.95, 31.66, 30.71, 27.39, 27.22, 26.12, 28.78, 26.25, 28.25, 28.26, 26.66, 24.60, 23.84, 20.10, 17.07, 13.50, 10.21, 7.02, 3.78, 0.00, 3.81, 6.87, 9.21, 11.45, 14.74, 15.14, 18.80, 20.99, 24.70, 27.24, 29.19, 31.36
 20.58, 21.26, 20.27, 21.27, 20.69, 20.30, 19.55, 20.16, 19.68, 20.37, 23.33, 21.22, 18.55, 16.40, 15.95, 15.01, 16.21, 17.26, 17.39, 21.09, 21.80, 18.37, 16.24, 14.41, 11.80, 11.00, 12.53, 12.88, 16.51, 16.47, 16.14, 19.18, 21.29, 24.56, 28.27, 29.82, 28.49, 25.01, 24.44, 23.19, 25.64, 22.95, 25.07, 25.41, 24.16, 22.32, 22.07, 18.48, 15.93, 12.27, 9.76, 6.69, 5.32, 3.81, 0.00, 3.84, 7.09, 9.07, 12.69, 13.82, 17.47, 19.08, 22.78, 25.00, 26.97, 28.94
 17.64, 17.95, 16.67, 17.61, 17.24, 16.94, 16.64, 17.65, 17.79, 19.05, 22.02, 19.89, 16.80, 14.64, 13.56, 11.96, 12.74, 13.50, 13.66, 17.38, 18.05, 14.65, 12.46, 10.64, 8.15, 8.06, 10.30, 11.72, 15.36, 15.56, 14.44, 17.19, 19.80, 22.84, 26.61, 27.74, 26.14, 22.70, 22.01, 20.34, 22.63, 19.80, 21.63, 21.90, 20.63, 19.04, 19.02, 15.59, 13.29, 9.60, 8.00, 5.29, 6.37, 6.87, 3.84, 0.00, 3.85, 6.38, 10.09, 12.06, 15.40, 16.57, 20.13, 22.02, 23.71, 25.47
 13.80, 14.27, 13.33, 14.77, 14.88, 15.32, 15.46, 16.39, 17.17, 18.56, 21.14, 18.63, 15.18, 13.69, 12.62, 10.70, 10.47, 10.99, 10.50, 14.15, 15.30, 12.23, 10.66, 9.02, 6.15, 6.92, 8.82, 11.01, 14.16, 13.93, 12.05, 14.83, 17.60, 20.25, 24.06, 24.92, 23.42, 20.19, 19.88, 18.09, 20.56, 17.98, 19.53, 19.24, 17.53, 15.75, 15.41, 11.93, 9.52, 5.83, 5.02, 3.93, 7.01, 9.21, 7.09, 3.85, 0.00, 3.80, 7.00, 9.19, 12.18, 13.43, 16.88, 18.84, 20.39, 22.30
 12.60, 12.81, 12.06, 13.25, 12.75, 13.51, 13.10, 13.36, 14.07, 15.21, 17.55, 14.89, 11.42, 10.24, 9.69, 8.49, 8.50, 10.18, 10.24, 13.93, 15.84, 13.36, 11.67, 9.14, 5.46, 4.71, 5.31, 7.63, 10.49, 10.37, 8.41, 11.10, 13.88, 16.65, 20.45, 21.42, 19.91, 16.60, 16.35, 14.91, 17.69, 15.51, 17.48, 17.13, 15.59, 13.37, 13.19, 9.73, 8.06, 5.18, 5.76, 6.69, 9.33, 11.45, 9.07, 6.38, 3.80, 0.00, 3.75, 6.24, 9.26, 10.21, 13.81, 15.95, 17.98, 20.20
 9.82, 10.00, 9.90, 11.40, 11.05, 12.74, 12.47, 12.20, 13.46, 14.50, 16.17, 13.16, 9.50, 9.49, 9.38, 8.54, 7.59, 9.55, 9.29, 12.50, 15.18, 13.52, 12.44, 10.03, 6.71, 6.19, 5.12, 7.70, 9.25, 8.69, 5.68, 8.15, 11.07, 13.39, 17.18, 17.92, 16.53, 13.44, 13.71, 12.44, 15.54, 13.98, 15.83, 14.86, 13.01, 10.27, 9.77, 6.34, 5.51, 4.51, 6.87, 9.32, 12.18, 14.74, 12.69, 10.09, 7.00, 3.75, 0.00, 3.79, 5.79, 6.51, 10.13, 12.51, 14.72, 17.29
 10.25, 11.49, 12.47, 14.36, 14.08, 16.08, 15.46, 14.44, 15.24, 15.39, 16.46, 12.96, 9.81, 10.82, 11.89, 11.90, 11.13, 13.11, 12.37, 15.15, 18.12, 16.69, 16.01, 13.79, 10.42, 9.46, 7.34, 8.29, 8.89, 6.81, 4.22, 7.74, 9.50, 11.76, 15.52, 16.80, 16.20, 13.42, 14.57, 14.15, 17.63, 16.72, 18.69, 17.35, 15.26, 11.96, 10.50, 7.05, 5.75, 5.77, 7.04, 10.19, 12.37, 15.14, 13.82, 12.06, 9.19, 6.24, 3.79, 0.00, 3.78, 6.42, 10.05, 13.27, 15.88, 18.98
 8.24, 9.46, 11.24, 13.31, 13.33, 16.02, 15.73, 14.47, 15.84, 16.06, 16.42, 12.85, 9.84, 11.86, 12.94, 12.98, 11.50, 13.29, 12.30, 14.29, 17.74, 17.09, 16.94, 15.00, 12.16, 11.63, 9.32, 10.55, 9.96, 7.83, 4.54, 6.58, 8.14, 9.26, 12.90, 13.70, 13.32, 11.10, 12.95, 12.71, 16.24, 16.00, 17.60, 15.65, 13.28, 9.66, 7.64, 4.94, 5.37, 7.56, 9.86, 13.35, 15.84, 18.80, 17.47, 15.40, 12.18, 9.26, 5.79, 3.78, 0.00, 3.76, 6.77, 10.31, 12.95, 16.36
 8.57, 8.20, 9.40, 10.70, 10.30, 13.22, 12.97, 11.63, 13.55, 14.21, 14.41, 11.22, 8.06, 10.29, 10.99, 11.14, 9.47, 11.57, 11.33, 13.04, 16.61, 16.41, 16.05, 13.90, 11.57, 11.04, 8.72, 10.48, 9.45, 8.60, 5.06, 4.68, 7.29, 8.03, 11.57, 11.67, 10.45, 8.01, 9.58, 9.08, 12.56, 12.64, 14.21, 12.25, 10.28, 6.64, 5.77, 4.52, 7.09, 9.34, 12.32, 15.47, 18.26, 20.99, 19.08, 16.57, 13.43, 10.21, 6.51, 6.42, 3.76, 0.00, 3.79, 6.92, 9.89, 13.21
 9.06, 8.09, 9.75, 10.78, 10.67, 14.04, 14.15, 12.73, 15.11, 15.86, 15.37, 12.55, 10.04, 12.70, 13.25, 13.42, 11.36, 13.03, 12.75, 13.45, 17.19, 17.80, 17.86, 16.07, 14.38, 14.18, 12.03, 13.76, 12.14, 11.49, 8.42, 6.67, 8.44, 7.44, 10.16, 9.13, 7.82, 6.55, 8.84, 8.53, 11.62, 12.64, 13.60, 11.00, 9.03, 5.53, 4.77, 6.17, 9.59, 12.47, 15.70, 18.95, 21.89, 24.70, 22.78, 20.13, 16.88, 13.81, 10.13, 10.05, 6.77, 3.79, 0.00, 3.83, 6.99, 10.64
 10.63, 8.36, 9.20, 9.23, 9.14, 12.62, 13.23, 12.23, 15.22, 16.55, 16.02, 13.94, 11.65, 13.89, 13.73, 13.61, 11.32, 12.60, 12.82, 12.82, 16.37, 17.58, 17.69, 16.11, 15.23, 15.39, 13.76, 15.88, 14.37, 14.51, 11.52, 9.11, 11.15, 9.90, 11.81, 9.73, 7.35, 6.74, 8.10, 7.00, 9.14, 10.67, 10.91, 7.97, 6.54, 4.26, 5.63, 8.37, 12.12, 14.85, 18.37, 21.35, 24.52, 27.24, 25.00, 22.02, 18.84, 15.95, 12.51, 13.27, 10.31, 6.92, 3.83, 0.00, 3.78, 7.16
 10.70, 7.84, 8.56, 8.55, 9.63, 13.19, 14.75, 14.56, 17.94, 19.73, 19.39, 17.55, 15.13, 16.96, 16.16, 15.34, 12.48, 12.68, 12.55, 11.43, 14.76, 16.72, 17.42, 16.57, 16.46, 17.37, 16.41, 18.98, 17.86, 18.02, 14.78, 12.72, 14.90, 13.48, 15.07, 12.47, 10.23, 10.29, 11.16, 9.33, 10.29, 11.59, 10.52, 6.87, 4.94, 4.68, 6.24, 9.79, 13.46, 16.29, 20.01, 22.90, 26.34, 29.19, 26.97, 23.71, 20.39, 17.98, 14.72, 15.88, 12.95, 9.89, 6.99, 3.78, 0.00, 3.81
 13.23, 9.87, 9.53, 8.53, 9.86, 12.95, 15.12, 15.62, 19.26, 21.53, 21.38, 20.05, 17.69, 19.01, 17.61, 16.41, 13.51, 13.08, 13.33, 11.56, 14.20, 16.68, 17.46, 17.03, 17.73, 19.00, 18.60, 21.44, 20.60, 21.19, 17.95, 15.80, 18.21, 16.95, 18.33, 15.49, 12.90, 13.03, 13.07, 10.68, 10.30, 11.43, 9.20, 5.61, 4.91, 7.08, 9.37, 12.73, 16.23, 18.72, 22.50, 25.07, 28.63, 31.36, 28.94, 25.47, 22.30, 20.20, 17.29, 18.98, 16.36, 13.21, 10.64, 7.16, 3.81, 0.00
