 0.00, 3.79, 5.68, 6.40, 10.07, 11.04, 14.74, 16.70, 18.45, 21.78, 23.54, 23.56, 25.95, 26.12, 29.31, 29.26, 32.90, 34.89, 34.98, 31.40, 28.35, 28.13, 25.49, 26.97, 25.27, 27.06, 24.94, 26.36, 23.62, 22.34, 19.29, 17.70, 17.58, 18.13, 20.60, 19.27, 22.28, 23.18, 23.30, 19.52, 19.65, 19.14, 21.74, 19.80, 17.92, 20.67, 20.95, 23.71, 25.50, 26.90, 29.86, 29.16, 29.23, 28.32, 27.86, 24.44, 25.86, 29.13, 31.20, 31.29, 34.45, 32.77, 31.30, 27.56, 27.89, 27.31, 24.49, 22.42, 20.69, 19.04, 15.32, 13.74, 12.40, 10.13
 3.79, 0.00, 3.78, 6.67, 10.27, 12.17, 15.85, 17.27, 19.27, 22.86, 24.13, 23.82, 26.26, 26.27, 29.21, 29.19, 32.74, 34.58, 34.28, 30.63, 27.78, 27.50, 24.98, 26.62, 24.94, 27.14, 25.02, 26.19, 23.11, 21.35, 18.50, 16.60, 16.90, 17.36, 20.23, 19.21, 22.31, 23.65, 23.37, 19.65, 19.14, 18.35, 20.60, 18.14, 16.29, 19.02, 19.37, 22.50, 24.39, 26.27, 29.24, 28.23, 28.35, 27.13, 26.71, 23.40, 24.93, 28.31, 30.76, 31.23, 34.21, 32.55, 30.67, 26.97, 27.81, 27.52, 24.65, 23.11, 21.35, 19.30, 15.52, 13.65, 11.34, 9.67
 5.68, 3.78, 0.00, 3.79, 6.93, 9.52, 13.12, 14.56, 17.06, 20.66, 21.95, 21.16, 23.31, 23.00, 25.79, 25.61, 29.11, 30.85, 30.56, 26.93, 24.14, 24.05, 21.73, 23.67, 22.35, 24.77, 23.05, 24.59, 21.61, 19.54, 16.38, 13.97, 13.76, 13.80, 16.59, 15.54, 18.64, 20.17, 19.87, 16.21, 15.46, 14.57, 16.85, 14.54, 12.90, 15.92, 16.76, 19.92, 22.22, 24.22, 26.89, 25.59, 25.36, 23.94, 23.26, 19.84, 21.21, 24.56, 27.02, 27.51, 30.45, 28.82, 26.91, 23.22, 24.12, 23.87, 21.02, 19.68, 18.02, 15.98, 12.24, 10.79, 8.44, 7.78
 6.40, 6.67, 3.79, 0.00, 3.78, 6.04, 9.77, 11.81, 14.49, 17.87, 19.61, 18.82, 20.73, 20.38, 23.35, 23.07, 26.65, 28.54, 28.62, 25.06, 22.08, 22.13, 19.79, 21.73, 20.63, 22.80, 21.35, 23.36, 20.79, 19.00, 15.49, 13.13, 12.11, 12.01, 14.30, 12.93, 16.05, 17.32, 17.54, 13.85, 13.58, 12.80, 15.46, 13.88, 12.33, 15.41, 16.40, 19.14, 21.55, 23.14, 25.61, 24.44, 23.94, 22.74, 21.89, 18.34, 19.54, 22.75, 24.81, 24.99, 28.13, 26.56, 25.03, 21.33, 21.73, 21.13, 18.25, 16.49, 14.82, 13.16, 9.43, 8.62, 7.58, 6.96
 10.07, 10.27, 6.93, 3.78, 0.00, 3.79, 6.85, 8.92, 12.15, 15.35, 17.13, 15.87, 17.40, 16.76, 19.67, 19.30, 22.88, 24.82, 24.99, 21.47, 18.43, 18.60, 16.41, 18.57, 17.90, 20.15, 19.20, 21.62, 19.36, 17.47, 13.75, 11.11, 9.21, 8.66, 10.61, 9.29, 12.59, 14.16, 14.76, 11.28, 10.78, 9.62, 12.28, 11.27, 9.92, 13.01, 14.40, 16.83, 19.55, 21.04, 23.12, 21.78, 20.90, 19.67, 18.60, 14.99, 16.08, 19.23, 21.15, 21.34, 24.57, 23.19, 21.76, 18.14, 18.40, 17.56, 14.54, 12.91, 11.14, 9.49, 5.85, 6.10, 6.16, 6.96
 11.04, 12.17, 9.52, 6.04, 3.79, 0.00, 3.81, 6.54, 9.27, 12.25, 14.49, 13.78, 15.48, 15.42, 18.74, 18.77, 22.49, 24.86, 25.34, 21.89, 18.51, 18.34, 15.75, 17.34, 16.43, 18.09, 17.06, 19.68, 17.87, 16.65, 12.92, 11.12, 9.14, 9.53, 10.98, 10.03, 13.37, 14.70, 16.18, 12.97, 12.95, 11.61, 13.98, 13.51, 11.71, 14.08, 14.84, 16.57, 18.87, 19.70, 21.82, 21.01, 20.32, 19.74, 19.04, 15.66, 17.01, 20.07, 21.50, 21.52, 25.02, 23.99, 23.02, 19.57, 19.25, 17.70, 14.48, 12.30, 9.91, 8.38, 5.09, 5.25, 7.23, 6.92
 14.74, 15.85, 13.12, 9.77, 6.85, 3.81, 0.00, 3.78, 6.63, 9.01, 11.54, 10.65, 12.01, 12.09, 15.59, 15.86, 19.62, 22.29, 22.98, 19.67, 16.10, 15.77, 13.12, 14.47, 13.88, 15.19, 14.70, 17.77, 16.58, 15.66, 12.03, 10.69, 8.10, 8.72, 9.29, 8.98, 12.18, 13.66, 15.88, 13.31, 13.23, 11.52, 13.36, 13.65, 11.93, 13.60, 14.26, 15.19, 17.41, 17.74, 19.45, 18.80, 17.90, 17.72, 17.11, 14.02, 15.42, 18.27, 19.25, 19.25, 22.92, 22.34, 21.70, 18.58, 17.88, 15.69, 12.30, 10.09, 7.06, 5.64, 3.89, 5.29, 8.70, 8.99
 16.70, 17.27, 14.56, 11.81, 8.92, 6.54, 3.78, 0.00, 3.81, 6.75, 8.34, 7.25, 9.27, 10.04, 13.63, 14.71, 18.48, 21.46, 21.74, 18.32, 14.59, 13.45, 10.30, 11.14, 10.17, 11.64, 11.11, 14.21, 13.10, 12.20, 8.71, 7.93, 5.72, 7.69, 8.74, 9.97, 13.34, 15.54, 17.78, 15.56, 14.68, 12.12, 12.89, 12.96, 10.64, 11.30, 11.35, 11.73, 13.75, 13.97, 15.69, 15.17, 14.57, 14.79, 14.81, 12.20, 14.36, 17.44, 18.58, 19.24, 22.89, 22.86, 21.97, 19.15, 18.81, 16.40, 12.71, 11.42, 7.76, 4.89, 4.31, 4.25, 7.99, 8.68
 18.45, 19.27, 17.06, 14.49, 12.15, 9.27, 6.63, 3.81, 0.00, 3.78, 5.31, 5.97, 8.86, 10.97, 14.66, 16.46, 20.09, 23.41, 23.72, 20.46, 16.68, 14.89, 11.39, 10.94, 9.12, 9.47, 8.39, 11.50, 11.02, 11.23, 8.43, 9.31, 8.34, 11.05, 12.03, 13.58, 16.75, 18.81, 21.32, 19.22, 18.45, 15.83, 16.26, 16.24, 13.58, 13.45, 12.49, 12.00, 12.99, 12.26, 14.20, 14.60, 14.71, 15.84, 16.62, 14.67, 17.17, 20.11, 20.96, 21.71, 25.39, 25.73, 25.05, 22.48, 21.95, 19.20, 15.58, 14.26, 10.52, 8.09, 8.11, 7.12, 10.50, 10.23
 21.78, 22.86, 20.66, 17.87, 15.35, 12.25, 9.01, 6.75, 3.78, 0.00, 3.79, 5.42, 7.49, 10.28, 13.88, 15.98, 19.35, 22.90, 23.55, 20.66, 16.95, 15.08, 11.85, 10.66, 9.31, 8.32, 8.16, 11.63, 12.35, 13.26, 11.16, 12.44, 11.24, 13.57, 13.66, 15.29, 17.93, 19.69, 22.65, 21.01, 20.50, 18.04, 18.28, 18.86, 16.53, 16.05, 15.10, 13.80, 14.36, 12.74, 13.98, 14.92, 14.90, 16.65, 17.53, 16.08, 18.33, 20.79, 21.01, 21.56, 25.24, 25.97, 25.75, 23.54, 22.57, 19.40, 16.04, 14.70, 11.16, 9.66, 10.84, 10.66, 14.17, 13.99
 23.54, 24.13, 21.95, 19.61, 17.13, 14.49, 11.54, 8.34, 5.31, 3.79, 0.00, 3.79, 6.82, 10.28, 13.45, 16.24, 19.40, 23.04, 23.17, 20.28, 16.67, 14.08, 10.63, 8.47, 6.32, 4.79, 4.51, 8.15, 9.36, 10.59, 9.38, 11.46, 11.12, 13.97, 14.45, 16.83, 19.57, 21.84, 24.59, 23.07, 21.99, 19.06, 18.59, 18.88, 16.29, 14.97, 13.37, 11.35, 11.24, 9.15, 10.37, 11.75, 12.37, 14.66, 16.29, 15.51, 18.27, 20.83, 21.30, 22.46, 25.97, 27.06, 26.53, 24.55, 24.01, 20.92, 17.47, 16.87, 13.24, 11.07, 12.39, 11.59, 14.59, 14.69
 23.56, 23.82, 21.16, 18.82, 15.87, 13.78, 10.65, 7.25, 5.97, 5.42, 3.79, 0.00, 3.79, 6.85, 9.99, 12.75, 15.97, 19.53, 19.51, 16.53, 12.91, 10.35, 6.90, 5.30, 4.39, 4.85, 6.25, 9.94, 10.52, 10.46, 8.77, 9.84, 8.77, 11.12, 11.22, 13.99, 16.56, 19.13, 21.74, 20.52, 19.14, 16.08, 15.25, 15.86, 13.68, 12.28, 11.36, 9.35, 10.31, 9.15, 9.64, 9.83, 9.48, 11.35, 12.63, 11.87, 14.57, 17.09, 17.66, 19.05, 22.48, 23.63, 22.94, 21.09, 20.75, 17.76, 14.30, 14.28, 10.75, 8.44, 10.48, 10.40, 13.35, 14.40
 25.95, 26.26, 23.31, 20.73, 17.40, 15.48, 12.01, 9.27, 8.86, 7.49, 6.82, 3.79, 0.00, 3.79, 6.70, 9.60, 12.60, 16.28, 16.60, 13.99, 10.53, 8.31, 5.91, 4.84, 6.50, 6.74, 9.43, 13.03, 13.97, 13.67, 12.05, 12.42, 10.53, 11.76, 10.64, 13.41, 15.21, 17.61, 20.45, 19.87, 18.61, 15.82, 14.77, 16.24, 14.87, 13.58, 13.48, 11.39, 12.76, 11.70, 11.03, 10.69, 9.13, 10.85, 11.47, 11.11, 13.10, 14.93, 14.86, 16.11, 19.47, 20.95, 20.63, 19.23, 18.57, 15.34, 12.27, 12.69, 9.73, 8.52, 11.61, 12.63, 15.68, 17.22
 26.12, 26.27, 23.00, 20.38, 16.76, 15.42, 12.09, 10.04, 10.97, 10.28, 10.28, 6.85, 3.79, 0.00, 3.78, 5.96, 9.27, 12.82, 13.29, 10.62, 7.11, 5.89, 4.89, 6.18, 8.95, 10.18, 12.79, 16.29, 16.73, 15.70, 13.68, 13.00, 10.35, 10.30, 8.18, 10.91, 12.11, 14.62, 17.34, 17.23, 15.87, 13.30, 12.11, 14.27, 13.75, 12.90, 13.84, 12.35, 14.58, 14.33, 13.44, 12.10, 9.48, 9.97, 9.35, 8.72, 9.90, 11.36, 11.14, 12.38, 15.75, 17.19, 16.87, 15.61, 14.95, 11.80, 8.89, 10.04, 7.78, 7.32, 10.95, 12.89, 15.71, 17.87
 29.31, 29.21, 25.79, 23.35, 19.67, 18.74, 15.59, 13.63, 14.66, 13.88, 13.45, 9.99, 6.70, 3.78, 0.00, 3.79, 6.10, 9.74, 9.98, 7.83, 5.13, 4.34, 5.88, 7.37, 10.95, 12.26, 15.34, 18.54, 19.13, 17.88, 16.29, 15.45, 12.97, 12.36, 9.88, 12.66, 12.99, 15.53, 17.97, 18.56, 16.95, 14.53, 12.65, 15.22, 15.38, 14.20, 15.48, 13.78, 16.04, 15.98, 14.31, 12.47, 9.14, 9.26, 8.15, 8.74, 9.15, 9.53, 8.77, 10.62, 13.47, 15.57, 15.29, 14.86, 14.40, 11.49, 9.46, 11.68, 10.43, 10.40, 14.02, 16.07, 18.49, 21.02
 29.26, 29.19, 25.61, 23.07, 19.30, 18.77, 15.86, 14.71, 16.46, 15.98, 16.24, 12.75, 9.60, 5.96, 3.79, 0.00, 3.79, 6.97, 8.02, 6.05, 3.97, 6.06, 8.31, 10.74, 14.14, 15.70, 18.52, 21.84, 22.09, 20.53, 18.50, 16.99, 13.97, 12.34, 9.08, 11.04, 10.37, 12.62, 14.94, 16.09, 14.70, 12.93, 11.37, 14.60, 15.59, 15.19, 17.22, 16.23, 18.95, 19.29, 17.86, 15.73, 12.23, 11.37, 9.02, 8.83, 7.66, 7.04, 5.49, 6.86, 9.92, 11.83, 11.82, 11.56, 10.81, 7.99, 6.73, 9.58, 9.57, 10.54, 14.09, 16.81, 19.10, 21.86
 32.90, 32.74, 29.11, 26.65, 22.88, 22.49, 19.62, 18.48, 20.09, 19.35, 19.40, 15.97, 12.60, 9.27, 6.10, 3.79, 0.00, 3.78, 5.47, 5.51, 5.92, 8.17, 11.22, 13.28, 16.94, 18.31, 21.44, 24.60, 25.08, 23.53, 21.80, 20.35, 17.50, 15.76, 12.52, 14.26, 12.92, 14.76, 16.77, 18.56, 17.20, 15.78, 13.94, 17.28, 18.66, 18.05, 20.15, 18.96, 21.53, 21.83, 19.89, 17.67, 13.99, 13.08, 10.66, 11.39, 9.65, 7.57, 4.69, 6.24, 8.06, 10.98, 11.40, 12.35, 11.62, 9.36, 9.49, 12.55, 13.14, 14.31, 17.82, 20.53, 22.67, 25.55
 34.89, 34.58, 30.85, 28.54, 24.82, 24.86, 22.29, 21.46, 23.41, 22.90, 23.04, 19.53, 16.28, 12.82, 9.74, 6.97, 3.78, 0.00, 3.78, 5.83, 8.03, 10.94, 14.31, 16.68, 20.34, 21.95, 25.01, 28.10, 28.38, 26.56, 24.78, 22.97, 20.07, 17.82, 14.53, 15.77, 13.70, 15.19, 16.57, 18.98, 17.63, 16.76, 14.91, 18.41, 20.42, 20.07, 22.57, 21.71, 24.49, 25.11, 23.15, 20.63, 16.87, 15.39, 12.50, 13.23, 10.63, 7.41, 4.00, 5.22, 5.13, 8.63, 9.25, 11.27, 10.79, 9.62, 10.94, 14.25, 15.58, 16.98, 20.23, 23.12, 24.94, 28.04
 34.98, 34.28, 30.56, 28.62, 24.99, 25.34, 22.98, 21.74, 23.72, 23.55, 23.17, 19.51, 16.60, 13.29, 9.98, 8.02, 5.47, 3.78, 0.00, 3.79, 7.23, 9.72, 13.44, 15.89, 19.52, 21.53, 24.50, 27.27, 27.33, 25.22, 23.76, 21.91, 19.41, 17.28, 14.50, 16.32, 14.76, 16.93, 17.85, 19.96, 17.93, 16.57, 14.00, 17.11, 19.17, 18.41, 20.90, 20.07, 22.86, 23.85, 21.78, 18.89, 15.13, 13.20, 10.31, 11.78, 9.44, 6.28, 4.76, 7.80, 7.49, 10.53, 9.77, 11.75, 12.44, 11.77, 12.36, 16.00, 16.80, 17.42, 20.45, 22.95, 24.33, 27.65
 31.40, 30.63, 26.93, 25.06, 21.47, 21.89, 19.67, 18.32, 20.46, 20.66, 20.28, 16.53, 13.99, 10.62, 7.83, 6.05, 5.51, 5.83, 3.79, 0.00, 3.78, 6.61, 10.19, 13.09, 16.52, 18.89, 21.56, 24.34, 24.11, 21.83, 20.19, 18.19, 15.69, 13.55, 10.97, 13.14, 12.18, 14.94, 15.90, 17.45, 15.11, 13.26, 10.50, 13.53, 15.42, 14.71, 17.29, 16.70, 19.71, 20.94, 19.27, 16.25, 12.51, 10.22, 6.95, 8.00, 5.82, 3.47, 3.88, 7.64, 8.81, 10.95, 9.49, 10.22, 11.28, 10.35, 9.90, 13.59, 13.91, 14.06, 16.93, 19.28, 20.57, 23.91
 28.35, 27.78, 24.14, 22.08, 18.43, 18.51, 16.10, 14.59, 16.68, 16.95, 16.67, 12.91, 10.53, 7.11, 5.13, 3.97, 5.92, 8.03, 7.23, 3.78, 0.00, 3.79, 6.82, 10.01, 13.29, 15.68, 18.19, 21.15, 20.89, 18.77, 16.88, 15.00, 12.31, 10.48, 7.84, 10.52, 10.38, 13.45, 14.98, 15.84, 13.59, 11.24, 8.72, 11.67, 12.90, 12.21, 14.58, 13.93, 16.99, 18.04, 16.74, 13.96, 10.34, 8.43, 5.39, 5.48, 4.40, 4.61, 5.41, 8.33, 10.81, 12.42, 11.16, 10.67, 11.27, 9.47, 7.73, 11.07, 10.64, 10.46, 13.50, 15.81, 17.43, 20.59
 28.13, 27.50, 24.05, 22.13, 18.60, 18.34, 15.77, 13.45, 14.89, 15.08, 14.08, 10.35, 8.31, 5.89, 4.34, 6.06, 8.17, 10.94, 9.72, 6.61, 3.79, 0.00, 3.79, 6.53, 9.92, 12.39, 14.99, 17.74, 17.65, 15.68, 14.28, 13.02, 10.98, 10.32, 8.69, 12.13, 13.00, 16.24, 17.96, 18.24, 15.85, 12.87, 10.16, 12.17, 12.36, 10.69, 12.24, 10.84, 13.57, 14.45, 12.98, 10.21, 6.60, 5.32, 3.86, 5.25, 6.67, 8.06, 9.04, 11.91, 14.41, 16.19, 14.88, 14.19, 14.84, 12.74, 10.34, 13.03, 11.51, 10.31, 13.30, 14.84, 16.50, 19.46
 25.49, 24.98, 21.73, 19.79, 16.41, 15.75, 13.12, 10.30, 11.39, 11.85, 10.63, 6.90, 5.91, 4.89, 5.88, 8.31, 11.22, 14.31, 13.44, 10.19, 6.82, 3.79, 0.00, 3.78, 6.52, 9.32, 11.49, 14.35, 14.13, 12.32, 10.74, 9.89, 8.11, 8.59, 7.94, 11.60, 13.47, 16.75, 18.70, 18.23, 15.97, 12.65, 10.47, 11.69, 10.75, 8.88, 9.65, 8.02, 10.68, 11.38, 10.60, 8.29, 5.56, 5.46, 5.78, 5.76, 8.53, 10.95, 12.14, 14.49, 17.44, 18.82, 17.53, 16.15, 16.63, 14.26, 11.12, 12.88, 10.37, 8.22, 10.93, 11.86, 13.76, 16.37
 26.97, 26.62, 23.67, 21.73, 18.57, 17.34, 14.47, 11.14, 10.94, 10.66, 8.47, 5.30, 4.84, 6.18, 7.37, 10.74, 13.28, 16.68, 15.89, 13.09, 10.01, 6.53, 3.78, 0.00, 3.79, 5.91, 8.66, 11.44, 12.01, 11.03, 10.31, 10.83, 9.99, 11.56, 11.31, 14.84, 16.85, 19.91, 22.14, 21.55, 19.49, 16.16, 14.15, 15.00, 13.44, 11.06, 10.52, 7.70, 9.03, 8.62, 7.36, 6.04, 4.42, 6.76, 8.67, 9.41, 12.25, 14.40, 15.16, 17.41, 20.34, 22.04, 21.01, 19.80, 20.02, 17.34, 14.24, 15.56, 12.68, 10.48, 13.03, 13.27, 15.40, 17.39
 25.27, 24.94, 22.35, 20.63, 17.90, 16.43, 13.88, 10.17, 9.12, 9.31, 6.32, 4.39, 6.50, 8.95, 10.95, 14.14, 16.94, 20.34, 19.52, 16.52, 13.29, 9.92, 6.52, 3.79, 0.00, 3.78, 5.22, 7.86, 8.26, 7.73, 7.43, 9.10, 9.36, 12.03, 12.80, 16.16, 18.77, 21.82, 24.01, 22.86, 20.84, 17.37, 15.72, 15.77, 13.37, 10.87, 9.15, 6.07, 6.37, 5.41, 5.66, 5.64, 6.38, 8.86, 11.30, 11.50, 14.80, 17.45, 18.54, 20.67, 23.75, 25.17, 23.99, 22.38, 22.68, 20.04, 16.63, 17.37, 14.00, 11.17, 12.83, 12.03, 14.01, 15.39
 27.06, 27.14, 24.77, 22.80, 20.15, 18.09, 15.19, 11.64, 9.47, 8.32, 4.79, 4.85, 6.74, 10.18, 12.26, 15.70, 18.31, 21.95, 21.53, 18.89, 15.68, 12.39, 9.32, 5.91, 3.78, 0.00, 3.79, 6.75, 8.77, 9.79, 9.93, 12.23, 12.40, 15.12, 15.50, 18.59, 21.05, 23.74, 26.31, 25.22, 23.60, 20.33, 18.96, 19.28, 16.87, 14.59, 12.71, 9.60, 8.81, 6.13, 5.96, 7.83, 8.93, 12.03, 14.44, 14.79, 17.80, 20.11, 20.63, 22.44, 25.59, 27.22, 26.47, 25.00, 24.84, 21.84, 18.56, 18.90, 15.50, 13.19, 15.03, 14.28, 16.71, 17.48
 24.94, 25.02, 23.05, 21.35, 19.20, 17.06, 14.70, 11.11, 8.39, 8.16, 4.51, 6.25, 9.43, 12.79, 15.34, 18.52, 21.44, 25.01, 24.50, 21.56, 18.19, 14.99, 11.49, 8.66, 5.22, 3.79, 0.00, 3.78, 5.55, 7.50, 7.95, 11.06, 12.09, 15.42, 16.59, 19.45, 22.38, 25.07, 27.48, 25.90, 24.30, 20.98, 19.94, 19.62, 16.66, 14.54, 12.00, 9.39, 7.92, 5.12, 7.15, 9.33, 11.27, 13.96, 16.48, 16.32, 19.61, 22.37, 23.29, 25.04, 28.32, 29.61, 28.65, 26.78, 26.77, 23.93, 20.41, 20.34, 16.68, 13.91, 14.83, 13.19, 15.30, 15.42
 26.36, 26.19, 24.59, 23.36, 21.62, 19.68, 17.77, 14.21, 11.50, 11.63, 8.15, 9.94, 13.03, 16.29, 18.54, 21.84, 24.60, 28.10, 27.27, 24.34, 21.15, 17.74, 14.35, 11.44, 7.86, 6.75, 3.78, 0.00, 3.79, 7.00, 9.01, 12.63, 14.54, 18.08, 19.68, 22.63, 25.69, 28.53, 30.75, 29.03, 27.23, 23.79, 22.57, 21.78, 18.58, 16.13, 12.97, 10.34, 7.59, 4.45, 7.26, 10.08, 12.97, 15.75, 18.73, 18.87, 22.38, 25.24, 26.40, 28.40, 31.57, 32.91, 31.73, 29.88, 30.13, 27.43, 23.88, 23.93, 20.25, 17.26, 17.77, 15.59, 17.06, 16.87
 23.62, 23.11, 21.61, 20.79, 19.36, 17.87, 16.58, 13.10, 11.02, 12.35, 9.36, 10.52, 13.97, 16.73, 19.13, 22.09, 25.08, 28.38, 27.33, 24.11, 20.89, 17.65, 14.13, 12.01, 8.26, 8.77, 5.55, 3.79, 0.00, 3.78, 6.20, 9.95, 12.57, 16.26, 18.49, 21.33, 24.66, 27.64, 29.51, 27.50, 25.51, 22.01, 20.89, 19.55, 16.09, 13.78, 10.32, 8.52, 6.01, 4.92, 8.68, 10.33, 13.16, 15.17, 18.00, 17.71, 21.37, 24.57, 26.22, 28.30, 31.47, 32.47, 30.95, 28.83, 29.41, 27.05, 23.37, 23.43, 19.73, 16.35, 16.18, 13.47, 14.27, 14.04
 22.34, 21.35, 19.54, 19.00, 17.47, 16.65, 15.66, 12.20, 11.23, 13.26, 10.59, 10.46, 13.67, 15.70, 17.88, 20.53, 23.53, 26.56, 25.22, 21.83, 18.77, 15.68, 12.32, 11.03, 7.73, 9.79, 7.50, 7.00, 3.78, 0.00, 3.78, 7.02, 10.11, 13.64, 16.21, 19.17, 22.51, 25.74, 27.23, 25.25, 22.92, 19.30, 17.94, 16.29, 12.83, 10.31, 6.69, 5.45, 3.87, 5.47, 8.87, 9.04, 11.50, 12.71, 15.37, 14.96, 18.69, 22.06, 24.11, 26.40, 29.42, 30.26, 28.42, 26.24, 27.21, 25.20, 21.53, 21.95, 18.42, 14.79, 14.43, 11.72, 11.88, 12.42
 19.29, 18.50, 16.38, 15.49, 13.75, 12.92, 12.03, 8.71, 8.43, 11.16, 9.38, 8.77, 12.05, 13.68, 16.29, 18.50, 21.80, 24.78, 23.76, 20.19, 16.88, 14.28, 10.74, 10.31, 7.43, 9.93, 7.95, 9.01, 6.20, 3.78, 0.00, 3.79, 6.67, 10.37, 13.11, 15.76, 19.25, 22.35, 23.85, 21.70, 19.55, 16.06, 15.17, 13.60, 10.04, 8.32, 5.46, 5.54, 6.35, 7.84, 10.78, 10.35, 11.69, 12.29, 14.15, 12.88, 16.44, 19.96, 22.01, 23.98, 27.17, 27.67, 25.91, 23.45, 24.26, 22.30, 18.56, 18.67, 15.15, 11.44, 10.72, 7.94, 8.41, 9.19
 17.70, 16.60, 13.97, 13.13, 11.11, 11.12, 10.69, 7.93, 9.31, 12.44, 11.46, 9.84, 12.42, 13.00, 15.45, 16.99, 20.35, 22.97, 21.91, 18.19, 15.00, 13.02, 9.89, 10.83, 9.10, 12.23, 11.06, 12.63, 9.95, 7.02, 3.79, 0.00, 3.79, 7.11, 10.34, 12.83, 16.35, 19.58, 20.69, 18.50, 16.11, 12.59, 11.79, 9.94, 6.30, 5.29, 3.92, 6.05, 8.60, 10.84, 13.10, 11.65, 11.95, 11.40, 12.38, 10.39, 13.73, 17.43, 19.83, 21.75, 24.84, 24.99, 22.99, 20.34, 21.42, 19.87, 16.19, 16.49, 13.30, 9.52, 8.35, 5.90, 5.63, 7.83
 17.58, 16.90, 13.76, 12.11, 9.21, 9.14, 8.10, 5.72, 8.34, 11.24, 11.12, 8.77, 10.53, 10.35, 12.97, 13.97, 17.50, 20.07, 19.41, 15.69, 12.31, 10.98, 8.11, 9.99, 9.36, 12.40, 12.09, 14.54, 12.57, 10.11, 6.67, 3.79, 0.00, 3.78, 6.72, 9.17, 12.69, 15.87, 17.19, 15.15, 12.95, 9.48, 9.05, 8.15, 5.31, 5.62, 6.45, 7.95, 11.04, 12.75, 14.32, 12.62, 11.83, 10.93, 10.89, 8.15, 11.01, 14.64, 16.80, 18.37, 21.60, 21.60, 19.84, 17.08, 17.87, 16.20, 12.50, 12.72, 9.63, 5.90, 5.13, 4.36, 5.67, 8.49
 18.13, 17.36, 13.80, 12.01, 8.66, 9.53, 8.72, 7.69, 11.05, 13.57, 13.97, 11.12, 11.76, 10.30, 12.36, 12.34, 15.76, 17.82, 17.28, 13.55, 10.48, 10.32, 8.59, 11.56, 12.03, 15.12, 15.42, 18.08, 16.26, 13.64, 10.37, 7.11, 3.78, 0.00, 3.79, 5.99, 9.35, 12.74, 13.68, 11.87, 9.34, 5.76, 5.53, 5.39, 4.33, 6.21, 8.79, 10.55, 14.06, 15.94, 16.97, 14.73, 13.06, 11.27, 9.94, 6.39, 8.24, 11.85, 14.21, 15.60, 18.69, 18.32, 16.41, 13.47, 14.46, 13.26, 9.77, 10.41, 8.19, 5.27, 4.90, 6.35, 7.17, 10.54
 20.60, 20.23, 16.59, 14.30, 10.61, 10.98, 9.29, 8.74, 12.03, 13.66, 14.45, 11.22, 10.64, 8.18, 9.88, 9.08, 12.52, 14.53, 14.50, 10.97, 7.84, 8.69, 7.94, 11.31, 12.80, 15.50, 16.59, 19.68, 18.49, 16.21, 13.11, 10.34, 6.72, 3.79, 0.00, 3.79, 6.37, 9.87, 11.36, 10.37, 8.22, 5.20, 4.99, 7.20, 7.71, 9.05, 11.73, 12.64, 16.10, 17.49, 17.85, 15.57, 13.16, 11.39, 9.24, 5.72, 6.16, 9.18, 10.95, 11.97, 15.23, 14.96, 13.49, 10.73, 11.18, 9.58, 6.03, 7.24, 5.67, 4.32, 6.13, 8.98, 10.64, 13.70
 19.27, 19.21, 15.54, 12.93, 9.29, 10.03, 8.98, 9.97, 13.58, 15.29, 16.83, 13.99, 13.41, 10.91, 12.66, 11.04, 14.26, 15.77, 16.32, 13.14, 10.52, 12.13, 11.60, 14.84, 16.16, 18.59, 19.45, 22.63, 21.33, 19.17, 15.76, 12.83, 9.17, 5.99, 3.79, 0.00, 3.79, 6.78, 8.18, 6.74, 5.38, 3.94, 6.25, 8.49, 9.59, 11.95, 14.73, 16.08, 19.50, 20.84, 21.42, 19.30, 16.92, 15.12, 12.70, 9.14, 8.44, 10.71, 12.10, 12.07, 15.29, 14.16, 13.00, 9.67, 9.60, 8.50, 5.52, 5.43, 5.33, 5.77, 6.39, 9.90, 11.45, 14.18
 22.28, 22.31, 18.64, 16.05, 12.59, 13.37, 12.18, 13.34, 16.75, 17.93, 19.57, 16.56, 15.21, 12.11, 12.99, 10.37, 12.92, 13.70, 14.76, 12.18, 10.38, 13.00, 13.47, 16.85, 18.77, 21.05, 22.38, 25.69, 24.66, 22.51, 19.25, 16.35, 12.69, 9.35, 6.37, 3.79, 0.00, 3.78, 5.31, 5.72, 5.15, 5.71, 7.56, 10.68, 12.65, 14.82, 17.87, 18.98, 22.45, 23.72, 23.84, 21.55, 18.72, 16.73, 13.73, 10.62, 8.54, 9.46, 10.16, 9.29, 12.27, 10.69, 9.95, 6.71, 5.92, 5.35, 3.93, 4.74, 6.96, 8.79, 10.07, 13.66, 15.18, 17.92
 23.18, 23.65, 20.17, 17.32, 14.16, 14.70, 13.66, 15.54, 18.81, 19.69, 21.84, 19.13, 17.61, 14.62, 15.53, 12.62, 14.76, 15.19, 16.93, 14.94, 13.45, 16.24, 16.75, 19.91, 21.82, 23.74, 25.07, 28.53, 27.64, 25.74, 22.35, 19.58, 15.87, 12.74, 9.87, 6.78, 3.78, 0.00, 3.79, 5.17, 6.92, 8.90, 11.24, 14.17, 16.10, 18.47, 21.41, 22.50, 25.86, 26.88, 27.02, 24.95, 22.10, 20.32, 17.32, 14.34, 12.09, 12.32, 12.19, 10.16, 12.84, 10.63, 10.94, 8.08, 5.83, 5.65, 6.09, 5.23, 8.62, 11.36, 12.43, 16.14, 17.84, 20.16
 23.30, 23.37, 19.87, 17.54, 14.76, 16.18, 15.88, 17.78, 21.32, 22.65, 24.59, 21.74, 20.45, 17.34, 17.97, 14.94, 16.77, 16.57, 17.85, 15.90, 14.98, 17.96, 18.70, 22.14, 24.01, 26.31, 27.48, 30.75, 29.51, 27.23, 23.85, 20.69, 17.19, 13.68, 11.36, 8.18, 5.31, 3.79, 0.00, 3.78, 5.43, 8.60, 11.10, 13.71, 16.24, 18.97, 22.25, 23.81, 27.37, 28.84, 29.07, 26.68, 23.82, 21.53, 18.28, 15.23, 12.65, 12.80, 13.34, 11.63, 13.53, 10.60, 10.16, 6.95, 6.04, 7.89, 8.68, 8.69, 11.62, 13.67, 14.10, 17.55, 18.52, 21.07
 19.52, 19.65, 16.21, 13.85, 11.28, 12.97, 13.31, 15.56, 19.22, 21.01, 23.07, 20.52, 19.87, 17.23, 18.56, 16.09, 18.56, 18.98, 19.96, 17.45, 15.84, 18.24, 18.23, 21.55, 22.86, 25.22, 25.90, 29.03, 27.50, 25.25, 21.70, 18.50, 15.15, 11.87, 10.37, 6.74, 5.72, 5.17, 3.78, 0.00, 3.78, 7.06, 10.46, 12.27, 14.27, 17.40, 20.48, 22.38, 25.88, 27.41, 28.13, 25.91, 23.45, 21.29, 18.42, 14.94, 13.18, 14.35, 15.44, 14.24, 16.62, 14.04, 13.18, 9.58, 9.21, 10.13, 9.52, 8.63, 10.65, 12.11, 11.62, 14.82, 15.57, 17.86
 19.65, 19.14, 15.46, 13.58, 10.78, 12.95, 13.23, 14.68, 18.45, 20.50, 21.99, 19.14, 18.61, 15.87, 16.95, 14.70, 17.20, 17.63, 17.93, 15.11, 13.59, 15.85, 15.97, 19.49, 20.84, 23.60, 24.30, 27.23, 25.51, 22.92, 19.55, 16.11, 12.95, 9.34, 8.22, 5.38, 5.15, 6.92, 5.43, 3.78, 0.00, 3.79, 7.00, 8.72, 11.18, 14.26, 17.59, 19.65, 23.29, 25.18, 25.83, 23.31, 20.85, 18.35, 15.43, 11.93, 10.27, 11.89, 13.78, 13.50, 15.80, 13.60, 11.83, 8.04, 9.04, 10.10, 8.87, 9.24, 10.49, 11.00, 10.55, 13.46, 13.73, 16.60
 19.14, 18.35, 14.57, 12.80, 9.62, 11.61, 11.52, 12.12, 15.83, 18.04, 19.06, 16.08, 15.82, 13.30, 14.53, 12.93, 15.78, 16.76, 16.57, 13.26, 11.24, 12.87, 12.65, 16.16, 17.37, 20.33, 20.98, 23.79, 22.01, 19.30, 16.06, 12.59, 9.48, 5.76, 5.20, 3.94, 5.71, 8.90, 8.60, 7.06, 3.79, 0.00, 3.78, 5.42, 7.65, 10.53, 13.87, 15.88, 19.55, 21.55, 22.23, 19.65, 17.35, 14.86, 12.23, 8.56, 7.76, 10.38, 12.80, 13.41, 16.04, 14.65, 12.54, 9.03, 10.41, 10.55, 8.20, 9.13, 9.11, 8.47, 8.15, 10.75, 10.99, 14.26
 21.74, 20.60, 16.85, 15.46, 12.28, 13.98, 13.36, 12.89, 16.26, 18.28, 18.59, 15.25, 14.77, 12.11, 12.65, 11.37, 13.94, 14.91, 14.00, 10.50, 8.72, 10.16, 10.47, 14.15, 15.72, 18.96, 19.94, 22.57, 20.89, 17.94, 15.17, 11.79, 9.05, 5.53, 4.99, 6.25, 7.56, 11.24, 11.10, 10.46, 7.00, 3.78, 0.00, 3.79, 6.63, 8.42, 12.04, 13.75, 17.52, 19.75, 20.02, 17.07, 14.55, 11.64, 8.80, 5.37, 4.70, 7.89, 10.98, 12.63, 15.00, 14.31, 11.72, 8.92, 11.02, 11.03, 8.64, 10.78, 10.35, 9.12, 9.67, 11.74, 11.84, 15.47
 19.80, 18.14, 14.54, 13.88, 11.27, 13.51, 13.65, 12.96, 16.24, 18.86, 18.88, 15.86, 16.24, 14.27, 15.22, 14.60, 17.28, 18.41, 17.11, 13.53, 11.67, 12.17, 11.69, 15.00, 15.77, 19.28, 19.62, 21.78, 19.55, 16.29, 13.60, 9.94, 8.15, 5.39, 7.20, 8.49, 10.68, 14.17, 13.71, 12.27, 8.72, 5.42, 3.79, 0.00, 3.78, 6.31, 9.98, 12.56, 16.28, 18.99, 19.81, 16.87, 15.04, 12.11, 10.14, 6.95, 7.84, 11.24, 14.56, 16.40, 18.69, 17.94, 15.13, 12.29, 14.58, 14.69, 12.07, 13.63, 12.56, 10.41, 9.77, 10.69, 9.65, 13.41
 17.92, 16.29, 12.90, 12.33, 9.92, 11.71, 11.93, 10.64, 13.58, 16.53, 16.29, 13.68, 14.87, 13.75, 15.38, 15.59, 18.66, 20.42, 19.17, 15.42, 12.90, 12.36, 10.75, 13.44, 13.37, 16.87, 16.66, 18.58, 16.09, 12.83, 10.04, 6.30, 5.31, 4.33, 7.71, 9.59, 12.65, 16.10, 16.24, 14.27, 11.18, 7.65, 6.63, 3.78, 0.00, 3.78, 6.82, 9.81, 13.35, 16.08, 17.44, 14.89, 13.79, 11.51, 10.66, 7.68, 9.97, 13.70, 16.75, 18.64, 21.31, 20.87, 18.34, 15.49, 17.30, 16.73, 13.55, 14.53, 12.50, 9.46, 8.21, 7.90, 6.51, 10.27
 20.67, 19.02, 15.92, 15.41, 13.01, 14.08, 13.60, 11.30, 13.45, 16.05, 14.97, 12.28, 13.58, 12.90, 14.20, 15.19, 18.05, 20.07, 18.41, 14.71, 12.21, 10.69, 8.88, 11.06, 10.87, 14.59, 14.54, 16.13, 13.78, 10.31, 8.32, 5.29, 5.62, 6.21, 9.05, 11.95, 14.82, 18.47, 18.97, 17.40, 14.26, 10.53, 8.42, 6.31, 3.78, 0.00, 3.79, 6.45, 10.08, 13.08, 14.20, 11.44, 10.65, 8.50, 8.69, 6.86, 10.13, 13.80, 16.80, 19.25, 21.82, 22.02, 19.50, 17.18, 19.01, 18.08, 14.81, 16.23, 13.83, 10.50, 10.17, 9.38, 8.49, 11.85
 20.95, 19.37, 16.76, 16.40, 14.40, 14.84, 14.26, 11.35, 12.49, 15.10, 13.37, 11.36, 13.48, 13.84, 15.48, 17.22, 20.15, 22.57, 20.90, 17.29, 14.58, 12.24, 9.65, 10.52, 9.15, 12.71, 12.00, 12.97, 10.32, 6.69, 5.46, 3.92, 6.45, 8.79, 11.73, 14.73, 17.87, 21.41, 22.25, 20.48, 17.59, 13.87, 12.04, 9.98, 6.82, 3.79, 0.00, 3.79, 6.80, 10.04, 11.80, 9.62, 10.12, 9.16, 10.73, 9.70, 13.32, 16.90, 19.60, 22.09, 24.82, 25.29, 22.96, 20.71, 22.28, 20.96, 17.49, 18.56, 15.64, 11.98, 11.52, 9.66, 8.87, 11.34
 23.71, 22.50, 19.92, 19.14, 16.83, 16.57, 15.19, 11.73, 12.00, 13.80, 11.35, 9.35, 11.39, 12.35, 13.78, 16.23, 18.96, 21.71, 20.07, 16.70, 13.93, 10.84, 8.02, 7.70, 6.07, 9.60, 9.39, 10.34, 8.52, 5.45, 5.54, 6.05, 7.95, 10.55, 12.64, 16.08, 18.98, 22.50, 23.81, 22.38, 19.65, 15.88, 13.75, 12.56, 9.81, 6.45, 3.79, 0.00, 3.79, 6.76, 8.04, 5.95, 7.08, 7.39, 10.03, 10.05, 13.83, 17.04, 19.26, 21.91, 24.65, 25.65, 23.64, 21.79, 23.04, 21.25, 17.81, 19.02, 15.91, 12.43, 12.93, 11.38, 11.65, 13.71
 25.50, 24.39, 22.22, 21.55, 19.55, 18.87, 17.41, 13.75, 12.99, 14.36, 11.24, 10.31, 12.76, 14.58, 16.04, 18.95, 21.53, 24.49, 22.86, 19.71, 16.99, 13.57, 10.68, 9.03, 6.37, 8.81, 7.92, 7.59, 6.01, 3.87, 6.35, 8.60, 11.04, 14.06, 16.10, 19.50, 22.45, 25.86, 27.37, 25.88, 23.29, 19.55, 17.52, 16.28, 13.35, 10.08, 6.80, 3.79, 0.00, 3.81, 5.95, 5.46, 8.37, 9.93, 13.14, 13.64, 17.39, 20.43, 22.39, 25.04, 27.80, 29.03, 27.16, 25.43, 26.53, 24.51, 21.04, 22.05, 18.73, 15.29, 15.76, 13.76, 14.13, 15.42
 26.90, 26.27, 24.22, 23.14, 21.04, 19.70, 17.74, 13.97, 12.26, 12.74, 9.15, 9.15, 11.70, 14.33, 15.98, 19.29, 21.83, 25.11, 23.85, 20.94, 18.04, 14.45, 11.38, 8.62, 5.41, 6.13, 5.12, 4.45, 4.92, 5.47, 7.84, 10.84, 12.75, 15.94, 17.49, 20.84, 23.72, 26.88, 28.84, 27.41, 25.18, 21.55, 19.75, 18.99, 16.08, 13.08, 10.04, 6.76, 3.81, 0.00, 3.78, 5.81, 9.02, 11.70, 14.96, 15.59, 19.20, 21.99, 23.40, 25.81, 28.72, 30.20, 28.74, 27.12, 27.76, 25.30, 21.86, 22.56, 19.09, 15.95, 16.81, 14.98, 16.11, 16.88
 29.86, 29.24, 26.89, 25.61, 23.12, 21.82, 19.45, 15.69, 14.20, 13.98, 10.37, 9.64, 11.03, 13.44, 14.31, 17.86, 19.89, 23.15, 21.78, 19.27, 16.74, 12.98, 10.60, 7.36, 5.66, 5.96, 7.15, 7.26, 8.68, 8.87, 10.78, 13.10, 14.32, 16.97, 17.85, 21.42, 23.84, 27.02, 29.07, 28.13, 25.83, 22.23, 20.02, 19.81, 17.44, 14.20, 11.80, 8.04, 5.95, 3.78, 0.00, 3.79, 6.95, 10.32, 13.79, 15.23, 18.58, 20.86, 21.94, 24.53, 27.19, 29.08, 27.77, 26.63, 27.21, 24.67, 21.52, 22.67, 19.48, 16.74, 18.33, 17.16, 18.54, 19.79
 29.16, 28.23, 25.59, 24.44, 21.78, 21.01, 18.80, 15.17, 14.60, 14.92, 11.75, 9.83, 10.69, 12.10, 12.47, 15.73, 17.67, 20.63, 18.89, 16.25, 13.96, 10.21, 8.29, 6.04, 5.64, 7.83, 9.33, 10.08, 10.33, 9.04, 10.35, 11.65, 12.62, 14.73, 15.57, 19.30, 21.55, 24.95, 26.68, 25.91, 23.31, 19.65, 17.07, 16.87, 14.89, 11.44, 9.62, 5.95, 5.46, 5.81, 3.79, 0.00, 3.78, 6.72, 10.35, 12.12, 15.48, 17.77, 19.20, 22.09, 24.55, 26.37, 24.77, 23.71, 24.65, 22.45, 19.40, 21.03, 18.11, 15.32, 16.99, 16.15, 17.18, 19.09
 29.23, 28.35, 25.36, 23.94, 20.90, 20.32, 17.90, 14.57, 14.71, 14.90, 12.37, 9.48, 9.13, 9.48, 9.14, 12.23, 13.99, 16.87, 15.13, 12.51, 10.34, 6.60, 5.56, 4.42, 6.38, 8.93, 11.27, 12.97, 13.16, 11.50, 11.69, 11.95, 11.83, 13.06, 13.16, 16.92, 18.72, 22.10, 23.82, 23.45, 20.85, 17.35, 14.55, 15.04, 13.79, 10.65, 10.12, 7.08, 8.37, 9.02, 6.95, 3.78, 0.00, 3.79, 7.06, 9.28, 12.25, 14.20, 15.49, 18.46, 20.81, 22.74, 21.21, 20.40, 21.30, 19.15, 16.36, 18.39, 15.89, 13.54, 15.77, 15.76, 17.04, 19.45
 28.32, 27.13, 23.94, 22.74, 19.67, 19.74, 17.72, 14.79, 15.84, 16.65, 14.66, 11.35, 10.85, 9.97, 9.26, 11.37, 13.08, 15.39, 13.20, 10.22, 8.43, 5.32, 5.46, 6.76, 8.86, 12.03, 13.96, 15.75, 15.17, 12.71, 12.29, 11.40, 10.93, 11.27, 11.39, 15.12, 16.73, 20.32, 21.53, 21.29, 18.35, 14.86, 11.64, 12.11, 11.51, 8.50, 9.16, 7.39, 9.93, 11.70, 10.32, 6.72, 3.79, 0.00, 3.78, 6.44, 9.36, 11.48, 13.48, 16.73, 18.85, 20.48, 18.49, 17.65, 19.08, 17.48, 14.84, 17.32, 15.25, 12.92, 14.93, 15.23, 15.99, 18.94
 27.86, 26.71, 23.26, 21.89, 18.60, 19.04, 17.11, 14.81, 16.62, 17.53, 16.29, 12.63, 11.47, 9.35, 8.15, 9.02, 10.66, 12.50, 10.31, 6.95, 5.39, 3.86, 5.78, 8.67, 11.30, 14.44, 16.48, 18.73, 18.00, 15.37, 14.15, 12.38, 10.89, 9.94, 9.24, 12.70, 13.73, 17.32, 18.28, 18.42, 15.43, 12.23, 8.80, 10.14, 10.66, 8.69, 10.73, 10.03, 13.14, 14.96, 13.79, 10.35, 7.06, 3.78, 0.00, 3.79, 5.77, 7.76, 10.11, 13.44, 15.44, 16.87, 14.73, 13.96, 15.56, 14.31, 12.01, 14.94, 13.55, 11.81, 14.01, 15.13, 15.90, 19.22
 24.44, 23.40, 19.84, 18.34, 14.99, 15.66, 14.02, 12.20, 14.67, 16.08, 15.51, 11.87, 11.11, 8.72, 8.74, 8.83, 11.39, 13.23, 11.78, 8.00, 5.48, 5.25, 5.76, 9.41, 11.50, 14.79, 16.32, 18.87, 17.71, 14.96, 12.88, 10.39, 8.15, 6.39, 5.72, 9.14, 10.62, 14.34, 15.23, 14.94, 11.93, 8.56, 5.37, 6.95, 7.68, 6.86, 9.70, 10.05, 13.64, 15.59, 15.23, 12.12, 9.28, 6.44, 3.79, 0.00, 3.78, 7.24, 9.98, 12.65, 15.15, 15.80, 13.59, 11.91, 13.47, 12.32, 9.55, 12.14, 10.71, 8.83, 10.66, 12.12, 12.89, 16.33
 25.86, 24.93, 21.21, 19.54, 16.08, 17.01, 15.42, 14.36, 17.17, 18.33, 18.27, 14.57, 13.10, 9.90, 9.15, 7.66, 9.65, 10.63, 9.44, 5.82, 4.40, 6.67, 8.53, 12.25, 14.80, 17.80, 19.61, 22.38, 21.37, 18.69, 16.44, 13.73, 11.01, 8.24, 6.16, 8.44, 8.54, 12.09, 12.65, 13.18, 10.27, 7.76, 4.70, 7.84, 9.97, 10.13, 13.32, 13.83, 17.39, 19.20, 18.58, 15.48, 12.25, 9.36, 5.77, 3.78, 0.00, 3.78, 6.94, 9.51, 11.73, 12.14, 9.81, 8.34, 10.12, 9.53, 7.64, 10.92, 10.74, 10.11, 12.15, 14.42, 15.25, 18.76
 29.13, 28.31, 24.56, 22.75, 19.23, 20.07, 18.27, 17.44, 20.11, 20.79, 20.83, 17.09, 14.93, 11.36, 9.53, 7.04, 7.57, 7.41, 6.28, 3.47, 4.61, 8.06, 10.95, 14.40, 17.45, 20.11, 22.37, 25.24, 24.57, 22.06, 19.96, 17.43, 14.64, 11.85, 9.18, 10.71, 9.46, 12.32, 12.80, 14.35, 11.89, 10.38, 7.89, 11.24, 13.70, 13.80, 16.90, 17.04, 20.43, 21.99, 20.86, 17.77, 14.20, 11.48, 7.76, 7.24, 3.78, 0.00, 3.78, 6.84, 8.29, 9.21, 7.04, 7.01, 8.66, 8.47, 8.09, 11.84, 12.59, 12.89, 15.31, 17.91, 18.94, 22.39
 31.20, 30.76, 27.02, 24.81, 21.15, 21.50, 19.25, 18.58, 20.96, 21.01, 21.30, 17.66, 14.86, 11.14, 8.77, 5.49, 4.69, 4.00, 4.76, 3.88, 5.41, 9.04, 12.14, 15.16, 18.54, 20.63, 23.29, 26.40, 26.22, 24.11, 22.01, 19.83, 16.80, 14.21, 10.95, 12.10, 10.16, 12.19, 13.34, 15.44, 13.78, 12.80, 10.98, 14.56, 16.75, 16.80, 19.60, 19.26, 22.39, 23.40, 21.94, 19.20, 15.49, 13.48, 10.11, 9.98, 6.94, 3.78, 0.00, 3.79, 5.42, 7.46, 6.92, 7.93, 8.03, 7.08, 7.81, 11.47, 12.75, 13.91, 16.86, 19.79, 21.37, 24.58
 31.29, 31.23, 27.51, 24.99, 21.34, 21.52, 19.25, 19.24, 21.71, 21.56, 22.46, 19.05, 16.11, 12.38, 10.62, 6.86, 6.24, 5.22, 7.80, 7.64, 8.33, 11.91, 14.49, 17.41, 20.67, 22.44, 25.04, 28.40, 28.30, 26.40, 23.98, 21.75, 18.37, 15.60, 11.97, 12.07, 9.29, 10.16, 11.63, 14.24, 13.50, 13.41, 12.63, 16.40, 18.64, 19.25, 22.09, 21.91, 25.04, 25.81, 24.53, 22.09, 18.46, 16.73, 13.44, 12.65, 9.51, 6.84, 3.79, 0.00, 3.78, 5.14, 6.46, 7.46, 5.86, 4.65, 7.04, 10.09, 12.34, 14.46, 17.36, 20.71, 22.58, 25.55
 34.45, 34.21, 30.45, 28.13, 24.57, 25.02, 22.92, 22.89, 25.39, 25.24, 25.97, 22.48, 19.47, 15.75, 13.47, 9.92, 8.06, 5.13, 7.49, 8.81, 10.81, 14.41, 17.44, 20.34, 23.75, 25.59, 28.32, 31.57, 31.47, 29.42, 27.17, 24.84, 21.60, 18.69, 15.23, 15.29, 12.27, 12.84, 13.53, 16.62, 15.80, 16.04, 15.00, 18.69, 21.31, 21.82, 24.82, 24.65, 27.80, 28.72, 27.19, 24.55, 20.81, 18.85, 15.44, 15.15, 11.73, 8.29, 5.42, 3.78, 0.00, 3.79, 5.67, 8.42, 7.51, 7.87, 10.64, 13.67, 16.07, 18.07, 20.85, 24.14, 25.75, 28.88
 32.77, 32.55, 28.82, 26.56, 23.19, 23.99, 22.34, 22.86, 25.73, 25.97, 27.06, 23.63, 20.95, 17.19, 15.57, 11.83, 10.98, 8.63, 10.53, 10.95, 12.42, 16.19, 18.82, 22.04, 25.17, 27.22, 29.61, 32.91, 32.47, 30.26, 27.67, 24.99, 21.60, 18.32, 14.96, 14.16, 10.69, 10.63, 10.60, 14.04, 13.60, 14.65, 14.31, 17.94, 20.87, 22.02, 25.29, 25.65, 29.03, 30.20, 29.08, 26.37, 22.74, 20.48, 16.87, 15.80, 12.14, 9.21, 7.46, 5.14, 3.79, 0.00, 3.78, 6.15, 4.98, 6.97, 10.24, 12.85, 15.78, 17.98, 20.25, 23.69, 25.08, 28.18
 31.30, 30.67, 26.91, 25.03, 21.76, 23.02, 21.70, 21.97, 25.05, 25.75, 26.53, 22.94, 20.63, 16.87, 15.29, 11.82, 11.40, 9.25, 9.77, 9.49, 11.16, 14.88, 17.53, 21.01, 23.99, 26.47, 28.65, 31.73, 30.95, 28.42, 25.91, 22.99, 19.84, 16.41, 13.49, 13.00, 9.95, 10.94, 10.16, 13.18, 11.83, 12.54, 11.72, 15.13, 18.34, 19.50, 22.96, 23.64, 27.16, 28.74, 27.77, 24.77, 21.21, 18.49, 14.73, 13.59, 9.81, 7.04, 6.92, 6.46, 5.67, 3.78, 0.00, 3.79, 5.32, 7.91, 10.13, 13.20, 15.63, 17.12, 19.07, 22.23, 23.13, 26.48
 27.56, 26.97, 23.22, 21.33, 18.14, 19.57, 18.58, 19.15, 22.48, 23.54, 24.55, 21.09, 19.23, 15.61, 14.86, 11.56, 12.35, 11.27, 11.75, 10.22, 10.67, 14.19, 16.15, 19.80, 22.38, 25.00, 26.78, 29.88, 28.83, 26.24, 23.45, 20.34, 17.08, 13.47, 10.73, 9.67, 6.71, 8.08, 6.95, 9.58, 8.04, 9.03, 8.92, 12.29, 15.49, 17.18, 20.71, 21.79, 25.43, 27.12, 26.63, 23.71, 20.40, 17.65, 13.96, 11.91, 8.34, 7.01, 7.93, 7.46, 8.42, 6.15, 3.79, 0.00, 3.78, 6.62, 8.00, 10.69, 13.05, 14.41, 15.89, 19.08, 19.87, 23.14
 27.89, 27.81, 24.12, 21.73, 18.40, 19.25, 17.88, 18.81, 21.95, 22.57, 24.01, 20.75, 18.57, 14.95, 14.40, 10.81, 11.62, 10.79, 12.44, 11.28, 11.27, 14.84, 16.63, 20.02, 22.68, 24.84, 26.77, 30.13, 29.41, 27.21, 24.26, 21.42, 17.87, 14.46, 11.18, 9.60, 5.92, 5.83, 6.04, 9.21, 9.04, 10.41, 11.02, 14.58, 17.30, 19.01, 22.28, 23.04, 26.53, 27.76, 27.21, 24.65, 21.30, 19.08, 15.56, 13.47, 10.12, 8.66, 8.03, 5.86, 7.51, 4.98, 5.32, 3.78, 0.00, 3.78, 6.56, 8.65, 11.74, 14.02, 15.86, 19.41, 20.82, 23.75
 27.31, 27.52, 23.87, 21.13, 17.56, 17.70, 15.69, 16.40, 19.20, 19.40, 20.92, 17.76, 15.34, 11.80, 11.49, 7.99, 9.36, 9.62, 11.77, 10.35, 9.47, 12.74, 14.26, 17.34, 20.04, 21.84, 23.93, 27.43, 27.05, 25.20, 22.30, 19.87, 16.20, 13.26, 9.58, 8.50, 5.35, 5.65, 7.89, 10.13, 10.10, 10.55, 11.03, 14.69, 16.73, 18.08, 20.96, 21.25, 24.51, 25.30, 24.67, 22.45, 19.15, 17.48, 14.31, 12.32, 9.53, 8.47, 7.08, 4.65, 7.87, 6.97, 7.91, 6.62, 3.78, 0.00, 3.79, 5.96, 8.96, 11.64, 14.11, 17.73, 19.72, 22.43
 24.49, 24.65, 21.02, 18.25, 14.54, 14.48, 12.30, 12.71, 15.58, 16.04, 17.47, 14.30, 12.27, 8.89, 9.46, 6.73, 9.49, 10.94, 12.36, 9.90, 7.73, 10.34, 11.12, 14.24, 16.63, 18.56, 20.41, 23.88, 23.37, 21.53, 18.56, 16.19, 12.50, 9.77, 6.03, 5.52, 3.93, 6.09, 8.68, 9.52, 8.87, 8.20, 8.64, 12.07, 13.55, 14.81, 17.49, 17.81, 21.04, 21.86, 21.52, 19.40, 16.36, 14.84, 12.01, 9.55, 7.64, 8.09, 7.81, 7.04, 10.64, 10.24, 10.13, 8.00, 6.56, 3.79, 0.00, 3.78, 5.61, 7.89, 10.53, 14.07, 16.22, 18.89
 22.42, 23.11, 19.68, 16.49, 12.91, 12.30, 10.09, 11.42, 14.26, 14.70, 16.87, 14.28, 12.69, 10.04, 11.68, 9.58, 12.55, 14.25, 16.00, 13.59, 11.07, 13.03, 12.88, 15.56, 17.37, 18.90, 20.34, 23.93, 23.43, 21.95, 18.67, 16.49, 12.72, 10.41, 7.24, 5.43, 4.74, 5.23, 8.69, 8.63, 9.24, 9.13, 10.78, 13.63, 14.53, 16.23, 18.56, 19.02, 22.05, 22.56, 22.67, 21.03, 18.39, 17.32, 14.94, 12.14, 10.92, 11.84, 11.47, 10.09, 13.67, 12.85, 13.20, 10.69, 8.65, 5.96, 3.78, 0.00, 3.79, 7.24, 9.36, 13.10, 15.66, 17.73
 20.69, 21.35, 18.02, 14.82, 11.14, 9.91, 7.06, 7.76, 10.52, 11.16, 13.24, 10.75, 9.73, 7.78, 10.43, 9.57, 13.14, 15.58, 16.80, 13.91, 10.64, 11.51, 10.37, 12.68, 14.00, 15.50, 16.68, 20.25, 19.73, 18.42, 15.15, 13.30, 9.63, 8.19, 5.67, 5.33, 6.96, 8.62, 11.62, 10.65, 10.49, 9.11, 10.35, 12.56, 12.50, 13.83, 15.64, 15.91, 18.73, 19.09, 19.48, 18.11, 15.89, 15.25, 13.55, 10.71, 10.74, 12.59, 12.75, 12.34, 16.07, 15.78, 15.63, 13.05, 11.74, 8.96, 5.61, 3.79, 0.00, 3.79, 6.45, 9.96, 12.93, 14.82
 19.04, 19.30, 15.98, 13.16, 9.49, 8.38, 5.64, 4.89, 8.09, 9.66, 11.07, 8.44, 8.52, 7.32, 10.40, 10.54, 14.31, 16.98, 17.42, 14.06, 10.46, 10.31, 8.22, 10.48, 11.17, 13.19, 13.91, 17.26, 16.35, 14.79, 11.44, 9.52, 5.90, 5.27, 4.32, 5.77, 8.79, 11.36, 13.67, 12.11, 11.00, 8.47, 9.12, 10.41, 9.46, 10.50, 11.98, 12.43, 15.29, 15.95, 16.74, 15.32, 13.54, 12.92, 11.81, 8.83, 10.11, 12.89, 13.91, 14.46, 18.07, 17.98, 17.12, 14.41, 14.02, 11.64, 7.89, 7.24, 3.79, 0.00, 3.78, 6.72, 9.71, 11.81
 15.32, 15.52, 12.24, 9.43, 5.85, 5.09, 3.89, 4.31, 8.11, 10.84, 12.39, 10.48, 11.61, 10.95, 14.02, 14.09, 17.82, 20.23, 20.45, 16.93, 13.50, 13.30, 10.93, 13.03, 12.83, 15.03, 14.83, 17.77, 16.18, 14.43, 10.72, 8.35, 5.13, 4.90, 6.13, 6.39, 10.07, 12.43, 14.10, 11.62, 10.55, 8.15, 9.67, 9.77, 8.21, 10.17, 11.52, 12.93, 15.76, 16.81, 18.33, 16.99, 15.77, 14.93, 14.01, 10.66, 12.15, 15.31, 16.86, 17.36, 20.85, 20.25, 19.07, 15.89, 15.86, 14.11, 10.53, 9.36, 6.45, 3.78, 0.00, 3.79, 6.57, 8.48
 13.74, 13.65, 10.79, 8.62, 6.10, 5.25, 5.29, 4.25, 7.12, 10.66, 11.59, 10.40, 12.63, 12.89, 16.07, 16.81, 20.53, 23.12, 22.95, 19.28, 15.81, 14.84, 11.86, 13.27, 12.03, 14.28, 13.19, 15.59, 13.47, 11.72, 7.94, 5.90, 4.36, 6.35, 8.98, 9.90, 13.66, 16.14, 17.55, 14.82, 13.46, 10.75, 11.74, 10.69, 7.90, 9.38, 9.66, 11.38, 13.76, 14.98, 17.16, 16.15, 15.76, 15.23, 15.13, 12.12, 14.42, 17.91, 19.79, 20.71, 24.14, 23.69, 22.23, 19.08, 19.41, 17.73, 14.07, 13.10, 9.96, 6.72, 3.79, 0.00, 3.78, 5.12
 12.40, 11.34, 8.44, 7.58, 6.16, 7.23, 8.70, 7.99, 10.50, 14.17, 14.59, 13.35, 15.68, 15.71, 18.49, 19.10, 22.67, 24.94, 24.33, 20.57, 17.43, 16.50, 13.76, 15.40, 14.01, 16.71, 15.30, 17.06, 14.27, 11.88, 8.41, 5.63, 5.67, 7.17, 10.64, 11.45, 15.18, 17.84, 18.52, 15.57, 13.73, 10.99, 11.84, 9.65, 6.51, 8.49, 8.87, 11.65, 14.13, 16.11, 18.54, 17.18, 17.04, 15.99, 15.90, 12.89, 15.25, 18.94, 21.37, 22.58, 25.75, 25.08, 23.13, 19.87, 20.82, 19.72, 16.22, 15.66, 12.93, 9.71, 6.57, 3.78, 0.00, 3.79
 10.13, 9.67, 7.78, 6.96, 6.96, 6.92, 8.99, 8.68, 10.23, 13.99, 14.69, 14.40, 17.22, 17.87, 21.02, 21.86, 25.55, 28.04, 27.65, 23.91, 20.59, 19.46, 16.37, 17.39, 15.39, 17.48, 15.42, 16.87, 14.04, 12.42, 9.19, 7.83, 8.49, 10.54, 13.70, 14.18, 17.92, 20.16, 21.07, 17.86, 16.60, 14.26, 15.47, 13.41, 10.27, 11.85, 11.34, 13.71, 15.42, 16.88, 19.79, 19.09, 19.45, 18.94, 19.22, 16.33, 18.76, 22.39, 24.58, 25.55, 28.88, 28.18, 26.48, 23.14, 23.75, 22.43, 18.89, 17.73, 14.82, 11.81, 8.48, 5.12, 3.79, 0.00
