 0.00, 3.79, 6.65, 8.67, 11.61, 14.93, 16.16, 19.44, 20.18, 23.74, 25.98, 29.07, 31.47, 34.35, 37.32, 39.97, 42.53, 40.18, 39.64, 36.17, 34.09, 30.78, 28.52, 25.05, 22.38, 20.17, 17.05, 13.37, 13.21, 14.00, 16.22, 18.14, 18.50, 19.99, 22.23, 23.47, 24.61, 26.09, 28.12, 29.28, 30.46, 32.80, 34.58, 35.47, 38.58, 40.27, 38.57, 37.92, 34.95, 32.22, 30.20, 27.24, 26.23, 22.68, 22.77, 21.14, 17.79, 17.80, 18.90, 22.50, 24.01, 27.60, 29.12, 32.70, 35.09, 37.93, 41.59
 3.79, 0.00, 3.81, 6.26, 9.32, 12.18, 13.03, 16.08, 16.56, 20.15, 22.28, 25.44, 27.75, 30.68, 33.61, 36.30, 38.86, 36.57, 35.97, 32.51, 30.40, 27.15, 24.86, 21.46, 18.77, 16.81, 13.80, 10.04, 9.49, 10.28, 12.68, 14.47, 14.71, 16.32, 18.55, 19.69, 20.86, 22.41, 24.38, 25.50, 26.76, 29.10, 30.81, 31.76, 34.88, 36.51, 34.82, 34.24, 31.34, 28.59, 26.69, 23.74, 22.89, 19.35, 19.62, 18.20, 14.95, 14.47, 15.49, 19.03, 20.40, 24.04, 25.45, 29.07, 31.41, 34.32, 37.96
 6.65, 3.81, 0.00, 3.79, 5.82, 8.81, 9.54, 12.82, 13.84, 17.41, 19.94, 23.09, 25.66, 28.72, 31.80, 34.72, 37.01, 34.54, 33.70, 30.12, 27.87, 24.44, 22.16, 18.60, 16.12, 13.87, 11.15, 7.69, 7.38, 9.51, 11.61, 12.53, 13.23, 15.47, 17.12, 17.94, 19.72, 21.36, 22.79, 24.05, 25.75, 27.81, 29.34, 30.67, 33.79, 35.11, 33.42, 33.24, 30.59, 27.67, 25.93, 22.76, 21.78, 18.10, 17.87, 16.00, 13.22, 12.79, 12.99, 16.70, 18.54, 22.23, 23.90, 27.62, 30.10, 33.24, 36.86
 8.67, 6.26, 3.79, 0.00, 3.80, 6.46, 8.58, 12.11, 13.77, 17.47, 20.07, 23.47, 25.87, 29.21, 32.13, 35.25, 37.47, 35.13, 33.91, 30.24, 27.61, 24.12, 21.42, 17.73, 14.86, 12.04, 8.85, 5.65, 7.29, 9.53, 10.35, 11.41, 13.16, 15.05, 16.04, 17.41, 19.57, 20.61, 21.90, 23.72, 25.32, 26.95, 28.78, 30.42, 33.28, 34.65, 33.33, 33.38, 31.00, 28.30, 27.03, 24.04, 23.51, 19.94, 19.86, 18.02, 15.75, 14.74, 14.20, 17.79, 19.51, 23.28, 24.64, 28.43, 30.63, 33.94, 37.43
 11.61, 9.32, 5.82, 3.80, 0.00, 3.79, 6.01, 9.79, 12.26, 15.67, 18.72, 21.94, 24.64, 28.01, 31.08, 34.38, 36.27, 33.72, 32.29, 28.54, 25.84, 22.18, 19.62, 15.82, 13.41, 10.26, 7.86, 5.97, 7.72, 10.98, 11.48, 11.31, 13.37, 15.86, 16.19, 17.04, 19.74, 20.93, 21.57, 23.40, 25.48, 26.83, 28.35, 30.34, 33.21, 34.18, 32.82, 33.27, 31.16, 28.30, 27.12, 23.96, 23.21, 19.62, 18.95, 16.66, 15.04, 14.31, 12.88, 16.43, 18.67, 22.32, 24.00, 27.80, 30.16, 33.63, 37.07
 14.93, 12.18, 8.81, 6.46, 3.79, 0.00, 3.81, 7.11, 10.03, 13.29, 16.29, 19.60, 22.13, 25.66, 28.58, 32.03, 33.79, 31.35, 29.62, 25.85, 22.90, 19.26, 16.45, 12.65, 10.15, 6.70, 4.75, 4.80, 7.20, 10.46, 9.98, 8.97, 11.69, 14.12, 13.66, 14.49, 17.59, 18.48, 18.69, 20.80, 23.00, 23.96, 25.48, 27.76, 30.45, 31.29, 30.14, 30.88, 29.09, 26.36, 25.61, 22.63, 22.26, 18.93, 18.41, 16.41, 15.47, 14.08, 11.95, 15.04, 17.08, 20.63, 22.05, 25.82, 27.95, 31.55, 34.84
 16.16, 13.03, 9.54, 8.58, 6.01, 3.81, 0.00, 3.79, 6.66, 9.81, 13.02, 16.15, 18.93, 22.32, 25.43, 28.84, 30.53, 27.93, 26.36, 22.59, 19.87, 16.19, 13.76, 9.98, 8.16, 5.65, 5.48, 5.88, 6.16, 9.75, 9.96, 7.84, 9.73, 12.87, 12.49, 12.35, 15.51, 17.02, 16.91, 18.50, 21.09, 22.26, 23.31, 25.55, 28.46, 29.03, 27.55, 28.35, 26.55, 23.59, 22.66, 19.51, 18.90, 15.60, 14.83, 12.83, 12.34, 10.92, 8.33, 11.34, 13.65, 17.11, 18.83, 22.58, 24.95, 28.55, 31.90
 19.44, 16.08, 12.82, 12.11, 9.79, 7.11, 3.79, 0.00, 3.80, 6.29, 9.60, 12.64, 15.41, 18.85, 21.93, 25.43, 26.96, 24.36, 22.66, 18.87, 16.11, 12.41, 10.08, 6.35, 5.44, 4.50, 6.62, 8.26, 7.73, 10.62, 10.53, 7.28, 8.71, 11.97, 10.98, 9.95, 13.38, 15.05, 14.29, 15.65, 18.61, 19.58, 20.24, 22.67, 25.57, 25.83, 24.30, 25.36, 23.85, 20.88, 20.22, 17.19, 16.79, 13.91, 13.17, 11.64, 12.12, 10.22, 6.92, 8.87, 11.03, 14.21, 15.85, 19.50, 21.83, 25.51, 28.74
 20.18, 16.56, 13.84, 13.77, 12.26, 10.03, 6.66, 3.80, 0.00, 3.80, 6.48, 9.78, 12.40, 15.77, 18.86, 22.21, 24.02, 21.53, 20.17, 16.48, 14.05, 10.62, 8.62, 5.56, 5.13, 6.49, 8.42, 9.49, 7.59, 9.48, 9.91, 6.46, 6.23, 9.70, 9.19, 7.22, 10.26, 12.56, 11.94, 12.64, 15.68, 17.12, 17.52, 19.60, 22.75, 23.06, 21.24, 22.04, 20.33, 17.24, 16.44, 13.40, 13.18, 10.51, 10.36, 9.81, 10.41, 7.73, 4.77, 5.87, 7.36, 10.71, 12.23, 15.95, 18.35, 21.97, 25.30
 23.74, 20.15, 17.41, 17.47, 15.67, 13.29, 9.81, 6.29, 3.80, 0.00, 3.79, 6.37, 9.40, 12.65, 15.90, 19.35, 20.80, 18.13, 16.66, 12.93, 10.66, 7.19, 6.20, 4.48, 6.56, 8.95, 11.70, 13.22, 11.35, 12.92, 13.22, 9.61, 8.91, 11.93, 10.94, 7.94, 10.73, 13.21, 11.68, 11.68, 15.22, 16.39, 16.01, 18.27, 21.40, 21.14, 19.10, 20.32, 19.03, 15.85, 15.27, 12.37, 12.10, 10.22, 9.70, 9.62, 11.48, 9.17, 6.10, 4.75, 6.09, 8.42, 10.20, 13.61, 16.16, 19.82, 23.00
 25.98, 22.28, 19.94, 20.07, 18.72, 16.29, 13.02, 9.60, 6.48, 3.79, 0.00, 3.80, 5.93, 9.37, 12.41, 15.84, 17.56, 15.22, 13.88, 10.32, 8.28, 5.70, 5.32, 5.81, 7.91, 11.22, 13.87, 15.39, 13.30, 13.88, 14.03, 10.65, 9.15, 11.29, 10.27, 6.59, 8.48, 11.12, 9.29, 8.42, 12.11, 13.39, 12.58, 14.66, 17.88, 17.56, 15.38, 16.55, 15.38, 12.27, 12.12, 9.75, 10.37, 9.59, 10.14, 11.39, 13.23, 10.46, 8.49, 5.94, 4.73, 6.07, 6.81, 10.14, 12.43, 16.14, 19.28
 29.07, 25.44, 23.09, 23.47, 21.94, 19.60, 16.15, 12.64, 9.78, 6.37, 3.80, 0.00, 3.79, 6.38, 9.87, 13.24, 14.51, 11.79, 10.64, 7.16, 6.22, 4.77, 6.85, 8.61, 11.42, 14.67, 17.51, 19.03, 16.79, 17.42, 17.78, 14.45, 12.74, 14.75, 13.82, 10.06, 11.21, 13.86, 11.68, 9.90, 13.60, 14.71, 12.91, 14.80, 17.96, 16.93, 14.31, 15.81, 15.07, 11.91, 11.76, 9.72, 9.99, 10.26, 10.35, 11.98, 14.57, 12.42, 10.70, 7.25, 6.02, 4.82, 6.01, 8.30, 10.94, 14.46, 17.42
 31.47, 27.75, 25.66, 25.87, 24.64, 22.13, 18.93, 15.41, 12.40, 9.40, 5.93, 3.79, 0.00, 3.80, 6.52, 10.09, 11.69, 9.69, 8.47, 5.49, 5.04, 5.83, 7.78, 10.51, 12.99, 16.61, 19.39, 21.05, 18.92, 18.90, 18.91, 15.84, 14.01, 15.11, 13.99, 10.35, 10.59, 12.75, 10.30, 7.80, 11.22, 12.08, 9.67, 11.42, 14.45, 13.22, 10.54, 12.26, 12.00, 9.34, 10.23, 9.44, 10.91, 12.14, 13.12, 15.31, 17.59, 15.08, 13.82, 10.48, 8.13, 6.22, 4.93, 6.04, 7.71, 11.33, 14.05
 34.35, 30.68, 28.72, 29.21, 28.01, 25.66, 22.32, 18.85, 15.77, 12.65, 9.37, 6.38, 3.80, 0.00, 3.80, 6.90, 8.32, 6.16, 6.05, 4.61, 6.69, 8.71, 11.34, 14.17, 16.76, 20.34, 23.08, 24.57, 22.19, 22.06, 22.35, 19.41, 17.27, 18.26, 17.47, 13.86, 13.49, 15.70, 13.46, 10.43, 13.24, 14.16, 11.07, 11.99, 14.83, 13.03, 9.79, 11.45, 11.60, 9.18, 10.01, 9.98, 11.26, 13.44, 14.35, 16.93, 19.43, 17.30, 16.46, 12.83, 10.43, 7.32, 6.01, 4.63, 6.23, 9.13, 11.57
 37.32, 33.61, 31.80, 32.13, 31.08, 28.58, 25.43, 21.93, 18.86, 15.90, 12.41, 9.87, 6.52, 3.80, 0.00, 3.81, 5.60, 5.32, 5.40, 6.03, 8.31, 11.24, 13.58, 16.78, 19.18, 22.90, 25.61, 27.24, 25.02, 24.52, 24.50, 21.77, 19.69, 20.06, 19.11, 15.81, 14.93, 16.49, 14.20, 11.03, 13.02, 13.44, 9.83, 10.26, 12.47, 10.14, 6.85, 8.95, 10.18, 8.98, 10.90, 12.08, 14.02, 16.57, 17.88, 20.62, 22.95, 20.62, 19.93, 16.40, 13.68, 10.73, 8.47, 5.91, 4.99, 7.04, 8.53
 39.97, 36.30, 34.72, 35.25, 34.38, 32.03, 28.84, 25.43, 22.21, 19.35, 15.84, 13.24, 10.09, 6.90, 3.81, 0.00, 3.80, 5.49, 7.36, 9.29, 12.01, 14.99, 17.36, 20.48, 22.76, 26.48, 29.04, 30.46, 28.05, 27.29, 27.47, 24.98, 22.62, 22.77, 22.15, 18.97, 17.56, 19.11, 17.21, 13.80, 15.08, 15.70, 12.05, 11.39, 13.16, 10.76, 7.38, 8.60, 10.15, 9.75, 11.58, 13.53, 15.47, 18.55, 20.05, 23.09, 25.32, 23.14, 22.88, 19.30, 16.42, 13.19, 10.87, 7.40, 5.67, 5.30, 5.64
 42.53, 38.86, 37.01, 37.47, 36.27, 33.79, 30.53, 26.96, 24.02, 20.80, 17.56, 14.51, 11.69, 8.32, 5.60, 3.80, 0.00, 3.79, 5.73, 8.94, 12.20, 15.56, 18.42, 21.78, 24.48, 28.14, 31.01, 32.69, 30.40, 30.00, 30.08, 27.30, 25.21, 25.64, 24.70, 21.40, 20.48, 21.96, 19.62, 16.52, 18.12, 18.22, 14.43, 14.38, 15.67, 12.63, 9.90, 11.88, 13.85, 13.42, 15.07, 16.59, 18.04, 20.97, 21.92, 24.65, 27.27, 25.37, 24.73, 21.03, 18.62, 15.24, 13.54, 10.37, 9.25, 9.03, 8.49
 40.18, 36.57, 34.54, 35.13, 33.72, 31.35, 27.93, 24.36, 21.53, 18.13, 15.22, 11.79, 9.69, 6.16, 5.32, 5.49, 3.79, 0.00, 3.80, 6.46, 10.16, 13.14, 16.38, 19.53, 22.48, 26.00, 28.96, 30.57, 28.21, 28.19, 28.49, 25.50, 23.42, 24.38, 23.49, 19.94, 19.48, 21.41, 18.98, 15.97, 18.26, 18.64, 15.01, 15.50, 17.42, 14.64, 11.62, 13.62, 14.85, 13.43, 14.39, 15.05, 15.88, 18.55, 19.00, 21.49, 24.36, 22.75, 21.92, 18.16, 16.18, 12.69, 11.82, 9.16, 9.48, 10.31, 11.03
 39.64, 35.97, 33.70, 33.91, 32.29, 29.62, 26.36, 22.66, 20.17, 16.66, 13.88, 10.64, 8.47, 6.05, 5.40, 7.36, 5.73, 3.80, 0.00, 3.80, 7.22, 10.64, 13.87, 17.32, 20.44, 23.94, 27.13, 29.14, 27.17, 27.35, 27.22, 24.03, 22.45, 23.42, 21.98, 18.54, 18.62, 20.15, 17.24, 14.77, 17.33, 17.07, 13.54, 14.91, 16.57, 13.58, 11.18, 13.99, 15.56, 14.20, 15.65, 16.00, 17.04, 19.15, 19.46, 21.54, 24.49, 22.66, 21.27, 17.66, 15.92, 12.94, 12.02, 10.22, 10.34, 12.08, 12.81
 36.17, 32.51, 30.12, 30.24, 28.54, 25.85, 22.59, 18.87, 16.48, 12.93, 10.32, 7.16, 5.49, 4.61, 6.03, 9.29, 8.94, 6.46, 3.80, 0.00, 3.80, 6.89, 10.25, 13.59, 16.79, 20.22, 23.46, 25.50, 23.62, 24.02, 23.86, 20.53, 19.14, 20.38, 18.84, 15.33, 15.91, 17.61, 14.61, 12.47, 15.57, 15.48, 12.38, 14.33, 16.49, 14.06, 11.66, 14.36, 15.29, 13.31, 14.48, 14.11, 15.01, 16.53, 16.68, 18.48, 21.41, 19.48, 17.79, 14.30, 12.83, 10.31, 9.81, 9.21, 10.16, 12.89, 14.51
 34.09, 30.40, 27.87, 27.61, 25.84, 22.90, 19.87, 16.11, 14.05, 10.66, 8.28, 6.22, 5.04, 6.69, 8.31, 12.01, 12.20, 10.16, 7.22, 3.80, 0.00, 3.80, 6.75, 10.34, 13.57, 16.97, 20.33, 22.69, 21.21, 21.75, 21.17, 17.73, 16.88, 18.11, 16.08, 12.79, 14.02, 15.34, 12.02, 10.73, 14.09, 13.61, 11.15, 13.90, 16.02, 14.02, 12.25, 15.06, 15.81, 13.82, 15.18, 14.44, 15.55, 16.34, 16.53, 17.90, 20.61, 18.37, 16.22, 13.16, 11.94, 10.49, 9.96, 10.60, 11.46, 14.77, 16.62
 30.78, 27.15, 24.44, 24.12, 22.18, 19.26, 16.19, 12.41, 10.62, 7.19, 5.70, 4.77, 5.83, 8.71, 11.24, 14.99, 15.56, 13.14, 10.64, 6.89, 3.80, 0.00, 3.80, 6.87, 10.38, 13.56, 17.00, 19.36, 17.98, 18.95, 18.43, 14.80, 14.26, 16.04, 14.00, 10.72, 12.79, 14.38, 11.29, 10.70, 14.41, 14.31, 12.69, 15.57, 18.04, 16.67, 14.92, 17.27, 17.33, 14.84, 15.60, 14.01, 14.67, 14.58, 14.40, 15.20, 17.82, 15.62, 13.04, 10.37, 9.93, 9.55, 9.93, 11.80, 13.40, 17.01, 19.38
 28.52, 24.86, 22.16, 21.42, 19.62, 16.45, 13.76, 10.08, 8.62, 6.20, 5.32, 6.85, 7.78, 11.34, 13.58, 17.36, 18.42, 16.38, 13.87, 10.25, 6.75, 3.80, 0.00, 3.82, 6.96, 10.28, 13.71, 16.36, 15.46, 16.36, 15.32, 11.69, 11.82, 13.39, 10.87, 8.10, 10.88, 11.93, 8.89, 9.51, 13.06, 12.80, 12.20, 15.35, 17.75, 17.05, 15.81, 17.91, 17.69, 15.36, 16.26, 14.59, 15.59, 14.88, 15.08, 15.60, 17.59, 14.95, 12.21, 10.44, 10.04, 10.92, 10.94, 13.49, 14.79, 18.56, 21.07
 25.05, 21.46, 18.60, 17.73, 15.82, 12.65, 9.98, 6.35, 5.56, 4.48, 5.81, 8.61, 10.51, 14.17, 16.78, 20.48, 21.78, 19.53, 17.32, 13.59, 10.34, 6.87, 3.82, 0.00, 3.79, 6.69, 10.18, 12.82, 12.15, 13.58, 12.60, 8.82, 9.60, 11.80, 9.48, 7.29, 10.83, 12.05, 9.88, 11.16, 14.50, 14.72, 14.87, 17.78, 20.37, 20.17, 18.90, 20.55, 19.77, 17.18, 17.50, 15.23, 15.79, 14.18, 14.11, 13.94, 15.46, 12.87, 9.78, 9.16, 9.70, 11.77, 12.44, 15.63, 17.35, 21.14, 23.97
 22.38, 18.77, 16.12, 14.86, 13.41, 10.15, 8.16, 5.44, 5.13, 6.56, 7.91, 11.42, 12.99, 16.76, 19.18, 22.76, 24.48, 22.48, 20.44, 16.79, 13.57, 10.38, 6.96, 3.79, 0.00, 3.79, 6.80, 9.57, 9.42, 10.62, 9.09, 5.41, 7.28, 9.20, 6.78, 6.00, 9.79, 10.52, 9.32, 11.43, 14.13, 14.58, 15.64, 18.32, 20.87, 21.34, 20.33, 21.52, 20.36, 17.95, 18.19, 15.94, 16.75, 14.70, 15.13, 14.88, 15.48, 12.55, 9.90, 10.42, 10.77, 13.60, 13.94, 17.39, 18.91, 22.65, 25.59
 20.17, 16.81, 13.87, 12.04, 10.26, 6.70, 5.65, 4.50, 6.49, 8.95, 11.22, 14.67, 16.61, 20.34, 22.90, 26.48, 28.14, 26.00, 23.94, 20.22, 16.97, 13.56, 10.28, 6.69, 3.79, 0.00, 3.79, 7.14, 8.24, 10.31, 8.61, 5.62, 8.69, 10.78, 8.85, 9.19, 12.81, 13.32, 12.67, 15.04, 17.46, 17.90, 19.27, 21.91, 24.38, 24.99, 24.09, 25.21, 23.91, 21.45, 21.43, 18.93, 19.34, 16.76, 16.79, 15.79, 15.92, 13.44, 10.69, 12.32, 13.46, 16.62, 17.36, 20.93, 22.60, 26.32, 29.33
 17.05, 13.80, 11.15, 8.85, 7.86, 4.75, 5.48, 6.62, 8.42, 11.70, 13.87, 17.51, 19.39, 23.08, 25.61, 29.04, 31.01, 28.96, 27.13, 23.46, 20.33, 17.00, 13.71, 10.18, 6.80, 3.79, 0.00, 3.79, 6.26, 8.25, 6.39, 5.04, 8.56, 10.27, 9.22, 10.65, 13.73, 14.08, 14.40, 16.87, 18.76, 19.55, 21.39, 23.67, 26.17, 27.24, 26.37, 27.06, 25.38, 23.00, 22.73, 20.20, 20.58, 17.69, 18.00, 16.91, 16.17, 13.75, 11.74, 14.12, 15.19, 18.70, 19.37, 23.06, 24.72, 28.31, 31.45
 13.37, 10.04, 7.69, 5.65, 5.97, 4.80, 5.88, 8.26, 9.49, 13.22, 15.39, 19.03, 21.05, 24.57, 27.24, 30.46, 32.69, 30.57, 29.14, 25.50, 22.69, 19.36, 16.36, 12.82, 9.57, 7.14, 3.79, 0.00, 3.83, 6.04, 5.55, 5.92, 8.41, 10.21, 10.56, 12.07, 14.51, 15.29, 16.35, 18.40, 20.05, 21.44, 23.32, 25.14, 27.88, 29.20, 28.07, 28.30, 26.18, 23.66, 22.88, 20.17, 20.26, 17.05, 17.46, 16.30, 14.73, 12.56, 11.43, 14.43, 15.57, 19.31, 20.18, 23.96, 25.83, 29.25, 32.60
 13.21, 9.49, 7.38, 7.29, 7.72, 7.20, 6.16, 7.73, 7.59, 11.35, 13.30, 16.79, 18.92, 22.19, 25.02, 28.05, 30.40, 28.21, 27.17, 23.62, 21.21, 17.98, 15.46, 12.15, 9.42, 8.24, 6.26, 3.83, 0.00, 3.80, 5.59, 5.39, 6.03, 8.64, 9.95, 10.58, 12.57, 14.21, 15.43, 16.75, 18.56, 20.50, 21.99, 23.46, 26.53, 27.79, 26.23, 26.22, 23.83, 21.04, 19.83, 16.92, 16.75, 13.44, 14.00, 13.15, 11.32, 8.92, 8.45, 11.51, 12.54, 16.34, 17.42, 21.20, 23.35, 26.64, 30.14
 14.00, 10.28, 9.51, 9.53, 10.98, 10.46, 9.75, 10.62, 9.48, 12.92, 13.88, 17.42, 18.90, 22.06, 24.52, 27.29, 30.00, 28.19, 27.35, 24.02, 21.75, 18.95, 16.36, 13.58, 10.62, 10.31, 8.25, 6.04, 3.80, 0.00, 3.81, 5.47, 4.95, 6.07, 8.50, 9.78, 10.75, 12.15, 14.21, 15.42, 16.55, 18.82, 20.64, 21.65, 24.66, 26.35, 24.91, 24.46, 21.82, 19.36, 18.26, 15.80, 16.25, 13.37, 14.92, 14.96, 12.91, 9.95, 10.46, 12.84, 12.77, 16.42, 16.80, 20.42, 22.18, 25.24, 28.70
 16.22, 12.68, 11.61, 10.35, 11.48, 9.98, 9.96, 10.53, 9.91, 13.22, 14.03, 17.78, 18.91, 22.35, 24.50, 27.47, 30.08, 28.49, 27.22, 23.86, 21.17, 18.43, 15.32, 12.60, 9.09, 8.61, 6.39, 5.55, 5.59, 3.81, 0.00, 3.81, 5.50, 5.31, 6.31, 8.82, 10.29, 10.54, 12.48, 14.55, 15.45, 17.09, 19.37, 20.77, 23.39, 25.18, 24.25, 24.09, 21.85, 19.78, 19.40, 17.35, 18.36, 15.82, 17.39, 17.44, 15.94, 12.78, 12.41, 14.42, 14.14, 17.67, 17.55, 21.11, 22.41, 25.62, 28.84
 18.14, 14.47, 12.53, 11.41, 11.31, 8.97, 7.84, 7.28, 6.46, 9.61, 10.65, 14.45, 15.84, 19.41, 21.77, 24.98, 27.30, 25.50, 24.03, 20.53, 17.73, 14.80, 11.69, 8.82, 5.41, 5.62, 5.04, 5.92, 5.39, 5.47, 3.81, 0.00, 3.80, 5.43, 4.94, 6.21, 8.84, 9.64, 10.49, 12.50, 14.25, 15.63, 17.41, 19.26, 22.01, 23.29, 22.19, 22.50, 20.57, 18.21, 17.94, 15.64, 16.51, 14.00, 15.17, 15.11, 14.36, 11.12, 9.85, 11.49, 11.47, 14.95, 15.11, 18.76, 20.28, 23.74, 26.95
 18.50, 14.71, 13.23, 13.16, 13.37, 11.69, 9.73, 8.71, 6.23, 8.91, 9.15, 12.74, 14.01, 17.27, 19.69, 22.62, 25.21, 23.42, 22.45, 19.14, 16.88, 14.26, 11.82, 9.60, 7.28, 8.69, 8.56, 8.41, 6.03, 4.95, 5.50, 3.80, 0.00, 3.80, 5.34, 5.08, 6.55, 8.65, 9.97, 10.86, 12.62, 14.81, 16.17, 17.46, 20.60, 21.91, 20.34, 20.23, 17.90, 15.28, 14.56, 12.14, 13.04, 10.66, 12.43, 13.11, 12.23, 8.60, 8.33, 9.45, 8.68, 12.19, 12.28, 15.95, 17.68, 20.97, 24.37
 19.99, 16.32, 15.47, 15.05, 15.86, 14.12, 12.87, 11.97, 9.70, 11.93, 11.29, 14.75, 15.11, 18.26, 20.06, 22.77, 25.64, 24.38, 23.42, 20.38, 18.11, 16.04, 13.39, 11.80, 9.20, 10.78, 10.27, 10.21, 8.64, 6.07, 5.31, 5.43, 3.80, 0.00, 3.80, 5.42, 5.29, 6.13, 8.69, 9.94, 10.58, 12.86, 14.90, 15.83, 18.68, 20.56, 19.42, 18.95, 16.58, 14.62, 14.47, 12.93, 14.71, 13.02, 15.44, 16.61, 15.60, 11.90, 12.05, 12.73, 11.12, 14.12, 13.21, 16.50, 17.48, 20.53, 23.72
 22.23, 18.55, 17.12, 16.04, 16.19, 13.66, 12.49, 10.98, 9.19, 10.94, 10.27, 13.82, 13.99, 17.47, 19.11, 22.15, 24.70, 23.49, 21.98, 18.84, 16.08, 14.00, 10.87, 9.48, 6.78, 8.85, 9.22, 10.56, 9.95, 8.50, 6.31, 4.94, 5.34, 3.80, 0.00, 3.81, 5.45, 4.86, 6.18, 8.66, 9.72, 10.94, 13.17, 14.91, 17.40, 19.00, 18.30, 18.51, 16.82, 15.09, 15.68, 14.33, 16.28, 14.79, 16.78, 17.70, 17.36, 13.70, 12.80, 13.14, 11.70, 14.45, 13.37, 16.58, 17.26, 20.59, 23.51
 23.47, 19.69, 17.94, 17.41, 17.04, 14.49, 12.35, 9.95, 7.22, 7.94, 6.59, 10.06, 10.35, 13.86, 15.81, 18.97, 21.40, 19.94, 18.54, 15.33, 12.79, 10.72, 8.10, 7.29, 6.00, 9.19, 10.65, 12.07, 10.58, 9.78, 8.82, 6.21, 5.08, 5.42, 3.81, 0.00, 3.80, 5.41, 5.18, 6.38, 8.75, 10.30, 11.45, 13.32, 16.27, 17.28, 16.00, 16.45, 14.82, 12.55, 12.98, 11.35, 13.19, 11.99, 13.85, 15.08, 15.36, 11.73, 10.62, 10.06, 8.29, 10.79, 9.84, 13.19, 14.28, 17.81, 20.88
 24.61, 20.86, 19.72, 19.57, 19.74, 17.59, 15.51, 13.38, 10.26, 10.73, 8.48, 11.21, 10.59, 13.49, 14.93, 17.56, 20.48, 19.48, 18.62, 15.91, 14.02, 12.79, 10.88, 10.83, 9.79, 12.81, 13.73, 14.51, 12.57, 10.75, 10.29, 8.84, 6.55, 5.29, 5.45, 3.80, 0.00, 3.81, 5.28, 4.91, 6.18, 8.91, 10.11, 10.96, 14.15, 15.67, 14.22, 13.90, 11.76, 9.74, 10.30, 9.44, 12.08, 11.65, 14.38, 16.39, 16.39, 12.64, 12.59, 11.64, 8.83, 10.70, 8.77, 11.69, 12.30, 15.45, 18.57
 26.09, 22.41, 21.36, 20.61, 20.93, 18.48, 17.02, 15.05, 12.56, 13.21, 11.12, 13.86, 12.75, 15.70, 16.49, 19.11, 21.96, 21.41, 20.15, 17.61, 15.34, 14.38, 11.93, 12.05, 10.52, 13.32, 14.08, 15.29, 14.21, 12.15, 10.54, 9.64, 8.65, 6.13, 4.86, 5.41, 3.81, 0.00, 3.80, 5.48, 5.08, 6.79, 9.32, 10.46, 12.86, 14.89, 14.38, 14.20, 12.64, 11.67, 13.11, 12.93, 15.81, 15.44, 18.08, 19.87, 19.81, 16.03, 15.66, 14.98, 12.42, 14.14, 11.86, 14.28, 14.03, 17.01, 19.63
 28.12, 24.38, 22.79, 21.90, 21.57, 18.69, 16.91, 14.29, 11.94, 11.68, 9.29, 11.68, 10.30, 13.46, 14.20, 17.21, 19.62, 18.98, 17.24, 14.61, 12.02, 11.29, 8.89, 9.88, 9.32, 12.67, 14.40, 16.35, 15.43, 14.21, 12.48, 10.49, 9.97, 8.69, 6.18, 5.18, 5.28, 3.80, 0.00, 3.81, 5.27, 5.35, 7.14, 9.53, 11.80, 12.99, 12.57, 13.38, 12.65, 11.57, 13.47, 13.23, 15.97, 15.82, 17.95, 19.60, 20.23, 16.62, 15.51, 14.28, 11.90, 13.12, 10.86, 13.11, 12.80, 16.13, 18.53
 29.28, 25.50, 24.05, 23.72, 23.40, 20.80, 18.50, 15.65, 12.64, 11.68, 8.42, 9.90, 7.80, 10.43, 11.03, 13.80, 16.52, 15.97, 14.77, 12.47, 10.73, 10.70, 9.51, 11.16, 11.43, 15.04, 16.87, 18.40, 16.75, 15.42, 14.55, 12.50, 10.86, 9.94, 8.66, 6.38, 4.91, 5.48, 3.81, 0.00, 3.81, 5.47, 5.42, 7.05, 10.17, 11.06, 9.73, 10.24, 9.26, 7.85, 9.95, 10.19, 13.26, 13.88, 16.29, 18.55, 19.42, 15.92, 15.28, 13.32, 10.25, 10.59, 7.67, 9.48, 9.07, 12.41, 15.04
 30.46, 26.76, 25.75, 25.32, 25.48, 23.00, 21.09, 18.61, 15.68, 15.22, 12.11, 13.60, 11.22, 13.24, 13.02, 15.08, 18.12, 18.26, 17.33, 15.57, 14.09, 14.41, 13.06, 14.50, 14.13, 17.46, 18.76, 20.05, 18.56, 16.55, 15.45, 14.25, 12.62, 10.58, 9.72, 8.75, 6.18, 5.08, 5.27, 3.81, 0.00, 3.81, 5.31, 5.42, 8.12, 10.26, 9.67, 9.23, 8.11, 8.13, 10.77, 11.95, 15.45, 16.29, 19.16, 21.61, 22.06, 18.43, 18.27, 16.60, 13.34, 13.70, 10.41, 11.54, 10.15, 12.70, 14.92
 32.80, 29.10, 27.81, 26.95, 26.83, 23.96, 22.26, 19.58, 17.12, 16.39, 13.39, 14.71, 12.08, 14.16, 13.44, 15.70, 18.22, 18.64, 17.07, 15.48, 13.61, 14.31, 12.80, 14.72, 14.58, 17.90, 19.55, 21.44, 20.50, 18.82, 17.09, 15.63, 14.81, 12.86, 10.94, 10.30, 8.91, 6.79, 5.35, 5.47, 3.81, 0.00, 3.81, 5.67, 6.79, 8.65, 9.34, 10.02, 10.31, 10.90, 13.96, 15.12, 18.47, 19.26, 21.75, 23.92, 24.69, 21.08, 20.34, 18.62, 15.70, 15.91, 12.73, 13.57, 11.74, 14.26, 15.79
 34.58, 30.81, 29.34, 28.78, 28.35, 25.48, 23.31, 20.24, 17.52, 16.01, 12.58, 12.91, 9.67, 11.07, 9.83, 12.05, 14.43, 15.01, 13.54, 12.38, 11.15, 12.69, 12.20, 14.87, 15.64, 19.27, 21.39, 23.32, 21.99, 20.64, 19.37, 17.41, 16.17, 14.90, 13.17, 11.45, 10.11, 9.32, 7.14, 5.42, 5.31, 3.81, 0.00, 3.82, 5.55, 5.88, 5.85, 7.44, 8.56, 9.09, 12.48, 13.92, 17.20, 18.55, 20.84, 23.24, 24.49, 21.12, 20.32, 17.98, 14.92, 14.25, 10.91, 10.94, 8.73, 11.27, 12.62
 35.47, 31.76, 30.67, 30.42, 30.34, 27.76, 25.55, 22.67, 19.60, 18.27, 14.66, 14.80, 11.42, 11.99, 10.26, 11.39, 14.38, 15.50, 14.91, 14.33, 13.90, 15.57, 15.35, 17.78, 18.32, 21.91, 23.67, 25.14, 23.46, 21.65, 20.77, 19.26, 17.46, 15.83, 14.91, 13.32, 10.96, 10.46, 9.53, 7.05, 5.42, 5.67, 3.82, 0.00, 3.80, 5.46, 4.85, 4.37, 5.40, 7.26, 10.98, 13.34, 16.93, 18.79, 21.53, 24.36, 25.35, 21.99, 21.83, 19.42, 15.96, 15.00, 11.28, 10.57, 7.60, 9.14, 10.34
 38.58, 34.88, 33.79, 33.28, 33.21, 30.45, 28.46, 25.57, 22.75, 21.40, 17.88, 17.96, 14.45, 14.83, 12.47, 13.16, 15.67, 17.42, 16.57, 16.49, 16.02, 18.04, 17.75, 20.37, 20.87, 24.38, 26.17, 27.88, 26.53, 24.66, 23.39, 22.01, 20.60, 18.68, 17.40, 16.27, 14.15, 12.86, 11.80, 10.17, 8.12, 6.79, 5.55, 3.80, 0.00, 3.80, 5.86, 5.98, 8.27, 10.86, 14.62, 17.13, 20.71, 22.58, 25.25, 28.00, 29.05, 25.64, 25.31, 22.95, 19.60, 18.61, 14.94, 13.96, 10.65, 11.44, 11.44
 40.27, 36.51, 35.11, 34.65, 34.18, 31.29, 29.03, 25.83, 23.06, 21.14, 17.56, 16.93, 13.22, 13.03, 10.14, 10.76, 12.63, 14.64, 13.58, 14.06, 14.02, 16.67, 17.05, 20.17, 21.34, 24.99, 27.24, 29.20, 27.79, 26.35, 25.18, 23.29, 21.91, 20.56, 19.00, 17.28, 15.67, 14.89, 12.99, 11.06, 10.26, 8.65, 5.88, 5.46, 3.80, 0.00, 3.81, 6.07, 9.37, 11.44, 15.17, 17.53, 20.81, 22.90, 25.17, 27.86, 29.38, 26.20, 25.55, 22.82, 19.64, 18.11, 14.65, 13.15, 9.78, 10.53, 9.97
 38.57, 34.82, 33.42, 33.33, 32.82, 30.14, 27.55, 24.30, 21.24, 19.10, 15.38, 14.31, 10.54, 9.79, 6.85, 7.38, 9.90, 11.62, 11.18, 11.66, 12.25, 14.92, 15.81, 18.90, 20.33, 24.09, 26.37, 28.07, 26.23, 24.91, 24.25, 22.19, 20.34, 19.42, 18.30, 16.00, 14.22, 14.38, 12.57, 9.73, 9.67, 9.34, 5.85, 4.85, 5.86, 3.81, 0.00, 3.79, 6.91, 8.35, 11.92, 14.33, 17.46, 19.84, 22.07, 24.96, 26.58, 23.59, 23.16, 20.18, 16.90, 14.95, 11.50, 9.53, 6.06, 6.99, 7.16
 37.92, 34.24, 33.24, 33.38, 33.27, 30.88, 28.35, 25.36, 22.04, 20.32, 16.55, 15.81, 12.26, 11.45, 8.95, 8.60, 11.88, 13.62, 13.99, 14.36, 15.06, 17.27, 17.91, 20.55, 21.52, 25.21, 27.06, 28.30, 26.22, 24.46, 24.09, 22.50, 20.23, 18.95, 18.51, 16.45, 13.90, 14.20, 13.38, 10.24, 9.23, 10.02, 7.44, 4.37, 5.98, 6.07, 3.79, 0.00, 3.79, 6.60, 10.20, 13.30, 16.72, 19.33, 22.04, 25.23, 26.43, 23.38, 23.56, 20.74, 17.15, 15.33, 11.64, 9.55, 5.86, 5.57, 6.12
 34.95, 31.34, 30.59, 31.00, 31.16, 29.09, 26.55, 23.85, 20.33, 19.03, 15.38, 15.07, 12.00, 11.60, 10.18, 10.15, 13.85, 14.85, 15.56, 15.29, 15.81, 17.33, 17.69, 19.77, 20.36, 23.91, 25.38, 26.18, 23.83, 21.82, 21.85, 20.57, 17.90, 16.58, 16.82, 14.82, 11.76, 12.64, 12.65, 9.26, 8.11, 10.31, 8.56, 5.40, 8.27, 9.37, 6.91, 3.79, 0.00, 3.79, 7.12, 10.47, 14.07, 16.62, 19.69, 23.03, 23.82, 20.76, 21.42, 18.84, 15.09, 13.61, 9.92, 8.38, 5.59, 5.76, 7.96
 32.22, 28.59, 27.67, 28.30, 28.30, 26.36, 23.59, 20.88, 17.24, 15.85, 12.27, 11.91, 9.34, 9.18, 8.98, 9.75, 13.42, 13.43, 14.20, 13.31, 13.82, 14.84, 15.36, 17.18, 17.95, 21.45, 23.00, 23.66, 21.04, 19.36, 19.78, 18.21, 15.28, 14.62, 15.09, 12.55, 9.74, 11.67, 11.57, 7.85, 8.13, 10.90, 9.09, 7.26, 10.86, 11.44, 8.35, 6.60, 3.79, 0.00, 3.79, 6.79, 10.36, 12.92, 15.91, 19.27, 20.16, 17.21, 17.91, 15.22, 11.47, 9.92, 6.33, 5.30, 4.20, 6.06, 9.47
 30.20, 26.69, 25.93, 27.03, 27.12, 25.61, 22.66, 20.22, 16.44, 15.27, 12.12, 11.76, 10.23, 10.01, 10.90, 11.58, 15.07, 14.39, 15.65, 14.48, 15.18, 15.60, 16.26, 17.50, 18.19, 21.43, 22.73, 22.88, 19.83, 18.26, 19.40, 17.94, 14.56, 14.47, 15.68, 12.98, 10.30, 13.11, 13.47, 9.95, 10.77, 13.96, 12.48, 10.98, 14.62, 15.17, 11.92, 10.20, 7.12, 3.79, 0.00, 3.79, 7.14, 10.03, 13.20, 16.80, 17.45, 14.83, 16.13, 13.54, 9.88, 8.36, 5.77, 5.47, 6.64, 8.08, 11.80
 27.24, 23.74, 22.76, 24.04, 23.96, 22.63, 19.51, 17.19, 13.40, 12.37, 9.75, 9.72, 9.44, 9.98, 12.08, 13.53, 16.59, 15.05, 16.00, 14.11, 14.44, 14.01, 14.59, 15.23, 15.94, 18.93, 20.20, 20.17, 16.92, 15.80, 17.35, 15.64, 12.14, 12.93, 14.33, 11.35, 9.44, 12.93, 13.23, 10.19, 11.95, 15.12, 13.92, 13.34, 17.13, 17.53, 14.33, 13.30, 10.47, 6.79, 3.79, 0.00, 3.78, 6.28, 9.47, 13.04, 13.70, 11.15, 12.52, 10.01, 6.52, 5.56, 4.52, 6.28, 8.94, 11.16, 14.94
 26.23, 22.89, 21.78, 23.51, 23.21, 22.26, 18.90, 16.79, 13.18, 12.10, 10.37, 9.99, 10.91, 11.26, 14.02, 15.47, 18.04, 15.88, 17.04, 15.01, 15.55, 14.67, 15.59, 15.79, 16.75, 19.34, 20.58, 20.26, 16.75, 16.25, 18.36, 16.51, 13.04, 14.71, 16.28, 13.19, 12.08, 15.81, 15.97, 13.26, 15.45, 18.47, 17.20, 16.93, 20.71, 20.81, 17.46, 16.72, 14.07, 10.36, 7.14, 3.78, 0.00, 3.80, 6.39, 10.18, 11.03, 9.33, 11.04, 8.53, 6.14, 5.19, 6.64, 8.42, 11.78, 13.84, 17.56
 22.68, 19.35, 18.10, 19.94, 19.62, 18.93, 15.60, 13.91, 10.51, 10.22, 9.59, 10.26, 12.14, 13.44, 16.57, 18.55, 20.97, 18.55, 19.15, 16.53, 16.34, 14.58, 14.88, 14.18, 14.70, 16.76, 17.69, 17.05, 13.44, 13.37, 15.82, 14.00, 10.66, 13.02, 14.79, 11.99, 11.65, 15.44, 15.82, 13.88, 16.29, 19.26, 18.55, 18.79, 22.58, 22.90, 19.84, 19.33, 16.62, 12.92, 10.03, 6.28, 3.80, 0.00, 3.81, 7.20, 7.47, 5.55, 7.67, 6.06, 4.87, 6.25, 8.50, 11.30, 14.62, 17.12, 20.87
 22.77, 19.62, 17.87, 19.86, 18.95, 18.41, 14.83, 13.17, 10.36, 9.70, 10.14, 10.35, 13.12, 14.35, 17.88, 20.05, 21.92, 19.00, 19.46, 16.68, 16.53, 14.40, 15.08, 14.11, 15.13, 16.79, 18.00, 17.46, 14.00, 14.92, 17.39, 15.17, 12.43, 15.44, 16.78, 13.85, 14.38, 18.08, 17.95, 16.29, 19.16, 21.75, 20.84, 21.53, 25.25, 25.17, 22.07, 22.04, 19.69, 15.91, 13.20, 9.47, 6.39, 3.81, 0.00, 3.81, 5.53, 5.36, 6.52, 4.96, 6.14, 7.27, 10.59, 13.27, 16.89, 19.50, 23.13
 21.14, 18.20, 16.00, 18.02, 16.66, 16.41, 12.83, 11.64, 9.81, 9.62, 11.39, 11.98, 15.31, 16.93, 20.62, 23.09, 24.65, 21.49, 21.54, 18.48, 17.90, 15.20, 15.60, 13.94, 14.88, 15.79, 16.91, 16.30, 13.15, 14.96, 17.44, 15.11, 13.11, 16.61, 17.70, 15.08, 16.39, 19.87, 19.60, 18.55, 21.61, 23.92, 23.24, 24.36, 28.00, 27.86, 24.96, 25.23, 23.03, 19.27, 16.80, 13.04, 10.18, 7.20, 3.81, 0.00, 3.82, 5.39, 5.33, 5.48, 8.43, 10.17, 13.63, 16.53, 20.11, 22.94, 26.52
 17.79, 14.95, 13.22, 15.75, 15.04, 15.47, 12.34, 12.12, 10.41, 11.48, 13.23, 14.57, 17.59, 19.43, 22.95, 25.32, 27.27, 24.36, 24.49, 21.41, 20.61, 17.82, 17.59, 15.46, 15.48, 15.92, 16.17, 14.73, 11.32, 12.91, 15.94, 14.36, 12.23, 15.60, 17.36, 15.36, 16.39, 19.81, 20.23, 19.42, 22.06, 24.69, 24.49, 25.35, 29.05, 29.38, 26.58, 26.43, 23.82, 20.16, 17.45, 13.70, 11.03, 7.47, 5.53, 3.82, 0.00, 3.79, 5.71, 7.50, 9.79, 12.23, 15.20, 18.30, 21.71, 24.45, 28.16
 17.80, 14.47, 12.79, 14.74, 14.31, 14.08, 10.92, 10.22, 7.73, 9.17, 10.46, 12.42, 15.08, 17.30, 20.62, 23.14, 25.37, 22.75, 22.66, 19.48, 18.37, 15.62, 14.95, 12.87, 12.55, 13.44, 13.75, 12.56, 8.92, 9.95, 12.78, 11.12, 8.60, 11.90, 13.70, 11.73, 12.64, 16.03, 16.62, 15.92, 18.43, 21.08, 21.12, 21.99, 25.64, 26.20, 23.59, 23.38, 20.76, 17.21, 14.83, 11.15, 9.33, 5.55, 5.36, 5.39, 3.79, 0.00, 3.80, 5.57, 7.01, 10.14, 12.52, 15.94, 19.06, 21.97, 25.70
 18.90, 15.49, 12.99, 14.20, 12.88, 11.95, 8.33, 6.92, 4.77, 6.10, 8.49, 10.70, 13.82, 16.46, 19.93, 22.88, 24.73, 21.92, 21.27, 17.79, 16.22, 13.04, 12.21, 9.78, 9.90, 10.69, 11.74, 11.43, 8.45, 10.46, 12.41, 9.85, 8.33, 12.05, 12.80, 10.62, 12.59, 15.66, 15.51, 15.28, 18.27, 20.34, 20.32, 21.83, 25.31, 25.55, 23.16, 23.56, 21.42, 17.91, 16.13, 12.52, 11.04, 7.67, 6.52, 5.33, 5.71, 3.80, 0.00, 3.79, 6.68, 9.95, 12.52, 16.10, 19.16, 22.44, 26.02
 22.50, 19.03, 16.70, 17.79, 16.43, 15.04, 11.34, 8.87, 5.87, 4.75, 5.94, 7.25, 10.48, 12.83, 16.40, 19.30, 21.03, 18.16, 17.66, 14.30, 13.16, 10.37, 10.44, 9.16, 10.42, 12.32, 14.12, 14.43, 11.51, 12.84, 14.42, 11.49, 9.45, 12.73, 13.14, 10.06, 11.64, 14.98, 14.28, 13.32, 16.60, 18.62, 17.98, 19.42, 22.95, 22.82, 20.18, 20.74, 18.84, 15.22, 13.54, 10.01, 8.53, 6.06, 4.96, 5.48, 7.50, 5.57, 3.79, 0.00, 3.79, 6.40, 9.34, 12.72, 15.95, 19.22, 22.72
 24.01, 20.40, 18.54, 19.51, 18.67, 17.08, 13.65, 11.03, 7.36, 6.09, 4.73, 6.02, 8.13, 10.43, 13.68, 16.42, 18.62, 16.18, 15.92, 12.83, 11.94, 9.93, 10.04, 9.70, 10.77, 13.46, 15.19, 15.57, 12.54, 12.77, 14.14, 11.47, 8.68, 11.12, 11.70, 8.29, 8.83, 12.42, 11.90, 10.25, 13.34, 15.70, 14.92, 15.96, 19.60, 19.64, 16.90, 17.15, 15.09, 11.47, 9.88, 6.52, 6.14, 4.87, 6.14, 8.43, 9.79, 7.01, 6.68, 3.79, 0.00, 3.79, 5.86, 9.45, 12.52, 15.76, 19.34
 27.60, 24.04, 22.23, 23.28, 22.32, 20.63, 17.11, 14.21, 10.71, 8.42, 6.07, 4.82, 6.22, 7.32, 10.73, 13.19, 15.24, 12.69, 12.94, 10.31, 10.49, 9.55, 10.92, 11.77, 13.60, 16.62, 18.70, 19.31, 16.34, 16.42, 17.67, 14.95, 12.19, 14.12, 14.45, 10.79, 10.70, 14.14, 13.12, 10.59, 13.70, 15.91, 14.25, 15.00, 18.61, 18.11, 14.95, 15.33, 13.61, 9.92, 8.36, 5.56, 5.19, 6.25, 7.27, 10.17, 12.23, 10.14, 9.95, 6.40, 3.79, 0.00, 3.79, 6.47, 10.00, 13.03, 16.52
 29.12, 25.45, 23.90, 24.64, 24.00, 22.05, 18.83, 15.85, 12.23, 10.20, 6.81, 6.01, 4.93, 6.01, 8.47, 10.87, 13.54, 11.82, 12.02, 9.81, 9.96, 9.93, 10.94, 12.44, 13.94, 17.36, 19.37, 20.18, 17.42, 16.80, 17.55, 15.11, 12.28, 13.21, 13.37, 9.84, 8.77, 11.86, 10.86, 7.67, 10.41, 12.73, 10.91, 11.28, 14.94, 14.65, 11.50, 11.64, 9.92, 6.33, 5.77, 4.52, 6.64, 8.50, 10.59, 13.63, 15.20, 12.52, 12.52, 9.34, 5.86, 3.79, 0.00, 3.81, 6.67, 9.97, 13.50
 32.70, 29.07, 27.62, 28.43, 27.80, 25.82, 22.58, 19.50, 15.95, 13.61, 10.14, 8.30, 6.04, 4.63, 5.91, 7.40, 10.37, 9.16, 10.22, 9.21, 10.60, 11.80, 13.49, 15.63, 17.39, 20.93, 23.06, 23.96, 21.20, 20.42, 21.11, 18.76, 15.95, 16.50, 16.58, 13.19, 11.69, 14.28, 13.11, 9.48, 11.54, 13.57, 10.94, 10.57, 13.96, 13.15, 9.53, 9.55, 8.38, 5.30, 5.47, 6.28, 8.42, 11.30, 13.27, 16.53, 18.30, 15.94, 16.10, 12.72, 9.45, 6.47, 3.81, 0.00, 3.80, 6.59, 10.06
 35.09, 31.41, 30.10, 30.63, 30.16, 27.95, 24.95, 21.83, 18.35, 16.16, 12.43, 10.94, 7.71, 6.23, 4.99, 5.67, 9.25, 9.48, 10.34, 10.16, 11.46, 13.40, 14.79, 17.35, 18.91, 22.60, 24.72, 25.83, 23.35, 22.18, 22.41, 20.28, 17.68, 17.48, 17.26, 14.28, 12.30, 14.03, 12.80, 9.07, 10.15, 11.74, 8.73, 7.60, 10.65, 9.78, 6.06, 5.86, 5.59, 4.20, 6.64, 8.94, 11.78, 14.62, 16.89, 20.11, 21.71, 19.06, 19.16, 15.95, 12.52, 10.00, 6.67, 3.80, 0.00, 3.80, 6.96
 37.93, 34.32, 33.24, 33.94, 33.63, 31.55, 28.55, 25.51, 21.97, 19.82, 16.14, 14.46, 11.33, 9.13, 7.04, 5.30, 9.03, 10.31, 12.08, 12.89, 14.77, 17.01, 18.56, 21.14, 22.65, 26.32, 28.31, 29.25, 26.64, 25.24, 25.62, 23.74, 20.97, 20.53, 20.59, 17.81, 15.45, 17.01, 16.13, 12.41, 12.70, 14.26, 11.27, 9.14, 11.44, 10.53, 6.99, 5.57, 5.76, 6.06, 8.08, 11.16, 13.84, 17.12, 19.50, 22.94, 24.45, 21.97, 22.44, 19.22, 15.76, 13.03, 9.97, 6.59, 3.80, 0.00, 3.78
 41.59, 37.96, 36.86, 37.43, 37.07, 34.84, 31.90, 28.74, 25.30, 23.00, 19.28, 17.42, 14.05, 11.57, 8.53, 5.64, 8.49, 11.03, 12.81, 14.51, 16.62, 19.38, 21.07, 23.97, 25.59, 29.33, 31.45, 32.60, 30.14, 28.70, 28.84, 26.95, 24.37, 23.72, 23.51, 20.88, 18.57, 19.63, 18.53, 15.04, 14.92, 15.79, 12.62, 10.34, 11.44, 9.97, 7.16, 6.12, 7.96, 9.47, 11.80, 14.94, 17.56, 20.87, 23.13, 26.52, 28.16, 25.70, 26.02, 22.72, 19.34, 16.52, 13.50, 10.06, 6.96, 3.78, 0.00
