 0.00, 3.75, 6.45, 9.33, 12.95, 16.03, 18.80, 21.60, 22.69, 22.66, 24.81, 24.15, 26.99, 26.76, 25.01, 22.28, 20.80, 19.48, 21.43, 19.74, 20.98, 20.25, 17.89, 16.12, 12.33, 10.02, 6.88, 7.15, 8.84, 10.76, 11.14, 13.74, 16.68, 17.76, 17.34, 16.94, 13.44, 13.17, 11.33, 11.96, 13.62, 12.91, 16.62, 18.28, 16.04, 17.39, 15.80, 16.96, 16.71, 16.38, 17.73, 15.16, 17.85, 17.88, 14.54, 13.31, 10.34, 11.00, 13.52
 3.75, 0.00, 3.74, 6.41, 9.95, 13.29, 15.71, 18.81, 20.32, 20.75, 23.31, 23.18, 26.21, 26.51, 25.13, 22.55, 20.48, 18.85, 20.24, 18.10, 18.78, 17.52, 15.01, 13.87, 10.17, 8.74, 6.83, 7.65, 10.61, 12.26, 11.76, 14.71, 17.60, 17.89, 16.71, 16.50, 13.38, 13.78, 11.57, 12.29, 13.05, 12.20, 15.60, 17.89, 16.32, 17.62, 16.37, 17.25, 16.63, 15.46, 16.39, 13.54, 15.65, 15.45, 11.84, 10.06, 6.79, 7.30, 9.89
 6.45, 3.74, 0.00, 3.80, 6.77, 10.21, 13.00, 15.87, 17.11, 17.80, 20.36, 20.56, 23.85, 24.31, 22.97, 20.77, 18.42, 16.27, 17.22, 14.77, 15.26, 14.11, 11.50, 10.17, 6.45, 5.60, 5.07, 7.18, 10.72, 12.83, 12.53, 16.00, 18.32, 18.26, 16.56, 15.75, 12.75, 12.90, 9.97, 10.12, 10.00, 9.04, 12.17, 14.74, 13.68, 15.02, 14.31, 15.38, 15.06, 13.54, 14.83, 12.48, 14.47, 13.40, 9.76, 8.63, 6.12, 5.72, 9.18
 9.33, 6.41, 3.80, 0.00, 3.85, 6.88, 9.49, 12.42, 13.97, 14.66, 17.54, 18.00, 21.24, 22.17, 21.35, 19.16, 16.34, 14.31, 14.92, 12.43, 12.76, 11.31, 9.34, 8.52, 5.63, 5.35, 6.59, 7.56, 11.41, 12.78, 11.74, 15.28, 17.23, 16.45, 14.13, 13.42, 11.06, 12.01, 9.42, 10.36, 9.82, 9.92, 12.31, 14.89, 14.34, 14.86, 14.02, 14.26, 13.26, 11.00, 11.72, 9.36, 10.92, 9.66, 5.98, 5.29, 4.32, 5.27, 9.08
 12.95, 9.95, 6.77, 3.85, 0.00, 3.77, 6.44, 9.26, 10.90, 12.36, 15.47, 16.69, 20.16, 21.54, 21.01, 19.38, 16.17, 13.62, 13.22, 10.16, 9.58, 7.63, 5.58, 5.64, 4.34, 6.30, 9.08, 10.54, 14.27, 15.70, 14.69, 18.26, 19.73, 18.50, 15.68, 14.66, 12.95, 13.85, 11.07, 11.43, 9.64, 9.74, 10.97, 13.94, 14.35, 14.76, 14.66, 14.85, 14.02, 11.19, 11.82, 10.23, 10.88, 8.45, 5.24, 5.49, 6.32, 6.01, 9.35
 16.03, 13.29, 10.21, 6.88, 3.77, 0.00, 3.79, 5.68, 7.28, 8.82, 12.17, 13.81, 17.22, 19.06, 19.04, 17.71, 14.17, 11.68, 10.62, 7.63, 6.83, 4.88, 5.00, 5.45, 6.41, 8.13, 11.38, 12.23, 15.63, 16.62, 15.46, 18.91, 19.74, 18.03, 14.83, 13.56, 12.71, 13.87, 11.57, 12.23, 10.18, 11.29, 11.57, 14.05, 14.95, 14.53, 14.49, 14.01, 12.87, 9.57, 9.85, 9.24, 9.26, 5.91, 4.37, 6.66, 9.09, 9.47, 12.41
 18.80, 15.71, 13.00, 9.49, 6.44, 3.79, 0.00, 3.88, 7.19, 9.39, 13.12, 15.31, 18.39, 20.81, 21.38, 20.14, 16.41, 14.32, 12.76, 10.01, 8.29, 5.21, 6.35, 8.50, 9.87, 11.82, 14.88, 15.42, 18.86, 19.40, 17.69, 20.81, 21.62, 19.37, 15.83, 15.19, 15.09, 16.85, 15.00, 15.96, 13.93, 14.93, 14.92, 17.48, 18.64, 18.08, 18.01, 17.11, 15.48, 11.87, 11.01, 10.31, 8.82, 5.62, 5.40, 6.97, 10.19, 10.73, 12.79
 21.60, 18.81, 15.87, 12.42, 9.26, 5.68, 3.88, 0.00, 3.78, 6.43, 10.06, 12.83, 15.79, 18.57, 19.52, 18.83, 15.05, 12.96, 10.64, 8.31, 6.35, 4.35, 7.55, 9.19, 11.63, 13.45, 16.82, 17.27, 20.33, 20.82, 19.36, 22.42, 22.62, 20.23, 16.67, 15.51, 15.96, 17.46, 15.86, 16.65, 14.39, 15.93, 15.14, 17.15, 18.74, 17.64, 17.85, 16.67, 15.20, 11.68, 10.97, 11.58, 10.07, 6.47, 7.97, 10.52, 13.80, 14.32, 16.52
 22.69, 20.32, 17.11, 13.97, 10.90, 7.28, 7.19, 3.78, 0.00, 3.82, 6.85, 10.06, 13.21, 15.89, 16.79, 16.70, 13.08, 10.67, 7.65, 5.70, 4.07, 4.77, 8.49, 8.91, 11.97, 13.54, 17.05, 17.63, 20.26, 20.99, 20.09, 23.23, 22.96, 20.85, 17.54, 15.65, 16.09, 16.95, 15.33, 15.69, 13.23, 15.18, 13.76, 15.10, 17.01, 15.52, 16.14, 15.02, 14.16, 11.10, 11.29, 12.88, 12.17, 8.49, 10.17, 13.26, 16.25, 16.59, 19.17
 22.66, 20.75, 17.80, 14.66, 12.36, 8.82, 9.39, 6.43, 3.82, 0.00, 3.78, 6.49, 9.52, 12.28, 13.48, 13.32, 9.69, 7.97, 5.32, 5.39, 6.32, 8.03, 11.31, 10.68, 13.15, 13.69, 16.85, 16.74, 18.83, 19.16, 18.40, 21.28, 20.49, 18.39, 15.32, 13.06, 13.98, 14.78, 13.88, 14.72, 12.98, 15.71, 14.62, 15.15, 16.54, 14.29, 14.33, 12.51, 11.39, 8.67, 8.98, 11.52, 11.35, 8.22, 10.58, 14.23, 17.25, 18.22, 21.19
 24.81, 23.31, 20.36, 17.54, 15.47, 12.17, 13.12, 10.06, 6.85, 3.78, 0.00, 3.84, 6.70, 9.42, 10.86, 11.60, 8.54, 7.19, 4.34, 6.54, 8.37, 11.07, 14.23, 12.98, 15.49, 15.64, 18.61, 18.43, 19.90, 20.26, 20.00, 22.70, 21.38, 19.58, 16.95, 14.21, 15.27, 15.45, 14.90, 15.44, 13.91, 16.97, 15.51, 15.12, 16.55, 13.76, 14.00, 12.06, 11.59, 9.93, 10.91, 14.05, 14.37, 11.63, 13.95, 17.69, 20.51, 21.44, 24.58
 24.15, 23.18, 20.56, 18.00, 16.69, 13.81, 15.31, 12.83, 10.06, 6.49, 3.84, 0.00, 3.82, 5.83, 7.32, 7.90, 5.22, 5.26, 4.67, 8.15, 11.07, 13.81, 16.51, 14.59, 16.39, 15.63, 18.03, 17.30, 18.08, 18.16, 18.24, 20.65, 18.89, 17.44, 15.38, 12.25, 13.42, 13.22, 13.42, 14.30, 13.67, 17.18, 16.24, 15.20, 15.87, 12.53, 12.04, 9.50, 9.09, 8.56, 10.07, 13.58, 14.68, 12.63, 14.82, 18.64, 21.19, 22.50, 25.93
 26.99, 26.21, 23.85, 21.24, 20.16, 17.22, 18.39, 15.79, 13.21, 9.52, 6.70, 3.82, 0.00, 3.84, 7.07, 8.00, 6.64, 8.40, 8.46, 11.95, 14.71, 17.31, 20.17, 18.38, 20.06, 19.05, 21.15, 19.96, 20.28, 19.83, 19.86, 21.72, 19.39, 17.86, 16.21, 13.27, 15.15, 15.11, 16.09, 17.32, 17.16, 20.76, 19.92, 18.59, 19.03, 15.45, 14.57, 11.59, 10.85, 10.96, 11.84, 15.59, 16.54, 15.13, 17.71, 21.55, 24.22, 25.85, 29.26
 26.76, 26.51, 24.31, 22.17, 21.54, 19.06, 20.81, 18.57, 15.89, 12.28, 9.42, 5.83, 3.84, 0.00, 3.75, 5.45, 6.07, 8.39, 9.65, 13.36, 16.63, 19.51, 21.94, 19.57, 20.83, 19.30, 20.92, 19.64, 19.27, 18.94, 19.62, 21.32, 18.75, 17.94, 17.00, 13.72, 15.08, 14.24, 15.52, 16.53, 16.93, 20.61, 19.98, 18.02, 17.96, 14.17, 13.07, 10.23, 10.35, 11.71, 13.39, 16.98, 18.65, 17.42, 19.49, 23.24, 25.49, 27.08, 30.69
 25.01, 25.13, 22.97, 21.35, 21.01, 19.04, 21.38, 19.52, 16.79, 13.48, 10.86, 7.32, 7.07, 3.75, 0.00, 3.81, 5.81, 7.44, 9.53, 13.05, 16.63, 19.72, 21.61, 18.72, 19.62, 17.78, 19.07, 18.02, 17.26, 17.44, 18.78, 20.69, 18.32, 18.20, 17.60, 14.01, 14.44, 12.71, 13.72, 14.20, 14.91, 18.52, 18.04, 15.62, 15.17, 11.34, 10.28, 8.06, 9.48, 11.61, 14.18, 17.40, 19.66, 18.27, 19.67, 23.25, 25.01, 26.36, 30.10
 22.28, 22.55, 20.77, 19.16, 19.38, 17.71, 20.14, 18.83, 16.70, 13.32, 11.60, 7.90, 8.00, 5.45, 3.81, 0.00, 3.81, 6.73, 9.89, 13.01, 16.72, 19.31, 20.92, 18.05, 18.33, 16.00, 16.85, 15.21, 14.25, 13.95, 15.19, 16.92, 14.51, 14.52, 14.20, 10.62, 11.02, 9.42, 11.18, 12.50, 13.93, 17.64, 17.90, 15.94, 14.86, 11.16, 8.92, 5.74, 6.33, 9.11, 11.63, 14.59, 17.22, 16.38, 17.58, 21.01, 22.62, 24.34, 28.12
 20.80, 20.48, 18.42, 16.34, 16.17, 14.17, 16.41, 15.05, 13.08, 9.69, 8.54, 5.22, 6.64, 6.07, 5.81, 3.81, 0.00, 3.92, 6.89, 9.81, 13.39, 15.75, 17.56, 15.01, 15.58, 13.67, 15.13, 13.67, 13.69, 13.48, 14.02, 16.25, 14.32, 13.56, 12.29, 8.68, 9.33, 8.58, 9.70, 11.29, 12.05, 15.81, 15.95, 14.67, 14.10, 10.59, 8.65, 5.17, 4.47, 5.90, 8.41, 11.59, 13.91, 12.73, 14.15, 17.73, 19.68, 21.39, 25.08
 19.48, 18.85, 16.27, 14.31, 13.62, 11.68, 14.32, 12.96, 10.67, 7.97, 7.19, 5.26, 8.40, 8.39, 7.44, 6.73, 3.92, 0.00, 3.82, 6.32, 10.08, 12.76, 14.35, 11.54, 12.47, 11.05, 13.14, 12.66, 13.37, 14.13, 14.82, 17.71, 16.51, 15.81, 14.07, 10.55, 10.20, 9.07, 8.52, 9.06, 8.82, 12.50, 12.21, 11.10, 11.08, 7.81, 6.99, 4.97, 5.76, 5.87, 9.08, 11.76, 13.95, 11.84, 12.70, 16.23, 18.03, 19.13, 22.81
 21.43, 20.24, 17.22, 14.92, 13.22, 10.62, 12.76, 10.64, 7.65, 5.32, 4.34, 4.67, 8.46, 9.65, 9.53, 9.89, 6.89, 3.82, 0.00, 3.75, 7.14, 10.29, 12.52, 10.24, 12.31, 12.06, 14.91, 15.07, 16.44, 17.38, 17.67, 20.71, 19.71, 18.53, 16.22, 13.06, 13.06, 12.46, 11.31, 11.31, 9.76, 12.96, 11.71, 11.07, 12.24, 9.50, 9.95, 8.70, 9.17, 7.98, 10.33, 13.01, 14.31, 11.44, 12.66, 16.27, 18.46, 19.14, 22.57
 19.74, 18.10, 14.77, 12.43, 10.16, 7.63, 10.01, 8.31, 5.70, 5.39, 6.54, 8.15, 11.95, 13.36, 13.05, 13.01, 9.81, 6.32, 3.75, 0.00, 3.79, 6.89, 8.81, 6.65, 9.24, 9.92, 13.29, 14.16, 16.28, 17.63, 17.68, 21.07, 20.72, 19.47, 16.82, 14.06, 13.52, 13.18, 11.10, 10.69, 8.19, 10.72, 9.30, 9.84, 11.50, 9.83, 10.78, 10.38, 10.73, 8.67, 10.77, 12.54, 13.53, 10.12, 10.61, 13.87, 15.93, 16.11, 19.37
 20.98, 18.78, 15.26, 12.76, 9.58, 6.83, 8.29, 6.35, 4.07, 6.32, 8.37, 11.07, 14.71, 16.63, 16.63, 16.72, 13.39, 10.08, 7.14, 3.79, 0.00, 3.79, 6.34, 5.73, 9.29, 11.28, 14.95, 16.29, 18.94, 20.37, 20.05, 23.52, 23.52, 21.97, 18.96, 16.69, 16.23, 16.32, 13.94, 13.37, 10.31, 11.79, 9.91, 11.48, 13.75, 12.87, 14.19, 14.05, 14.13, 11.53, 12.83, 14.06, 14.20, 10.41, 10.74, 13.48, 15.70, 15.33, 18.08
 20.25, 17.52, 14.11, 11.31, 7.63, 4.88, 5.21, 4.35, 4.77, 8.03, 11.07, 13.81, 17.31, 19.51, 19.72, 19.31, 15.75, 12.76, 10.29, 6.89, 3.79, 0.00, 3.84, 5.62, 8.78, 11.42, 15.05, 16.43, 19.60, 20.88, 20.01, 23.46, 23.93, 22.11, 18.82, 17.21, 16.74, 17.47, 15.02, 14.85, 11.91, 12.74, 11.51, 13.95, 15.95, 15.55, 16.50, 16.27, 15.73, 12.59, 13.08, 13.43, 12.88, 9.11, 8.97, 11.02, 13.41, 12.87, 15.17
 17.89, 15.01, 11.50, 9.34, 5.58, 5.00, 6.35, 7.55, 8.49, 11.31, 14.23, 16.51, 20.17, 21.94, 21.61, 20.92, 17.56, 14.35, 12.52, 8.81, 6.34, 3.84, 0.00, 3.89, 6.31, 9.72, 13.18, 15.23, 18.65, 20.38, 19.68, 23.29, 24.29, 22.85, 19.78, 18.30, 17.09, 17.57, 14.59, 13.98, 10.91, 10.67, 9.93, 13.14, 14.94, 15.42, 16.50, 16.97, 16.74, 13.83, 14.66, 14.20, 14.10, 10.67, 9.07, 10.02, 11.41, 9.99, 12.19
 16.12, 13.87, 10.17, 8.52, 5.64, 5.45, 8.50, 9.19, 8.91, 10.68, 12.98, 14.59, 18.38, 19.57, 18.72, 18.05, 15.01, 11.54, 10.24, 6.65, 5.73, 5.62, 3.89, 0.00, 3.84, 6.82, 10.45, 12.71, 15.78, 17.87, 17.78, 21.52, 22.32, 21.35, 18.66, 16.63, 14.97, 14.75, 11.49, 10.37, 7.08, 7.18, 6.47, 9.49, 11.08, 11.59, 12.83, 13.73, 14.11, 11.78, 13.55, 13.45, 14.36, 11.02, 9.30, 10.91, 11.86, 10.74, 13.74
 12.33, 10.17, 6.45, 5.63, 4.34, 6.41, 9.87, 11.63, 11.97, 13.15, 15.49, 16.39, 20.06, 20.83, 19.62, 18.33, 15.58, 12.47, 12.31, 9.24, 9.29, 8.78, 6.31, 3.84, 0.00, 3.78, 7.04, 9.72, 13.02, 15.36, 15.39, 19.17, 20.46, 19.90, 17.56, 15.78, 13.43, 13.11, 9.59, 8.55, 6.11, 5.45, 6.91, 9.99, 10.39, 11.46, 12.04, 13.28, 13.60, 11.62, 13.51, 12.60, 14.13, 11.51, 8.76, 9.55, 9.39, 8.26, 11.68
 10.02, 8.74, 5.60, 5.35, 6.30, 8.13, 11.82, 13.45, 13.54, 13.69, 15.64, 15.63, 19.05, 19.30, 17.78, 16.00, 13.67, 11.05, 12.06, 9.92, 11.28, 11.42, 9.72, 6.82, 3.78, 0.00, 3.71, 6.15, 9.26, 11.75, 12.22, 16.01, 17.25, 17.16, 15.33, 13.36, 10.46, 9.71, 6.07, 5.42, 4.63, 5.26, 7.99, 9.91, 9.01, 9.70, 9.32, 10.57, 10.97, 9.72, 12.09, 11.15, 13.60, 11.67, 8.99, 10.11, 9.64, 9.63, 13.40
 6.88, 6.83, 5.07, 6.59, 9.08, 11.38, 14.88, 16.82, 17.05, 16.85, 18.61, 18.03, 21.15, 20.92, 19.07, 16.85, 15.13, 13.14, 14.91, 13.29, 14.95, 15.05, 13.18, 10.45, 7.04, 3.71, 0.00, 3.85, 6.63, 9.62, 10.64, 14.25, 15.92, 16.54, 15.43, 13.72, 10.21, 9.05, 5.78, 5.49, 6.79, 6.92, 10.45, 11.81, 9.83, 10.84, 9.70, 11.21, 11.69, 11.29, 13.64, 12.23, 15.19, 14.06, 11.18, 11.65, 10.22, 10.56, 14.19
 7.15, 7.65, 7.18, 7.56, 10.54, 12.23, 15.42, 17.27, 17.63, 16.74, 18.43, 17.30, 19.96, 19.64, 18.02, 15.21, 13.67, 12.66, 15.07, 14.16, 16.29, 16.43, 15.23, 12.71, 9.72, 6.15, 3.85, 0.00, 3.86, 5.95, 6.82, 10.44, 12.10, 12.87, 12.17, 10.68, 6.97, 6.26, 4.42, 6.53, 8.95, 10.27, 13.48, 14.30, 12.05, 11.99, 9.66, 10.01, 9.58, 9.60, 11.60, 10.04, 13.47, 13.20, 10.78, 11.55, 10.56, 12.16, 15.78
 8.84, 10.61, 10.72, 11.41, 14.27, 15.63, 18.86, 20.33, 20.26, 18.83, 19.90, 18.08, 20.28, 19.27, 17.26, 14.25, 13.69, 13.37, 16.44, 16.28, 18.94, 19.60, 18.65, 15.78, 13.02, 9.26, 6.63, 3.86, 0.00, 3.80, 6.68, 9.51, 10.69, 12.50, 12.88, 11.11, 7.37, 5.35, 5.21, 7.22, 10.67, 12.31, 15.44, 15.38, 12.49, 12.06, 9.08, 9.46, 9.55, 10.95, 13.27, 12.29, 16.02, 16.07, 14.17, 15.22, 14.28, 15.93, 19.48
 10.76, 12.26, 12.83, 12.78, 15.70, 16.62, 19.40, 20.82, 20.99, 19.16, 20.26, 18.16, 19.83, 18.94, 17.44, 13.95, 13.48, 14.13, 17.38, 17.63, 20.37, 20.88, 20.38, 17.87, 15.36, 11.75, 9.62, 5.95, 3.80, 0.00, 3.70, 5.88, 6.94, 9.05, 10.11, 8.93, 5.69, 5.11, 7.12, 10.20, 13.47, 15.53, 18.46, 18.40, 15.72, 14.65, 11.22, 10.28, 9.11, 10.62, 12.12, 11.05, 14.80, 15.68, 14.31, 15.45, 14.95, 17.35, 20.78
 11.14, 11.76, 12.53, 11.74, 14.69, 15.46, 17.69, 19.36, 20.09, 18.40, 20.00, 18.24, 19.86, 19.62, 18.78, 15.19, 14.02, 14.82, 17.67, 17.68, 20.05, 20.01, 19.68, 17.78, 15.39, 12.22, 10.64, 6.82, 6.68, 3.70, 0.00, 3.80, 5.87, 6.72, 7.31, 7.33, 4.83, 6.68, 8.58, 12.11, 14.76, 16.81, 19.63, 20.10, 17.88, 16.73, 13.48, 11.93, 9.65, 10.06, 10.39, 8.56, 12.03, 13.60, 12.36, 13.24, 13.07, 16.06, 19.27
 13.74, 14.71, 16.00, 15.28, 18.26, 18.91, 20.81, 22.42, 23.23, 21.28, 22.70, 20.65, 21.72, 21.32, 20.69, 16.92, 16.25, 17.71, 20.71, 21.07, 23.52, 23.46, 23.29, 21.52, 19.17, 16.01, 14.25, 10.44, 9.51, 5.88, 3.80, 0.00, 3.77, 5.58, 7.84, 8.89, 7.67, 9.49, 12.07, 15.59, 18.43, 20.53, 23.36, 23.65, 21.28, 19.95, 16.47, 14.62, 12.14, 12.94, 12.71, 11.05, 14.09, 16.33, 15.49, 16.19, 16.05, 19.26, 22.20
 16.68, 17.60, 18.32, 17.23, 19.73, 19.74, 21.62, 22.62, 22.96, 20.49, 21.38, 18.89, 19.39, 18.75, 18.32, 14.51, 14.32, 16.51, 19.71, 20.72, 23.52, 23.93, 24.29, 22.32, 20.46, 17.25, 15.92, 12.10, 10.69, 6.94, 5.87, 3.77, 0.00, 3.79, 7.12, 7.53, 7.42, 9.01, 12.40, 16.00, 18.89, 21.52, 23.97, 23.77, 21.47, 19.53, 15.88, 13.40, 10.76, 12.20, 12.03, 11.48, 14.52, 16.66, 16.58, 18.03, 18.50, 21.68, 24.84
 17.76, 17.89, 18.26, 16.45, 18.50, 18.03, 19.37, 20.23, 20.85, 18.39, 19.58, 17.44, 17.86, 17.94, 18.20, 14.52, 13.56, 15.81, 18.53, 19.47, 21.97, 22.11, 22.85, 21.35, 19.90, 17.16, 16.54, 12.87, 12.50, 9.05, 6.72, 5.58, 3.79, 0.00, 3.78, 5.50, 7.01, 9.84, 12.95, 16.73, 19.03, 21.80, 23.94, 24.05, 22.24, 20.13, 16.71, 13.79, 10.39, 10.84, 9.58, 9.07, 11.53, 14.08, 14.58, 16.22, 17.35, 20.77, 23.80
 17.34, 16.71, 16.56, 14.13, 15.68, 14.83, 15.83, 16.67, 17.54, 15.32, 16.95, 15.38, 16.21, 17.00, 17.60, 14.20, 12.29, 14.07, 16.22, 16.82, 18.96, 18.82, 19.78, 18.66, 17.56, 15.33, 15.43, 12.17, 12.88, 10.11, 7.31, 7.84, 7.12, 3.78, 0.00, 3.73, 6.11, 9.69, 12.05, 15.77, 17.42, 20.17, 22.02, 22.50, 21.19, 19.11, 16.10, 13.12, 9.37, 8.54, 6.37, 5.67, 7.80, 10.44, 11.30, 13.21, 14.94, 18.35, 21.33
 16.94, 16.50, 15.75, 13.42, 14.66, 13.56, 15.19, 15.51, 15.65, 13.06, 14.21, 12.25, 13.27, 13.72, 14.01, 10.62, 8.68, 10.55, 13.06, 14.06, 16.69, 17.21, 18.30, 16.63, 15.78, 13.36, 13.72, 10.68, 11.11, 8.93, 7.33, 8.89, 7.53, 5.50, 3.73, 0.00, 3.82, 6.83, 9.35, 12.95, 14.63, 17.74, 19.34, 19.41, 18.10, 15.72, 12.70, 9.50, 5.70, 5.44, 4.63, 5.64, 8.63, 9.95, 10.88, 13.53, 15.28, 18.23, 21.60
 13.44, 13.38, 12.75, 11.06, 12.95, 12.71, 15.09, 15.96, 16.09, 13.98, 15.27, 13.42, 15.15, 15.08, 14.44, 11.02, 9.33, 10.20, 13.06, 13.52, 16.23, 16.74, 17.09, 14.97, 13.43, 10.46, 10.21, 6.97, 7.37, 5.69, 4.83, 7.67, 7.42, 7.01, 6.11, 3.82, 0.00, 3.76, 6.07, 9.85, 12.03, 14.86, 16.97, 17.12, 15.38, 13.50, 10.34, 7.98, 5.05, 5.40, 6.46, 6.18, 9.96, 10.67, 10.29, 12.50, 13.41, 16.09, 19.65
 13.17, 13.78, 12.90, 12.01, 13.85, 13.87, 16.85, 17.46, 16.95, 14.78, 15.45, 13.22, 15.11, 14.24, 12.71, 9.42, 8.58, 9.07, 12.46, 13.18, 16.32, 17.47, 17.57, 14.75, 13.11, 9.71, 9.05, 6.26, 5.35, 5.11, 6.68, 9.49, 9.01, 9.84, 9.69, 6.83, 3.76, 0.00, 3.85, 7.25, 10.15, 13.11, 15.27, 14.78, 12.56, 10.62, 7.11, 5.33, 4.30, 6.46, 9.08, 9.45, 13.21, 13.14, 12.45, 14.72, 15.15, 17.20, 20.95
 11.33, 11.57, 9.97, 9.42, 11.07, 11.57, 15.00, 15.86, 15.33, 13.88, 14.90, 13.42, 16.09, 15.52, 13.72, 11.18, 9.70, 8.52, 11.31, 11.10, 13.94, 15.02, 14.59, 11.49, 9.59, 6.07, 5.78, 4.42, 5.21, 7.12, 8.58, 12.07, 12.40, 12.95, 12.05, 9.35, 6.07, 3.85, 0.00, 3.80, 6.55, 9.30, 11.65, 11.59, 9.48, 8.30, 5.62, 5.71, 6.10, 6.84, 9.96, 9.91, 13.42, 12.47, 11.03, 13.09, 13.18, 14.54, 18.37
 11.96, 12.29, 10.12, 10.36, 11.43, 12.23, 15.96, 16.65, 15.69, 14.72, 15.44, 14.30, 17.32, 16.53, 14.20, 12.50, 11.29, 9.06, 11.31, 10.69, 13.37, 14.85, 13.98, 10.37, 8.55, 5.42, 5.49, 6.53, 7.22, 10.20, 12.11, 15.59, 16.00, 16.73, 15.77, 12.95, 9.85, 7.25, 3.80, 0.00, 3.79, 6.28, 8.63, 8.22, 5.78, 5.57, 4.35, 6.80, 8.82, 9.50, 12.93, 13.08, 16.26, 14.61, 12.91, 14.79, 14.53, 14.93, 18.70
 13.62, 13.05, 10.00, 9.82, 9.64, 10.18, 13.93, 14.39, 13.23, 12.98, 13.91, 13.67, 17.16, 16.93, 14.91, 13.93, 12.05, 8.82, 9.76, 8.19, 10.31, 11.91, 10.91, 7.08, 6.11, 4.63, 6.79, 8.95, 10.67, 13.47, 14.76, 18.43, 18.89, 19.03, 17.42, 14.63, 12.03, 10.15, 6.55, 3.79, 0.00, 3.77, 5.13, 5.61, 4.91, 5.42, 6.40, 8.67, 10.53, 10.13, 13.38, 13.69, 16.22, 13.79, 12.09, 14.06, 14.13, 13.83, 17.47
 12.91, 12.20, 9.04, 9.92, 9.74, 11.29, 14.93, 15.93, 15.18, 15.71, 16.97, 17.18, 20.76, 20.61, 18.52, 17.64, 15.81, 12.50, 12.96, 10.72, 11.79, 12.74, 10.67, 7.18, 5.45, 5.26, 6.92, 10.27, 12.31, 15.53, 16.81, 20.53, 21.52, 21.80, 20.17, 17.74, 14.86, 13.11, 9.30, 6.28, 3.77, 0.00, 3.79, 5.93, 5.62, 8.08, 9.60, 12.29, 14.08, 13.46, 16.38, 16.09, 18.38, 15.88, 13.53, 14.63, 13.95, 12.72, 16.00
 16.62, 15.60, 12.17, 12.31, 10.97, 11.57, 14.92, 15.14, 13.76, 14.62, 15.51, 16.24, 19.92, 19.98, 18.04, 17.90, 15.95, 12.21, 11.71, 9.30, 9.91, 11.51, 9.93, 6.47, 6.91, 7.99, 10.45, 13.48, 15.44, 18.46, 19.63, 23.36, 23.97, 23.94, 22.02, 19.34, 16.97, 15.27, 11.65, 8.63, 5.13, 3.79, 0.00, 3.86, 5.99, 8.05, 10.68, 13.23, 15.26, 14.43, 17.36, 17.67, 19.54, 16.51, 14.75, 16.30, 16.26, 14.80, 17.85
 18.28, 17.89, 14.74, 14.89, 13.94, 14.05, 17.48, 17.15, 15.10, 15.15, 15.12, 15.20, 18.59, 18.02, 15.62, 15.94, 14.67, 11.10, 11.07, 9.84, 11.48, 13.95, 13.14, 9.49, 9.99, 9.91, 11.81, 14.30, 15.38, 18.40, 20.10, 23.65, 23.77, 24.05, 22.50, 19.41, 17.12, 14.78, 11.59, 8.22, 5.61, 5.93, 3.86, 0.00, 3.66, 5.33, 8.77, 11.73, 14.54, 14.55, 17.94, 18.84, 21.08, 18.19, 16.92, 18.96, 19.09, 18.09, 21.36
 16.04, 16.32, 13.68, 14.34, 14.35, 14.95, 18.64, 18.74, 17.01, 16.54, 16.55, 15.87, 19.03, 17.96, 15.17, 14.86, 14.10, 11.08, 12.24, 11.50, 13.75, 15.95, 14.94, 11.08, 10.39, 9.01, 9.83, 12.05, 12.49, 15.72, 17.88, 21.28, 21.47, 22.24, 21.19, 18.10, 15.38, 12.56, 9.48, 5.78, 4.91, 5.62, 5.99, 3.66, 0.00, 3.83, 6.50, 10.10, 13.19, 13.88, 17.48, 18.14, 20.90, 18.53, 16.99, 18.89, 18.60, 17.98, 21.45
 17.39, 17.62, 15.02, 14.86, 14.76, 14.53, 18.08, 17.64, 15.52, 14.29, 13.76, 12.53, 15.45, 14.17, 11.34, 11.16, 10.59, 7.81, 9.50, 9.83, 12.87, 15.55, 15.42, 11.59, 11.46, 9.70, 10.84, 11.99, 12.06, 14.65, 16.73, 19.95, 19.53, 20.13, 19.11, 15.72, 13.50, 10.62, 8.30, 5.57, 5.42, 8.08, 8.05, 5.33, 3.83, 0.00, 3.77, 6.93, 10.35, 11.47, 15.22, 16.56, 19.37, 17.11, 16.29, 18.82, 19.17, 19.19, 22.87
 15.80, 16.37, 14.31, 14.02, 14.66, 14.49, 18.01, 17.85, 16.14, 14.33, 14.00, 12.04, 14.57, 13.07, 10.28, 8.92, 8.65, 6.99, 9.95, 10.78, 14.19, 16.50, 16.50, 12.83, 12.04, 9.32, 9.70, 9.66, 9.08, 11.22, 13.48, 16.47, 15.88, 16.71, 16.10, 12.70, 10.34, 7.11, 5.62, 4.35, 6.40, 9.60, 10.68, 8.77, 6.50, 3.77, 0.00, 3.87, 7.38, 9.32, 13.10, 14.35, 17.57, 15.96, 15.22, 17.79, 18.15, 18.86, 22.68
 16.96, 17.25, 15.38, 14.26, 14.85, 14.01, 17.11, 16.67, 15.02, 12.51, 12.06, 9.50, 11.59, 10.23, 8.06, 5.74, 5.17, 4.97, 8.70, 10.38, 14.05, 16.27, 16.97, 13.73, 13.28, 10.57, 11.21, 10.01, 9.46, 10.28, 11.93, 14.62, 13.40, 13.79, 13.12, 9.50, 7.98, 5.33, 5.71, 6.80, 8.67, 12.29, 13.23, 11.73, 10.10, 6.93, 3.87, 0.00, 3.87, 6.57, 10.19, 12.06, 15.24, 14.05, 14.07, 17.07, 18.05, 19.43, 23.27
 16.71, 16.63, 15.06, 13.26, 14.02, 12.87, 15.48, 15.20, 14.16, 11.39, 11.59, 9.09, 10.85, 10.35, 9.48, 6.33, 4.47, 5.76, 9.17, 10.73, 14.13, 15.73, 16.74, 14.11, 13.60, 10.97, 11.69, 9.58, 9.55, 9.11, 9.65, 12.14, 10.76, 10.39, 9.37, 5.70, 5.05, 4.30, 6.10, 8.82, 10.53, 14.08, 15.26, 14.54, 13.19, 10.35, 7.38, 3.87, 0.00, 3.73, 6.75, 8.80, 11.99, 11.44, 11.94, 15.06, 16.47, 18.50, 22.24
 16.38, 15.46, 13.54, 11.00, 11.19, 9.57, 11.87, 11.68, 11.10, 8.67, 9.93, 8.56, 10.96, 11.71, 11.61, 9.11, 5.90, 5.87, 7.98, 8.67, 11.53, 12.59, 13.83, 11.78, 11.62, 9.72, 11.29, 9.60, 10.95, 10.62, 10.06, 12.94, 12.20, 10.84, 8.54, 5.44, 5.40, 6.46, 6.84, 9.50, 10.13, 13.46, 14.43, 14.55, 13.88, 11.47, 9.32, 6.57, 3.73, 0.00, 3.80, 6.03, 8.76, 7.75, 8.54, 11.97, 13.95, 16.01, 19.62
 17.73, 16.39, 14.83, 11.72, 11.82, 9.85, 11.01, 10.97, 11.29, 8.98, 10.91, 10.07, 11.84, 13.39, 14.18, 11.63, 8.41, 9.08, 10.33, 10.77, 12.83, 13.08, 14.66, 13.55, 13.51, 12.09, 13.64, 11.60, 13.27, 12.12, 10.39, 12.71, 12.03, 9.58, 6.37, 4.63, 6.46, 9.08, 9.96, 12.93, 13.38, 16.38, 17.36, 17.94, 17.48, 15.22, 13.10, 10.19, 6.75, 3.80, 0.00, 3.78, 5.59, 5.73, 7.64, 10.99, 13.61, 16.22, 19.48
 15.16, 13.54, 12.48, 9.36, 10.23, 9.24, 10.31, 11.58, 12.88, 11.52, 14.05, 13.58, 15.59, 16.98, 17.40, 14.59, 11.59, 11.76, 13.01, 12.54, 14.06, 13.43, 14.20, 13.45, 12.60, 11.15, 12.23, 10.04, 12.29, 11.05, 8.56, 11.05, 11.48, 9.07, 5.67, 5.64, 6.18, 9.45, 9.91, 13.08, 13.69, 16.09, 17.67, 18.84, 18.14, 16.56, 14.35, 12.06, 8.80, 6.03, 3.78, 0.00, 3.83, 5.30, 5.66, 8.11, 10.45, 13.52, 16.61
 17.85, 15.65, 14.47, 10.92, 10.88, 9.26, 8.82, 10.07, 12.17, 11.35, 14.37, 14.68, 16.54, 18.65, 19.66, 17.22, 13.91, 13.95, 14.31, 13.53, 14.20, 12.88, 14.10, 14.36, 14.13, 13.60, 15.19, 13.47, 16.02, 14.80, 12.03, 14.09, 14.52, 11.53, 7.80, 8.63, 9.96, 13.21, 13.42, 16.26, 16.22, 18.38, 19.54, 21.08, 20.90, 19.37, 17.57, 15.24, 11.99, 8.76, 5.59, 3.83, 0.00, 3.84, 5.64, 7.75, 10.99, 13.99, 16.49
 17.88, 15.45, 13.40, 9.66, 8.45, 5.91, 5.62, 6.47, 8.49, 8.22, 11.63, 12.63, 15.13, 17.42, 18.27, 16.38, 12.73, 11.84, 11.44, 10.12, 10.41, 9.11, 10.67, 11.02, 11.51, 11.67, 14.06, 13.20, 16.07, 15.68, 13.60, 16.33, 16.66, 14.08, 10.44, 9.95, 10.67, 13.14, 12.47, 14.61, 13.79, 15.88, 16.51, 18.19, 18.53, 17.11, 15.96, 14.05, 11.44, 7.75, 5.73, 5.30, 3.84, 0.00, 3.81, 7.14, 10.66, 12.81, 15.53
 14.54, 11.84, 9.76, 5.98, 5.24, 4.37, 5.40, 7.97, 10.17, 10.58, 13.95, 14.82, 17.71, 19.49, 19.67, 17.58, 14.15, 12.70, 12.66, 10.61, 10.74, 8.97, 9.07, 9.30, 8.76, 8.99, 11.18, 10.78, 14.17, 14.31, 12.36, 15.49, 16.58, 14.58, 11.30, 10.88, 10.29, 12.45, 11.03, 12.91, 12.09, 13.53, 14.75, 16.92, 16.99, 16.29, 15.22, 14.07, 11.94, 8.54, 7.64, 5.66, 5.64, 3.81, 0.00, 3.85, 7.02, 9.12, 12.09
 13.31, 10.06, 8.63, 5.29, 5.49, 6.66, 6.97, 10.52, 13.26, 14.23, 17.69, 18.64, 21.55, 23.24, 23.25, 21.01, 17.73, 16.23, 16.27, 13.87, 13.48, 11.02, 10.02, 10.91, 9.55, 10.11, 11.65, 11.55, 15.22, 15.45, 13.24, 16.19, 18.03, 16.22, 13.21, 13.53, 12.50, 14.72, 13.09, 14.79, 14.06, 14.63, 16.30, 18.96, 18.89, 18.82, 17.79, 17.07, 15.06, 11.97, 10.99, 8.11, 7.75, 7.14, 3.85, 0.00, 3.82, 6.36, 8.79
 10.34, 6.79, 6.12, 4.32, 6.32, 9.09, 10.19, 13.80, 16.25, 17.25, 20.51, 21.19, 24.22, 25.49, 25.01, 22.62, 19.68, 18.03, 18.46, 15.93, 15.70, 13.41, 11.41, 11.86, 9.39, 9.64, 10.22, 10.56, 14.28, 14.95, 13.07, 16.05, 18.50, 17.35, 14.94, 15.28, 13.41, 15.15, 13.18, 14.53, 14.13, 13.95, 16.26, 19.09, 18.60, 19.17, 18.15, 18.05, 16.47, 13.95, 13.61, 10.45, 10.99, 10.66, 7.02, 3.82, 0.00, 3.81, 6.45
 11.00, 7.30, 5.72, 5.27, 6.01, 9.47, 10.73, 14.32, 16.59, 18.22, 21.44, 22.50, 25.85, 27.08, 26.36, 24.34, 21.39, 19.13, 19.14, 16.11, 15.33, 12.87, 9.99, 10.74, 8.26, 9.63, 10.56, 12.16, 15.93, 17.35, 16.06, 19.26, 21.68, 20.77, 18.35, 18.23, 16.09, 17.20, 14.54, 14.93, 13.83, 12.72, 14.80, 18.09, 17.98, 19.19, 18.86, 19.43, 18.50, 16.01, 16.22, 13.52, 13.99, 12.81, 9.12, 6.36, 3.81, 0.00, 3.85
 13.52, 9.89, 9.18, 9.08, 9.35, 12.41, 12.79, 16.52, 19.17, 21.19, 24.58, 25.93, 29.26, 30.69, 30.10, 28.12, 25.08, 22.81, 22.57, 19.37, 18.08, 15.17, 12.19, 13.74, 11.68, 13.40, 14.19, 15.78, 19.48, 20.78, 19.27, 22.20, 24.84, 23.80, 21.33, 21.60, 19.65, 20.95, 18.37, 18.70, 17.47, 16.00, 17.85, 21.36, 21.45, 22.87, 22.68, 23.27, 22.24, 19.62, 19.48, 16.61, 16.49, 15.53, 12.09, 8.79, 6.45, 3.85, 0.00
