 0.00, 3.81, 7.07, 10.20, 10.99, 10.89, 12.55, 15.07, 15.67, 16.01, 18.45, 20.35, 21.14, 22.82, 24.72, 28.12, 29.63, 28.70, 28.04, 30.63, 30.27, 29.06, 26.46, 25.18, 25.54, 23.52, 20.65, 21.28, 21.89, 18.87, 16.45, 18.14, 17.86, 14.23, 13.48, 16.64, 18.17, 21.89, 23.96, 24.72, 26.25, 29.41, 31.72, 33.61, 37.05, 38.66, 38.12, 36.40, 37.37, 34.07, 31.74, 32.66, 31.17, 27.63, 28.15, 29.56, 27.10, 24.15, 26.41, 27.14, 23.64, 23.75, 22.12, 20.42, 17.61, 14.70, 12.86, 16.14, 16.32, 13.20, 14.53, 17.93, 17.12, 15.92, 18.35, 21.03, 20.14, 21.29, 24.77, 24.19, 22.75, 26.00, 28.31, 27.11, 24.29, 23.87
 3.81, 0.00, 3.87, 6.86, 7.20, 7.57, 9.37, 11.46, 12.20, 13.00, 15.25, 16.86, 17.90, 19.78, 21.46, 24.94, 26.23, 25.23, 24.38, 26.91, 26.60, 25.32, 22.67, 21.51, 21.92, 19.83, 16.94, 17.80, 18.52, 15.44, 13.06, 15.18, 15.06, 11.35, 11.01, 14.56, 16.01, 19.68, 21.50, 22.67, 23.99, 26.97, 28.99, 30.81, 34.34, 35.88, 35.11, 33.30, 34.06, 30.70, 28.52, 29.46, 27.77, 24.29, 25.06, 26.39, 23.74, 20.99, 23.51, 24.10, 20.72, 21.23, 19.91, 17.90, 15.42, 12.28, 10.36, 13.27, 13.08, 9.71, 11.17, 14.40, 13.37, 12.18, 14.80, 17.30, 16.37, 17.70, 21.09, 20.51, 19.26, 22.55, 24.74, 23.63, 21.00, 20.89
 7.07, 3.87, 0.00, 3.85, 5.35, 7.35, 7.97, 9.36, 11.19, 12.38, 13.74, 15.22, 17.04, 18.76, 19.80, 23.16, 24.37, 23.65, 22.47, 25.01, 25.07, 23.49, 20.60, 20.01, 20.60, 18.13, 15.40, 17.04, 17.87, 14.53, 12.66, 15.53, 15.36, 11.66, 12.32, 16.12, 17.16, 20.57, 22.24, 23.96, 25.12, 27.77, 29.36, 31.11, 34.76, 36.16, 35.03, 33.08, 33.44, 29.95, 28.14, 29.06, 26.94, 23.67, 24.91, 25.91, 22.87, 20.61, 23.42, 23.51, 20.27, 21.45, 20.25, 17.63, 15.27, 12.50, 9.87, 11.91, 12.00, 8.26, 8.63, 11.93, 11.17, 9.20, 11.46, 14.28, 13.57, 14.41, 17.95, 17.82, 16.41, 19.42, 21.88, 21.20, 18.60, 19.01
 10.20, 6.86, 3.85, 0.00, 3.80, 5.89, 4.90, 6.07, 8.66, 9.62, 10.28, 11.96, 14.16, 15.51, 16.24, 19.48, 20.81, 20.39, 19.34, 22.13, 22.61, 21.25, 18.01, 17.56, 18.74, 16.43, 13.45, 15.50, 16.98, 13.95, 11.94, 15.24, 15.79, 12.49, 13.12, 16.85, 18.14, 21.37, 22.44, 24.35, 24.96, 27.48, 28.71, 30.05, 33.65, 34.71, 33.22, 31.45, 31.47, 27.83, 26.41, 27.66, 25.42, 22.20, 23.95, 25.08, 21.89, 20.04, 23.25, 23.32, 20.48, 22.08, 21.47, 18.74, 17.00, 14.14, 11.87, 13.02, 12.40, 8.60, 8.83, 11.28, 9.73, 7.02, 9.74, 12.08, 10.64, 11.22, 14.81, 14.41, 12.72, 15.82, 18.29, 17.51, 14.79, 15.27
 10.99, 7.20, 5.35, 3.80, 0.00, 3.77, 4.89, 4.76, 6.11, 8.23, 9.55, 10.29, 12.08, 14.27, 15.28, 18.84, 19.65, 18.58, 17.37, 19.87, 19.84, 18.52, 15.62, 14.74, 15.55, 13.40, 10.32, 11.98, 13.34, 10.40, 8.16, 11.46, 12.14, 9.06, 9.71, 13.37, 14.62, 17.76, 18.68, 20.65, 21.25, 23.70, 24.95, 26.39, 30.02, 31.23, 29.90, 28.00, 28.21, 24.67, 23.00, 24.12, 22.00, 18.69, 20.25, 21.45, 18.40, 16.35, 19.55, 19.84, 17.04, 18.54, 18.22, 15.70, 14.44, 11.28, 9.79, 10.85, 9.38, 5.75, 7.37, 9.25, 7.02, 5.67, 9.13, 10.75, 9.30, 11.15, 14.22, 13.45, 12.70, 16.09, 17.90, 16.91, 14.78, 15.41
 10.89, 7.57, 7.35, 5.89, 3.77, 0.00, 3.76, 5.42, 4.83, 5.71, 8.32, 9.64, 10.34, 12.41, 14.28, 17.89, 19.02, 17.85, 17.38, 20.15, 20.03, 19.41, 16.57, 14.90, 16.07, 14.74, 11.21, 11.93, 13.90, 11.70, 8.46, 11.05, 12.66, 9.97, 9.12, 12.41, 14.57, 17.87, 18.37, 19.77, 19.99, 22.80, 24.27, 25.39, 28.83, 29.83, 28.63, 27.12, 27.58, 24.03, 22.22, 23.76, 22.13, 18.54, 19.99, 21.81, 19.18, 16.82, 20.03, 21.00, 18.39, 19.37, 19.41, 17.52, 16.53, 12.93, 12.24, 13.76, 11.70, 8.53, 10.94, 12.46, 9.60, 8.81, 12.52, 13.51, 11.27, 13.35, 16.13, 14.51, 13.67, 17.39, 18.82, 17.08, 14.76, 14.50
 12.55, 9.37, 7.97, 4.90, 4.89, 3.76, 0.00, 3.81, 5.23, 4.86, 6.00, 8.34, 9.90, 10.95, 12.28, 15.63, 17.21, 16.76, 16.46, 19.62, 20.21, 19.66, 16.32, 15.15, 17.02, 15.60, 12.05, 13.55, 15.96, 13.81, 11.00, 14.02, 15.73, 13.12, 12.75, 16.01, 18.03, 21.16, 21.45, 23.05, 22.97, 25.59, 26.71, 27.50, 30.88, 31.53, 29.93, 28.58, 28.60, 24.87, 23.60, 25.41, 23.52, 20.12, 22.12, 23.83, 20.94, 19.11, 22.58, 23.24, 20.86, 22.30, 22.44, 20.19, 19.20, 15.87, 14.64, 15.66, 13.88, 10.50, 11.86, 13.22, 10.36, 8.36, 11.86, 12.84, 10.08, 11.26, 14.27, 12.64, 11.00, 14.65, 16.45, 14.74, 11.90, 11.56
 15.07, 11.46, 9.36, 6.07, 4.76, 5.42, 3.81, 0.00, 3.79, 5.57, 5.26, 5.95, 8.53, 10.18, 10.66, 14.15, 15.04, 14.35, 13.39, 16.33, 16.97, 16.12, 12.70, 11.95, 13.81, 12.16, 8.78, 10.97, 13.38, 11.31, 9.18, 12.61, 14.26, 12.11, 12.57, 15.70, 17.18, 19.88, 19.94, 22.05, 21.87, 24.05, 24.74, 25.55, 29.04, 29.71, 27.87, 26.27, 25.99, 22.24, 21.21, 22.83, 20.59, 17.43, 19.76, 21.13, 18.00, 16.66, 20.27, 20.57, 18.49, 20.42, 20.85, 18.36, 17.86, 14.89, 13.81, 13.93, 11.88, 9.00, 10.04, 10.45, 7.30, 5.46, 8.99, 9.29, 6.35, 8.11, 10.83, 9.30, 8.35, 12.01, 13.56, 12.24, 10.08, 10.86
 15.67, 12.20, 11.19, 8.66, 6.11, 4.83, 5.23, 3.79, 0.00, 3.76, 5.31, 5.13, 6.01, 8.68, 10.19, 13.94, 14.55, 13.11, 12.60, 15.42, 15.47, 15.19, 12.24, 10.38, 12.16, 11.37, 7.61, 8.55, 11.41, 10.09, 7.16, 9.97, 12.40, 10.88, 10.49, 13.08, 15.02, 17.64, 17.26, 19.05, 18.55, 20.89, 21.72, 22.39, 25.79, 26.45, 24.82, 23.37, 23.43, 19.75, 18.37, 20.20, 18.42, 14.96, 17.07, 18.94, 16.25, 14.54, 18.13, 19.06, 17.17, 18.66, 19.54, 17.65, 17.62, 14.33, 14.21, 14.58, 11.77, 9.52, 11.73, 11.77, 8.09, 7.98, 11.64, 11.25, 8.28, 10.97, 12.89, 10.60, 10.54, 14.31, 14.99, 13.02, 11.38, 11.54
 16.01, 13.00, 12.38, 9.62, 8.23, 5.71, 4.86, 5.57, 3.76, 0.00, 3.79, 5.77, 5.65, 6.84, 9.21, 12.71, 14.18, 13.32, 13.82, 17.11, 17.56, 17.89, 14.79, 12.75, 15.11, 14.78, 11.04, 11.62, 14.78, 13.76, 10.57, 12.86, 15.61, 13.99, 12.87, 15.26, 17.76, 20.54, 19.98, 21.29, 20.46, 23.05, 23.98, 24.22, 27.34, 27.62, 25.95, 25.00, 25.06, 21.34, 20.17, 22.48, 21.04, 17.55, 19.70, 21.94, 19.51, 17.79, 21.32, 22.55, 20.74, 21.98, 22.87, 21.17, 20.96, 17.47, 17.22, 17.99, 15.35, 12.77, 14.86, 15.26, 11.69, 10.87, 14.49, 14.25, 10.85, 12.76, 14.76, 12.03, 11.15, 14.95, 15.69, 13.09, 10.78, 9.71
 18.45, 15.25, 13.74, 10.28, 9.55, 8.32, 6.00, 5.26, 5.31, 3.79, 0.00, 3.72, 5.48, 5.37, 6.30, 9.70, 11.35, 11.23, 11.64, 15.23, 16.45, 16.73, 13.21, 11.92, 14.86, 14.40, 10.96, 12.44, 15.75, 14.78, 12.30, 15.03, 17.62, 16.11, 15.71, 18.20, 20.29, 22.79, 22.08, 23.79, 22.80, 24.99, 25.42, 25.44, 28.54, 28.54, 26.41, 25.46, 24.95, 21.11, 20.59, 22.98, 21.15, 18.04, 20.74, 22.66, 19.94, 18.90, 22.62, 23.40, 21.89, 23.66, 24.69, 22.61, 22.54, 19.39, 18.78, 18.93, 16.46, 13.95, 15.24, 15.17, 11.70, 10.31, 13.41, 12.75, 8.98, 10.19, 11.89, 9.00, 7.69, 11.39, 12.17, 9.57, 7.00, 6.34
 20.35, 16.86, 15.22, 11.96, 10.29, 9.64, 8.34, 5.95, 5.13, 5.77, 3.72, 0.00, 3.82, 5.38, 5.40, 9.11, 9.50, 8.50, 8.28, 11.69, 12.75, 13.05, 9.63, 8.23, 11.35, 11.19, 7.99, 9.56, 13.00, 12.57, 10.66, 13.27, 15.94, 15.12, 15.11, 17.23, 18.92, 20.94, 19.89, 21.91, 20.74, 22.51, 22.56, 22.53, 25.69, 25.72, 23.44, 22.27, 21.57, 17.73, 17.35, 19.64, 17.63, 14.71, 17.68, 19.43, 16.70, 16.08, 19.85, 20.50, 19.41, 21.42, 22.84, 20.83, 21.33, 18.45, 18.29, 17.85, 15.03, 13.29, 14.65, 13.70, 10.09, 9.69, 12.51, 10.90, 7.17, 9.31, 10.06, 6.78, 7.12, 10.65, 10.54, 8.08, 7.06, 7.76
 21.14, 17.90, 17.04, 14.16, 12.08, 10.34, 9.90, 8.53, 6.01, 5.65, 5.48, 3.82, 0.00, 3.89, 6.06, 9.56, 9.91, 8.16, 9.15, 12.31, 12.75, 13.95, 11.24, 8.62, 11.64, 12.51, 9.28, 9.31, 13.04, 13.39, 10.94, 12.60, 15.90, 15.56, 14.72, 16.17, 18.35, 20.27, 18.75, 20.25, 18.61, 20.57, 20.76, 20.36, 23.28, 23.12, 21.02, 20.26, 19.94, 16.17, 15.53, 18.25, 16.93, 13.77, 16.46, 18.84, 16.73, 15.78, 19.38, 20.71, 19.83, 21.31, 23.06, 21.65, 22.41, 19.27, 19.73, 19.67, 16.45, 14.99, 17.08, 16.20, 12.41, 12.69, 15.79, 14.16, 10.66, 13.11, 13.61, 10.13, 10.74, 14.10, 13.43, 10.39, 9.71, 9.19
 22.82, 19.78, 18.76, 15.51, 14.27, 12.41, 10.95, 10.18, 8.68, 6.84, 5.37, 5.38, 3.89, 0.00, 3.79, 6.67, 8.26, 7.93, 10.02, 13.61, 14.90, 16.42, 13.46, 11.43, 14.89, 15.73, 12.65, 13.10, 16.84, 17.06, 14.62, 16.44, 19.70, 19.09, 18.17, 19.76, 22.11, 24.13, 22.59, 23.95, 22.13, 24.08, 24.15, 23.36, 25.98, 25.35, 22.99, 22.69, 22.04, 18.30, 18.25, 21.27, 20.01, 17.14, 20.00, 22.38, 20.29, 19.59, 23.19, 24.44, 23.62, 25.19, 26.88, 25.34, 25.90, 22.73, 22.83, 22.82, 19.83, 18.00, 19.69, 19.00, 15.31, 14.82, 17.74, 16.20, 12.41, 13.90, 14.33, 10.65, 10.40, 13.43, 12.74, 9.15, 7.97, 6.24
 24.72, 21.46, 19.80, 16.24, 15.28, 14.28, 12.28, 10.66, 10.19, 9.21, 6.30, 5.40, 6.06, 3.79, 0.00, 3.76, 5.21, 6.05, 7.80, 11.58, 13.72, 15.03, 11.80, 10.78, 14.53, 15.15, 12.58, 13.84, 17.44, 17.61, 15.85, 18.07, 21.02, 20.45, 20.19, 21.99, 23.88, 25.68, 24.15, 25.95, 24.19, 25.73, 25.34, 24.53, 27.20, 26.46, 23.69, 23.22, 21.98, 18.21, 18.79, 21.65, 19.91, 17.52, 20.81, 22.71, 20.32, 20.26, 23.95, 24.68, 24.10, 26.16, 27.88, 25.99, 26.67, 23.84, 23.66, 23.11, 20.33, 18.64, 19.71, 18.58, 15.18, 14.44, 16.72, 14.77, 11.06, 11.92, 11.66, 7.96, 7.87, 10.26, 9.15, 5.43, 5.00, 4.62
 28.12, 24.94, 23.16, 19.48, 18.84, 17.89, 15.63, 14.15, 13.94, 12.71, 9.70, 9.11, 9.56, 6.67, 3.76, 0.00, 3.73, 6.63, 9.06, 12.50, 15.23, 16.89, 13.91, 13.35, 17.18, 18.03, 15.88, 17.15, 20.71, 21.08, 19.52, 21.65, 24.63, 24.17, 23.93, 25.62, 27.51, 29.16, 27.42, 29.20, 27.19, 28.52, 27.83, 26.63, 28.99, 27.80, 24.75, 24.65, 23.00, 19.42, 20.63, 23.65, 22.00, 20.04, 23.48, 25.30, 23.06, 23.38, 26.99, 27.64, 27.36, 29.52, 31.38, 29.48, 30.25, 27.52, 27.28, 26.58, 23.87, 22.24, 23.06, 21.79, 18.57, 17.67, 19.57, 17.45, 13.93, 14.13, 13.30, 9.90, 9.66, 10.85, 9.14, 5.48, 6.00, 5.37
 29.63, 26.23, 24.37, 20.81, 19.65, 19.02, 17.21, 15.04, 14.55, 14.18, 11.35, 9.50, 9.91, 8.26, 5.21, 3.73, 0.00, 3.79, 6.15, 9.13, 12.08, 14.00, 11.48, 11.17, 14.92, 16.15, 14.65, 15.81, 19.17, 20.01, 19.00, 20.90, 23.79, 23.84, 23.89, 25.28, 26.82, 28.02, 26.03, 28.01, 25.88, 26.75, 25.65, 24.34, 26.65, 25.42, 22.15, 21.90, 19.92, 16.42, 18.05, 20.94, 19.19, 17.70, 21.29, 22.86, 20.75, 21.57, 25.05, 25.55, 25.71, 28.02, 30.17, 28.36, 29.56, 27.12, 27.18, 26.06, 23.22, 22.17, 22.97, 21.14, 18.05, 17.78, 19.36, 16.65, 13.53, 14.16, 12.46, 9.11, 10.25, 11.03, 8.25, 5.13, 7.68, 8.48
 28.70, 25.23, 23.65, 20.39, 18.58, 17.85, 16.76, 14.35, 13.11, 13.32, 11.23, 8.50, 8.16, 7.93, 6.05, 6.63, 3.79, 0.00, 3.87, 6.69, 8.88, 11.25, 9.21, 8.06, 11.72, 13.53, 12.17, 12.74, 16.05, 17.38, 16.49, 17.95, 20.94, 21.44, 21.43, 22.43, 23.85, 24.78, 22.57, 24.53, 22.29, 23.02, 21.86, 20.57, 22.96, 21.91, 18.75, 18.30, 16.52, 12.89, 14.29, 17.22, 15.61, 14.04, 17.59, 19.30, 17.42, 18.23, 21.60, 22.32, 22.68, 24.82, 27.20, 25.69, 27.20, 24.80, 25.31, 24.18, 21.05, 20.44, 21.66, 19.60, 16.39, 16.88, 18.67, 15.74, 12.79, 14.41, 12.71, 9.24, 11.28, 12.72, 9.98, 7.21, 9.61, 10.47
 28.04, 24.38, 22.47, 19.34, 17.37, 17.38, 16.46, 13.39, 12.60, 13.82, 11.64, 8.28, 9.15, 10.02, 7.80, 9.06, 6.15, 3.87, 0.00, 3.82, 6.48, 7.89, 5.54, 5.59, 9.08, 10.43, 9.77, 11.03, 13.88, 15.06, 14.91, 16.66, 19.15, 19.73, 20.36, 21.53, 22.40, 23.14, 21.18, 23.62, 21.79, 22.24, 20.93, 20.16, 22.92, 22.36, 19.25, 18.06, 16.13, 12.48, 13.77, 16.02, 13.67, 12.38, 16.11, 17.18, 14.86, 16.10, 19.49, 19.66, 20.08, 22.61, 24.90, 23.13, 24.75, 22.74, 23.15, 21.56, 18.62, 18.38, 19.23, 16.74, 13.91, 14.70, 15.95, 12.67, 10.32, 12.12, 9.93, 6.98, 10.02, 11.18, 8.42, 6.96, 9.81, 11.86
 30.63, 26.91, 25.01, 22.13, 19.87, 20.15, 19.62, 16.33, 15.42, 17.11, 15.23, 11.69, 12.31, 13.61, 11.58, 12.50, 9.13, 6.69, 3.82, 0.00, 3.79, 5.57, 5.26, 6.09, 8.30, 10.19, 10.85, 11.74, 13.83, 15.59, 16.22, 17.51, 19.67, 20.85, 21.79, 22.54, 22.92, 23.04, 20.84, 23.47, 21.57, 21.37, 19.50, 18.67, 21.29, 20.77, 17.52, 16.01, 13.62, 10.31, 12.18, 13.93, 11.37, 11.12, 14.86, 15.37, 13.36, 15.41, 18.39, 18.27, 19.38, 22.03, 24.61, 23.04, 25.14, 23.59, 24.33, 22.34, 19.41, 19.90, 20.66, 17.68, 15.33, 16.76, 17.50, 13.89, 12.47, 14.41, 11.67, 9.67, 13.13, 13.73, 10.70, 10.21, 13.40, 15.65
 30.27, 26.60, 25.07, 22.61, 19.84, 20.03, 20.21, 16.97, 15.47, 17.56, 16.45, 12.75, 12.75, 14.90, 13.72, 15.23, 12.08, 8.88, 6.48, 3.79, 0.00, 3.89, 5.68, 5.15, 5.83, 8.71, 9.93, 9.81, 11.35, 13.82, 14.74, 15.33, 17.41, 19.18, 20.06, 20.28, 20.41, 20.11, 17.64, 20.26, 18.33, 17.82, 15.80, 15.12, 17.90, 17.77, 14.80, 12.79, 10.77, 7.45, 8.80, 10.20, 7.59, 7.58, 11.24, 11.73, 10.14, 12.36, 15.05, 15.19, 16.66, 19.06, 21.93, 20.81, 23.29, 21.87, 23.15, 21.19, 18.04, 19.11, 20.31, 17.23, 14.95, 17.15, 18.09, 14.58, 13.54, 16.20, 13.89, 12.02, 15.52, 16.66, 14.02, 13.35, 16.08, 18.03
 29.06, 25.32, 23.49, 21.25, 18.52, 19.41, 19.66, 16.12, 15.19, 17.89, 16.73, 13.05, 13.95, 16.42, 15.03, 16.89, 14.00, 11.25, 7.89, 5.57, 3.89, 0.00, 3.92, 5.40, 4.60, 6.05, 8.43, 9.27, 9.93, 11.83, 13.59, 14.62, 15.94, 17.56, 19.15, 19.72, 19.29, 18.96, 17.08, 20.20, 18.96, 18.42, 16.59, 16.78, 19.93, 20.41, 17.79, 15.23, 13.48, 10.56, 11.17, 11.49, 8.00, 8.07, 11.48, 11.00, 8.45, 11.07, 13.80, 13.05, 14.36, 17.29, 19.83, 18.27, 20.72, 19.75, 20.79, 18.40, 15.61, 17.00, 17.72, 14.33, 12.69, 15.09, 15.42, 11.85, 11.75, 14.40, 12.09, 11.19, 14.82, 15.78, 13.67, 13.85, 16.36, 18.87
 26.46, 22.67, 20.60, 18.01, 15.62, 16.57, 16.32, 12.70, 12.24, 14.79, 13.21, 9.63, 11.24, 13.46, 11.80, 13.91, 11.48, 9.21, 5.54, 5.26, 5.68, 3.92, 0.00, 3.87, 5.36, 5.49, 6.40, 8.46, 10.14, 11.05, 12.14, 14.04, 15.62, 16.42, 17.94, 19.18, 19.21, 19.64, 18.14, 21.17, 20.05, 20.22, 18.95, 19.15, 22.41, 22.74, 20.07, 17.89, 16.30, 12.89, 13.34, 14.36, 11.14, 10.01, 13.56, 13.69, 10.66, 12.29, 15.61, 15.02, 15.40, 18.38, 20.48, 18.45, 20.27, 18.85, 19.33, 17.18, 14.44, 14.99, 15.52, 12.44, 10.31, 12.02, 12.59, 9.00, 8.15, 10.73, 8.59, 7.33, 10.93, 12.14, 10.36, 10.44, 12.63, 15.29
 25.18, 21.51, 20.01, 17.56, 14.74, 14.90, 15.15, 11.95, 10.38, 12.75, 11.92, 8.23, 8.62, 11.43, 10.78, 13.35, 11.17, 8.06, 5.59, 6.09, 5.15, 5.40, 3.87, 0.00, 3.84, 5.75, 5.24, 5.72, 8.33, 9.96, 10.19, 11.50, 13.82, 14.91, 15.70, 16.54, 17.06, 17.59, 15.70, 18.35, 16.88, 17.37, 16.38, 16.38, 19.66, 19.98, 17.53, 15.57, 14.54, 10.87, 10.67, 12.28, 9.72, 7.57, 11.15, 12.25, 9.72, 10.54, 14.03, 14.40, 14.68, 17.05, 19.43, 17.93, 19.83, 17.89, 18.88, 17.32, 14.04, 14.50, 15.95, 13.32, 10.44, 12.51, 14.09, 11.00, 9.33, 12.52, 11.22, 8.94, 12.04, 14.14, 12.42, 11.29, 12.97, 14.77
 25.54, 21.92, 20.60, 18.74, 15.55, 16.07, 17.02, 13.81, 12.16, 15.11, 14.86, 11.35, 11.64, 14.89, 14.53, 17.18, 14.92, 11.72, 9.08, 8.30, 5.83, 4.60, 5.36, 3.84, 0.00, 3.76, 5.29, 4.86, 5.65, 8.06, 9.46, 10.08, 11.71, 13.54, 14.78, 15.16, 14.93, 14.85, 12.97, 16.01, 14.92, 14.94, 13.83, 14.51, 18.06, 19.03, 17.02, 14.37, 13.75, 10.57, 9.62, 10.07, 7.04, 5.04, 8.32, 8.73, 5.91, 7.22, 10.52, 10.64, 11.29, 13.78, 16.37, 15.11, 17.52, 16.08, 17.56, 15.70, 12.41, 13.86, 15.42, 12.46, 10.26, 13.23, 14.44, 11.47, 10.96, 14.40, 13.22, 11.79, 14.96, 16.93, 15.45, 14.84, 16.45, 18.37
 23.52, 19.83, 18.13, 16.43, 13.40, 14.74, 15.60, 12.16, 11.37, 14.78, 14.40, 11.19, 12.51, 15.73, 15.15, 18.03, 16.15, 13.53, 10.43, 10.19, 8.71, 6.05, 5.49, 5.75, 3.76, 0.00, 3.77, 5.54, 5.43, 6.00, 8.25, 9.90, 10.62, 11.75, 13.81, 14.95, 14.32, 14.64, 13.72, 17.08, 16.77, 17.08, 16.40, 17.67, 21.36, 22.60, 20.73, 17.96, 17.36, 14.28, 13.28, 13.33, 10.08, 8.25, 10.81, 10.54, 6.87, 7.73, 11.11, 10.30, 10.06, 13.14, 15.02, 12.98, 14.99, 13.81, 14.74, 12.51, 9.57, 11.07, 12.06, 8.86, 7.17, 10.31, 11.03, 8.24, 8.62, 12.04, 11.29, 10.75, 13.67, 15.59, 14.84, 14.83, 16.01, 18.31
 20.65, 16.94, 15.40, 13.45, 10.32, 11.21, 12.05, 8.78, 7.61, 11.04, 10.96, 7.99, 9.28, 12.65, 12.58, 15.88, 14.65, 12.17, 9.77, 10.85, 9.93, 8.43, 6.40, 5.24, 5.29, 3.77, 0.00, 3.78, 5.72, 5.42, 5.78, 8.24, 9.84, 10.17, 11.60, 13.22, 13.46, 14.67, 13.85, 16.77, 16.33, 17.43, 17.32, 18.37, 22.05, 23.09, 21.27, 18.95, 18.62, 15.18, 13.95, 14.80, 12.13, 9.32, 11.88, 12.66, 9.38, 8.88, 12.63, 12.69, 11.67, 14.16, 15.76, 13.72, 15.07, 12.98, 13.68, 12.26, 8.98, 9.27, 10.90, 8.57, 5.46, 8.20, 10.13, 7.90, 6.82, 10.60, 10.74, 9.37, 11.66, 14.34, 13.98, 13.25, 13.68, 15.51
 21.28, 17.80, 17.04, 15.50, 11.98, 11.93, 13.55, 10.97, 8.55, 11.62, 12.44, 9.56, 9.31, 13.10, 13.84, 17.15, 15.81, 12.74, 11.03, 11.74, 9.81, 9.27, 8.46, 5.72, 4.86, 5.54, 3.78, 0.00, 3.77, 5.50, 5.14, 5.78, 8.32, 9.71, 10.26, 10.87, 11.39, 12.28, 10.80, 13.44, 12.66, 13.87, 13.98, 15.03, 18.72, 19.94, 18.50, 16.21, 16.49, 13.22, 11.24, 12.17, 10.21, 6.73, 8.80, 10.41, 7.93, 6.58, 10.31, 11.43, 10.70, 12.40, 14.57, 13.45, 15.26, 12.95, 14.58, 13.67, 9.98, 10.78, 13.29, 11.32, 8.35, 11.33, 13.61, 11.63, 10.44, 14.22, 14.29, 12.44, 14.71, 17.57, 16.83, 15.54, 16.04, 17.24
 21.89, 18.52, 17.87, 16.98, 13.34, 13.90, 15.96, 13.38, 11.41, 14.78, 15.75, 13.00, 13.04, 16.84, 17.44, 20.71, 19.17, 16.05, 13.88, 13.83, 11.35, 9.93, 10.14, 8.33, 5.65, 5.43, 5.72, 3.77, 0.00, 3.79, 5.64, 5.27, 6.14, 8.55, 9.94, 10.09, 9.36, 9.51, 8.42, 11.71, 11.74, 12.47, 12.66, 14.60, 18.46, 20.32, 19.30, 16.47, 17.05, 14.32, 11.94, 11.66, 9.54, 6.61, 7.48, 8.11, 5.39, 3.30, 7.03, 7.82, 6.95, 8.87, 11.19, 10.24, 12.63, 11.00, 13.18, 11.90, 8.33, 10.43, 12.84, 10.63, 8.76, 12.39, 14.05, 12.32, 12.27, 16.02, 16.07, 14.96, 17.38, 19.98, 19.38, 18.61, 19.23, 20.72
 18.87, 15.44, 14.53, 13.95, 10.40, 11.70, 13.81, 11.31, 10.09, 13.76, 14.78, 12.57, 13.39, 17.06, 17.61, 21.08, 20.01, 17.38, 15.06, 15.59, 13.82, 11.83, 11.05, 9.96, 8.06, 6.00, 5.42, 5.50, 3.79, 0.00, 3.83, 5.43, 5.00, 5.83, 8.30, 9.74, 8.87, 10.09, 10.38, 13.56, 14.30, 15.53, 16.16, 18.28, 22.14, 24.02, 22.99, 20.23, 20.68, 17.79, 15.61, 15.43, 13.10, 10.30, 11.20, 11.49, 8.41, 6.37, 9.51, 9.49, 7.20, 9.42, 10.47, 8.45, 9.95, 8.06, 9.64, 8.35, 4.68, 6.74, 9.13, 7.31, 5.75, 9.45, 11.09, 10.19, 10.56, 14.13, 14.92, 14.33, 16.20, 18.91, 19.03, 18.53, 18.57, 20.17
 16.45, 13.06, 12.66, 11.94, 8.16, 8.46, 11.00, 9.18, 7.16, 10.57, 12.30, 10.66, 10.94, 14.62, 15.85, 19.52, 19.00, 16.49, 14.91, 16.22, 14.74, 13.59, 12.14, 10.19, 9.46, 8.25, 5.78, 5.14, 5.64, 3.83, 0.00, 3.76, 5.35, 4.98, 5.82, 7.85, 8.52, 10.78, 10.88, 13.28, 13.70, 15.74, 16.86, 18.60, 22.34, 23.96, 22.99, 20.72, 21.39, 18.25, 15.93, 16.51, 14.73, 11.29, 12.26, 13.59, 11.01, 8.42, 11.64, 12.60, 10.29, 11.53, 12.46, 10.93, 11.63, 8.59, 10.00, 10.02, 6.39, 6.44, 9.75, 9.09, 6.33, 9.13, 11.90, 11.40, 10.55, 14.12, 15.45, 14.14, 15.43, 18.67, 18.95, 17.78, 17.24, 18.18
 18.14, 15.18, 15.53, 15.24, 11.46, 11.05, 14.02, 12.61, 9.97, 12.86, 15.03, 13.27, 12.60, 16.44, 18.07, 21.65, 20.90, 17.95, 16.66, 17.51, 15.33, 14.62, 14.04, 11.50, 10.08, 9.90, 8.24, 5.78, 5.27, 5.43, 3.76, 0.00, 3.84, 5.66, 5.20, 5.16, 5.93, 7.81, 7.44, 9.55, 10.07, 12.31, 13.88, 15.88, 19.57, 21.53, 21.08, 18.78, 20.06, 17.31, 14.39, 14.70, 13.63, 10.12, 10.02, 11.81, 10.18, 6.77, 9.37, 11.33, 9.28, 9.43, 10.94, 10.62, 11.97, 9.11, 11.67, 11.97, 8.40, 9.40, 12.89, 12.16, 9.86, 12.87, 15.48, 14.77, 14.02, 17.70, 18.70, 17.16, 18.73, 21.95, 21.84, 20.44, 20.17, 20.82
 17.86, 15.06, 15.36, 15.79, 12.14, 12.66, 15.73, 14.26, 12.40, 15.61, 17.62, 15.94, 15.90, 19.70, 21.02, 24.63, 23.79, 20.94, 19.15, 19.67, 17.41, 15.94, 15.62, 13.82, 11.71, 10.62, 9.84, 8.32, 6.14, 5.00, 5.35, 3.84, 0.00, 3.83, 5.37, 5.57, 3.89, 5.79, 7.19, 9.81, 11.56, 13.35, 15.03, 17.72, 21.47, 23.86, 23.62, 20.93, 22.24, 19.76, 16.80, 16.33, 14.97, 12.01, 11.38, 12.12, 10.33, 6.85, 8.55, 9.76, 6.76, 6.74, 7.38, 6.91, 8.32, 5.95, 9.13, 9.31, 6.22, 8.36, 11.57, 11.00, 9.90, 13.14, 15.12, 14.90, 15.09, 18.60, 19.75, 18.91, 20.47, 23.48, 23.67, 22.78, 22.50, 23.52
 14.23, 11.35, 11.66, 12.49, 9.06, 9.97, 13.12, 12.11, 10.88, 13.99, 16.11, 15.12, 15.56, 19.09, 20.45, 24.17, 23.84, 21.44, 19.73, 20.85, 19.18, 17.56, 16.42, 14.91, 13.54, 11.75, 10.17, 9.71, 8.55, 5.83, 4.98, 5.66, 3.83, 0.00, 3.84, 6.47, 5.97, 9.01, 10.85, 12.99, 14.71, 16.91, 18.69, 21.15, 24.88, 27.05, 26.60, 24.10, 25.18, 22.37, 19.67, 19.61, 17.99, 14.85, 14.81, 15.61, 13.33, 10.20, 12.27, 12.97, 9.62, 10.01, 9.48, 7.93, 7.54, 3.94, 6.12, 7.35, 4.72, 5.34, 8.88, 9.46, 8.45, 10.92, 13.15, 13.80, 13.89, 17.04, 18.88, 18.22, 19.14, 22.29, 23.07, 22.22, 21.34, 22.26
 13.48, 11.01, 12.32, 13.12, 9.71, 9.12, 12.75, 12.57, 10.49, 12.87, 15.71, 15.11, 14.72, 18.17, 20.19, 23.93, 23.89, 21.43, 20.36, 21.79, 20.06, 19.15, 17.94, 15.70, 14.78, 13.81, 11.60, 10.26, 9.94, 8.30, 5.82, 5.20, 5.37, 3.84, 0.00, 3.83, 5.65, 9.27, 10.60, 11.72, 13.17, 16.04, 18.29, 20.45, 23.98, 26.02, 25.82, 23.73, 25.16, 22.36, 19.42, 19.81, 18.81, 15.32, 15.04, 16.66, 14.95, 11.45, 13.44, 15.08, 12.11, 11.65, 11.55, 11.05, 10.75, 7.03, 9.15, 11.06, 8.46, 8.15, 11.93, 12.77, 10.94, 12.99, 15.86, 16.37, 15.63, 18.86, 20.77, 19.48, 20.17, 23.64, 24.28, 22.85, 21.72, 21.99
 16.64, 14.56, 16.12, 16.85, 13.37, 12.41, 16.01, 15.70, 13.08, 15.26, 18.20, 17.23, 16.17, 19.76, 21.99, 25.62, 25.28, 22.43, 21.53, 22.54, 20.28, 19.72, 19.18, 16.54, 15.16, 14.95, 13.22, 10.87, 10.09, 9.74, 7.85, 5.16, 5.57, 6.47, 3.83, 0.00, 3.75, 6.86, 7.80, 8.14, 9.83, 12.89, 15.57, 17.90, 21.25, 23.55, 23.85, 21.78, 23.71, 21.32, 17.99, 18.13, 17.79, 14.42, 13.30, 15.21, 14.37, 10.58, 11.78, 14.20, 11.70, 10.24, 10.76, 11.53, 12.08, 9.01, 12.02, 13.61, 10.85, 11.51, 15.24, 15.54, 13.74, 16.26, 19.01, 19.05, 18.34, 21.81, 23.30, 21.77, 22.87, 26.31, 26.51, 24.90, 24.15, 24.30
 18.17, 16.01, 17.16, 18.14, 14.62, 14.57, 18.03, 17.18, 15.02, 17.76, 20.29, 18.92, 18.35, 22.11, 23.88, 27.51, 26.82, 23.85, 22.40, 22.92, 20.41, 19.29, 19.21, 17.06, 14.93, 14.32, 13.46, 11.39, 9.36, 8.87, 8.52, 5.93, 3.89, 5.97, 5.65, 3.75, 0.00, 3.78, 6.27, 7.62, 10.26, 12.49, 14.97, 17.92, 21.41, 24.10, 24.47, 21.94, 23.81, 21.68, 18.32, 17.71, 17.09, 14.20, 12.66, 13.71, 12.88, 9.14, 9.57, 11.54, 8.74, 6.85, 7.02, 8.26, 9.32, 7.16, 10.79, 11.86, 9.46, 11.25, 14.59, 14.56, 13.58, 16.55, 18.68, 18.72, 18.76, 22.24, 23.54, 22.51, 23.93, 27.09, 27.29, 26.14, 25.70, 26.35
 21.89, 19.68, 20.57, 21.37, 17.76, 17.87, 21.16, 19.88, 17.64, 20.54, 22.79, 20.94, 20.27, 24.13, 25.68, 29.16, 28.02, 24.78, 23.14, 23.04, 20.11, 18.96, 19.64, 17.59, 14.85, 14.64, 14.67, 12.28, 9.51, 10.09, 10.78, 7.81, 5.79, 9.01, 9.27, 6.86, 3.78, 0.00, 3.85, 5.78, 8.89, 10.13, 12.48, 15.87, 19.27, 22.33, 22.98, 20.17, 22.24, 20.62, 17.14, 15.84, 15.50, 13.24, 10.92, 11.45, 11.43, 7.97, 6.94, 9.23, 7.23, 4.17, 5.64, 8.21, 10.49, 9.57, 13.35, 13.63, 11.31, 13.91, 16.90, 16.20, 15.51, 18.88, 20.61, 20.18, 20.55, 24.15, 24.94, 24.01, 25.89, 28.82, 28.64, 27.66, 27.70, 28.58
 23.96, 21.50, 22.24, 22.44, 18.68, 18.37, 21.45, 19.94, 17.26, 19.98, 22.08, 19.89, 18.75, 22.59, 24.15, 27.42, 26.03, 22.57, 21.18, 20.84, 17.64, 17.08, 18.14, 15.70, 12.97, 13.72, 13.85, 10.80, 8.42, 10.38, 10.88, 7.44, 7.19, 10.85, 10.60, 7.80, 6.27, 3.85, 0.00, 3.76, 5.62, 6.54, 8.80, 12.06, 15.50, 18.49, 19.15, 16.42, 18.66, 17.21, 13.59, 12.36, 12.56, 10.32, 7.56, 8.82, 9.61, 6.32, 5.24, 8.73, 8.13, 5.90, 8.83, 10.96, 13.66, 12.42, 16.01, 15.94, 13.02, 15.47, 18.57, 17.34, 16.03, 19.53, 21.45, 20.39, 20.35, 24.10, 24.45, 23.11, 25.29, 28.17, 27.52, 26.30, 26.70, 27.49
 24.72, 22.67, 23.96, 24.35, 20.65, 19.77, 23.05, 22.05, 19.05, 21.29, 23.79, 21.91, 20.25, 23.95, 25.95, 29.20, 28.01, 24.53, 23.62, 23.47, 20.26, 20.20, 21.17, 18.35, 16.01, 17.08, 16.77, 13.44, 11.71, 13.56, 13.28, 9.55, 9.81, 12.99, 11.72, 8.14, 7.62, 5.78, 3.76, 0.00, 3.81, 5.83, 9.24, 12.18, 15.07, 18.14, 19.44, 17.19, 19.97, 18.80, 14.99, 14.08, 15.11, 12.85, 9.86, 11.73, 13.07, 9.89, 8.72, 12.31, 11.74, 8.97, 11.28, 13.90, 16.16, 14.63, 18.30, 18.82, 15.97, 18.01, 21.37, 20.54, 19.00, 22.28, 24.52, 23.61, 23.22, 26.99, 27.49, 25.85, 27.84, 30.92, 30.24, 28.68, 28.89, 29.24
 26.25, 23.99, 25.12, 24.96, 21.25, 19.99, 22.97, 21.87, 18.55, 20.46, 22.80, 20.74, 18.61, 22.13, 24.19, 27.19, 25.88, 22.29, 21.79, 21.57, 18.33, 18.96, 20.05, 16.88, 14.92, 16.77, 16.33, 12.66, 11.74, 14.30, 13.70, 10.07, 11.56, 14.71, 13.17, 9.83, 10.26, 8.89, 5.62, 3.81, 0.00, 3.78, 7.06, 9.12, 11.93, 14.69, 15.97, 14.07, 17.01, 15.92, 12.08, 11.72, 13.37, 11.10, 8.26, 11.04, 12.77, 10.10, 9.55, 13.38, 13.49, 11.48, 14.32, 16.47, 18.89, 17.04, 20.49, 20.80, 17.56, 19.31, 22.72, 21.58, 19.52, 22.72, 25.14, 23.79, 22.95, 26.75, 26.93, 24.89, 27.01, 30.05, 29.00, 27.16, 27.61, 27.78
 29.41, 26.97, 27.77, 27.48, 23.70, 22.80, 25.59, 24.05, 20.89, 23.05, 24.99, 22.51, 20.57, 24.08, 25.73, 28.52, 26.75, 23.02, 22.24, 21.37, 17.82, 18.42, 20.22, 17.37, 14.94, 17.08, 17.43, 13.87, 12.47, 15.53, 15.74, 12.31, 13.35, 16.91, 16.04, 12.89, 12.49, 10.13, 6.54, 5.83, 3.78, 0.00, 3.71, 6.59, 9.38, 12.69, 14.21, 11.89, 15.00, 14.63, 10.85, 9.53, 11.69, 10.46, 6.97, 9.13, 11.83, 10.08, 8.58, 12.28, 13.40, 11.56, 14.87, 17.19, 20.14, 18.89, 22.41, 22.17, 19.01, 21.27, 24.37, 22.74, 20.97, 24.42, 26.45, 24.74, 24.23, 28.03, 27.76, 25.90, 28.41, 31.14, 29.77, 28.20, 29.12, 29.63
 31.72, 28.99, 29.36, 28.71, 24.95, 24.27, 26.71, 24.74, 21.72, 23.98, 25.42, 22.56, 20.76, 24.15, 25.34, 27.83, 25.65, 21.86, 20.93, 19.50, 15.80, 16.59, 18.95, 16.38, 13.83, 16.40, 17.32, 13.98, 12.66, 16.16, 16.86, 13.88, 15.03, 18.69, 18.29, 15.57, 14.97, 12.48, 8.80, 9.24, 7.06, 3.71, 0.00, 3.92, 7.11, 10.43, 11.60, 8.78, 11.79, 11.93, 8.45, 6.39, 9.08, 8.95, 5.60, 7.28, 10.62, 10.12, 8.68, 11.82, 13.88, 12.84, 16.48, 18.41, 21.69, 20.69, 24.02, 23.25, 20.03, 22.46, 25.25, 23.12, 21.39, 24.90, 26.64, 24.48, 24.07, 27.78, 27.01, 25.22, 28.06, 30.45, 28.72, 27.34, 28.74, 29.52
 33.61, 30.81, 31.11, 30.05, 26.39, 25.39, 27.50, 25.55, 22.39, 24.22, 25.44, 22.53, 20.36, 23.36, 24.53, 26.63, 24.34, 20.57, 20.16, 18.67, 15.12, 16.78, 19.15, 16.38, 14.51, 17.67, 18.37, 15.03, 14.60, 18.28, 18.60, 15.88, 17.72, 21.15, 20.45, 17.90, 17.92, 15.87, 12.06, 12.18, 9.12, 6.59, 3.92, 0.00, 3.87, 6.63, 7.81, 5.52, 9.05, 9.69, 6.59, 5.71, 9.32, 9.50, 7.36, 9.57, 12.63, 12.62, 12.00, 14.93, 17.07, 16.42, 20.07, 21.71, 24.90, 23.58, 26.72, 25.95, 22.53, 24.59, 27.39, 25.16, 23.03, 26.31, 28.20, 25.74, 24.90, 28.50, 27.45, 25.29, 28.17, 30.46, 28.36, 26.71, 28.34, 28.90
 37.05, 34.34, 34.76, 33.65, 30.02, 28.83, 30.88, 29.04, 25.79, 27.34, 28.54, 25.69, 23.28, 25.98, 27.20, 28.99, 26.65, 22.96, 22.92, 21.29, 17.90, 19.93, 22.41, 19.66, 18.06, 21.36, 22.05, 18.72, 18.46, 22.14, 22.34, 19.57, 21.47, 24.88, 23.98, 21.25, 21.41, 19.27, 15.50, 15.07, 11.93, 9.38, 7.11, 3.87, 0.00, 3.88, 6.73, 5.95, 9.67, 11.42, 9.23, 8.70, 12.49, 13.12, 11.21, 13.10, 16.32, 16.48, 15.63, 18.47, 20.78, 19.94, 23.56, 25.41, 28.62, 27.32, 30.52, 29.80, 26.39, 28.41, 31.24, 29.01, 26.82, 30.04, 31.96, 29.41, 28.45, 31.99, 30.79, 28.50, 31.38, 33.58, 31.26, 29.49, 31.26, 31.62
 38.66, 35.88, 36.16, 34.71, 31.23, 29.83, 31.53, 29.71, 26.45, 27.62, 28.54, 25.72, 23.12, 25.35, 26.46, 27.80, 25.42, 21.91, 22.36, 20.77, 17.77, 20.41, 22.74, 19.98, 19.03, 22.60, 23.09, 19.94, 20.32, 24.02, 23.96, 21.53, 23.86, 27.05, 26.02, 23.55, 24.10, 22.33, 18.49, 18.14, 14.69, 12.69, 10.43, 6.63, 3.88, 0.00, 3.89, 5.46, 8.53, 10.58, 9.48, 10.12, 13.74, 14.44, 13.44, 15.52, 18.34, 18.79, 18.53, 21.22, 23.52, 23.04, 26.68, 28.22, 31.34, 29.80, 32.78, 32.03, 28.48, 30.20, 32.96, 30.66, 28.19, 31.15, 33.15, 30.40, 29.09, 32.45, 31.03, 28.48, 31.32, 33.36, 30.77, 28.81, 30.75, 30.93
 38.12, 35.11, 35.03, 33.22, 29.90, 28.63, 29.93, 27.87, 24.82, 25.95, 26.41, 23.44, 21.02, 22.99, 23.69, 24.75, 22.15, 18.75, 19.25, 17.52, 14.80, 17.79, 20.07, 17.53, 17.02, 20.73, 21.27, 18.50, 19.30, 22.99, 22.99, 21.08, 23.62, 26.60, 25.82, 23.85, 24.47, 22.98, 19.15, 19.44, 15.97, 14.21, 11.60, 7.81, 6.73, 3.89, 0.00, 3.78, 5.42, 7.40, 7.51, 9.01, 12.07, 12.98, 13.00, 14.99, 17.26, 18.21, 18.58, 20.88, 23.22, 23.35, 27.02, 28.04, 31.12, 29.51, 32.19, 31.19, 27.61, 29.14, 31.66, 29.16, 26.59, 29.36, 31.22, 28.24, 26.81, 29.97, 28.27, 25.69, 28.61, 30.39, 27.60, 25.71, 27.91, 28.24
 36.40, 33.30, 33.08, 31.45, 28.00, 27.12, 28.58, 26.27, 23.37, 25.00, 25.46, 22.27, 20.26, 22.69, 23.22, 24.65, 21.90, 18.30, 18.06, 16.01, 12.79, 15.23, 17.89, 15.57, 14.37, 17.96, 18.95, 16.21, 16.47, 20.23, 20.72, 18.78, 20.93, 24.10, 23.73, 21.78, 21.94, 20.17, 16.42, 17.19, 14.07, 11.89, 8.78, 5.52, 5.95, 5.46, 3.78, 0.00, 3.79, 5.81, 5.08, 5.41, 8.66, 10.06, 9.83, 11.39, 13.85, 15.07, 15.21, 17.30, 19.85, 20.12, 23.83, 24.82, 28.05, 26.74, 29.48, 28.25, 24.78, 26.65, 29.04, 26.40, 24.13, 27.15, 28.77, 25.80, 24.78, 28.06, 26.37, 24.12, 27.24, 29.01, 26.37, 24.84, 27.07, 27.81
 37.37, 34.06, 33.44, 31.47, 28.21, 27.58, 28.60, 25.99, 23.43, 25.06, 24.95, 21.57, 19.94, 22.04, 21.98, 23.00, 19.92, 16.52, 16.13, 13.62, 10.77, 13.48, 16.30, 14.54, 13.75, 17.36, 18.62, 16.49, 17.05, 20.68, 21.39, 20.06, 22.24, 25.18, 25.16, 23.71, 23.81, 22.24, 18.66, 19.97, 17.01, 15.00, 11.79, 9.05, 9.67, 8.53, 5.42, 3.79, 0.00, 3.86, 5.80, 6.56, 8.39, 10.44, 11.38, 12.35, 14.12, 16.06, 16.70, 18.13, 20.81, 21.72, 25.38, 25.86, 29.07, 27.84, 30.23, 28.67, 25.27, 27.03, 29.05, 26.13, 23.91, 26.71, 28.04, 24.78, 23.79, 26.77, 24.65, 22.52, 25.79, 27.13, 24.21, 22.93, 25.58, 26.60
 34.07, 30.70, 29.95, 27.83, 24.67, 24.03, 24.87, 22.24, 19.75, 21.34, 21.11, 17.73, 16.17, 18.30, 18.21, 19.42, 16.42, 12.89, 12.48, 10.31, 7.45, 10.56, 12.89, 10.87, 10.57, 14.28, 15.18, 13.22, 14.32, 17.79, 18.25, 17.31, 19.76, 22.37, 22.36, 21.32, 21.68, 20.62, 17.21, 18.80, 15.92, 14.63, 11.93, 9.69, 11.42, 10.58, 7.40, 5.81, 3.86, 0.00, 3.85, 6.22, 6.88, 7.92, 9.91, 11.36, 12.22, 13.97, 15.41, 16.82, 19.02, 20.24, 23.73, 23.81, 26.76, 25.25, 27.39, 25.90, 22.43, 23.86, 25.85, 23.03, 20.57, 23.18, 24.66, 21.42, 20.17, 23.15, 21.16, 18.84, 22.03, 23.53, 20.72, 19.29, 21.80, 22.83
 31.74, 28.52, 28.14, 26.41, 23.00, 22.22, 23.60, 21.21, 18.37, 20.17, 20.59, 17.35, 15.53, 18.25, 18.79, 20.63, 18.05, 14.29, 13.77, 12.18, 8.80, 11.17, 13.34, 10.67, 9.62, 13.28, 13.95, 11.24, 11.94, 15.61, 15.93, 14.39, 16.80, 19.67, 19.42, 17.99, 18.32, 17.14, 13.59, 14.99, 12.08, 10.85, 8.45, 6.59, 9.23, 9.48, 7.51, 5.08, 5.80, 3.85, 0.00, 3.80, 5.56, 5.53, 6.58, 8.84, 10.21, 11.18, 12.38, 14.42, 16.41, 17.13, 20.68, 21.14, 24.12, 22.53, 25.00, 23.81, 20.25, 21.85, 24.23, 21.66, 19.20, 22.12, 23.87, 20.98, 19.81, 23.17, 21.71, 19.40, 22.44, 24.43, 22.06, 20.48, 22.47, 23.31
 32.66, 29.46, 29.06, 27.66, 24.12, 23.76, 25.41, 22.83, 20.20, 22.48, 22.98, 19.64, 18.25, 21.27, 21.65, 23.65, 20.94, 17.22, 16.02, 13.93, 10.20, 11.49, 14.36, 12.28, 10.07, 13.33, 14.80, 12.17, 11.66, 15.43, 16.51, 14.70, 16.33, 19.61, 19.81, 18.13, 17.71, 15.84, 12.36, 14.08, 11.72, 9.53, 6.39, 5.71, 8.70, 10.12, 9.01, 5.41, 6.56, 6.22, 3.80, 0.00, 3.79, 5.51, 5.06, 6.07, 8.49, 9.98, 10.18, 11.97, 14.58, 15.20, 18.89, 19.64, 22.97, 21.94, 24.64, 23.18, 19.85, 22.06, 24.29, 21.54, 19.63, 22.92, 24.29, 21.46, 20.96, 24.39, 22.89, 21.10, 24.33, 26.18, 23.95, 22.84, 24.90, 26.09
 31.17, 27.77, 26.94, 25.42, 22.00, 22.13, 23.52, 20.59, 18.42, 21.04, 21.15, 17.63, 16.93, 20.01, 19.91, 22.00, 19.19, 15.61, 13.67, 11.37, 7.59, 8.00, 11.14, 9.72, 7.04, 10.08, 12.13, 10.21, 9.54, 13.10, 14.73, 13.63, 14.97, 17.99, 18.81, 17.79, 17.09, 15.50, 12.56, 15.11, 13.37, 11.69, 9.08, 9.32, 12.49, 13.74, 12.07, 8.66, 8.39, 6.88, 5.56, 3.79, 0.00, 3.84, 5.26, 4.92, 5.77, 8.32, 9.32, 10.09, 12.67, 14.19, 17.67, 17.74, 21.01, 20.16, 22.50, 20.64, 17.45, 19.72, 21.53, 18.51, 16.83, 20.11, 21.11, 18.13, 17.96, 21.28, 19.63, 18.21, 21.58, 23.22, 21.10, 20.42, 22.58, 24.22
 27.63, 24.29, 23.67, 22.20, 18.69, 18.54, 20.12, 17.43, 14.96, 17.55, 18.04, 14.71, 13.77, 17.14, 17.52, 20.04, 17.70, 14.04, 12.38, 11.12, 7.58, 8.07, 10.01, 7.57, 5.04, 8.25, 9.32, 6.73, 6.61, 10.30, 11.29, 10.12, 12.01, 14.85, 15.32, 14.42, 14.20, 13.24, 10.32, 12.85, 11.10, 10.46, 8.95, 9.50, 13.12, 14.44, 12.98, 10.06, 10.44, 7.92, 5.53, 5.51, 3.84, 0.00, 3.78, 5.50, 5.18, 6.10, 8.26, 9.81, 11.33, 12.67, 15.99, 15.94, 18.87, 17.45, 19.79, 18.37, 14.90, 16.79, 19.01, 16.36, 14.20, 17.45, 18.99, 16.32, 15.69, 19.26, 18.17, 16.40, 19.45, 21.60, 19.85, 18.74, 20.37, 21.70
 28.15, 25.06, 24.91, 23.95, 20.25, 19.99, 22.12, 19.76, 17.07, 19.70, 20.74, 17.68, 16.46, 20.00, 20.81, 23.48, 21.29, 17.59, 16.11, 14.86, 11.24, 11.48, 13.56, 11.15, 8.32, 10.81, 11.88, 8.80, 7.48, 11.20, 12.26, 10.02, 11.38, 14.81, 15.04, 13.30, 12.66, 10.92, 7.56, 9.86, 8.26, 6.97, 5.60, 7.36, 11.21, 13.44, 13.00, 9.83, 11.38, 9.91, 6.58, 5.06, 5.26, 3.78, 0.00, 3.73, 5.61, 5.39, 5.86, 8.50, 10.28, 10.59, 14.21, 15.05, 18.24, 17.07, 19.96, 18.81, 15.45, 17.77, 20.30, 17.92, 16.10, 19.61, 21.21, 18.91, 18.57, 22.26, 21.47, 19.84, 22.74, 25.07, 23.50, 22.36, 23.75, 24.89
 29.56, 26.39, 25.91, 25.08, 21.45, 21.81, 23.83, 21.13, 18.94, 21.94, 22.66, 19.43, 18.84, 22.38, 22.71, 25.30, 22.86, 19.30, 17.18, 15.37, 11.73, 11.00, 13.69, 12.25, 8.73, 10.54, 12.66, 10.41, 8.11, 11.49, 13.59, 11.81, 12.12, 15.61, 16.66, 15.21, 13.71, 11.45, 8.82, 11.73, 11.04, 9.13, 7.28, 9.57, 13.10, 15.52, 14.99, 11.39, 12.35, 11.36, 8.84, 6.07, 4.92, 5.50, 3.73, 0.00, 3.84, 5.44, 4.75, 5.91, 8.80, 9.74, 13.34, 14.02, 17.56, 17.17, 19.97, 18.25, 15.30, 18.18, 20.20, 17.45, 16.35, 20.02, 20.99, 18.61, 19.01, 22.54, 21.51, 20.48, 23.60, 25.56, 24.02, 23.46, 25.10, 26.72
 27.10, 23.74, 22.87, 21.89, 18.40, 19.18, 20.94, 18.00, 16.25, 19.51, 19.94, 16.70, 16.73, 20.29, 20.32, 23.06, 20.75, 17.42, 14.86, 13.36, 10.14, 8.45, 10.66, 9.72, 5.91, 6.87, 9.38, 7.93, 5.39, 8.41, 11.01, 10.18, 10.33, 13.33, 14.95, 14.37, 12.88, 11.43, 9.61, 13.07, 12.77, 11.83, 10.62, 12.63, 16.32, 18.34, 17.26, 13.85, 14.12, 12.22, 10.21, 8.49, 5.77, 5.18, 5.61, 3.84, 0.00, 3.83, 5.43, 5.11, 7.11, 9.36, 12.46, 12.08, 15.38, 14.90, 17.23, 15.20, 12.25, 15.05, 16.74, 13.80, 12.79, 16.44, 17.21, 14.81, 15.43, 18.90, 17.97, 17.23, 20.30, 22.21, 20.95, 20.66, 22.17, 24.06
 24.15, 20.99, 20.61, 20.04, 16.35, 16.82, 19.11, 16.66, 14.54, 17.79, 18.90, 16.08, 15.78, 19.59, 20.26, 23.38, 21.57, 18.23, 16.10, 15.41, 12.36, 11.07, 12.29, 10.54, 7.22, 7.73, 8.88, 6.58, 3.30, 6.37, 8.42, 6.77, 6.85, 10.20, 11.45, 10.58, 9.14, 7.97, 6.32, 9.89, 10.10, 10.08, 10.12, 12.62, 16.48, 18.79, 18.21, 15.07, 16.06, 13.97, 11.18, 9.98, 8.32, 6.10, 5.39, 5.44, 3.83, 0.00, 3.79, 5.34, 5.50, 6.82, 9.93, 9.96, 13.05, 12.04, 14.80, 13.46, 10.23, 12.95, 15.32, 13.06, 11.77, 15.50, 16.87, 15.11, 15.40, 19.10, 18.89, 17.89, 20.51, 22.95, 22.11, 21.40, 22.29, 23.76
 26.41, 23.51, 23.42, 23.25, 19.55, 20.03, 22.58, 20.27, 18.13, 21.32, 22.62, 19.85, 19.38, 23.19, 23.95, 26.99, 25.05, 21.60, 19.49, 18.39, 15.05, 13.80, 15.61, 14.03, 10.52, 11.11, 12.63, 10.31, 7.03, 9.51, 11.64, 9.37, 8.55, 12.27, 13.44, 11.78, 9.57, 6.94, 5.24, 8.72, 9.55, 8.58, 8.68, 12.00, 15.63, 18.53, 18.58, 15.21, 16.70, 15.41, 12.38, 10.18, 9.32, 8.26, 5.86, 4.75, 5.43, 3.79, 0.00, 3.84, 5.22, 5.07, 8.76, 10.02, 13.57, 13.31, 16.50, 15.21, 12.48, 15.65, 17.95, 15.80, 15.07, 18.86, 19.98, 18.38, 19.02, 22.65, 22.37, 21.55, 24.24, 26.57, 25.66, 25.07, 26.06, 27.52
 27.14, 24.10, 23.51, 23.32, 19.84, 21.00, 23.24, 20.57, 19.06, 22.55, 23.40, 20.50, 20.71, 24.44, 24.68, 27.64, 25.55, 22.32, 19.66, 18.27, 15.19, 13.05, 15.02, 14.40, 10.64, 10.30, 12.69, 11.43, 7.82, 9.49, 12.60, 11.33, 9.76, 12.97, 15.08, 14.20, 11.54, 9.23, 8.73, 12.31, 13.38, 12.28, 11.82, 14.93, 18.47, 21.22, 20.88, 17.30, 18.13, 16.82, 14.42, 11.97, 10.09, 9.81, 8.50, 5.91, 5.11, 5.34, 3.84, 0.00, 3.80, 5.76, 8.62, 8.90, 12.65, 13.26, 15.97, 13.92, 11.77, 15.33, 16.88, 14.33, 14.41, 18.20, 18.59, 16.96, 18.33, 21.70, 21.23, 21.05, 23.85, 25.80, 25.01, 24.99, 26.15, 28.09
 23.64, 20.72, 20.27, 20.48, 17.04, 18.39, 20.86, 18.49, 17.17, 20.74, 21.89, 19.41, 19.83, 23.62, 24.10, 27.36, 25.71, 22.68, 20.08, 19.38, 16.66, 14.36, 15.40, 14.68, 11.29, 10.06, 11.67, 10.70, 6.95, 7.20, 10.29, 9.28, 6.76, 9.62, 12.11, 11.70, 8.74, 7.23, 8.13, 11.74, 13.49, 13.40, 13.88, 17.07, 20.78, 23.52, 23.22, 19.85, 20.81, 19.02, 16.41, 14.58, 12.67, 11.33, 10.28, 8.80, 7.11, 5.50, 5.22, 3.80, 0.00, 3.78, 5.64, 5.27, 8.94, 9.50, 12.29, 10.51, 8.49, 12.17, 13.88, 11.88, 12.20, 15.91, 16.49, 15.54, 16.96, 20.31, 20.50, 20.42, 22.78, 25.01, 24.76, 24.66, 25.28, 27.08
 23.75, 21.23, 21.45, 22.08, 18.54, 19.37, 22.30, 20.42, 18.66, 21.98, 23.66, 21.42, 21.31, 25.19, 26.16, 29.52, 28.02, 24.82, 22.61, 22.03, 19.06, 17.29, 18.38, 17.05, 13.78, 13.14, 14.16, 12.40, 8.87, 9.42, 11.53, 9.43, 6.74, 10.01, 11.65, 10.24, 6.85, 4.17, 5.90, 8.97, 11.48, 11.56, 12.84, 16.42, 19.94, 23.04, 23.35, 20.12, 21.72, 20.24, 17.13, 15.20, 14.19, 12.67, 10.59, 9.74, 9.36, 6.82, 5.07, 5.76, 3.78, 0.00, 3.74, 6.01, 9.40, 9.77, 13.24, 12.41, 10.48, 13.87, 16.14, 14.78, 14.81, 18.43, 19.45, 18.78, 19.83, 23.31, 23.74, 23.32, 25.53, 28.04, 27.79, 27.34, 27.75, 29.17
 22.12, 19.91, 20.25, 21.47, 18.22, 19.41, 22.44, 20.85, 19.54, 22.87, 24.69, 22.84, 23.06, 26.88, 27.88, 31.38, 30.17, 27.20, 24.90, 24.61, 21.93, 19.83, 20.48, 19.43, 16.37, 15.02, 15.76, 14.57, 11.19, 10.47, 12.46, 10.94, 7.38, 9.48, 11.55, 10.76, 7.02, 5.64, 8.83, 11.28, 14.32, 14.87, 16.48, 20.07, 23.56, 26.68, 27.02, 23.83, 25.38, 23.73, 20.68, 18.89, 17.67, 15.99, 14.21, 13.34, 12.46, 9.93, 8.76, 8.62, 5.64, 3.74, 0.00, 3.88, 6.54, 7.83, 11.17, 10.72, 9.81, 13.12, 15.10, 14.41, 15.10, 18.40, 19.20, 19.23, 20.61, 23.83, 24.72, 24.65, 26.50, 29.04, 29.25, 28.97, 29.01, 30.45
 20.42, 17.90, 17.63, 18.74, 15.70, 17.52, 20.19, 18.36, 17.65, 21.17, 22.61, 20.83, 21.65, 25.34, 25.99, 29.48, 28.36, 25.69, 23.13, 23.04, 20.81, 18.27, 18.45, 17.93, 15.11, 12.98, 13.72, 13.45, 10.24, 8.45, 10.93, 10.62, 6.91, 7.93, 11.05, 11.53, 8.26, 8.21, 10.96, 13.90, 16.47, 17.19, 18.41, 21.71, 25.41, 28.22, 28.04, 24.82, 25.86, 23.81, 21.14, 19.64, 17.74, 15.94, 15.05, 14.02, 12.08, 9.96, 10.02, 8.90, 5.27, 6.01, 3.88, 0.00, 3.82, 5.74, 8.31, 7.06, 6.66, 10.19, 11.59, 10.85, 12.11, 15.23, 15.65, 15.94, 17.69, 20.66, 21.69, 22.01, 23.70, 26.08, 26.57, 26.60, 26.55, 28.25
 17.61, 15.42, 15.27, 17.00, 14.44, 16.53, 19.20, 17.86, 17.62, 20.96, 22.54, 21.33, 22.41, 25.90, 26.67, 30.25, 29.56, 27.20, 24.75, 25.14, 23.29, 20.72, 20.27, 19.83, 17.52, 14.99, 15.07, 15.26, 12.63, 9.95, 11.63, 11.97, 8.32, 7.54, 10.75, 12.08, 9.32, 10.49, 13.66, 16.16, 18.89, 20.14, 21.69, 24.90, 28.62, 31.34, 31.12, 28.05, 29.07, 26.76, 24.12, 22.97, 21.01, 18.87, 18.24, 17.56, 15.38, 13.05, 13.57, 12.65, 8.94, 9.40, 6.54, 3.82, 0.00, 3.89, 5.43, 5.26, 6.44, 8.97, 10.04, 10.54, 12.18, 14.58, 15.01, 16.19, 17.93, 20.53, 22.17, 22.68, 23.81, 26.29, 27.30, 27.35, 26.79, 28.36
 14.70, 12.28, 12.50, 14.14, 11.28, 12.93, 15.87, 14.89, 14.33, 17.47, 19.39, 18.45, 19.27, 22.73, 23.84, 27.52, 27.12, 24.80, 22.74, 23.59, 21.87, 19.75, 18.85, 17.89, 16.08, 13.81, 12.98, 12.95, 11.00, 8.06, 8.59, 9.11, 5.95, 3.94, 7.03, 9.01, 7.16, 9.57, 12.42, 14.63, 17.04, 18.89, 20.69, 23.58, 27.32, 29.80, 29.51, 26.74, 27.84, 25.25, 22.53, 21.94, 20.16, 17.45, 17.07, 17.17, 14.90, 12.04, 13.31, 13.26, 9.50, 9.77, 7.83, 5.74, 3.89, 0.00, 3.81, 5.35, 4.83, 6.38, 8.73, 9.73, 10.24, 12.52, 13.87, 15.07, 16.02, 18.82, 20.74, 20.72, 21.61, 24.46, 25.50, 25.10, 24.24, 25.43
 12.86, 10.36, 9.87, 11.87, 9.79, 12.24, 14.64, 13.81, 14.21, 17.22, 18.78, 18.29, 19.73, 22.83, 23.66, 27.28, 27.18, 25.31, 23.15, 24.33, 23.15, 20.79, 19.33, 18.88, 17.56, 14.74, 13.68, 14.58, 13.18, 9.64, 10.00, 11.67, 9.13, 6.12, 9.15, 12.02, 10.79, 13.35, 16.01, 18.30, 20.49, 22.41, 24.02, 26.72, 30.52, 32.78, 32.19, 29.48, 30.23, 27.39, 25.00, 24.64, 22.50, 19.79, 19.96, 19.97, 17.23, 14.80, 16.50, 15.97, 12.29, 13.24, 11.17, 8.31, 5.43, 3.81, 0.00, 3.76, 5.25, 5.05, 6.13, 8.36, 9.55, 10.81, 11.77, 13.82, 15.01, 17.20, 19.58, 20.00, 20.38, 23.08, 24.63, 24.52, 23.31, 24.64
 16.14, 13.27, 11.91, 13.02, 10.85, 13.76, 15.66, 13.93, 14.58, 17.99, 18.93, 17.85, 19.67, 22.82, 23.11, 26.58, 26.06, 24.18, 21.56, 22.34, 21.19, 18.40, 17.18, 17.32, 15.70, 12.51, 12.26, 13.67, 11.90, 8.35, 10.02, 11.97, 9.31, 7.35, 11.06, 13.61, 11.86, 13.63, 15.94, 18.82, 20.80, 22.17, 23.25, 25.95, 29.80, 32.03, 31.19, 28.25, 28.67, 25.90, 23.81, 23.18, 20.64, 18.37, 18.81, 18.25, 15.20, 13.46, 15.21, 13.92, 10.51, 12.41, 10.72, 7.06, 5.26, 5.35, 3.76, 0.00, 3.77, 5.28, 4.97, 5.73, 8.05, 9.85, 9.85, 11.50, 13.47, 15.65, 17.54, 18.41, 19.25, 21.53, 22.90, 23.24, 22.52, 24.38
 16.32, 13.08, 12.00, 12.40, 9.38, 11.70, 13.88, 11.88, 11.77, 15.35, 16.46, 15.03, 16.45, 19.83, 20.33, 23.87, 23.22, 21.05, 18.62, 19.41, 18.04, 15.61, 14.44, 14.04, 12.41, 9.57, 8.98, 9.98, 8.33, 4.68, 6.39, 8.40, 6.22, 4.72, 8.46, 10.85, 9.46, 11.31, 13.02, 15.97, 17.56, 19.01, 20.03, 22.53, 26.39, 28.48, 27.61, 24.78, 25.27, 22.43, 20.25, 19.85, 17.45, 14.90, 15.45, 15.30, 12.25, 10.23, 12.48, 11.77, 8.49, 10.48, 9.81, 6.66, 6.44, 4.83, 5.25, 3.77, 0.00, 3.85, 5.72, 5.27, 5.82, 8.67, 9.71, 10.38, 11.62, 14.50, 16.10, 16.31, 17.49, 20.09, 21.01, 20.92, 20.39, 22.08
 13.20, 9.71, 8.26, 8.60, 5.75, 8.53, 10.50, 9.00, 9.52, 12.77, 13.95, 13.29, 14.99, 18.00, 18.64, 22.24, 22.17, 20.44, 18.38, 19.90, 19.11, 17.00, 14.99, 14.50, 13.86, 11.07, 9.27, 10.78, 10.43, 6.74, 6.44, 9.40, 8.36, 5.34, 8.15, 11.51, 11.25, 13.91, 15.47, 18.01, 19.31, 21.27, 22.46, 24.59, 28.41, 30.20, 29.14, 26.65, 27.03, 23.86, 21.85, 22.06, 19.72, 16.79, 17.77, 18.18, 15.05, 12.95, 15.65, 15.33, 12.17, 13.87, 13.12, 10.19, 8.97, 6.38, 5.05, 5.28, 3.85, 0.00, 3.82, 5.40, 4.92, 6.24, 8.21, 9.76, 10.22, 12.72, 15.08, 15.11, 15.52, 18.40, 19.82, 19.51, 18.33, 19.71
 14.53, 11.17, 8.63, 8.83, 7.37, 10.94, 11.86, 10.04, 11.73, 14.86, 15.24, 14.65, 17.08, 19.69, 19.71, 23.06, 22.97, 21.66, 19.23, 20.66, 20.31, 17.72, 15.52, 15.95, 15.42, 12.06, 10.90, 13.29, 12.84, 9.13, 9.75, 12.89, 11.57, 8.88, 11.93, 15.24, 14.59, 16.90, 18.57, 21.37, 22.72, 24.37, 25.25, 27.39, 31.24, 32.96, 31.66, 29.04, 29.05, 25.85, 24.23, 24.29, 21.53, 19.01, 20.30, 20.20, 16.74, 15.32, 17.95, 16.88, 13.88, 16.14, 15.10, 11.59, 10.04, 8.73, 6.13, 4.97, 5.72, 3.82, 0.00, 3.78, 5.52, 5.49, 5.70, 8.30, 9.82, 11.40, 13.93, 14.89, 15.07, 17.38, 19.23, 19.61, 18.44, 20.33
 17.93, 14.40, 11.93, 11.28, 9.25, 12.46, 13.22, 10.45, 11.77, 15.26, 15.17, 13.70, 16.20, 19.00, 18.58, 21.79, 21.14, 19.60, 16.74, 17.68, 17.23, 14.33, 12.44, 13.32, 12.46, 8.86, 8.57, 11.32, 10.63, 7.31, 9.09, 12.16, 11.00, 9.46, 12.77, 15.54, 14.56, 16.20, 17.34, 20.54, 21.58, 22.74, 23.12, 25.16, 29.01, 30.66, 29.16, 26.40, 26.13, 23.03, 21.66, 21.54, 18.51, 16.36, 17.92, 17.45, 13.80, 13.06, 15.80, 14.33, 11.88, 14.78, 14.41, 10.85, 10.54, 9.73, 8.36, 5.73, 5.27, 5.40, 3.78, 0.00, 3.82, 5.49, 4.83, 5.77, 8.13, 10.23, 11.84, 12.97, 14.01, 16.00, 17.30, 17.96, 17.53, 19.87
 17.12, 13.37, 11.17, 9.73, 7.02, 9.60, 10.36, 7.30, 8.09, 11.69, 11.70, 10.09, 12.41, 15.31, 15.18, 18.57, 18.05, 16.39, 13.91, 15.33, 14.95, 12.69, 10.31, 10.44, 10.26, 7.17, 5.46, 8.35, 8.76, 5.75, 6.33, 9.86, 9.90, 8.45, 10.94, 13.74, 13.58, 15.51, 16.03, 19.00, 19.52, 20.97, 21.39, 23.03, 26.82, 28.19, 26.59, 24.13, 23.91, 20.57, 19.20, 19.63, 16.83, 14.20, 16.10, 16.35, 12.79, 11.77, 15.07, 14.41, 12.20, 14.81, 15.10, 12.11, 12.18, 10.24, 9.55, 8.05, 5.82, 4.92, 5.52, 3.82, 0.00, 3.81, 5.65, 5.44, 5.82, 8.89, 10.56, 10.61, 11.69, 14.32, 15.31, 15.28, 14.73, 16.73
 15.92, 12.18, 9.20, 7.02, 5.67, 8.81, 8.36, 5.46, 7.98, 10.87, 10.31, 9.69, 12.69, 14.82, 14.44, 17.67, 17.78, 16.88, 14.70, 16.76, 17.15, 15.09, 12.02, 12.51, 13.23, 10.31, 8.20, 11.33, 12.39, 9.45, 9.13, 12.87, 13.14, 10.92, 12.99, 16.26, 16.55, 18.88, 19.53, 22.28, 22.72, 24.42, 24.90, 26.31, 30.04, 31.15, 29.36, 27.15, 26.71, 23.18, 22.12, 22.92, 20.11, 17.45, 19.61, 20.02, 16.44, 15.50, 18.86, 18.20, 15.91, 18.43, 18.40, 15.23, 14.58, 12.52, 10.81, 9.85, 8.67, 6.24, 5.49, 5.49, 3.81, 0.00, 3.79, 5.21, 4.82, 6.56, 9.40, 9.76, 9.66, 12.31, 14.15, 14.25, 12.95, 14.95
 18.35, 14.80, 11.46, 9.74, 9.13, 12.52, 11.86, 8.99, 11.64, 14.49, 13.41, 12.51, 15.79, 17.74, 16.72, 19.57, 19.36, 18.67, 15.95, 17.50, 18.09, 15.42, 12.59, 14.09, 14.44, 11.03, 10.13, 13.61, 14.05, 11.09, 11.90, 15.48, 15.12, 13.15, 15.86, 19.01, 18.68, 20.61, 21.45, 24.52, 25.14, 26.45, 26.64, 28.20, 31.96, 33.15, 31.22, 28.77, 28.04, 24.66, 23.87, 24.29, 21.11, 18.99, 21.21, 20.99, 17.21, 16.87, 19.98, 18.59, 16.49, 19.45, 19.20, 15.65, 15.01, 13.87, 11.77, 9.85, 9.71, 8.21, 5.70, 4.83, 5.65, 3.79, 0.00, 3.77, 5.91, 6.28, 8.69, 10.49, 10.63, 12.21, 14.26, 15.33, 14.50, 17.12
 21.03, 17.30, 14.28, 12.08, 10.75, 13.51, 12.84, 9.29, 11.25, 14.25, 12.75, 10.90, 14.16, 16.20, 14.77, 17.45, 16.65, 15.74, 12.67, 13.89, 14.58, 11.85, 9.00, 11.00, 11.47, 8.24, 7.90, 11.63, 12.32, 10.19, 11.40, 14.77, 14.90, 13.80, 16.37, 19.05, 18.72, 20.18, 20.39, 23.61, 23.79, 24.74, 24.48, 25.74, 29.41, 30.40, 28.24, 25.80, 24.78, 21.42, 20.98, 21.46, 18.13, 16.32, 18.91, 18.61, 14.81, 15.11, 18.38, 16.96, 15.54, 18.78, 19.23, 15.94, 16.19, 15.07, 13.82, 11.50, 10.38, 9.76, 8.30, 5.77, 5.44, 5.21, 3.77, 0.00, 3.87, 5.28, 6.10, 7.84, 9.18, 10.54, 11.72, 12.93, 12.98, 15.97
 20.14, 16.37, 13.57, 10.64, 9.30, 11.27, 10.08, 6.35, 8.28, 10.85, 8.98, 7.17, 10.66, 12.41, 11.06, 13.93, 13.53, 12.79, 10.32, 12.47, 13.54, 11.75, 8.15, 9.33, 10.96, 8.62, 6.82, 10.44, 12.27, 10.56, 10.55, 14.02, 15.09, 13.89, 15.63, 18.34, 18.76, 20.55, 20.35, 23.22, 22.95, 24.23, 24.07, 24.90, 28.45, 29.09, 26.81, 24.78, 23.79, 20.17, 19.81, 20.96, 17.96, 15.69, 18.57, 19.01, 15.43, 15.40, 19.02, 18.33, 16.96, 19.83, 20.61, 17.69, 17.93, 16.02, 15.01, 13.47, 11.62, 10.22, 9.82, 8.13, 5.82, 4.82, 5.91, 3.87, 0.00, 3.81, 5.21, 5.07, 6.09, 8.53, 9.63, 9.90, 9.51, 12.24
 21.29, 17.70, 14.41, 11.22, 11.15, 13.35, 11.26, 8.11, 10.97, 12.76, 10.19, 9.31, 13.11, 13.90, 11.92, 14.13, 14.16, 14.41, 12.12, 14.41, 16.20, 14.40, 10.73, 12.52, 14.40, 12.04, 10.60, 14.22, 16.02, 14.13, 14.12, 17.70, 18.60, 17.04, 18.86, 21.81, 22.24, 24.15, 24.10, 26.99, 26.75, 28.03, 27.78, 28.50, 31.99, 32.45, 29.97, 28.06, 26.77, 23.15, 23.17, 24.39, 21.28, 19.26, 22.26, 22.54, 18.90, 19.10, 22.65, 21.70, 20.31, 23.31, 23.83, 20.66, 20.53, 18.82, 17.20, 15.65, 14.50, 12.72, 11.40, 10.23, 8.89, 6.56, 6.28, 5.28, 3.81, 0.00, 3.82, 5.34, 4.66, 6.00, 8.37, 9.55, 8.75, 11.90
 24.77, 21.09, 17.95, 14.81, 14.22, 16.13, 14.27, 10.83, 12.89, 14.76, 11.89, 10.06, 13.61, 14.33, 11.66, 13.30, 12.46, 12.71, 9.93, 11.67, 13.89, 12.09, 8.59, 11.22, 13.22, 11.29, 10.74, 14.29, 16.07, 14.92, 15.45, 18.70, 19.75, 18.88, 20.77, 23.30, 23.54, 24.94, 24.45, 27.49, 26.93, 27.76, 27.01, 27.45, 30.79, 31.03, 28.27, 26.37, 24.65, 21.16, 21.71, 22.89, 19.63, 18.17, 21.47, 21.51, 17.97, 18.89, 22.37, 21.23, 20.50, 23.74, 24.72, 21.69, 22.17, 20.74, 19.58, 17.54, 16.10, 15.08, 13.93, 11.84, 10.56, 9.40, 8.69, 6.10, 5.21, 3.82, 0.00, 3.81, 5.30, 4.98, 5.85, 8.03, 8.86, 12.53
 24.19, 20.51, 17.82, 14.41, 13.45, 14.51, 12.64, 9.30, 10.60, 12.03, 9.00, 6.78, 10.13, 10.65, 7.96, 9.90, 9.11, 9.24, 6.98, 9.67, 12.02, 11.19, 7.33, 8.94, 11.79, 10.75, 9.37, 12.44, 14.96, 14.33, 14.14, 17.16, 18.91, 18.22, 19.48, 21.77, 22.51, 24.01, 23.11, 25.85, 24.89, 25.90, 25.22, 25.29, 28.50, 28.48, 25.69, 24.12, 22.52, 18.84, 19.40, 21.10, 18.21, 16.40, 19.84, 20.48, 17.23, 17.89, 21.55, 21.05, 20.42, 23.32, 24.65, 22.01, 22.68, 20.72, 20.00, 18.41, 16.31, 15.11, 14.89, 12.97, 10.61, 9.76, 10.49, 7.84, 5.07, 5.34, 3.81, 0.00, 3.71, 5.25, 4.85, 5.10, 6.13, 9.55
 22.75, 19.26, 16.41, 12.72, 12.70, 13.67, 11.00, 8.35, 10.54, 11.15, 7.69, 7.12, 10.74, 10.40, 7.87, 9.66, 10.25, 11.28, 10.02, 13.13, 15.52, 14.82, 10.93, 12.04, 14.96, 13.67, 11.66, 14.71, 17.38, 16.20, 15.43, 18.73, 20.47, 19.14, 20.17, 22.87, 23.93, 25.89, 25.29, 27.84, 27.01, 28.41, 28.06, 28.17, 31.38, 31.32, 28.61, 27.24, 25.79, 22.03, 22.44, 24.33, 21.58, 19.45, 22.74, 23.60, 20.30, 20.51, 24.24, 23.85, 22.78, 25.53, 26.50, 23.70, 23.81, 21.61, 20.38, 19.25, 17.49, 15.52, 15.07, 14.01, 11.69, 9.66, 10.63, 9.18, 6.09, 4.66, 5.30, 3.71, 0.00, 3.84, 5.69, 5.52, 4.10, 7.50
 26.00, 22.55, 19.42, 15.82, 16.09, 17.39, 14.65, 12.01, 14.31, 14.95, 11.39, 10.65, 14.10, 13.43, 10.26, 10.85, 11.03, 12.72, 11.18, 13.73, 16.66, 15.78, 12.14, 14.14, 16.93, 15.59, 14.34, 17.57, 19.98, 18.91, 18.67, 21.95, 23.48, 22.29, 23.64, 26.31, 27.09, 28.82, 28.17, 30.92, 30.05, 31.14, 30.45, 30.46, 33.58, 33.36, 30.39, 29.01, 27.13, 23.53, 24.43, 26.18, 23.22, 21.60, 25.07, 25.56, 22.21, 22.95, 26.57, 25.80, 25.01, 28.04, 29.04, 26.08, 26.29, 24.46, 23.08, 21.53, 20.09, 18.40, 17.38, 16.00, 14.32, 12.31, 12.21, 10.54, 8.53, 6.00, 4.98, 5.25, 3.84, 0.00, 3.79, 5.92, 5.96, 9.65
 28.31, 24.74, 21.88, 18.29, 17.90, 18.82, 16.45, 13.56, 14.99, 15.69, 12.17, 10.54, 13.43, 12.74, 9.15, 9.14, 8.25, 9.98, 8.42, 10.70, 14.02, 13.67, 10.36, 12.42, 15.45, 14.84, 13.98, 16.83, 19.38, 19.03, 18.95, 21.84, 23.67, 23.07, 24.28, 26.51, 27.29, 28.64, 27.52, 30.24, 29.00, 29.77, 28.72, 28.36, 31.26, 30.77, 27.60, 26.37, 24.21, 20.72, 22.06, 23.95, 21.10, 19.85, 23.50, 24.02, 20.95, 22.11, 25.66, 25.01, 24.76, 27.79, 29.25, 26.57, 27.30, 25.50, 24.63, 22.90, 21.01, 19.82, 19.23, 17.30, 15.31, 14.15, 14.26, 11.72, 9.63, 8.37, 5.85, 4.85, 5.69, 3.79, 0.00, 3.83, 6.33, 9.94
 27.11, 23.63, 21.20, 17.51, 16.91, 17.08, 14.74, 12.24, 13.02, 13.09, 9.57, 8.08, 10.39, 9.15, 5.43, 5.48, 5.13, 7.21, 6.96, 10.21, 13.35, 13.85, 10.44, 11.29, 14.84, 14.83, 13.25, 15.54, 18.61, 18.53, 17.78, 20.44, 22.78, 22.22, 22.85, 24.90, 26.14, 27.66, 26.30, 28.68, 27.16, 28.20, 27.34, 26.71, 29.49, 28.81, 25.71, 24.84, 22.93, 19.29, 20.48, 22.84, 20.42, 18.74, 22.36, 23.46, 20.66, 21.40, 25.07, 24.99, 24.66, 27.34, 28.97, 26.60, 27.35, 25.10, 24.52, 23.24, 20.92, 19.51, 19.61, 17.96, 15.28, 14.25, 15.33, 12.93, 9.90, 9.55, 8.03, 5.10, 5.52, 5.92, 3.83, 0.00, 3.89, 6.84
 24.29, 21.00, 18.60, 14.79, 14.78, 14.76, 11.90, 10.08, 11.38, 10.78, 7.00, 7.06, 9.71, 7.97, 5.00, 6.00, 7.68, 9.61, 9.81, 13.40, 16.08, 16.36, 12.63, 12.97, 16.45, 16.01, 13.68, 16.04, 19.23, 18.57, 17.24, 20.17, 22.50, 21.34, 21.72, 24.15, 25.70, 27.70, 26.70, 28.89, 27.61, 29.12, 28.74, 28.34, 31.26, 30.75, 27.91, 27.07, 25.58, 21.80, 22.47, 24.90, 22.58, 20.37, 23.75, 25.10, 22.17, 22.29, 26.06, 26.15, 25.28, 27.75, 29.01, 26.55, 26.79, 24.24, 23.31, 22.52, 20.39, 18.33, 18.44, 17.53, 14.73, 12.95, 14.50, 12.98, 9.51, 8.75, 8.86, 6.13, 4.10, 5.96, 6.33, 3.89, 0.00, 3.83
 23.87, 20.89, 19.01, 15.27, 15.41, 14.50, 11.56, 10.86, 11.54, 9.71, 6.34, 7.76, 9.19, 6.24, 4.62, 5.37, 8.48, 10.47, 11.86, 15.65, 18.03, 18.87, 15.29, 14.77, 18.37, 18.31, 15.51, 17.24, 20.72, 20.17, 18.18, 20.82, 23.52, 22.26, 21.99, 24.30, 26.35, 28.58, 27.49, 29.24, 27.78, 29.63, 29.52, 28.90, 31.62, 30.93, 28.24, 27.81, 26.60, 22.83, 23.31, 26.09, 24.22, 21.70, 24.89, 26.72, 24.06, 23.76, 27.52, 28.09, 27.08, 29.17, 30.45, 28.25, 28.36, 25.43, 24.64, 24.38, 22.08, 19.71, 20.33, 19.87, 16.73, 14.95, 17.12, 15.97, 12.24, 11.90, 12.53, 9.55, 7.50, 9.65, 9.94, 6.84, 3.83, 0.00
