 0.00, 3.82, 6.43, 8.03, 11.27, 13.22, 16.18, 16.91, 19.94, 17.83, 16.14, 13.81, 15.05, 14.09, 15.79, 19.02, 22.11, 22.31, 26.12, 26.43, 27.64, 26.52, 29.57, 29.60, 25.87, 26.19, 29.40, 28.14, 25.03, 27.46, 29.88, 27.38, 25.47, 28.68, 29.64, 26.94, 28.24, 29.04, 26.72, 26.90, 25.56, 23.38, 21.71, 21.64, 21.65, 22.51, 21.68, 19.92, 16.57, 16.97, 18.72, 17.91, 16.27, 17.96, 17.83, 20.41, 21.62, 23.62, 26.32, 25.42, 22.12, 23.99, 24.31, 20.57, 19.93, 22.74, 21.72, 18.19, 19.69, 22.63, 21.42, 18.28, 19.17, 22.41, 23.88, 24.24, 25.98, 25.46, 21.63, 19.95, 18.16, 14.48, 13.99, 11.62, 12.88, 12.66, 10.64, 14.05, 17.59, 19.37, 22.30, 24.81, 23.45, 23.10, 26.82, 27.98
 3.82, 0.00, 3.82, 6.22, 8.59, 11.20, 14.25, 15.73, 18.90, 17.15, 15.10, 13.37, 14.43, 13.98, 15.54, 18.85, 22.14, 22.97, 26.69, 26.73, 28.27, 27.19, 29.96, 29.62, 25.82, 26.11, 29.02, 27.42, 24.24, 26.62, 28.73, 25.90, 23.97, 27.21, 27.71, 24.91, 26.51, 27.77, 25.82, 26.45, 25.47, 23.38, 22.30, 22.45, 23.05, 24.01, 23.74, 22.21, 18.98, 18.78, 20.13, 18.64, 16.86, 18.20, 17.90, 19.87, 21.11, 22.58, 25.31, 23.96, 20.46, 21.82, 22.33, 18.74, 17.52, 20.15, 19.52, 15.81, 16.76, 19.89, 19.11, 15.80, 16.92, 20.37, 22.21, 23.04, 25.23, 24.52, 20.66, 18.42, 16.75, 12.97, 12.27, 9.90, 11.52, 12.45, 10.98, 14.68, 17.91, 19.91, 23.17, 25.24, 23.48, 23.55, 27.34, 27.99
 6.43, 3.82, 0.00, 3.85, 6.15, 9.35, 11.68, 13.07, 15.92, 14.03, 11.61, 10.10, 11.08, 11.23, 13.13, 16.13, 19.65, 20.78, 24.39, 24.02, 25.61, 24.43, 26.95, 26.47, 22.66, 22.83, 25.57, 23.91, 20.66, 22.97, 25.00, 22.13, 20.17, 23.43, 23.91, 21.17, 22.87, 24.22, 22.30, 23.21, 22.28, 20.17, 19.49, 19.78, 20.87, 22.04, 22.31, 21.23, 18.11, 17.18, 18.27, 16.41, 14.30, 15.22, 14.83, 16.45, 17.88, 19.21, 22.11, 20.83, 17.43, 18.64, 18.82, 15.21, 14.12, 16.61, 15.75, 12.06, 13.28, 16.30, 15.42, 12.28, 13.77, 17.03, 19.14, 19.87, 22.30, 21.87, 18.07, 15.57, 13.51, 9.74, 8.55, 6.16, 8.26, 9.82, 9.44, 13.22, 15.97, 17.67, 21.21, 22.84, 21.10, 21.70, 25.43, 25.79
 8.03, 6.22, 3.85, 0.00, 3.82, 5.95, 8.34, 9.55, 12.72, 11.28, 9.65, 8.99, 11.19, 12.39, 15.10, 17.50, 21.22, 22.14, 25.69, 24.86, 26.01, 24.29, 26.56, 26.44, 22.67, 22.19, 24.97, 23.74, 20.19, 21.95, 24.31, 21.68, 19.15, 22.04, 22.69, 19.61, 20.78, 21.90, 20.13, 20.70, 20.17, 18.61, 18.08, 19.09, 20.48, 22.28, 22.54, 22.01, 18.65, 17.35, 18.97, 17.49, 14.67, 14.72, 13.37, 14.75, 15.42, 16.60, 19.16, 17.78, 14.32, 15.98, 16.53, 12.92, 12.05, 15.15, 14.60, 11.24, 12.95, 16.20, 15.69, 13.21, 15.51, 18.33, 20.85, 21.19, 23.79, 23.89, 20.22, 17.65, 14.97, 11.45, 9.03, 5.45, 5.60, 7.05, 6.33, 9.94, 12.56, 14.68, 18.17, 19.76, 17.71, 18.20, 21.97, 22.22
 11.27, 8.59, 6.15, 3.82, 0.00, 3.84, 6.14, 8.72, 11.99, 11.52, 9.98, 10.63, 12.68, 14.52, 17.05, 19.24, 23.00, 24.39, 27.74, 26.59, 27.90, 26.14, 28.00, 27.63, 23.92, 23.23, 25.61, 24.18, 20.58, 22.00, 24.02, 21.16, 18.45, 21.11, 21.20, 17.87, 19.19, 20.82, 19.68, 20.67, 20.77, 19.60, 19.78, 21.13, 23.03, 24.98, 25.62, 25.32, 22.08, 20.44, 21.80, 19.95, 17.06, 16.57, 14.87, 15.31, 15.64, 15.92, 18.22, 16.17, 12.44, 13.45, 14.54, 11.34, 9.52, 12.63, 12.94, 9.66, 10.60, 14.22, 14.59, 12.34, 15.21, 17.96, 20.96, 21.69, 24.71, 24.76, 21.25, 18.20, 15.62, 12.40, 9.54, 6.28, 5.95, 8.80, 8.76, 11.73, 13.59, 15.97, 19.51, 20.54, 17.99, 18.84, 22.52, 22.14
 13.22, 11.20, 9.35, 5.95, 3.84, 0.00, 3.83, 6.51, 10.22, 10.73, 10.50, 11.87, 14.69, 16.97, 19.93, 21.75, 25.57, 26.68, 29.99, 28.57, 29.46, 27.28, 28.94, 28.96, 25.36, 24.12, 26.52, 25.56, 21.80, 22.65, 24.96, 22.44, 19.28, 21.41, 21.69, 18.07, 18.67, 19.97, 19.09, 19.59, 20.19, 19.68, 19.93, 21.88, 23.87, 26.27, 26.77, 26.81, 23.42, 21.68, 23.50, 22.08, 18.80, 17.75, 15.32, 15.53, 14.89, 14.91, 16.53, 14.29, 10.52, 12.12, 13.91, 11.04, 9.54, 13.18, 13.95, 11.40, 12.64, 16.18, 16.85, 15.24, 18.43, 20.80, 23.95, 24.35, 27.36, 27.78, 24.37, 21.41, 18.52, 15.52, 12.24, 8.75, 6.60, 8.60, 8.01, 9.96, 11.42, 14.36, 17.58, 18.58, 15.63, 16.14, 19.79, 19.27
 16.18, 14.25, 11.68, 8.34, 6.14, 3.83, 0.00, 3.78, 6.96, 8.28, 8.60, 11.09, 13.96, 16.93, 20.06, 21.25, 25.05, 26.26, 29.30, 27.43, 28.16, 25.78, 26.99, 27.01, 23.60, 21.97, 24.07, 23.29, 19.51, 19.86, 22.14, 19.82, 16.40, 18.14, 18.43, 14.71, 15.01, 16.31, 15.72, 16.39, 17.43, 17.36, 18.21, 20.55, 23.02, 25.69, 26.61, 27.15, 23.96, 21.69, 23.34, 21.85, 18.37, 16.60, 13.76, 13.14, 12.06, 11.47, 12.93, 10.52, 6.72, 8.47, 10.26, 7.66, 6.56, 10.36, 11.26, 9.56, 11.17, 14.31, 15.18, 14.42, 17.96, 19.71, 23.06, 23.19, 26.32, 27.15, 24.03, 21.07, 17.91, 15.50, 11.83, 8.88, 5.95, 8.21, 9.03, 10.09, 10.27, 12.78, 16.04, 16.30, 13.22, 14.46, 17.85, 16.80
 16.91, 15.73, 13.07, 9.55, 8.72, 6.51, 3.78, 0.00, 3.83, 5.25, 7.02, 9.66, 13.02, 16.20, 19.69, 20.40, 24.12, 24.91, 27.84, 25.79, 26.06, 23.35, 24.48, 24.93, 21.66, 19.64, 21.92, 21.68, 17.87, 17.91, 20.66, 18.88, 15.29, 16.76, 17.80, 14.26, 13.84, 14.30, 13.23, 13.27, 14.23, 14.46, 15.19, 17.90, 20.40, 23.39, 24.27, 25.21, 22.09, 19.61, 21.52, 20.49, 16.76, 14.54, 11.22, 10.66, 8.95, 8.91, 10.33, 8.82, 5.71, 8.85, 9.82, 7.05, 7.90, 11.51, 11.52, 10.48, 13.05, 15.60, 15.82, 15.55, 18.96, 20.27, 23.38, 22.89, 25.73, 27.02, 24.05, 21.50, 18.00, 15.88, 12.14, 9.36, 5.66, 6.28, 7.70, 7.62, 6.87, 9.11, 12.34, 12.54, 9.58, 11.03, 14.39, 13.58
 19.94, 18.90, 15.92, 12.72, 11.99, 10.22, 6.96, 3.83, 0.00, 3.84, 6.78, 10.06, 13.11, 16.66, 20.17, 20.15, 23.67, 24.42, 26.98, 24.51, 24.49, 21.55, 22.17, 22.75, 19.80, 17.30, 19.28, 19.43, 15.72, 15.11, 17.96, 16.69, 12.94, 13.80, 15.24, 11.93, 10.80, 10.69, 9.64, 9.59, 11.03, 11.91, 13.32, 16.44, 19.35, 22.57, 23.85, 25.32, 22.54, 19.61, 21.29, 20.35, 16.59, 13.67, 10.05, 8.49, 5.90, 5.26, 6.61, 5.88, 4.23, 7.76, 7.71, 5.65, 8.13, 10.96, 10.51, 10.73, 13.64, 15.37, 15.42, 16.03, 19.42, 20.01, 23.06, 22.13, 24.87, 26.63, 24.05, 21.74, 18.09, 16.70, 13.02, 11.13, 7.77, 7.92, 10.31, 9.46, 7.28, 8.07, 11.05, 10.18, 7.46, 10.08, 12.81, 11.53
 17.83, 17.15, 14.03, 11.28, 11.52, 10.73, 8.28, 5.25, 3.84, 0.00, 3.79, 6.51, 9.66, 13.11, 16.73, 16.63, 20.14, 20.71, 23.37, 21.06, 21.07, 18.23, 19.25, 19.84, 16.68, 14.49, 16.94, 17.00, 13.23, 13.32, 16.46, 15.16, 11.74, 13.37, 15.30, 12.46, 11.97, 11.67, 9.44, 9.44, 9.47, 9.24, 10.13, 12.93, 15.76, 18.85, 20.16, 21.57, 18.87, 15.86, 17.46, 16.57, 12.77, 9.92, 6.33, 5.56, 4.30, 5.97, 8.73, 9.08, 7.60, 10.50, 9.41, 6.33, 9.14, 11.74, 10.11, 9.77, 13.29, 14.82, 13.96, 14.29, 17.27, 17.89, 20.58, 19.36, 21.83, 23.64, 20.99, 19.00, 15.25, 13.87, 10.43, 8.86, 5.97, 5.33, 8.62, 8.38, 6.97, 6.76, 10.38, 10.14, 8.57, 11.00, 13.90, 13.51
 16.14, 15.10, 11.61, 9.65, 9.98, 10.50, 8.60, 7.02, 6.78, 3.79, 0.00, 3.82, 6.38, 10.00, 13.41, 13.58, 17.24, 18.26, 21.04, 18.95, 19.57, 17.25, 18.57, 18.54, 15.06, 13.63, 16.07, 15.35, 11.55, 12.59, 15.31, 13.33, 10.35, 12.93, 14.46, 11.83, 12.51, 13.02, 10.73, 11.76, 11.14, 9.71, 10.56, 12.40, 15.23, 17.76, 19.33, 20.32, 17.74, 14.73, 15.74, 14.15, 10.58, 8.24, 5.76, 5.34, 6.57, 8.01, 11.42, 11.33, 9.37, 11.23, 9.72, 6.05, 8.16, 10.35, 8.08, 6.89, 10.61, 12.10, 10.77, 10.71, 13.55, 14.38, 17.07, 16.13, 18.78, 20.27, 17.46, 15.30, 11.59, 10.13, 6.68, 5.76, 4.31, 5.26, 8.97, 10.20, 9.99, 9.87, 13.62, 13.62, 12.34, 14.64, 17.62, 17.29
 13.81, 13.37, 10.10, 8.99, 10.63, 11.87, 11.09, 9.66, 10.06, 6.51, 3.82, 0.00, 3.82, 6.74, 10.44, 10.99, 14.70, 15.35, 18.48, 16.90, 17.62, 15.58, 17.62, 17.65, 13.96, 13.24, 16.22, 15.40, 11.88, 13.79, 16.57, 14.67, 12.43, 15.41, 17.17, 15.02, 15.93, 16.19, 13.40, 14.06, 12.46, 10.07, 9.69, 10.55, 12.74, 14.90, 16.19, 16.80, 14.15, 11.34, 12.38, 10.88, 7.29, 5.97, 4.81, 6.72, 8.92, 11.31, 14.74, 15.03, 13.04, 14.99, 13.47, 9.81, 11.47, 13.51, 10.91, 9.02, 12.55, 14.00, 11.89, 11.02, 13.01, 14.20, 16.24, 15.10, 17.28, 18.58, 15.52, 13.84, 10.18, 8.31, 5.74, 5.12, 5.36, 4.98, 8.28, 10.19, 10.97, 10.56, 14.23, 14.99, 14.33, 16.07, 19.16, 19.51
 15.05, 14.43, 11.08, 11.19, 12.68, 14.69, 13.96, 13.02, 13.11, 9.66, 6.38, 3.82, 0.00, 3.85, 7.12, 7.40, 11.17, 12.37, 15.41, 13.95, 15.29, 13.93, 16.07, 15.44, 11.63, 11.87, 14.62, 13.13, 10.01, 12.80, 15.03, 12.88, 11.57, 15.02, 16.61, 15.14, 16.71, 17.25, 14.43, 15.72, 13.70, 10.61, 10.44, 10.12, 12.30, 13.65, 15.51, 15.89, 13.87, 10.96, 10.80, 8.32, 5.49, 5.15, 6.35, 7.83, 11.11, 13.28, 16.97, 17.36, 15.61, 16.89, 14.82, 11.48, 12.92, 14.05, 10.89, 9.09, 12.28, 12.96, 10.05, 9.14, 10.22, 11.13, 12.70, 11.46, 13.57, 14.77, 11.74, 10.31, 6.66, 5.55, 4.54, 6.41, 8.33, 8.74, 11.78, 13.94, 14.72, 13.92, 17.42, 17.92, 17.60, 19.61, 22.49, 22.76
 14.09, 13.98, 11.23, 12.39, 14.52, 16.97, 16.93, 16.20, 16.66, 13.11, 10.00, 6.74, 3.85, 0.00, 3.84, 5.30, 8.93, 9.88, 13.34, 12.82, 14.53, 13.90, 16.67, 15.93, 12.21, 13.43, 16.30, 14.64, 12.23, 15.50, 17.47, 15.41, 14.80, 18.33, 19.89, 18.71, 20.45, 20.95, 17.98, 19.09, 16.65, 13.23, 12.24, 10.79, 11.90, 12.24, 13.80, 13.41, 11.65, 9.38, 8.59, 5.67, 4.29, 6.58, 9.06, 11.28, 14.60, 17.04, 20.70, 21.16, 19.28, 20.57, 18.60, 15.24, 16.35, 17.42, 14.33, 12.19, 14.87, 15.52, 12.34, 10.74, 10.56, 11.85, 12.42, 11.23, 12.58, 13.25, 9.94, 9.33, 6.57, 5.32, 6.59, 8.51, 11.08, 11.11, 13.39, 15.89, 17.27, 16.46, 19.77, 20.72, 20.68, 22.32, 25.24, 25.90
 15.79, 15.54, 13.13, 15.10, 17.05, 19.93, 20.06, 19.69, 20.17, 16.73, 13.41, 10.44, 7.12, 3.84, 0.00, 3.85, 6.65, 8.39, 11.69, 11.92, 14.42, 14.79, 17.59, 16.22, 12.81, 14.96, 17.38, 15.17, 13.54, 17.19, 18.51, 16.31, 16.53, 20.17, 21.41, 20.70, 22.87, 23.62, 20.78, 22.22, 19.68, 16.09, 15.24, 13.15, 13.85, 13.17, 14.90, 13.96, 12.99, 11.30, 9.38, 5.78, 6.84, 9.61, 12.58, 14.45, 18.01, 20.22, 23.96, 24.34, 22.48, 23.36, 21.25, 18.11, 18.89, 19.43, 16.33, 14.21, 16.25, 16.43, 13.02, 11.21, 9.68, 10.89, 10.41, 9.55, 10.36, 10.25, 6.79, 7.05, 5.85, 5.75, 8.73, 11.32, 14.40, 14.83, 16.92, 19.62, 21.09, 20.27, 23.52, 24.39, 24.44, 26.15, 29.03, 29.64
 19.02, 18.85, 16.13, 17.50, 19.24, 21.75, 21.25, 20.40, 20.15, 16.63, 13.58, 10.99, 7.40, 5.30, 3.85, 0.00, 3.82, 5.95, 8.76, 8.27, 10.87, 11.43, 14.00, 12.42, 9.14, 11.70, 13.93, 11.78, 10.69, 14.44, 15.65, 13.98, 14.70, 18.12, 19.72, 19.57, 21.56, 21.98, 19.00, 20.49, 17.69, 13.96, 13.38, 10.92, 11.96, 11.18, 13.74, 13.64, 13.32, 10.93, 8.30, 4.54, 6.10, 8.19, 11.68, 13.17, 16.97, 19.24, 22.95, 23.84, 22.55, 23.41, 20.78, 18.02, 19.40, 19.55, 16.04, 14.78, 17.14, 16.61, 12.88, 12.19, 10.77, 10.61, 9.70, 7.48, 7.68, 8.86, 6.47, 7.72, 6.23, 7.86, 10.16, 13.08, 15.64, 15.80, 18.43, 20.59, 21.45, 20.00, 23.02, 23.46, 23.94, 25.99, 28.50, 29.03
 22.11, 22.14, 19.65, 21.22, 23.00, 25.57, 25.05, 24.12, 23.67, 20.14, 17.24, 14.70, 11.17, 8.93, 6.65, 3.82, 0.00, 3.83, 5.55, 6.07, 9.36, 11.16, 13.65, 11.68, 9.30, 12.69, 14.41, 12.26, 12.34, 16.06, 16.77, 15.58, 17.04, 20.21, 21.84, 22.25, 24.26, 24.54, 21.54, 23.04, 20.00, 16.23, 15.58, 12.54, 12.99, 11.20, 13.98, 13.80, 14.50, 12.52, 9.09, 6.04, 8.95, 11.11, 14.82, 16.22, 20.04, 22.33, 25.98, 27.11, 26.07, 26.83, 23.99, 21.47, 22.94, 22.77, 19.19, 18.24, 20.37, 19.41, 15.61, 15.20, 13.16, 12.40, 10.34, 7.74, 6.01, 7.31, 6.42, 9.26, 9.08, 11.26, 13.88, 16.89, 19.45, 19.48, 22.06, 24.09, 24.88, 23.15, 25.91, 26.27, 27.10, 29.17, 31.47, 32.10
 22.31, 22.97, 20.78, 22.14, 24.39, 26.68, 26.26, 24.91, 24.42, 20.71, 18.26, 15.35, 12.37, 9.88, 8.39, 5.95, 3.83, 0.00, 3.82, 5.48, 7.60, 9.50, 12.64, 11.59, 9.56, 12.75, 14.99, 13.75, 13.82, 17.27, 18.53, 17.91, 19.03, 21.97, 24.10, 24.38, 25.94, 25.71, 22.38, 23.27, 19.88, 16.09, 14.65, 11.12, 10.53, 7.99, 10.59, 10.48, 11.83, 10.17, 6.40, 4.90, 8.45, 10.97, 14.81, 16.83, 20.45, 23.22, 26.74, 28.22, 27.31, 28.53, 25.74, 23.05, 24.87, 25.12, 21.47, 20.50, 23.03, 22.37, 18.59, 18.13, 16.46, 15.95, 14.13, 11.36, 9.40, 10.93, 10.09, 12.78, 12.09, 13.59, 15.81, 18.28, 20.46, 19.77, 22.07, 23.78, 24.62, 22.60, 24.98, 25.63, 26.88, 28.65, 30.77, 31.82
 26.12, 26.69, 24.39, 25.69, 27.74, 29.99, 29.30, 27.84, 26.98, 23.37, 21.04, 18.48, 15.41, 13.34, 11.69, 8.76, 5.55, 3.82, 0.00, 3.84, 6.16, 9.34, 11.78, 10.32, 9.54, 13.13, 14.59, 13.49, 14.59, 17.78, 18.54, 18.44, 20.17, 22.77, 24.92, 25.77, 27.29, 26.93, 23.69, 24.70, 21.25, 17.60, 16.52, 12.92, 12.40, 9.60, 12.52, 12.89, 14.89, 13.24, 9.51, 8.55, 11.76, 13.61, 17.39, 18.93, 22.55, 25.16, 28.57, 30.30, 29.75, 30.78, 27.71, 25.39, 27.37, 27.23, 23.48, 22.98, 25.40, 24.25, 20.43, 20.47, 18.59, 17.39, 15.08, 11.98, 9.06, 11.04, 11.52, 14.68, 14.44, 16.58, 18.82, 21.54, 23.64, 23.01, 25.52, 27.02, 27.54, 25.23, 27.39, 27.70, 29.22, 31.20, 33.02, 33.98
 26.43, 26.73, 24.02, 24.86, 26.59, 28.57, 27.43, 25.79, 24.51, 21.06, 18.95, 16.90, 13.95, 12.82, 11.92, 8.27, 6.07, 5.48, 3.84, 0.00, 3.78, 6.62, 8.47, 6.60, 5.87, 9.55, 10.77, 9.81, 11.16, 14.14, 14.89, 15.16, 16.94, 19.27, 21.59, 22.64, 23.98, 23.48, 20.32, 21.45, 18.09, 14.58, 14.07, 10.79, 11.27, 9.48, 13.07, 14.31, 15.77, 13.28, 9.93, 8.72, 10.89, 11.68, 15.21, 16.19, 19.75, 22.16, 25.47, 27.36, 27.15, 28.09, 24.83, 22.81, 25.07, 24.74, 20.93, 20.94, 23.51, 22.11, 18.35, 19.01, 17.61, 15.92, 14.09, 10.48, 8.09, 11.14, 11.67, 14.24, 13.38, 15.85, 17.52, 20.31, 22.05, 21.50, 24.40, 25.61, 25.66, 23.15, 25.28, 25.16, 26.71, 28.99, 30.62, 31.31
 27.64, 28.27, 25.61, 26.01, 27.90, 29.46, 28.16, 26.06, 24.49, 21.07, 19.57, 17.62, 15.29, 14.53, 14.42, 10.87, 9.36, 7.60, 6.16, 3.78, 0.00, 3.79, 5.83, 5.63, 5.95, 8.64, 10.14, 10.58, 11.88, 14.15, 15.45, 16.45, 17.84, 19.68, 22.50, 23.52, 24.28, 23.19, 19.83, 20.37, 16.77, 13.53, 12.65, 9.33, 9.40, 7.84, 11.52, 13.63, 15.31, 12.73, 9.91, 10.04, 11.59, 11.82, 15.00, 16.11, 19.28, 21.95, 24.97, 27.30, 27.43, 28.74, 25.46, 23.53, 26.20, 26.12, 22.31, 22.56, 25.49, 24.23, 20.59, 21.45, 20.54, 18.89, 17.47, 13.76, 11.71, 14.89, 15.22, 17.51, 16.11, 18.21, 19.33, 21.68, 22.88, 21.79, 24.62, 25.30, 25.04, 22.15, 23.78, 23.61, 25.62, 27.79, 29.05, 29.97
 26.52, 27.19, 24.43, 24.29, 26.14, 27.28, 25.78, 23.35, 21.55, 18.23, 17.25, 15.58, 13.93, 13.90, 14.79, 11.43, 11.16, 9.50, 9.34, 6.62, 3.79, 0.00, 3.84, 5.59, 5.13, 6.12, 8.53, 9.93, 10.38, 12.09, 14.19, 15.43, 16.10, 17.68, 20.87, 21.57, 21.86, 20.39, 16.87, 16.98, 13.28, 10.20, 9.18, 6.19, 6.97, 7.01, 10.67, 13.47, 14.47, 11.36, 9.53, 10.12, 10.38, 9.63, 12.24, 13.32, 16.13, 18.97, 21.80, 24.36, 24.68, 26.27, 23.08, 21.17, 24.15, 24.35, 20.62, 21.05, 24.29, 23.29, 19.86, 20.88, 20.65, 19.17, 18.49, 14.81, 13.66, 16.96, 16.69, 18.29, 16.15, 17.83, 18.22, 20.12, 20.75, 19.33, 22.22, 22.47, 21.89, 18.79, 20.22, 19.93, 22.10, 24.26, 25.37, 26.32
 29.57, 29.96, 26.95, 26.56, 28.00, 28.94, 26.99, 24.48, 22.17, 19.25, 18.57, 17.62, 16.07, 16.67, 17.59, 14.00, 13.65, 12.64, 11.78, 8.47, 5.83, 3.84, 0.00, 3.77, 5.50, 5.36, 6.17, 8.62, 9.93, 10.65, 12.33, 14.43, 15.42, 16.26, 19.56, 20.80, 20.82, 19.11, 15.89, 16.16, 12.75, 10.38, 10.54, 8.68, 10.24, 10.77, 14.29, 17.25, 18.20, 14.97, 13.31, 13.53, 13.46, 11.93, 13.88, 13.97, 16.44, 18.78, 21.27, 24.08, 24.95, 26.29, 22.85, 21.55, 24.73, 24.52, 20.85, 21.96, 25.08, 23.65, 20.44, 22.10, 22.06, 20.02, 19.47, 15.70, 14.68, 18.31, 18.56, 20.00, 17.89, 19.97, 20.07, 22.09, 22.46, 21.27, 24.43, 24.40, 23.28, 20.01, 21.20, 20.23, 22.53, 25.05, 25.73, 26.32
 29.60, 29.62, 26.47, 26.44, 27.63, 28.96, 27.01, 24.93, 22.75, 19.84, 18.54, 17.65, 15.44, 15.93, 16.22, 12.42, 11.68, 11.59, 10.32, 6.60, 5.63, 5.59, 3.77, 0.00, 3.81, 5.56, 5.08, 6.01, 8.40, 9.80, 10.48, 12.28, 14.09, 15.25, 18.07, 19.70, 20.34, 19.25, 16.33, 17.44, 14.35, 11.67, 12.44, 10.42, 12.29, 12.25, 16.04, 18.44, 19.40, 16.18, 13.88, 13.11, 13.51, 12.29, 14.64, 14.35, 17.31, 19.24, 22.01, 24.44, 25.12, 25.97, 22.38, 21.19, 24.04, 23.37, 19.63, 20.78, 23.55, 21.71, 18.39, 20.20, 19.76, 17.34, 16.46, 12.66, 11.47, 15.22, 15.94, 17.51, 15.87, 18.49, 19.02, 21.58, 22.43, 21.85, 25.20, 25.64, 24.72, 21.76, 23.46, 22.41, 24.25, 27.01, 27.99, 28.25
 25.87, 25.82, 22.66, 22.67, 23.92, 25.36, 23.60, 21.66, 19.80, 16.68, 15.06, 13.96, 11.63, 12.21, 12.81, 9.14, 9.30, 9.56, 9.54, 5.87, 5.95, 5.13, 5.50, 3.81, 0.00, 3.85, 5.44, 5.17, 5.93, 8.45, 9.86, 10.63, 11.90, 13.82, 16.58, 17.59, 18.49, 17.72, 14.58, 15.82, 12.67, 9.40, 10.01, 7.91, 10.27, 10.59, 14.34, 16.43, 16.83, 13.42, 11.26, 9.99, 9.96, 8.72, 11.33, 11.33, 14.67, 16.81, 19.94, 22.05, 22.28, 23.24, 19.81, 18.18, 20.89, 20.49, 16.69, 17.43, 20.33, 18.84, 15.40, 16.87, 16.60, 14.60, 14.09, 10.39, 9.92, 13.47, 13.37, 14.54, 12.48, 14.84, 15.29, 17.81, 18.80, 18.32, 21.66, 22.38, 21.74, 19.05, 21.17, 20.43, 21.90, 24.58, 26.00, 26.28
 26.19, 26.11, 22.83, 22.19, 23.23, 24.12, 21.97, 19.64, 17.30, 14.49, 13.63, 13.24, 11.87, 13.43, 14.96, 11.70, 12.69, 12.75, 13.13, 9.55, 8.64, 6.12, 5.36, 5.56, 3.85, 0.00, 3.79, 5.58, 5.06, 6.00, 8.57, 10.00, 10.32, 11.57, 14.88, 15.69, 15.89, 14.57, 11.27, 12.19, 9.03, 6.19, 7.67, 6.98, 10.21, 11.79, 15.24, 17.82, 17.72, 14.03, 12.84, 12.08, 10.85, 8.31, 9.68, 8.99, 11.77, 13.87, 16.69, 19.17, 19.85, 21.03, 17.58, 16.25, 19.40, 19.19, 15.54, 16.76, 19.94, 18.63, 15.62, 17.46, 18.00, 16.11, 16.43, 13.00, 13.29, 16.77, 16.31, 16.80, 14.11, 16.00, 15.51, 17.49, 17.71, 16.98, 20.44, 20.59, 19.39, 16.46, 18.33, 17.15, 18.77, 21.62, 22.74, 22.87
 29.40, 29.02, 25.57, 24.97, 25.61, 26.52, 24.07, 21.92, 19.28, 16.94, 16.07, 16.22, 14.62, 16.30, 17.38, 13.93, 14.41, 14.99, 14.59, 10.77, 10.14, 8.53, 6.17, 5.08, 5.44, 3.79, 0.00, 3.83, 5.45, 5.13, 6.20, 8.76, 10.06, 10.50, 13.61, 15.33, 15.59, 14.38, 11.75, 13.28, 10.83, 8.95, 11.18, 10.75, 13.80, 15.01, 18.62, 21.19, 21.34, 17.70, 16.19, 15.10, 14.24, 11.79, 12.94, 11.41, 13.87, 15.14, 17.65, 20.12, 21.24, 21.87, 18.17, 17.56, 20.62, 19.75, 16.22, 18.09, 20.87, 18.93, 16.13, 18.59, 19.01, 16.46, 16.64, 13.23, 13.46, 17.12, 17.38, 17.90, 15.65, 18.09, 17.70, 20.00, 20.28, 20.00, 23.61, 23.75, 22.27, 19.40, 21.16, 19.46, 20.99, 24.15, 24.98, 24.69
 28.14, 27.42, 23.91, 23.74, 24.18, 25.56, 23.29, 21.68, 19.43, 17.00, 15.35, 15.40, 13.13, 14.64, 15.17, 11.78, 12.26, 13.75, 13.49, 9.81, 10.58, 9.93, 8.62, 6.01, 5.17, 5.58, 3.83, 0.00, 3.82, 5.45, 5.09, 6.30, 8.63, 10.06, 12.37, 14.20, 15.41, 15.13, 12.81, 15.09, 12.91, 10.53, 12.73, 11.92, 14.96, 15.70, 19.39, 21.39, 21.45, 17.91, 15.96, 14.02, 13.49, 11.55, 13.16, 11.60, 14.64, 15.63, 18.56, 20.41, 21.03, 21.21, 17.49, 16.74, 19.30, 18.05, 14.43, 16.10, 18.50, 16.25, 13.23, 15.72, 15.76, 12.93, 12.95, 9.65, 10.26, 13.79, 14.18, 14.59, 12.71, 15.60, 15.66, 18.47, 19.34, 19.68, 23.35, 24.07, 23.00, 20.57, 22.88, 21.41, 22.41, 25.60, 26.90, 26.44
 25.03, 24.24, 20.66, 20.19, 20.58, 21.80, 19.51, 17.87, 15.72, 13.23, 11.55, 11.88, 10.01, 12.23, 13.54, 10.69, 12.34, 13.82, 14.59, 11.16, 11.88, 10.38, 9.93, 8.40, 5.93, 5.06, 5.45, 3.82, 0.00, 3.82, 5.50, 5.29, 5.97, 8.22, 10.79, 11.68, 12.85, 12.70, 10.07, 12.43, 10.37, 7.81, 10.29, 10.19, 13.67, 15.08, 18.45, 20.35, 19.76, 16.10, 14.77, 12.74, 11.28, 8.76, 9.78, 7.94, 11.15, 12.25, 15.46, 17.10, 17.44, 17.86, 14.26, 13.13, 15.81, 14.97, 11.26, 12.78, 15.55, 13.81, 10.86, 13.20, 13.95, 11.74, 12.70, 9.83, 11.42, 14.52, 13.88, 13.51, 10.83, 13.09, 12.49, 14.99, 15.61, 15.99, 19.72, 20.45, 19.40, 17.21, 19.80, 18.46, 19.11, 22.28, 23.86, 23.36
 27.46, 26.62, 22.97, 21.95, 22.00, 22.65, 19.86, 17.91, 15.11, 13.32, 12.59, 13.79, 12.80, 15.50, 17.19, 14.44, 16.06, 17.27, 17.78, 14.14, 14.15, 12.09, 10.65, 9.80, 8.45, 6.00, 5.13, 5.45, 3.82, 0.00, 3.85, 5.52, 5.32, 5.65, 9.02, 10.29, 10.55, 9.76, 7.43, 9.99, 8.62, 7.46, 10.85, 11.77, 15.47, 17.41, 20.70, 23.01, 22.33, 18.55, 17.67, 16.11, 14.25, 11.12, 11.01, 8.22, 10.29, 10.69, 13.29, 15.37, 16.52, 16.87, 13.11, 12.86, 15.94, 14.95, 11.65, 14.03, 16.76, 14.94, 12.75, 15.58, 16.90, 14.60, 15.94, 13.29, 14.89, 18.06, 17.61, 17.02, 14.26, 16.25, 15.00, 16.99, 16.84, 17.13, 20.89, 21.03, 19.32, 16.94, 19.12, 17.10, 17.85, 21.30, 22.39, 21.52
 29.88, 28.73, 25.00, 24.31, 24.02, 24.96, 22.14, 20.66, 17.96, 16.46, 15.31, 16.57, 15.03, 17.47, 18.51, 15.65, 16.77, 18.53, 18.54, 14.89, 15.45, 14.19, 12.33, 10.48, 9.86, 8.57, 6.20, 5.09, 5.50, 3.85, 0.00, 3.83, 5.92, 5.76, 7.90, 10.45, 11.44, 11.44, 10.19, 13.22, 12.34, 11.28, 14.53, 14.98, 18.51, 19.94, 23.46, 25.59, 25.17, 21.46, 20.09, 18.09, 16.78, 14.11, 14.43, 11.62, 13.73, 13.48, 15.86, 17.51, 18.71, 18.32, 14.47, 14.79, 17.36, 15.54, 12.45, 15.17, 17.20, 14.63, 12.61, 15.91, 16.82, 13.87, 14.96, 12.55, 14.18, 17.28, 17.48, 16.94, 14.84, 17.43, 16.63, 19.10, 19.38, 20.18, 23.99, 24.41, 22.79, 20.62, 22.88, 20.75, 21.29, 24.85, 25.91, 24.76
 27.38, 25.90, 22.13, 21.68, 21.16, 22.44, 19.82, 18.88, 16.69, 15.16, 13.33, 14.67, 12.88, 15.41, 16.31, 13.98, 15.58, 17.91, 18.44, 15.16, 16.45, 15.43, 14.43, 12.28, 10.63, 10.00, 8.76, 6.30, 5.29, 5.52, 3.83, 0.00, 3.86, 5.75, 6.63, 8.59, 10.74, 11.84, 10.74, 14.16, 13.44, 11.94, 15.01, 15.39, 18.92, 20.24, 23.61, 25.26, 24.52, 20.94, 19.56, 17.01, 15.62, 13.26, 13.62, 10.86, 13.34, 12.90, 15.74, 16.63, 17.12, 16.39, 12.67, 12.66, 14.66, 12.62, 9.41, 11.93, 13.66, 10.94, 8.84, 12.25, 13.27, 10.39, 12.05, 10.30, 12.80, 15.33, 15.10, 13.93, 11.87, 14.43, 13.66, 16.37, 17.05, 18.45, 22.22, 23.14, 21.93, 20.28, 23.05, 21.25, 21.23, 24.70, 26.28, 25.06
 25.47, 23.97, 20.17, 19.15, 18.45, 19.28, 16.40, 15.29, 12.94, 11.74, 10.35, 12.43, 11.57, 14.80, 16.53, 14.70, 17.04, 19.03, 20.17, 16.94, 17.84, 16.10, 15.42, 14.09, 11.90, 10.32, 10.06, 8.63, 5.97, 5.32, 5.92, 3.86, 0.00, 3.80, 5.40, 5.74, 7.55, 8.74, 7.62, 11.18, 11.04, 10.08, 13.37, 14.60, 18.33, 20.28, 23.30, 25.02, 23.76, 20.13, 19.45, 17.16, 14.96, 12.08, 11.40, 8.09, 9.99, 9.16, 12.08, 12.83, 13.32, 12.82, 9.06, 9.03, 11.44, 9.86, 6.64, 9.56, 11.81, 9.86, 8.37, 11.59, 13.62, 11.63, 14.07, 12.59, 15.37, 17.73, 16.73, 15.04, 12.25, 13.88, 12.13, 14.13, 14.13, 15.53, 19.30, 19.96, 18.53, 17.12, 19.95, 18.09, 17.71, 21.21, 22.88, 21.51
 28.68, 27.21, 23.43, 22.04, 21.11, 21.41, 18.14, 16.76, 13.80, 13.37, 12.93, 15.41, 15.02, 18.33, 20.17, 18.12, 20.21, 21.97, 22.77, 19.27, 19.68, 17.68, 16.26, 15.25, 13.82, 11.57, 10.50, 10.06, 8.22, 5.65, 5.76, 5.75, 3.80, 0.00, 3.86, 5.39, 5.69, 6.33, 6.38, 10.12, 10.86, 11.08, 14.80, 16.50, 20.32, 22.52, 25.59, 27.68, 26.51, 22.78, 22.25, 20.32, 18.04, 14.81, 13.67, 10.00, 10.77, 9.12, 11.03, 12.20, 13.74, 13.05, 9.24, 10.50, 13.15, 11.37, 9.06, 12.51, 14.49, 12.46, 11.72, 15.12, 17.25, 15.07, 17.38, 15.79, 18.28, 20.89, 20.24, 18.70, 16.02, 17.65, 15.70, 17.31, 16.73, 17.89, 21.61, 21.71, 19.70, 18.09, 20.43, 17.94, 17.69, 21.41, 22.51, 20.75
 29.64, 27.71, 23.91, 22.69, 21.20, 21.69, 18.43, 17.80, 15.24, 15.30, 14.46, 17.17, 16.61, 19.89, 21.41, 19.72, 21.84, 24.10, 24.92, 21.59, 22.50, 20.87, 19.56, 18.07, 16.58, 14.88, 13.61, 12.37, 10.79, 9.02, 7.90, 6.63, 5.40, 3.86, 0.00, 3.88, 5.89, 8.32, 9.54, 13.34, 14.47, 14.59, 18.19, 19.75, 23.53, 25.54, 28.62, 30.42, 29.14, 25.50, 24.84, 22.48, 20.34, 17.43, 16.37, 12.74, 13.49, 11.23, 12.86, 12.99, 14.18, 12.46, 8.94, 10.92, 12.56, 9.83, 8.39, 12.13, 13.10, 10.58, 10.80, 14.45, 16.67, 14.44, 17.10, 16.28, 19.19, 21.32, 20.75, 18.75, 16.51, 18.17, 16.29, 18.03, 17.72, 19.58, 23.18, 23.63, 21.82, 20.74, 23.32, 20.90, 20.11, 23.79, 25.09, 22.99
 26.94, 24.91, 21.17, 19.61, 17.87, 18.07, 14.71, 14.26, 11.93, 12.46, 11.83, 15.02, 15.14, 18.71, 20.70, 19.57, 22.25, 24.38, 25.77, 22.64, 23.52, 21.57, 20.80, 19.70, 17.59, 15.69, 15.33, 14.20, 11.68, 10.29, 10.45, 8.59, 5.74, 5.39, 3.88, 0.00, 3.84, 7.24, 8.55, 12.16, 13.69, 13.99, 17.36, 19.33, 23.08, 25.38, 28.11, 29.73, 28.01, 24.49, 24.31, 22.03, 19.42, 16.46, 14.78, 11.18, 11.37, 8.67, 10.39, 9.74, 10.47, 8.64, 5.13, 7.35, 8.88, 6.48, 5.64, 9.43, 10.58, 9.03, 9.87, 13.02, 15.93, 14.54, 17.72, 17.21, 20.41, 22.28, 21.02, 18.59, 15.95, 16.81, 14.30, 15.38, 14.64, 16.72, 20.14, 20.59, 18.85, 18.27, 21.05, 18.85, 17.50, 21.04, 22.66, 20.48
 28.24, 26.51, 22.87, 20.78, 19.19, 18.67, 15.01, 13.84, 10.80, 11.97, 12.51, 15.93, 16.71, 20.45, 22.87, 21.56, 24.26, 25.94, 27.29, 23.98, 24.28, 21.86, 20.82, 20.34, 18.49, 15.89, 15.59, 15.41, 12.85, 10.55, 11.44, 10.74, 7.55, 5.69, 5.89, 3.84, 0.00, 3.80, 6.33, 9.54, 11.93, 13.26, 16.76, 19.31, 23.09, 25.80, 28.38, 30.36, 28.57, 24.98, 25.20, 23.42, 20.50, 17.12, 14.84, 11.06, 10.09, 6.77, 7.35, 7.36, 9.41, 8.30, 5.02, 7.91, 10.27, 8.97, 8.46, 11.95, 13.61, 12.64, 13.30, 16.21, 19.23, 17.93, 20.96, 19.99, 22.91, 25.12, 23.85, 21.65, 18.69, 19.32, 16.49, 17.00, 15.47, 16.91, 20.22, 19.95, 17.60, 16.80, 19.07, 16.41, 15.13, 18.80, 19.94, 17.49
 29.04, 27.77, 24.22, 21.90, 20.82, 19.97, 16.31, 14.30, 10.69, 11.67, 13.02, 16.19, 17.25, 20.95, 23.62, 21.98, 24.54, 25.71, 26.93, 23.48, 23.19, 20.39, 19.11, 19.25, 17.72, 14.57, 14.38, 15.13, 12.70, 9.76, 11.44, 11.84, 8.74, 6.33, 8.32, 7.24, 3.80, 0.00, 3.81, 6.36, 9.22, 11.40, 14.94, 17.83, 21.55, 24.52, 27.02, 29.37, 27.70, 24.05, 24.49, 23.24, 20.21, 16.54, 14.04, 10.33, 8.68, 5.78, 5.55, 7.49, 10.39, 10.54, 7.61, 9.63, 12.74, 12.21, 11.14, 14.29, 16.58, 15.78, 15.80, 18.58, 21.44, 20.06, 22.75, 21.20, 23.69, 26.30, 25.11, 23.33, 20.12, 20.77, 17.94, 18.25, 16.36, 16.95, 20.23, 19.37, 16.56, 15.15, 16.84, 13.77, 13.12, 16.91, 17.49, 15.17
 26.72, 25.82, 22.30, 20.13, 19.68, 19.09, 15.72, 13.23, 9.64, 9.44, 10.73, 13.40, 14.43, 17.98, 20.78, 19.00, 21.54, 22.38, 23.69, 20.32, 19.83, 16.87, 15.89, 16.33, 14.58, 11.27, 11.75, 12.81, 10.07, 7.43, 10.19, 10.74, 7.62, 6.38, 9.54, 8.55, 6.33, 3.81, 0.00, 3.83, 5.65, 7.59, 11.14, 14.04, 17.75, 20.76, 23.23, 25.64, 24.05, 20.37, 20.85, 19.84, 16.79, 13.03, 10.60, 7.01, 5.73, 4.44, 5.98, 8.71, 10.81, 11.87, 8.73, 9.19, 12.84, 12.87, 10.83, 13.43, 16.37, 15.74, 14.92, 17.39, 19.99, 18.71, 21.10, 19.14, 21.34, 24.10, 22.79, 21.33, 17.94, 18.55, 15.88, 16.29, 14.53, 14.56, 18.00, 17.17, 14.53, 12.55, 14.39, 11.64, 11.63, 15.38, 16.22, 14.66
 26.90, 26.45, 23.21, 20.70, 20.67, 19.59, 16.39, 13.27, 9.59, 9.44, 11.76, 14.06, 15.72, 19.09, 22.22, 20.49, 23.04, 23.27, 24.70, 21.45, 20.37, 16.98, 16.16, 17.44, 15.82, 12.19, 13.28, 15.09, 12.43, 9.99, 13.22, 14.16, 11.18, 10.12, 13.34, 12.16, 9.54, 6.36, 3.83, 0.00, 3.85, 7.28, 10.09, 13.55, 16.91, 20.31, 22.36, 25.03, 23.34, 19.80, 20.83, 20.50, 17.26, 13.45, 10.57, 7.89, 5.34, 5.45, 5.72, 9.37, 11.65, 13.66, 11.25, 11.23, 14.98, 15.76, 13.90, 15.94, 19.15, 19.01, 18.07, 20.11, 22.72, 21.74, 23.96, 21.77, 23.65, 26.52, 25.04, 23.81, 20.24, 20.47, 17.69, 17.52, 15.26, 14.37, 17.42, 15.85, 12.79, 10.31, 11.34, 8.22, 8.95, 12.58, 12.92, 11.72
 25.56, 25.47, 22.28, 20.17, 20.77, 20.19, 17.43, 14.23, 11.03, 9.47, 11.14, 12.46, 13.70, 16.65, 19.68, 17.69, 20.00, 19.88, 21.25, 18.09, 16.77, 13.28, 12.75, 14.35, 12.67, 9.03, 10.83, 12.91, 10.37, 8.62, 12.34, 13.44, 11.04, 10.86, 14.47, 13.69, 11.93, 9.22, 5.65, 3.85, 0.00, 3.82, 6.51, 9.84, 13.18, 16.55, 18.69, 21.48, 20.07, 16.46, 17.35, 17.29, 14.25, 10.49, 8.17, 6.30, 5.37, 7.50, 9.11, 12.40, 13.89, 16.04, 13.35, 12.44, 16.22, 17.06, 14.48, 16.04, 19.56, 19.33, 17.64, 19.43, 21.56, 20.54, 22.29, 19.71, 21.15, 24.15, 22.73, 21.98, 18.43, 18.83, 16.52, 16.70, 14.96, 13.59, 16.76, 15.47, 12.94, 9.81, 11.01, 8.73, 10.38, 13.56, 14.19, 13.95
 23.38, 23.38, 20.17, 18.61, 19.60, 19.68, 17.36, 14.46, 11.91, 9.24, 9.71, 10.07, 10.61, 13.23, 16.09, 13.96, 16.23, 16.09, 17.60, 14.58, 13.53, 10.20, 10.38, 11.67, 9.40, 6.19, 8.95, 10.53, 7.81, 7.46, 11.28, 11.94, 10.08, 11.08, 14.59, 13.99, 13.26, 11.40, 7.59, 7.28, 3.82, 0.00, 3.82, 6.50, 10.17, 13.27, 15.69, 18.29, 17.04, 13.30, 13.78, 13.53, 10.64, 6.92, 5.55, 4.56, 6.13, 9.02, 11.69, 14.36, 15.02, 17.01, 14.11, 12.45, 16.00, 16.77, 13.63, 14.66, 18.29, 17.98, 15.68, 17.15, 18.82, 17.86, 19.26, 16.52, 17.75, 20.71, 19.23, 18.75, 15.27, 15.82, 14.01, 14.69, 13.70, 12.38, 15.74, 15.20, 13.49, 10.46, 12.39, 11.15, 12.61, 15.45, 16.71, 16.89
 21.71, 22.30, 19.49, 18.08, 19.78, 19.93, 18.21, 15.19, 13.32, 10.13, 10.56, 9.69, 10.44, 12.24, 15.24, 13.38, 15.58, 14.65, 16.52, 14.07, 12.65, 9.18, 10.54, 12.44, 10.01, 7.67, 11.18, 12.73, 10.29, 10.85, 14.53, 15.01, 13.37, 14.80, 18.19, 17.36, 16.76, 14.94, 11.14, 10.09, 6.51, 3.82, 0.00, 3.82, 6.89, 10.40, 12.29, 14.98, 13.65, 10.03, 11.10, 11.74, 8.84, 5.74, 5.01, 6.64, 8.15, 11.72, 14.31, 16.85, 17.01, 19.45, 16.95, 14.68, 17.99, 19.29, 16.14, 16.39, 20.14, 20.27, 17.70, 18.48, 19.84, 19.35, 20.40, 17.58, 18.35, 21.13, 19.38, 19.27, 15.83, 15.92, 14.44, 14.76, 13.91, 11.74, 14.59, 14.00, 12.87, 9.64, 11.31, 11.19, 13.08, 15.14, 16.58, 17.59
 21.64, 22.45, 19.78, 19.09, 21.13, 21.88, 20.55, 17.90, 16.44, 12.93, 12.40, 10.55, 10.12, 10.79, 13.15, 10.92, 12.54, 11.12, 12.92, 10.79, 9.33, 6.19, 8.68, 10.42, 7.91, 6.98, 10.75, 11.92, 10.19, 11.77, 14.98, 15.39, 14.60, 16.50, 19.75, 19.33, 19.31, 17.83, 14.04, 13.55, 9.84, 6.50, 3.82, 0.00, 3.83, 6.80, 9.29, 11.99, 11.34, 7.65, 7.81, 8.74, 6.79, 5.00, 6.80, 9.00, 11.47, 14.90, 17.79, 20.13, 20.02, 22.19, 19.52, 17.06, 20.07, 21.11, 17.65, 17.57, 21.17, 21.06, 17.99, 18.50, 19.13, 18.56, 18.92, 15.84, 15.95, 18.72, 17.16, 17.72, 14.69, 15.13, 14.58, 15.52, 15.55, 13.57, 16.27, 16.32, 15.87, 12.91, 14.63, 14.90, 16.78, 18.63, 20.18, 21.37
 21.65, 23.05, 20.87, 20.48, 23.03, 23.87, 23.02, 20.40, 19.35, 15.76, 15.23, 12.74, 12.30, 11.90, 13.85, 11.96, 12.99, 10.53, 12.40, 11.27, 9.40, 6.97, 10.24, 12.29, 10.27, 10.21, 13.80, 14.96, 13.67, 15.47, 18.51, 18.92, 18.33, 20.32, 23.53, 23.08, 23.09, 21.55, 17.75, 16.91, 13.18, 10.17, 6.89, 3.83, 0.00, 3.82, 5.58, 8.69, 8.58, 5.45, 5.96, 8.51, 7.61, 7.60, 9.70, 12.53, 14.77, 18.38, 21.15, 23.47, 23.15, 25.53, 23.06, 20.38, 23.20, 24.48, 21.06, 20.56, 24.12, 24.22, 21.02, 21.07, 21.32, 21.05, 20.96, 17.90, 17.41, 19.92, 18.35, 19.40, 16.71, 16.88, 16.80, 17.54, 17.77, 15.38, 17.43, 17.51, 17.57, 14.71, 15.99, 16.94, 19.07, 20.31, 21.83, 23.56
 22.51, 24.01, 22.04, 22.28, 24.98, 26.27, 25.69, 23.39, 22.57, 18.85, 17.76, 14.90, 13.65, 12.24, 13.17, 11.18, 11.20, 7.99, 9.60, 9.48, 7.84, 7.01, 10.77, 12.25, 10.59, 11.79, 15.01, 15.70, 15.08, 17.41, 19.94, 20.24, 20.28, 22.52, 25.54, 25.38, 25.80, 24.52, 20.76, 20.31, 16.55, 13.27, 10.40, 6.80, 3.82, 0.00, 3.83, 6.50, 7.92, 5.81, 4.33, 7.39, 8.34, 9.68, 12.62, 15.40, 18.08, 21.56, 24.53, 26.72, 26.23, 28.37, 25.79, 23.04, 25.61, 26.64, 23.09, 22.39, 25.71, 25.61, 22.13, 21.95, 21.53, 21.22, 20.47, 17.37, 16.16, 18.43, 17.17, 18.90, 16.84, 17.32, 18.05, 19.25, 20.12, 18.04, 19.95, 20.52, 20.96, 18.32, 19.72, 20.75, 22.79, 24.01, 25.61, 27.35
 21.68, 23.74, 22.31, 22.54, 25.62, 26.77, 26.61, 24.27, 23.85, 20.16, 19.33, 16.19, 15.51, 13.80, 14.90, 13.74, 13.98, 10.59, 12.52, 13.07, 11.52, 10.67, 14.29, 16.04, 14.34, 15.24, 18.62, 19.39, 18.45, 20.70, 23.46, 23.61, 23.30, 25.59, 28.62, 28.11, 28.38, 27.02, 23.23, 22.36, 18.69, 15.69, 12.29, 9.29, 5.58, 3.83, 0.00, 3.80, 5.52, 5.20, 5.56, 9.38, 10.11, 11.86, 14.31, 17.57, 19.86, 23.53, 26.35, 28.46, 27.73, 30.19, 27.96, 24.96, 27.40, 28.86, 25.50, 24.42, 27.78, 28.11, 24.76, 24.16, 23.83, 24.01, 23.36, 20.54, 19.41, 21.29, 19.68, 21.30, 19.24, 19.09, 19.74, 20.37, 21.07, 18.56, 19.79, 20.24, 21.09, 18.68, 19.75, 21.42, 23.48, 24.10, 25.76, 27.94
 19.92, 22.21, 21.23, 22.01, 25.32, 26.81, 27.15, 25.21, 25.32, 21.57, 20.32, 16.80, 15.89, 13.41, 13.96, 13.64, 13.80, 10.48, 12.89, 14.31, 13.63, 13.47, 17.25, 18.44, 16.43, 17.82, 21.19, 21.39, 20.35, 23.01, 25.59, 25.26, 25.02, 27.68, 30.42, 29.73, 30.36, 29.37, 25.64, 25.03, 21.48, 18.29, 14.98, 11.99, 8.69, 6.50, 3.80, 0.00, 3.77, 5.71, 5.76, 9.19, 10.61, 13.31, 15.97, 19.45, 21.93, 25.54, 28.55, 30.27, 29.11, 31.48, 29.45, 26.19, 28.22, 29.77, 26.51, 24.94, 28.05, 28.61, 25.25, 24.11, 23.44, 24.08, 23.24, 20.84, 19.67, 20.90, 19.03, 20.73, 19.08, 18.57, 19.68, 20.27, 21.45, 19.14, 19.95, 20.97, 22.42, 20.53, 21.93, 23.92, 25.59, 26.01, 28.05, 30.25
 16.57, 18.98, 18.11, 18.65, 22.08, 23.42, 23.96, 22.09, 22.54, 18.87, 17.74, 14.15, 13.87, 11.65, 12.99, 13.32, 14.50, 11.83, 14.89, 15.77, 15.31, 14.47, 18.20, 19.40, 16.83, 17.72, 21.34, 21.45, 19.76, 22.33, 25.17, 24.52, 23.76, 26.51, 29.14, 28.01, 28.57, 27.70, 24.05, 23.34, 20.07, 17.04, 13.65, 11.34, 8.58, 7.92, 5.52, 3.77, 0.00, 3.81, 5.94, 8.90, 9.11, 11.74, 13.83, 17.56, 19.76, 23.36, 26.33, 27.79, 26.36, 28.87, 27.18, 23.74, 25.61, 27.51, 24.49, 22.66, 25.81, 26.79, 23.69, 22.31, 22.09, 23.14, 22.86, 20.76, 20.28, 21.40, 18.96, 19.98, 17.92, 16.76, 17.41, 17.44, 18.39, 15.92, 16.39, 17.49, 19.24, 17.73, 19.34, 21.63, 22.93, 23.14, 25.46, 27.67
 16.97, 18.78, 17.18, 17.35, 20.44, 21.68, 21.69, 19.61, 19.61, 15.86, 14.73, 11.34, 10.96, 9.38, 11.30, 10.93, 12.52, 10.17, 13.24, 13.28, 12.73, 11.36, 14.97, 16.18, 13.42, 14.03, 17.70, 17.91, 16.10, 18.55, 21.46, 20.94, 20.13, 22.78, 25.50, 24.49, 24.98, 24.05, 20.37, 19.80, 16.46, 13.30, 10.03, 7.65, 5.45, 5.81, 5.20, 5.71, 3.81, 0.00, 3.80, 6.65, 5.95, 8.09, 10.35, 13.97, 16.34, 19.94, 22.98, 24.59, 23.41, 25.83, 23.88, 20.60, 22.75, 24.45, 21.29, 19.82, 23.15, 23.88, 20.74, 19.80, 19.84, 20.52, 20.47, 18.11, 17.88, 19.46, 17.11, 17.94, 15.47, 14.66, 14.97, 15.28, 16.06, 13.68, 14.93, 15.87, 17.09, 15.20, 17.05, 18.87, 20.23, 20.94, 23.19, 25.08
 18.72, 20.13, 18.27, 18.97, 21.80, 23.50, 23.34, 21.52, 21.29, 17.46, 15.74, 12.38, 10.80, 8.59, 9.38, 8.30, 9.09, 6.40, 9.51, 9.93, 9.91, 9.53, 13.31, 13.88, 11.26, 12.84, 16.19, 15.96, 14.77, 17.67, 20.09, 19.56, 19.45, 22.25, 24.84, 24.31, 25.20, 24.49, 20.85, 20.83, 17.35, 13.78, 11.10, 7.81, 5.96, 4.33, 5.56, 5.76, 5.94, 3.80, 0.00, 3.84, 5.36, 8.20, 11.49, 14.60, 17.60, 20.96, 24.25, 25.87, 24.79, 26.78, 24.46, 21.35, 23.43, 24.60, 21.17, 19.86, 22.97, 23.20, 19.73, 18.94, 18.36, 18.64, 17.99, 15.43, 14.67, 16.26, 14.31, 15.76, 13.79, 13.77, 14.87, 16.09, 17.50, 15.78, 17.53, 18.82, 19.87, 17.87, 19.94, 21.27, 22.64, 23.80, 25.99, 27.57
 17.91, 18.64, 16.41, 17.49, 19.95, 22.08, 21.85, 20.49, 20.35, 16.57, 14.15, 10.88, 8.32, 5.67, 5.78, 4.54, 6.04, 4.90, 8.55, 8.72, 10.04, 10.12, 13.53, 13.11, 9.99, 12.08, 15.10, 14.02, 12.74, 16.11, 18.09, 17.01, 17.16, 20.32, 22.48, 22.03, 23.42, 23.24, 19.84, 20.50, 17.29, 13.53, 11.74, 8.74, 8.51, 7.39, 9.38, 9.19, 8.90, 6.65, 3.84, 0.00, 3.87, 7.22, 10.90, 13.49, 16.94, 19.90, 23.44, 24.68, 23.42, 24.95, 22.54, 19.47, 21.21, 22.03, 18.57, 17.15, 19.98, 20.00, 16.43, 15.54, 14.65, 14.93, 14.23, 11.89, 11.49, 12.82, 10.58, 11.92, 10.09, 10.42, 12.05, 13.94, 15.96, 15.06, 17.21, 19.03, 20.11, 18.42, 21.05, 22.03, 22.93, 24.48, 26.91, 28.02
 16.27, 16.86, 14.30, 14.67, 17.06, 18.80, 18.37, 16.76, 16.59, 12.77, 10.58, 7.29, 5.49, 4.29, 6.84, 6.10, 8.95, 8.45, 11.76, 10.89, 11.59, 10.38, 13.46, 13.51, 9.96, 10.85, 14.24, 13.49, 11.28, 14.25, 16.78, 15.62, 14.96, 18.04, 20.34, 19.42, 20.50, 20.21, 16.79, 17.26, 14.25, 10.64, 8.84, 6.79, 7.61, 8.34, 10.11, 10.61, 9.11, 5.95, 5.36, 3.87, 0.00, 3.83, 7.18, 10.10, 13.35, 16.41, 19.91, 21.11, 19.81, 21.60, 19.35, 16.15, 18.10, 19.29, 15.94, 14.53, 17.74, 18.13, 14.86, 14.10, 14.18, 14.66, 14.95, 12.75, 13.33, 14.94, 12.35, 12.59, 9.73, 9.36, 9.76, 11.08, 12.54, 11.38, 13.77, 15.40, 16.31, 14.68, 17.49, 18.46, 19.16, 20.73, 23.27, 24.29
 17.96, 18.20, 15.22, 14.72, 16.57, 17.75, 16.60, 14.54, 13.67, 9.92, 8.24, 5.97, 5.15, 6.58, 9.61, 8.19, 11.11, 10.97, 13.61, 11.68, 11.82, 9.63, 11.93, 12.29, 8.72, 8.31, 11.79, 11.55, 8.76, 11.12, 14.11, 13.26, 12.08, 14.81, 17.43, 16.46, 17.12, 16.54, 13.03, 13.45, 10.49, 6.92, 5.74, 5.00, 7.60, 9.68, 11.86, 13.31, 11.74, 8.09, 8.20, 7.22, 3.83, 0.00, 3.85, 6.46, 9.75, 12.87, 16.31, 17.80, 16.94, 18.82, 16.35, 13.42, 15.93, 17.07, 13.66, 12.97, 16.52, 16.74, 13.72, 13.78, 14.66, 14.63, 15.55, 13.13, 14.22, 16.41, 14.14, 13.86, 10.45, 10.40, 9.58, 10.69, 11.23, 10.00, 13.07, 14.03, 14.11, 12.07, 14.91, 15.31, 16.07, 18.08, 20.39, 21.11
 17.83, 17.90, 14.83, 13.37, 14.87, 15.32, 13.76, 11.22, 10.05, 6.33, 5.76, 4.81, 6.35, 9.06, 12.58, 11.68, 14.82, 14.81, 17.39, 15.21, 15.00, 12.24, 13.88, 14.64, 11.33, 9.68, 12.94, 13.16, 9.78, 11.01, 14.43, 13.62, 11.40, 13.67, 16.37, 14.78, 14.84, 14.04, 10.60, 10.57, 8.17, 5.55, 5.01, 6.80, 9.70, 12.62, 14.31, 15.97, 13.83, 10.35, 11.49, 10.90, 7.18, 3.85, 0.00, 3.85, 6.27, 9.64, 12.91, 14.41, 13.61, 15.92, 13.75, 10.78, 13.65, 15.29, 12.29, 11.84, 15.62, 16.28, 13.94, 14.21, 16.01, 16.16, 17.83, 15.75, 17.38, 19.55, 17.15, 16.20, 12.49, 11.86, 9.78, 9.80, 9.04, 7.42, 10.78, 11.11, 10.60, 8.57, 11.67, 11.90, 12.30, 14.45, 16.85, 17.40
 20.41, 19.87, 16.45, 14.75, 15.31, 15.53, 13.14, 10.66, 8.49, 5.56, 5.34, 6.72, 7.83, 11.28, 14.45, 13.17, 16.22, 16.83, 18.93, 16.19, 16.11, 13.32, 13.97, 14.35, 11.33, 8.99, 11.41, 11.60, 7.94, 8.22, 11.62, 10.86, 8.09, 10.00, 12.74, 11.18, 11.06, 10.33, 7.01, 7.89, 6.30, 4.56, 6.64, 9.00, 12.53, 15.40, 17.57, 19.45, 17.56, 13.97, 14.60, 13.49, 10.10, 6.46, 3.85, 0.00, 3.88, 6.46, 9.98, 11.58, 11.38, 13.23, 10.55, 8.22, 11.59, 12.66, 9.64, 10.29, 14.00, 14.17, 12.23, 13.43, 15.68, 15.26, 17.37, 15.39, 17.47, 19.85, 17.81, 16.49, 12.77, 12.73, 10.23, 10.64, 9.54, 9.05, 12.76, 12.84, 11.49, 9.55, 12.57, 11.64, 11.68, 14.63, 16.71, 16.43
 21.62, 21.11, 17.88, 15.42, 15.64, 14.89, 12.06, 8.95, 5.90, 4.30, 6.57, 8.92, 11.11, 14.60, 18.01, 16.97, 20.04, 20.45, 22.55, 19.75, 19.28, 16.13, 16.44, 17.31, 14.67, 11.77, 13.87, 14.64, 11.15, 10.29, 13.73, 13.34, 9.99, 10.77, 13.49, 11.37, 10.09, 8.68, 5.73, 5.34, 5.37, 6.13, 8.15, 11.47, 14.77, 18.08, 19.86, 21.93, 19.76, 16.34, 17.60, 16.94, 13.35, 9.75, 6.27, 3.88, 0.00, 3.80, 6.67, 8.71, 9.09, 11.61, 9.48, 7.70, 11.36, 12.94, 10.82, 11.80, 15.35, 15.92, 14.77, 16.04, 18.76, 18.51, 20.92, 19.11, 21.29, 23.68, 21.59, 20.04, 16.30, 15.86, 12.85, 12.30, 10.02, 9.17, 12.47, 11.57, 9.23, 7.33, 10.03, 8.48, 8.10, 11.39, 13.27, 12.64
 23.62, 22.58, 19.21, 16.60, 15.92, 14.91, 11.47, 8.91, 5.26, 5.97, 8.01, 11.31, 13.28, 17.04, 20.22, 19.24, 22.33, 23.22, 25.16, 22.16, 21.95, 18.97, 18.78, 19.24, 16.81, 13.87, 15.14, 15.63, 12.25, 10.69, 13.48, 12.90, 9.16, 9.12, 11.23, 8.67, 6.77, 5.78, 4.44, 5.45, 7.50, 9.02, 11.72, 14.90, 18.38, 21.56, 23.53, 25.54, 23.36, 19.94, 20.96, 19.90, 16.41, 12.87, 9.64, 6.46, 3.80, 0.00, 3.76, 5.39, 6.66, 8.56, 6.29, 5.90, 9.57, 10.70, 9.35, 11.20, 14.22, 14.62, 14.30, 16.06, 19.17, 18.73, 21.56, 20.14, 22.72, 25.00, 23.06, 21.11, 17.52, 17.24, 13.98, 13.48, 11.07, 11.29, 14.47, 13.64, 11.07, 10.03, 12.46, 10.25, 8.95, 12.58, 14.19, 12.52
 26.32, 25.31, 22.11, 19.16, 18.22, 16.53, 12.93, 10.33, 6.61, 8.73, 11.42, 14.74, 16.97, 20.70, 23.96, 22.95, 25.98, 26.74, 28.57, 25.47, 24.97, 21.80, 21.27, 22.01, 19.94, 16.69, 17.65, 18.56, 15.46, 13.29, 15.86, 15.74, 12.08, 11.03, 12.86, 10.39, 7.35, 5.55, 5.98, 5.72, 9.11, 11.69, 14.31, 17.79, 21.15, 24.53, 26.35, 28.55, 26.33, 22.98, 24.25, 23.44, 19.91, 16.31, 12.91, 9.98, 6.67, 3.76, 0.00, 3.85, 6.92, 8.84, 7.56, 8.48, 11.61, 12.72, 12.24, 14.30, 16.92, 17.38, 17.56, 19.44, 22.69, 22.20, 25.11, 23.71, 26.26, 28.64, 26.79, 24.79, 21.24, 20.91, 17.53, 16.69, 13.87, 13.89, 16.57, 15.07, 11.92, 11.10, 12.63, 9.76, 8.11, 11.77, 12.64, 10.17
 25.42, 23.96, 20.83, 17.78, 16.17, 14.29, 10.52, 8.82, 5.88, 9.08, 11.33, 15.03, 17.36, 21.16, 24.34, 23.84, 27.11, 28.22, 30.30, 27.36, 27.30, 24.36, 24.08, 24.44, 22.05, 19.17, 20.12, 20.41, 17.10, 15.37, 17.51, 16.63, 12.83, 12.20, 12.99, 9.74, 7.36, 7.49, 8.71, 9.37, 12.40, 14.36, 16.85, 20.13, 23.47, 26.72, 28.46, 30.27, 27.79, 24.59, 25.87, 24.68, 21.11, 17.80, 14.41, 11.58, 8.71, 5.39, 3.85, 0.00, 3.85, 5.35, 5.49, 6.92, 9.07, 10.42, 11.03, 12.85, 14.89, 15.80, 16.73, 18.35, 21.91, 21.80, 25.08, 24.24, 27.18, 29.16, 27.07, 24.62, 21.20, 20.51, 16.93, 15.76, 12.86, 13.72, 16.11, 15.06, 12.36, 12.67, 14.68, 12.43, 9.80, 12.96, 14.43, 11.70
 22.12, 20.46, 17.43, 14.32, 12.44, 10.52, 6.72, 5.71, 4.23, 7.60, 9.37, 13.04, 15.61, 19.28, 22.48, 22.55, 26.07, 27.31, 29.75, 27.15, 27.43, 24.68, 24.95, 25.12, 22.28, 19.85, 21.24, 21.03, 17.44, 16.52, 18.71, 17.12, 13.32, 13.74, 14.18, 10.47, 9.41, 10.39, 10.81, 11.65, 13.89, 15.02, 17.01, 20.02, 23.15, 26.23, 27.73, 29.11, 26.36, 23.41, 24.79, 23.42, 19.81, 16.94, 13.61, 11.38, 9.09, 6.66, 6.92, 3.85, 0.00, 3.83, 5.40, 5.09, 6.25, 8.77, 9.75, 10.52, 12.46, 14.19, 15.27, 16.18, 19.87, 20.39, 23.81, 23.37, 26.48, 28.05, 25.58, 22.86, 19.48, 18.23, 14.50, 12.82, 9.82, 11.25, 13.35, 12.90, 10.97, 12.17, 14.83, 13.50, 10.44, 13.02, 15.38, 13.20
 23.99, 21.82, 18.64, 15.98, 13.45, 12.12, 8.47, 8.85, 7.76, 10.50, 11.23, 14.99, 16.89, 20.57, 23.36, 23.41, 26.83, 28.53, 30.78, 28.09, 28.74, 26.27, 26.29, 25.97, 23.24, 21.03, 21.87, 21.21, 17.86, 16.87, 18.32, 16.39, 12.82, 13.05, 12.46, 8.64, 8.30, 10.54, 11.87, 13.66, 16.04, 17.01, 19.45, 22.19, 25.53, 28.37, 30.19, 31.48, 28.87, 25.83, 26.78, 24.95, 21.60, 18.82, 15.92, 13.23, 11.61, 8.56, 8.84, 5.35, 3.83, 0.00, 3.85, 5.50, 5.16, 6.32, 8.53, 9.93, 10.84, 12.20, 14.09, 15.38, 19.14, 19.44, 23.07, 23.05, 26.43, 27.80, 25.55, 22.56, 19.53, 18.63, 15.09, 14.02, 11.77, 14.02, 16.29, 16.37, 14.71, 15.80, 18.53, 16.94, 14.06, 16.79, 18.93, 16.44
 24.31, 22.33, 18.82, 16.53, 14.54, 13.91, 10.26, 9.82, 7.71, 9.41, 9.72, 13.47, 14.82, 18.60, 21.25, 20.78, 23.99, 25.74, 27.71, 24.83, 25.46, 23.08, 22.85, 22.38, 19.81, 17.58, 18.17, 17.49, 14.26, 13.11, 14.47, 12.67, 9.06, 9.24, 8.94, 5.13, 5.02, 7.61, 8.73, 11.25, 13.35, 14.11, 16.95, 19.52, 23.06, 25.79, 27.96, 29.45, 27.18, 23.88, 24.46, 22.54, 19.35, 16.35, 13.75, 10.55, 9.48, 6.29, 7.56, 5.49, 5.40, 3.85, 0.00, 3.85, 5.47, 5.29, 5.98, 8.53, 10.10, 10.46, 11.72, 13.71, 17.25, 16.94, 20.40, 20.01, 23.28, 24.94, 22.99, 20.28, 17.19, 16.92, 13.61, 13.38, 11.60, 13.66, 16.63, 16.79, 14.97, 15.17, 18.00, 16.10, 13.93, 17.17, 19.12, 16.84
 20.57, 18.74, 15.21, 12.92, 11.34, 11.04, 7.66, 7.05, 5.65, 6.33, 6.05, 9.81, 11.48, 15.24, 18.11, 18.02, 21.47, 23.05, 25.39, 22.81, 23.53, 21.17, 21.55, 21.19, 18.18, 16.25, 17.56, 16.74, 13.13, 12.86, 14.79, 12.66, 9.03, 10.50, 10.92, 7.35, 7.91, 9.63, 9.19, 11.23, 12.44, 12.45, 14.68, 17.06, 20.38, 23.04, 24.96, 26.19, 23.74, 20.60, 21.35, 19.47, 16.15, 13.42, 10.78, 8.22, 7.70, 5.90, 8.48, 6.92, 5.09, 5.50, 3.85, 0.00, 3.80, 5.57, 4.98, 6.00, 8.63, 9.85, 10.33, 11.50, 15.08, 15.36, 18.74, 18.32, 21.52, 23.02, 20.65, 17.95, 14.61, 13.80, 10.26, 9.66, 7.81, 10.00, 13.07, 13.66, 12.40, 12.78, 16.08, 14.90, 12.75, 15.68, 18.21, 16.60
 19.93, 17.52, 14.12, 12.05, 9.52, 9.54, 6.56, 7.90, 8.13, 9.14, 8.16, 11.47, 12.92, 16.35, 18.89, 19.40, 22.94, 24.87, 27.37, 25.07, 26.20, 24.15, 24.73, 24.04, 20.89, 19.40, 20.62, 19.30, 15.81, 15.94, 17.36, 14.66, 11.44, 13.15, 12.56, 8.88, 10.27, 12.74, 12.84, 14.98, 16.22, 16.00, 17.99, 20.07, 23.20, 25.61, 27.40, 28.22, 25.61, 22.75, 23.43, 21.21, 18.10, 15.93, 13.65, 11.59, 11.36, 9.57, 11.61, 9.07, 6.25, 5.16, 5.47, 3.80, 0.00, 3.81, 5.41, 5.14, 6.25, 8.50, 10.09, 10.59, 14.40, 15.27, 18.93, 19.27, 22.76, 23.69, 21.14, 17.96, 15.04, 13.81, 10.34, 9.47, 8.16, 11.33, 13.79, 15.01, 14.40, 15.54, 18.94, 18.11, 15.55, 18.06, 20.85, 19.13
 22.74, 20.15, 16.61, 15.15, 12.63, 13.18, 10.36, 11.51, 10.96, 11.74, 10.35, 13.51, 14.05, 17.42, 19.43, 19.55, 22.77, 25.12, 27.23, 24.74, 26.12, 24.35, 24.52, 23.37, 20.49, 19.19, 19.75, 18.05, 14.97, 14.95, 15.54, 12.62, 9.86, 11.37, 9.83, 6.48, 8.97, 12.21, 12.87, 15.76, 17.06, 16.77, 19.29, 21.11, 24.48, 26.64, 28.86, 29.77, 27.51, 24.45, 24.60, 22.03, 19.29, 17.07, 15.29, 12.66, 12.94, 10.70, 12.72, 10.42, 8.77, 6.32, 5.29, 5.57, 3.81, 0.00, 3.82, 5.45, 5.26, 5.90, 8.31, 9.87, 13.50, 13.65, 17.41, 17.96, 21.60, 22.54, 20.44, 17.22, 14.71, 14.34, 11.44, 11.75, 11.28, 14.44, 17.23, 18.49, 17.68, 18.32, 21.64, 20.36, 18.12, 21.02, 23.49, 21.51
 21.72, 19.52, 15.75, 14.60, 12.94, 13.95, 11.26, 11.52, 10.51, 10.11, 8.08, 10.91, 10.89, 14.33, 16.33, 16.04, 19.19, 21.47, 23.48, 20.93, 22.31, 20.62, 20.85, 19.63, 16.69, 15.54, 16.22, 14.43, 11.26, 11.65, 12.45, 9.41, 6.64, 9.06, 8.39, 5.64, 8.46, 11.14, 10.83, 13.90, 14.48, 13.63, 16.14, 17.65, 21.06, 23.09, 25.50, 26.51, 24.49, 21.29, 21.17, 18.57, 15.94, 13.66, 12.29, 9.64, 10.82, 9.35, 12.24, 11.03, 9.75, 8.53, 5.98, 4.98, 5.41, 3.82, 0.00, 3.82, 5.66, 5.27, 5.77, 7.93, 11.32, 11.03, 14.58, 14.62, 18.13, 19.37, 17.35, 14.44, 11.62, 11.73, 9.02, 10.16, 10.17, 12.93, 16.22, 17.56, 16.78, 16.77, 20.18, 18.96, 17.33, 20.38, 22.82, 21.26
 18.19, 15.81, 12.06, 11.24, 9.66, 11.40, 9.56, 10.48, 10.73, 9.77, 6.89, 9.02, 9.09, 12.19, 14.21, 14.78, 18.24, 20.50, 22.98, 20.94, 22.56, 21.05, 21.96, 20.78, 17.43, 16.76, 18.09, 16.10, 12.78, 14.03, 15.17, 11.93, 9.56, 12.51, 12.13, 9.43, 11.95, 14.29, 13.43, 15.94, 16.04, 14.66, 16.39, 17.57, 20.56, 22.39, 24.42, 24.94, 22.66, 19.82, 19.86, 17.15, 14.53, 12.97, 11.84, 10.29, 11.80, 11.20, 14.30, 12.85, 10.52, 9.93, 8.53, 6.00, 5.14, 5.45, 3.82, 0.00, 3.80, 5.58, 5.62, 5.66, 9.40, 10.40, 13.97, 14.45, 17.96, 18.66, 16.03, 12.82, 9.97, 9.02, 6.00, 6.86, 7.66, 10.96, 13.89, 15.92, 15.95, 16.44, 20.14, 19.64, 17.83, 20.38, 23.30, 22.16
 19.69, 16.76, 13.28, 12.95, 10.60, 12.64, 11.17, 13.05, 13.64, 13.29, 10.61, 12.55, 12.28, 14.87, 16.25, 17.14, 20.37, 23.03, 25.40, 23.51, 25.49, 24.29, 25.08, 23.55, 20.33, 19.94, 20.87, 18.50, 15.55, 16.76, 17.20, 13.66, 11.81, 14.49, 13.10, 10.58, 13.61, 16.58, 16.37, 19.15, 19.56, 18.29, 20.14, 21.17, 24.12, 25.71, 27.78, 28.05, 25.81, 23.15, 22.97, 19.98, 17.74, 16.52, 15.62, 14.00, 15.35, 14.22, 16.92, 14.89, 12.46, 10.84, 10.10, 8.63, 6.25, 5.26, 5.66, 3.80, 0.00, 3.82, 5.97, 5.66, 9.26, 10.51, 14.29, 15.65, 19.39, 19.53, 17.05, 13.45, 11.49, 10.68, 8.49, 9.40, 10.57, 14.20, 16.68, 18.94, 19.13, 19.97, 23.65, 23.08, 21.00, 23.50, 26.43, 25.02
 22.63, 19.89, 16.30, 16.20, 14.22, 16.18, 14.31, 15.60, 15.37, 14.82, 12.10, 14.00, 12.96, 15.52, 16.43, 16.61, 19.41, 22.37, 24.25, 22.11, 24.23, 23.29, 23.65, 21.71, 18.84, 18.63, 18.93, 16.25, 13.81, 14.94, 14.63, 10.94, 9.86, 12.46, 10.58, 9.03, 12.64, 15.78, 15.74, 19.01, 19.33, 17.98, 20.27, 21.06, 24.22, 25.61, 28.11, 28.61, 26.79, 23.88, 23.20, 20.00, 18.13, 16.74, 16.28, 14.17, 15.92, 14.62, 17.38, 15.80, 14.19, 12.20, 10.46, 9.85, 8.50, 5.90, 5.27, 5.58, 3.82, 0.00, 3.83, 5.71, 8.58, 8.44, 12.24, 13.59, 17.40, 17.73, 15.89, 12.50, 10.92, 11.41, 9.94, 11.90, 13.22, 16.51, 19.44, 21.47, 21.30, 21.55, 25.12, 24.13, 22.44, 25.32, 27.94, 26.39
 21.42, 19.11, 15.42, 15.69, 14.59, 16.85, 15.18, 15.82, 15.42, 13.96, 10.77, 11.89, 10.05, 12.34, 13.02, 12.88, 15.61, 18.59, 20.43, 18.35, 20.59, 19.86, 20.44, 18.39, 15.40, 15.62, 16.13, 13.23, 10.86, 12.75, 12.61, 8.84, 8.37, 11.72, 10.80, 9.87, 13.30, 15.80, 14.92, 18.07, 17.64, 15.68, 17.70, 17.99, 21.02, 22.13, 24.76, 25.25, 23.69, 20.74, 19.73, 16.43, 14.86, 13.72, 13.94, 12.23, 14.77, 14.30, 17.56, 16.73, 15.27, 14.09, 11.72, 10.33, 10.09, 8.31, 5.77, 5.62, 5.97, 3.83, 0.00, 3.82, 6.08, 5.37, 9.10, 9.99, 13.76, 14.31, 12.41, 9.27, 7.38, 8.59, 7.78, 10.67, 12.54, 15.35, 18.53, 20.65, 20.63, 20.39, 23.97, 23.18, 22.00, 24.88, 27.49, 26.36
 18.28, 15.80, 12.28, 13.21, 12.34, 15.24, 14.42, 15.55, 16.03, 14.29, 10.71, 11.02, 9.14, 10.74, 11.21, 12.19, 15.20, 18.13, 20.47, 19.01, 21.45, 20.88, 22.10, 20.20, 16.87, 17.46, 18.59, 15.72, 13.20, 15.58, 15.91, 12.25, 11.59, 15.12, 14.45, 13.02, 16.21, 18.58, 17.39, 20.11, 19.43, 17.15, 18.48, 18.50, 21.07, 21.95, 24.16, 24.11, 22.31, 19.80, 18.94, 15.54, 14.10, 13.78, 14.21, 13.43, 16.04, 16.06, 19.44, 18.35, 16.18, 15.38, 13.71, 11.50, 10.59, 9.87, 7.93, 5.66, 5.66, 5.71, 3.82, 0.00, 3.82, 5.77, 9.20, 10.73, 14.34, 14.13, 11.44, 7.82, 6.13, 5.96, 5.67, 8.59, 11.32, 14.32, 17.00, 19.69, 20.35, 20.55, 24.30, 24.09, 22.75, 25.19, 28.17, 27.36
 19.17, 16.92, 13.77, 15.51, 15.21, 18.43, 17.96, 18.96, 19.42, 17.27, 13.55, 13.01, 10.22, 10.56, 9.68, 10.77, 13.16, 16.46, 18.59, 17.61, 20.54, 20.65, 22.06, 19.76, 16.60, 18.00, 19.01, 15.76, 13.95, 16.90, 16.82, 13.27, 13.62, 17.25, 16.67, 15.93, 19.23, 21.44, 19.99, 22.72, 21.56, 18.82, 19.84, 19.13, 21.32, 21.53, 23.83, 23.44, 22.09, 19.84, 18.36, 14.65, 14.18, 14.66, 16.01, 15.68, 18.76, 19.17, 22.69, 21.91, 19.87, 19.14, 17.25, 15.08, 14.40, 13.50, 11.32, 9.40, 9.26, 8.58, 6.08, 3.82, 0.00, 3.84, 6.22, 8.56, 11.92, 10.96, 8.29, 4.49, 4.71, 5.76, 7.66, 11.05, 14.27, 16.87, 19.43, 22.31, 23.22, 23.15, 26.85, 26.79, 25.79, 28.18, 31.14, 30.57
 22.41, 20.37, 17.03, 18.33, 17.96, 20.80, 19.71, 20.27, 20.01, 17.89, 14.38, 14.20, 11.13, 11.85, 10.89, 10.61, 12.40, 15.95, 17.39, 15.92, 18.89, 19.17, 20.02, 17.34, 14.60, 16.11, 16.46, 12.93, 11.74, 14.60, 13.87, 10.39, 11.63, 15.07, 14.44, 14.54, 17.93, 20.06, 18.71, 21.74, 20.54, 17.86, 19.35, 18.56, 21.05, 21.22, 24.01, 24.08, 23.14, 20.52, 18.64, 14.93, 14.66, 14.63, 16.16, 15.26, 18.51, 18.73, 22.20, 21.80, 20.39, 19.44, 16.94, 15.36, 15.27, 13.65, 11.03, 10.40, 10.51, 8.44, 5.37, 5.77, 3.84, 0.00, 3.83, 5.94, 9.64, 9.35, 7.87, 5.01, 5.33, 8.16, 9.69, 13.34, 16.10, 18.46, 21.48, 23.95, 24.34, 23.77, 27.31, 26.80, 26.11, 28.85, 31.48, 30.74
 23.88, 22.21, 19.14, 20.85, 20.96, 23.95, 23.06, 23.38, 23.06, 20.58, 17.07, 16.24, 12.70, 12.42, 10.41, 9.70, 10.34, 14.13, 15.08, 14.09, 17.47, 18.49, 19.47, 16.46, 14.09, 16.43, 16.64, 12.95, 12.70, 15.94, 14.96, 12.05, 14.07, 17.38, 17.10, 17.72, 20.96, 22.75, 21.10, 23.96, 22.29, 19.26, 20.40, 18.92, 20.96, 20.47, 23.36, 23.24, 22.86, 20.47, 17.99, 14.23, 14.95, 15.55, 17.83, 17.37, 20.92, 21.56, 25.11, 25.08, 23.81, 23.07, 20.40, 18.74, 18.93, 17.41, 14.58, 13.97, 14.29, 12.24, 9.10, 9.20, 6.22, 3.83, 0.00, 3.83, 6.73, 5.70, 5.20, 4.13, 6.31, 9.70, 12.18, 15.95, 18.92, 20.86, 23.80, 26.31, 26.84, 25.96, 29.37, 28.98, 28.68, 31.37, 33.92, 33.43
 24.24, 23.04, 19.87, 21.19, 21.69, 24.35, 23.19, 22.89, 22.13, 19.36, 16.13, 15.10, 11.46, 11.23, 9.55, 7.48, 7.74, 11.36, 11.98, 10.48, 13.76, 14.81, 15.70, 12.66, 10.39, 13.00, 13.23, 9.65, 9.83, 13.29, 12.55, 10.30, 12.59, 15.79, 16.28, 17.21, 19.99, 21.20, 19.14, 21.77, 19.71, 16.52, 17.58, 15.84, 17.90, 17.37, 20.54, 20.84, 20.76, 18.11, 15.43, 11.89, 12.75, 13.13, 15.75, 15.39, 19.11, 20.14, 23.71, 24.24, 23.37, 23.05, 20.01, 18.32, 19.27, 17.96, 14.62, 14.45, 15.65, 13.59, 9.99, 10.73, 8.56, 5.94, 3.83, 0.00, 3.82, 5.14, 5.24, 5.85, 6.36, 10.13, 12.30, 16.04, 18.64, 19.99, 23.14, 25.28, 25.54, 24.17, 27.34, 26.86, 27.01, 29.75, 32.05, 31.75
 25.98, 25.23, 22.30, 23.79, 24.71, 27.36, 26.32, 25.73, 24.87, 21.83, 18.78, 17.28, 13.57, 12.58, 10.36, 7.68, 6.01, 9.40, 9.06, 8.09, 11.71, 13.66, 14.68, 11.47, 9.92, 13.29, 13.46, 10.26, 11.42, 14.89, 14.18, 12.80, 15.37, 18.28, 19.19, 20.41, 22.91, 23.69, 21.34, 23.65, 21.15, 17.75, 18.35, 15.95, 17.41, 16.16, 19.41, 19.67, 20.28, 17.88, 14.67, 11.49, 13.33, 14.22, 17.38, 17.47, 21.29, 22.72, 26.26, 27.18, 26.48, 26.43, 23.28, 21.52, 22.76, 21.60, 18.13, 17.96, 19.39, 17.40, 13.76, 14.34, 11.92, 9.64, 6.73, 3.82, 0.00, 3.79, 5.73, 8.29, 9.21, 12.71, 15.20, 18.81, 21.40, 22.25, 25.31, 27.33, 27.64, 25.94, 28.86, 28.51, 29.09, 31.72, 33.85, 33.85
 25.46, 24.52, 21.87, 23.89, 24.76, 27.78, 27.15, 27.02, 26.63, 23.64, 20.27, 18.58, 14.77, 13.25, 10.25, 8.86, 7.31, 10.93, 11.04, 11.14, 14.89, 16.96, 18.31, 15.22, 13.47, 16.77, 17.12, 13.79, 14.52, 18.06, 17.28, 15.33, 17.73, 20.89, 21.32, 22.28, 25.12, 26.30, 24.10, 26.52, 24.15, 20.71, 21.13, 18.72, 19.92, 18.43, 21.29, 20.90, 21.40, 19.46, 16.26, 12.82, 14.94, 16.41, 19.55, 19.85, 23.68, 25.00, 28.64, 29.16, 28.05, 27.80, 24.94, 23.02, 23.69, 22.54, 19.37, 18.66, 19.53, 17.73, 14.31, 14.13, 10.96, 9.35, 5.70, 5.14, 3.79, 0.00, 3.86, 6.89, 9.28, 12.48, 15.57, 19.23, 22.27, 23.46, 26.23, 28.66, 29.38, 28.06, 31.19, 31.08, 31.37, 33.85, 36.27, 36.27
 21.63, 20.66, 18.07, 20.22, 21.25, 24.37, 24.03, 24.05, 24.05, 20.99, 17.46, 15.52, 11.74, 9.94, 6.79, 6.47, 6.42, 10.09, 11.52, 11.67, 15.22, 16.69, 18.56, 15.94, 13.37, 16.31, 17.38, 14.18, 13.88, 17.61, 17.48, 15.10, 16.73, 20.24, 20.75, 21.02, 23.85, 25.11, 22.79, 25.04, 22.73, 19.23, 19.38, 17.16, 18.35, 17.17, 19.68, 19.03, 18.96, 17.11, 14.31, 10.58, 12.35, 14.14, 17.15, 17.81, 21.59, 23.06, 26.79, 27.07, 25.58, 25.55, 22.99, 20.65, 21.14, 20.44, 17.35, 16.03, 17.05, 15.89, 12.41, 11.44, 8.29, 7.87, 5.20, 5.24, 5.73, 3.86, 0.00, 3.82, 6.19, 8.89, 12.26, 15.78, 19.02, 20.25, 22.80, 25.45, 26.46, 25.46, 28.74, 28.94, 28.98, 31.25, 33.91, 34.01
 19.95, 18.42, 15.57, 17.65, 18.20, 21.41, 21.07, 21.50, 21.74, 19.00, 15.30, 13.84, 10.31, 9.33, 7.05, 7.72, 9.26, 12.78, 14.68, 14.24, 17.51, 18.29, 20.00, 17.51, 14.54, 16.80, 17.90, 14.59, 13.51, 17.02, 16.94, 13.93, 15.04, 18.70, 18.75, 18.59, 21.65, 23.33, 21.33, 23.81, 21.98, 18.75, 19.27, 17.72, 19.40, 18.90, 21.30, 20.73, 19.98, 17.94, 15.76, 11.92, 12.59, 13.86, 16.20, 16.49, 20.04, 21.11, 24.79, 24.62, 22.86, 22.56, 20.28, 17.95, 17.96, 17.22, 14.44, 12.82, 13.45, 12.50, 9.27, 7.82, 4.49, 5.01, 4.13, 5.85, 8.29, 6.89, 3.82, 0.00, 3.80, 6.33, 9.54, 13.15, 16.50, 18.32, 20.88, 23.70, 24.72, 24.13, 27.65, 27.77, 27.34, 29.65, 32.49, 32.31
 18.16, 16.75, 13.51, 14.97, 15.62, 18.52, 17.91, 18.00, 18.09, 15.25, 11.59, 10.18, 6.66, 6.57, 5.85, 6.23, 9.08, 12.09, 14.44, 13.38, 16.11, 16.15, 17.89, 15.87, 12.48, 14.11, 15.65, 12.71, 10.83, 14.26, 14.84, 11.87, 12.25, 16.02, 16.51, 15.95, 18.69, 20.12, 17.94, 20.24, 18.43, 15.27, 15.83, 14.69, 16.71, 16.84, 19.24, 19.08, 17.92, 15.47, 13.79, 10.09, 9.73, 10.45, 12.49, 12.77, 16.30, 17.52, 21.24, 21.20, 19.48, 19.53, 17.19, 14.61, 15.04, 14.71, 11.62, 9.97, 11.49, 10.92, 7.38, 6.13, 4.71, 5.33, 6.31, 6.36, 9.21, 9.28, 6.19, 3.80, 0.00, 3.79, 6.32, 10.05, 13.11, 14.77, 17.58, 20.18, 21.02, 20.37, 23.90, 23.99, 23.55, 25.88, 28.69, 28.53
 14.48, 12.97, 9.74, 11.45, 12.40, 15.52, 15.50, 15.88, 16.70, 13.87, 10.13, 8.31, 5.55, 5.32, 5.75, 7.86, 11.26, 13.59, 16.58, 15.85, 18.21, 17.83, 19.97, 18.49, 14.84, 16.00, 18.09, 15.60, 13.09, 16.25, 17.43, 14.43, 13.88, 17.65, 18.17, 16.81, 19.32, 20.77, 18.55, 20.47, 18.83, 15.82, 15.92, 15.13, 16.88, 17.32, 19.09, 18.57, 16.76, 14.66, 13.77, 10.42, 9.36, 10.40, 11.86, 12.73, 15.86, 17.24, 20.91, 20.51, 18.23, 18.63, 16.92, 13.80, 13.81, 14.34, 11.73, 9.02, 10.68, 11.41, 8.59, 5.96, 5.76, 8.16, 9.70, 10.13, 12.71, 12.48, 8.89, 6.33, 3.79, 0.00, 3.80, 7.01, 10.52, 12.30, 14.63, 17.61, 18.96, 18.86, 22.53, 23.08, 22.29, 24.22, 27.35, 27.36
 13.99, 12.27, 8.55, 9.03, 9.54, 12.24, 11.83, 12.14, 13.02, 10.43, 6.68, 5.74, 4.54, 6.59, 8.73, 10.16, 13.88, 15.81, 18.82, 17.52, 19.33, 18.22, 20.07, 19.02, 15.29, 15.51, 17.70, 15.66, 12.49, 15.00, 16.63, 13.66, 12.13, 15.70, 16.29, 14.30, 16.49, 17.94, 15.88, 17.69, 16.52, 14.01, 14.44, 14.58, 16.80, 18.05, 19.74, 19.68, 17.41, 14.97, 14.87, 12.05, 9.76, 9.58, 9.78, 10.23, 12.85, 13.98, 17.53, 16.93, 14.50, 15.09, 13.61, 10.26, 10.34, 11.44, 9.02, 6.00, 8.49, 9.94, 7.78, 5.67, 7.66, 9.69, 12.18, 12.30, 15.20, 15.57, 12.26, 9.54, 6.32, 3.80, 0.00, 3.80, 6.96, 9.22, 11.87, 14.66, 15.73, 15.91, 19.68, 20.09, 18.95, 20.94, 24.12, 23.92
 11.62, 9.90, 6.16, 5.45, 6.28, 8.75, 8.88, 9.36, 11.13, 8.86, 5.76, 5.12, 6.41, 8.51, 11.32, 13.08, 16.89, 18.28, 21.54, 20.31, 21.68, 20.12, 22.09, 21.58, 17.81, 17.49, 20.00, 18.47, 14.99, 16.99, 19.10, 16.37, 14.13, 17.31, 18.03, 15.38, 17.00, 18.25, 16.29, 17.52, 16.70, 14.69, 14.76, 15.52, 17.54, 19.25, 20.37, 20.27, 17.44, 15.28, 16.09, 13.94, 11.08, 10.69, 9.80, 10.64, 12.30, 13.48, 16.69, 15.76, 12.82, 14.02, 13.38, 9.66, 9.47, 11.75, 10.16, 6.86, 9.40, 11.90, 10.67, 8.59, 11.05, 13.34, 15.95, 16.04, 18.81, 19.23, 15.78, 13.15, 10.05, 7.01, 3.80, 0.00, 3.78, 6.40, 8.48, 11.52, 13.01, 13.93, 17.73, 18.55, 16.98, 18.50, 21.94, 21.87
 12.88, 11.52, 8.26, 5.60, 5.95, 6.60, 5.95, 5.66, 7.77, 5.97, 4.31, 5.36, 8.33, 11.08, 14.40, 15.64, 19.45, 20.46, 23.64, 22.05, 22.88, 20.75, 22.46, 22.43, 18.80, 17.71, 20.28, 19.34, 15.61, 16.84, 19.38, 17.05, 14.13, 16.73, 17.72, 14.64, 15.47, 16.36, 14.53, 15.26, 14.96, 13.70, 13.91, 15.55, 17.77, 20.12, 21.07, 21.45, 18.39, 16.06, 17.50, 15.96, 12.54, 11.23, 9.04, 9.54, 10.02, 11.07, 13.87, 12.86, 9.82, 11.77, 11.60, 7.81, 8.16, 11.28, 10.17, 7.66, 10.57, 13.22, 12.54, 11.32, 14.27, 16.10, 18.92, 18.64, 21.40, 22.27, 19.02, 16.50, 13.11, 10.52, 6.96, 3.78, 0.00, 3.83, 6.24, 8.56, 9.60, 10.96, 14.74, 15.50, 13.54, 14.98, 18.47, 18.29
 12.66, 12.45, 9.82, 7.05, 8.80, 8.60, 8.21, 6.28, 7.92, 5.33, 5.26, 4.98, 8.74, 11.11, 14.83, 15.80, 19.48, 19.77, 23.01, 21.50, 21.79, 19.33, 21.27, 21.85, 18.32, 16.98, 20.00, 19.68, 15.99, 17.13, 20.18, 18.45, 15.53, 17.89, 19.58, 16.72, 16.91, 16.95, 14.56, 14.37, 13.59, 12.38, 11.74, 13.57, 15.38, 18.04, 18.56, 19.14, 15.92, 13.68, 15.78, 15.06, 11.38, 10.00, 7.42, 9.05, 9.17, 11.29, 13.89, 13.72, 11.25, 14.02, 13.66, 10.00, 11.33, 14.44, 12.93, 10.96, 14.20, 16.51, 15.35, 14.32, 16.87, 18.46, 20.86, 19.99, 22.25, 23.46, 20.25, 18.32, 14.77, 12.30, 9.22, 6.40, 3.83, 0.00, 3.81, 5.49, 6.86, 7.93, 11.62, 13.02, 11.56, 12.50, 16.03, 16.55
 10.64, 10.98, 9.44, 6.33, 8.76, 8.01, 9.03, 7.70, 10.31, 8.62, 8.97, 8.28, 11.78, 13.39, 16.92, 18.43, 22.06, 22.07, 25.52, 24.40, 24.62, 22.22, 24.43, 25.20, 21.66, 20.44, 23.61, 23.35, 19.72, 20.89, 23.99, 22.22, 19.30, 21.61, 23.18, 20.14, 20.22, 20.23, 18.00, 17.42, 16.76, 15.74, 14.59, 16.27, 17.43, 19.95, 19.79, 19.95, 16.39, 14.93, 17.53, 17.21, 13.77, 13.07, 10.78, 12.76, 12.47, 14.47, 16.57, 16.11, 13.35, 16.29, 16.63, 13.07, 13.79, 17.23, 16.22, 13.89, 16.68, 19.44, 18.53, 17.00, 19.43, 21.48, 23.80, 23.14, 25.31, 26.23, 22.80, 20.88, 17.58, 14.63, 11.87, 8.48, 6.24, 3.81, 0.00, 3.81, 7.01, 9.21, 12.31, 14.51, 12.83, 12.66, 16.41, 17.36
 14.05, 14.68, 13.22, 9.94, 11.73, 9.96, 10.09, 7.62, 9.46, 8.38, 10.20, 10.19, 13.94, 15.89, 19.62, 20.59, 24.09, 23.78, 27.02, 25.61, 25.30, 22.47, 24.40, 25.64, 22.38, 20.59, 23.75, 24.07, 20.45, 21.03, 24.41, 23.14, 19.96, 21.71, 23.63, 20.59, 19.95, 19.37, 17.17, 15.85, 15.47, 15.20, 14.00, 16.32, 17.51, 20.52, 20.24, 20.97, 17.49, 15.87, 18.82, 19.03, 15.40, 14.03, 11.11, 12.84, 11.57, 13.64, 15.07, 15.06, 12.90, 16.37, 16.79, 13.66, 15.01, 18.49, 17.56, 15.92, 18.94, 21.47, 20.65, 19.69, 22.31, 23.95, 26.31, 25.28, 27.33, 28.66, 25.45, 23.70, 20.18, 17.61, 14.66, 11.52, 8.56, 5.49, 3.81, 0.00, 3.76, 6.48, 9.00, 11.49, 9.83, 9.05, 12.79, 14.07
 17.59, 17.91, 15.97, 12.56, 13.59, 11.42, 10.27, 6.87, 7.28, 6.97, 9.99, 10.97, 14.72, 17.27, 21.09, 21.45, 24.88, 24.62, 27.54, 25.66, 25.04, 21.89, 23.28, 24.72, 21.74, 19.39, 22.27, 23.00, 19.40, 19.32, 22.79, 21.93, 18.53, 19.70, 21.82, 18.85, 17.60, 16.56, 14.53, 12.79, 12.94, 13.49, 12.87, 15.87, 17.57, 20.96, 21.09, 22.42, 19.24, 17.09, 19.87, 20.11, 16.31, 14.11, 10.60, 11.49, 9.23, 11.07, 11.92, 12.36, 10.97, 14.71, 14.97, 12.40, 14.40, 17.68, 16.78, 15.95, 19.13, 21.30, 20.63, 20.35, 23.22, 24.34, 26.84, 25.54, 27.64, 29.38, 26.46, 24.72, 21.02, 18.96, 15.73, 13.01, 9.60, 6.86, 7.01, 3.76, 0.00, 3.79, 6.23, 8.06, 6.06, 5.77, 9.49, 10.46
 19.37, 19.91, 17.67, 14.68, 15.97, 14.36, 12.78, 9.11, 8.07, 6.76, 9.87, 10.56, 13.92, 16.46, 20.27, 20.00, 23.15, 22.60, 25.23, 23.15, 22.15, 18.79, 20.01, 21.76, 19.05, 16.46, 19.40, 20.57, 17.21, 16.94, 20.62, 20.28, 17.12, 18.09, 20.74, 18.27, 16.80, 15.15, 12.55, 10.31, 9.81, 10.46, 9.64, 12.91, 14.71, 18.32, 18.68, 20.53, 17.73, 15.20, 17.87, 18.42, 14.68, 12.07, 8.57, 9.55, 7.33, 10.03, 11.10, 12.67, 12.17, 15.80, 15.17, 12.78, 15.54, 18.32, 16.77, 16.44, 19.97, 21.55, 20.39, 20.55, 23.15, 23.77, 25.96, 24.17, 25.94, 28.06, 25.46, 24.13, 20.37, 18.86, 15.91, 13.93, 10.96, 7.93, 9.21, 6.48, 3.79, 0.00, 3.83, 5.44, 5.27, 6.07, 8.83, 10.17
 22.30, 23.17, 21.21, 18.17, 19.51, 17.58, 16.04, 12.34, 11.05, 10.38, 13.62, 14.23, 17.42, 19.77, 23.52, 23.02, 25.91, 24.98, 27.39, 25.28, 23.78, 20.22, 21.20, 23.46, 21.17, 18.33, 21.16, 22.88, 19.80, 19.12, 22.88, 23.05, 19.95, 20.43, 23.32, 21.05, 19.07, 16.84, 14.39, 11.34, 11.01, 12.39, 11.31, 14.63, 15.99, 19.72, 19.75, 21.93, 19.34, 17.05, 19.94, 21.05, 17.49, 14.91, 11.67, 12.57, 10.03, 12.46, 12.63, 14.68, 14.83, 18.53, 18.00, 16.08, 18.94, 21.64, 20.18, 20.14, 23.65, 25.12, 23.97, 24.30, 26.85, 27.31, 29.37, 27.34, 28.86, 31.19, 28.74, 27.65, 23.90, 22.53, 19.68, 17.73, 14.74, 11.62, 12.31, 9.00, 6.23, 3.83, 0.00, 3.83, 5.31, 4.69, 6.15, 8.64
 24.81, 25.24, 22.84, 19.76, 20.54, 18.58, 16.30, 12.54, 10.18, 10.14, 13.62, 14.99, 17.92, 20.72, 24.39, 23.46, 26.27, 25.63, 27.70, 25.16, 23.61, 19.93, 20.23, 22.41, 20.43, 17.15, 19.46, 21.41, 18.46, 17.10, 20.75, 21.25, 18.09, 17.94, 20.90, 18.85, 16.41, 13.77, 11.64, 8.22, 8.73, 11.15, 11.19, 14.90, 16.94, 20.75, 21.42, 23.92, 21.63, 18.87, 21.27, 22.03, 18.46, 15.31, 11.90, 11.64, 8.48, 10.25, 9.76, 12.43, 13.50, 16.94, 16.10, 14.90, 18.11, 20.36, 18.96, 19.64, 23.08, 24.13, 23.18, 24.09, 26.79, 26.80, 28.98, 26.86, 28.51, 31.08, 28.94, 27.77, 23.99, 23.08, 20.09, 18.55, 15.50, 13.02, 14.51, 11.49, 8.06, 5.44, 3.83, 0.00, 3.79, 5.52, 5.60, 6.68
 23.45, 23.48, 21.10, 17.71, 17.99, 15.63, 13.22, 9.58, 7.46, 8.57, 12.34, 14.33, 17.60, 20.68, 24.44, 23.94, 27.10, 26.88, 29.22, 26.71, 25.62, 22.10, 22.53, 24.25, 21.90, 18.77, 20.99, 22.41, 19.11, 17.85, 21.29, 21.23, 17.71, 17.69, 20.11, 17.50, 15.13, 13.12, 11.63, 8.95, 10.38, 12.61, 13.08, 16.78, 19.07, 22.79, 23.48, 25.59, 22.93, 20.23, 22.64, 22.93, 19.16, 16.07, 12.30, 11.68, 8.10, 8.95, 8.11, 9.80, 10.44, 14.06, 13.93, 12.75, 15.55, 18.12, 17.33, 17.83, 21.00, 22.44, 22.00, 22.75, 25.79, 26.11, 28.68, 27.01, 29.09, 31.37, 28.98, 27.34, 23.55, 22.29, 18.95, 16.98, 13.54, 11.56, 12.83, 9.83, 6.06, 5.27, 5.31, 3.79, 0.00, 3.80, 5.51, 5.23
 23.10, 23.55, 21.70, 18.20, 18.84, 16.14, 14.46, 11.03, 10.08, 11.00, 14.64, 16.07, 19.61, 22.32, 26.15, 25.99, 29.17, 28.65, 31.20, 28.99, 27.79, 24.26, 25.05, 27.01, 24.58, 21.62, 24.15, 25.60, 22.28, 21.30, 24.85, 24.70, 21.21, 21.41, 23.79, 21.04, 18.80, 16.91, 15.38, 12.58, 13.56, 15.45, 15.14, 18.63, 20.31, 24.01, 24.10, 26.01, 23.14, 20.94, 23.80, 24.48, 20.73, 18.08, 14.45, 14.63, 11.39, 12.58, 11.77, 12.96, 13.02, 16.79, 17.17, 15.68, 18.06, 21.02, 20.38, 20.38, 23.50, 25.32, 24.88, 25.19, 28.18, 28.85, 31.37, 29.75, 31.72, 33.85, 31.25, 29.65, 25.88, 24.22, 20.94, 18.50, 14.98, 12.50, 12.66, 9.05, 5.77, 6.07, 4.69, 5.52, 3.80, 0.00, 3.83, 5.53
 26.82, 27.34, 25.43, 21.97, 22.52, 19.79, 17.85, 14.39, 12.81, 13.90, 17.62, 19.16, 22.49, 25.24, 29.03, 28.50, 31.47, 30.77, 33.02, 30.62, 29.05, 25.37, 25.73, 27.99, 26.00, 22.74, 24.98, 26.90, 23.86, 22.39, 25.91, 26.28, 22.88, 22.51, 25.09, 22.66, 19.94, 17.49, 16.22, 12.92, 14.19, 16.71, 16.58, 20.18, 21.83, 25.61, 25.76, 28.05, 25.46, 23.19, 25.99, 26.91, 23.27, 20.39, 16.85, 16.71, 13.27, 14.19, 12.64, 14.43, 15.38, 18.93, 19.12, 18.21, 20.85, 23.49, 22.82, 23.30, 26.43, 27.94, 27.49, 28.17, 31.14, 31.48, 33.92, 32.05, 33.85, 36.27, 33.91, 32.49, 28.69, 27.35, 24.12, 21.94, 18.47, 16.03, 16.41, 12.79, 9.49, 8.83, 6.15, 5.60, 5.51, 3.83, 0.00, 3.82
 27.98, 27.99, 25.79, 22.22, 22.14, 19.27, 16.80, 13.58, 11.53, 13.51, 17.29, 19.51, 22.76, 25.90, 29.64, 29.03, 32.10, 31.82, 33.98, 31.31, 29.97, 26.32, 26.32, 28.25, 26.28, 22.87, 24.69, 26.44, 23.36, 21.52, 24.76, 25.06, 21.51, 20.75, 22.99, 20.48, 17.49, 15.17, 14.66, 11.72, 13.95, 16.89, 17.59, 21.37, 23.56, 27.35, 27.94, 30.25, 27.67, 25.08, 27.57, 28.02, 24.29, 21.11, 17.40, 16.43, 12.64, 12.52, 10.17, 11.70, 13.20, 16.44, 16.84, 16.60, 19.13, 21.51, 21.26, 22.16, 25.02, 26.39, 26.36, 27.36, 30.57, 30.74, 33.43, 31.75, 33.85, 36.27, 34.01, 32.31, 28.53, 27.36, 23.92, 21.87, 18.29, 16.55, 17.36, 14.07, 10.46, 10.17, 8.64, 6.68, 5.23, 5.53, 3.82, 0.00
