 0.00, 3.54, 6.50, 9.34, 11.40, 14.40, 15.54, 16.39, 19.26, 22.45, 21.15, 22.49, 20.84, 21.25, 19.47, 16.58, 16.22, 16.03, 13.19, 10.99, 12.00, 11.30, 7.62, 7.63, 10.62, 11.87, 11.77, 15.20, 16.13, 19.00, 21.25, 23.40, 25.94, 25.34, 27.28, 26.60, 26.33, 23.83, 24.46, 22.29, 20.37, 16.63, 14.67, 11.03, 11.39, 13.33, 13.05, 16.39, 17.98, 21.05, 23.50, 26.78, 30.10, 29.17, 25.89, 23.89, 20.71, 22.33, 19.69, 16.07, 13.98, 11.68, 10.42, 13.45
 3.54, 0.00, 3.86, 5.90, 7.96, 10.90, 12.27, 13.16, 15.85, 19.16, 18.14, 19.74, 18.37, 19.18, 17.26, 14.10, 14.39, 14.57, 11.38, 9.26, 11.33, 10.91, 7.23, 7.76, 11.35, 12.63, 11.44, 14.55, 14.66, 17.23, 19.00, 20.94, 23.18, 22.35, 24.39, 24.05, 24.00, 21.85, 22.93, 20.94, 19.50, 15.95, 14.36, 11.12, 11.50, 12.42, 11.22, 14.14, 15.30, 18.14, 20.52, 23.66, 27.09, 26.20, 23.07, 20.85, 17.57, 18.99, 16.30, 12.63, 10.82, 8.84, 8.59, 12.08
 6.50, 3.86, 0.00, 3.82, 7.19, 9.98, 12.28, 12.55, 14.53, 18.03, 17.47, 18.89, 17.27, 18.80, 17.35, 13.69, 14.11, 15.26, 12.40, 9.65, 12.20, 12.86, 9.51, 8.97, 12.54, 12.83, 10.78, 13.10, 12.94, 14.83, 16.59, 18.06, 20.28, 19.27, 21.00, 20.56, 20.29, 18.16, 19.27, 17.25, 16.11, 12.72, 11.64, 8.97, 9.97, 10.06, 8.70, 11.22, 12.76, 15.30, 18.13, 21.33, 24.87, 24.46, 21.28, 19.30, 15.74, 16.73, 13.76, 10.22, 8.19, 5.37, 5.22, 8.62
 9.34, 5.90, 3.82, 0.00, 3.84, 6.21, 8.82, 9.22, 10.90, 14.52, 14.34, 16.22, 15.19, 17.04, 15.31, 11.61, 13.02, 14.31, 11.21, 9.21, 12.58, 13.13, 10.30, 10.65, 14.25, 14.97, 12.32, 14.24, 13.01, 14.53, 15.41, 16.65, 18.30, 16.98, 19.03, 19.20, 19.43, 17.95, 19.73, 18.13, 17.64, 14.72, 14.00, 11.97, 12.53, 11.60, 9.05, 10.57, 11.02, 13.11, 15.58, 18.49, 22.13, 21.63, 18.74, 16.35, 12.74, 13.50, 10.53, 6.81, 5.64, 4.39, 6.73, 10.17
 11.40, 7.96, 7.19, 3.84, 0.00, 3.82, 5.30, 5.55, 7.89, 11.28, 10.83, 13.05, 12.62, 14.27, 12.13, 8.69, 10.92, 11.93, 8.70, 7.84, 11.60, 11.84, 9.84, 11.10, 14.43, 15.79, 12.98, 14.81, 12.86, 14.50, 14.64, 16.17, 17.44, 16.32, 18.97, 19.53, 20.48, 19.41, 21.72, 20.66, 20.29, 17.68, 16.65, 14.79, 14.53, 13.23, 10.01, 11.02, 10.23, 12.28, 13.89, 16.53, 20.03, 19.03, 16.35, 13.57, 10.27, 11.54, 9.29, 5.91, 5.38, 6.66, 9.39, 12.88
 14.40, 10.90, 9.98, 6.21, 3.82, 0.00, 3.78, 5.40, 6.16, 9.80, 10.51, 13.51, 13.99, 16.01, 13.69, 10.65, 13.65, 14.66, 11.52, 11.38, 15.16, 15.18, 13.36, 14.90, 18.22, 19.59, 16.66, 18.19, 15.87, 16.90, 16.34, 17.22, 17.70, 15.94, 18.51, 19.80, 20.87, 20.45, 23.03, 22.01, 22.25, 19.91, 19.46, 17.88, 17.99, 16.39, 13.01, 13.18, 11.75, 12.68, 13.91, 15.85, 19.48, 18.59, 16.55, 13.27, 10.09, 10.31, 8.01, 5.05, 6.95, 8.77, 12.18, 15.26
 15.54, 12.27, 12.28, 8.82, 5.30, 3.78, 0.00, 3.82, 5.86, 8.50, 8.44, 11.81, 12.94, 14.26, 11.41, 9.22, 12.58, 12.86, 9.77, 10.88, 14.43, 13.90, 12.86, 15.08, 18.05, 20.00, 17.30, 19.01, 16.52, 17.94, 17.10, 18.47, 18.86, 17.57, 20.60, 21.93, 23.46, 23.09, 25.84, 25.10, 25.10, 22.74, 21.82, 20.06, 19.56, 18.09, 14.60, 14.91, 12.94, 14.13, 14.48, 16.15, 19.39, 17.81, 16.00, 12.46, 10.08, 11.15, 10.01, 7.87, 9.19, 11.55, 14.60, 17.94
 16.39, 13.16, 12.55, 9.22, 5.55, 5.40, 3.82, 0.00, 3.86, 6.17, 5.41, 8.31, 9.20, 10.93, 8.56, 6.02, 9.66, 10.69, 8.39, 9.28, 12.80, 13.14, 12.67, 14.26, 16.87, 18.47, 15.42, 16.54, 13.61, 14.77, 13.59, 15.12, 15.58, 14.79, 18.11, 19.21, 21.11, 20.76, 23.72, 23.47, 23.43, 21.42, 20.32, 19.02, 18.08, 16.10, 12.42, 12.23, 9.75, 11.07, 11.07, 13.01, 16.12, 14.49, 12.36, 9.02, 6.63, 8.58, 8.18, 6.85, 7.39, 10.60, 13.52, 16.60
 19.26, 15.85, 14.53, 10.90, 7.89, 6.16, 5.86, 3.86, 0.00, 3.82, 5.64, 8.68, 10.14, 12.73, 11.01, 8.72, 12.37, 13.99, 12.11, 12.65, 16.19, 16.89, 16.29, 17.53, 20.19, 21.35, 17.99, 18.52, 15.26, 15.48, 13.59, 14.18, 13.75, 12.35, 15.59, 17.33, 19.43, 19.75, 23.01, 22.99, 23.57, 22.02, 21.51, 20.74, 20.15, 17.67, 13.89, 12.70, 9.75, 9.62, 9.26, 10.43, 13.79, 12.65, 11.14, 7.55, 5.09, 5.46, 5.59, 5.90, 7.95, 11.49, 14.90, 17.41
 22.45, 19.16, 18.03, 14.52, 11.28, 9.80, 8.50, 6.17, 3.82, 0.00, 3.78, 6.70, 9.36, 11.73, 10.31, 9.30, 12.98, 14.46, 13.39, 14.56, 17.70, 18.43, 18.54, 19.87, 22.09, 23.36, 20.02, 20.21, 16.67, 16.65, 14.09, 14.67, 13.66, 12.79, 16.31, 18.24, 20.90, 21.58, 25.07, 25.53, 26.17, 24.92, 24.26, 23.70, 22.72, 20.06, 16.29, 14.74, 11.27, 10.70, 8.88, 8.99, 11.62, 9.84, 9.18, 5.33, 5.15, 5.95, 8.07, 9.47, 11.10, 14.85, 18.04, 20.39
 21.15, 18.14, 17.47, 14.34, 10.83, 10.51, 8.44, 5.41, 5.64, 3.78, 0.00, 3.87, 6.74, 8.30, 6.58, 6.30, 9.90, 11.01, 10.44, 12.10, 14.81, 15.49, 16.19, 17.61, 19.43, 20.96, 17.87, 18.23, 14.78, 15.40, 13.15, 14.68, 14.44, 14.42, 18.15, 19.42, 22.12, 22.28, 25.60, 26.11, 26.21, 24.75, 23.52, 22.73, 21.22, 18.82, 15.17, 14.17, 10.79, 11.40, 9.56, 10.51, 12.65, 10.16, 8.72, 5.28, 5.60, 8.32, 10.13, 10.69, 11.14, 14.82, 17.48, 20.11
 22.49, 19.74, 18.89, 16.22, 13.05, 13.51, 11.81, 8.31, 8.68, 6.70, 3.87, 0.00, 3.81, 5.43, 5.46, 6.10, 8.57, 10.21, 10.96, 12.31, 14.32, 15.67, 16.92, 17.76, 18.96, 20.14, 17.07, 16.81, 13.23, 13.60, 11.07, 12.98, 12.98, 13.96, 17.77, 18.53, 21.51, 21.57, 24.88, 25.87, 25.75, 24.63, 23.14, 22.73, 20.76, 18.17, 14.79, 13.54, 10.12, 10.94, 8.53, 9.67, 10.99, 8.17, 6.14, 4.27, 6.06, 9.47, 11.77, 12.73, 12.29, 15.89, 17.99, 20.24
 20.84, 18.37, 17.27, 15.19, 12.62, 13.99, 12.94, 9.20, 10.14, 9.36, 6.74, 3.81, 0.00, 3.91, 5.53, 4.99, 5.97, 8.66, 9.98, 10.34, 11.95, 14.08, 15.31, 15.42, 16.32, 17.02, 13.88, 13.22, 9.63, 10.09, 7.95, 10.61, 11.61, 13.19, 16.84, 16.83, 19.61, 19.16, 22.24, 23.31, 22.85, 21.79, 20.04, 19.84, 17.61, 14.95, 11.86, 10.73, 7.75, 9.51, 7.92, 10.25, 11.70, 9.64, 6.33, 6.04, 6.47, 10.21, 11.89, 12.49, 10.97, 14.17, 15.63, 17.61
 21.25, 19.18, 18.80, 17.04, 14.27, 16.01, 14.26, 10.93, 12.73, 11.73, 8.30, 5.43, 3.91, 0.00, 3.59, 5.59, 5.28, 6.52, 9.02, 10.28, 10.88, 12.59, 14.70, 15.15, 15.39, 16.65, 14.16, 13.96, 10.96, 12.36, 10.96, 14.06, 15.31, 17.08, 20.72, 20.52, 23.23, 22.49, 25.33, 26.32, 25.43, 24.12, 21.87, 21.29, 18.60, 16.54, 13.85, 13.56, 11.13, 13.34, 11.79, 13.82, 14.74, 12.11, 9.37, 9.14, 10.00, 13.81, 15.37, 15.47, 13.74, 16.63, 17.66, 19.94
 19.47, 17.26, 17.35, 15.31, 12.13, 13.69, 11.41, 8.56, 11.01, 10.31, 6.58, 5.46, 5.53, 3.59, 0.00, 3.97, 5.33, 5.21, 6.60, 8.90, 10.12, 10.87, 12.85, 14.13, 14.90, 16.82, 14.44, 15.10, 12.26, 14.12, 12.96, 15.88, 16.96, 18.04, 21.74, 21.94, 24.45, 23.72, 26.56, 27.10, 26.27, 24.53, 22.35, 21.24, 18.83, 17.10, 14.10, 14.27, 11.79, 14.08, 12.80, 14.76, 16.26, 13.48, 11.05, 9.50, 9.77, 13.48, 14.65, 14.21, 12.88, 15.80, 17.21, 20.02
 16.58, 14.10, 13.69, 11.61, 8.69, 10.65, 9.22, 6.02, 8.72, 9.30, 6.30, 6.10, 4.99, 5.59, 3.97, 0.00, 3.87, 5.55, 5.31, 6.23, 8.62, 9.95, 10.86, 11.74, 13.23, 14.75, 11.85, 12.60, 9.62, 11.48, 10.67, 13.48, 14.88, 15.54, 19.07, 19.18, 21.34, 20.42, 23.19, 23.46, 22.70, 20.85, 18.88, 17.78, 15.72, 13.80, 10.52, 10.76, 8.50, 11.17, 10.82, 13.45, 15.74, 13.69, 10.68, 8.81, 7.54, 11.15, 11.55, 10.67, 8.98, 11.84, 13.38, 16.23
 16.22, 14.39, 14.11, 13.02, 10.92, 13.65, 12.58, 9.66, 12.37, 12.98, 9.90, 8.57, 5.97, 5.28, 5.33, 3.87, 0.00, 3.73, 5.46, 5.28, 6.02, 8.39, 9.93, 9.94, 10.51, 11.79, 9.21, 9.82, 7.34, 10.01, 10.16, 13.63, 15.81, 17.12, 20.45, 19.83, 21.81, 20.36, 22.75, 23.14, 21.82, 19.98, 17.46, 16.40, 13.71, 12.12, 9.60, 10.52, 9.24, 12.59, 12.61, 15.60, 17.51, 15.60, 12.22, 11.44, 10.40, 14.06, 14.31, 13.27, 10.65, 12.70, 13.13, 15.72
 16.03, 14.57, 15.26, 14.31, 11.93, 14.66, 12.86, 10.69, 13.99, 14.46, 11.01, 10.21, 8.66, 6.52, 5.21, 5.55, 3.73, 0.00, 3.84, 5.66, 5.34, 6.14, 8.77, 9.81, 9.98, 12.34, 10.73, 12.23, 10.54, 13.58, 13.87, 17.33, 19.36, 20.53, 23.94, 23.49, 25.42, 23.92, 26.18, 26.32, 24.81, 22.64, 19.89, 18.28, 15.50, 14.69, 12.45, 13.92, 12.74, 16.01, 15.82, 18.53, 20.32, 17.96, 14.96, 13.78, 13.03, 16.68, 16.89, 15.47, 13.16, 14.99, 15.35, 18.33
 13.19, 11.38, 12.40, 11.21, 8.70, 11.52, 9.77, 8.39, 12.11, 13.39, 10.44, 10.96, 9.98, 9.02, 6.60, 5.31, 5.46, 3.84, 0.00, 3.79, 5.52, 5.08, 6.37, 8.41, 9.89, 12.55, 10.75, 12.96, 11.33, 14.37, 14.76, 17.84, 19.72, 20.20, 23.50, 23.36, 25.00, 23.51, 25.75, 25.41, 24.07, 21.54, 19.08, 17.04, 14.86, 14.24, 11.67, 13.46, 12.39, 15.59, 15.90, 18.65, 21.04, 18.89, 15.96, 13.99, 12.43, 15.66, 15.22, 13.15, 11.16, 12.76, 13.54, 16.97
 10.99, 9.26, 9.65, 9.21, 7.84, 11.38, 10.88, 9.28, 12.65, 14.56, 12.10, 12.31, 10.34, 10.28, 8.90, 6.23, 5.28, 5.66, 3.79, 0.00, 3.82, 5.34, 5.10, 5.55, 7.61, 9.53, 7.26, 9.68, 8.47, 11.75, 12.93, 15.99, 18.38, 18.85, 21.82, 21.24, 22.47, 20.60, 22.53, 22.03, 20.48, 17.87, 15.31, 13.28, 11.11, 10.54, 8.24, 10.62, 10.49, 14.09, 15.22, 18.45, 21.09, 19.52, 16.16, 14.60, 12.37, 15.37, 14.35, 12.00, 9.18, 9.99, 10.09, 13.41
 12.00, 11.33, 12.20, 12.58, 11.60, 15.16, 14.43, 12.80, 16.19, 17.70, 14.81, 14.32, 11.95, 10.88, 10.12, 8.62, 6.02, 5.34, 5.52, 3.82, 0.00, 3.78, 5.30, 4.81, 4.78, 7.29, 6.31, 9.00, 8.87, 12.64, 14.35, 17.80, 20.55, 21.55, 24.47, 23.46, 24.66, 22.46, 24.06, 23.71, 21.64, 19.07, 15.94, 13.88, 10.97, 11.18, 9.97, 12.69, 13.00, 16.79, 17.77, 21.05, 23.28, 21.56, 18.11, 17.10, 15.37, 18.63, 17.87, 15.70, 12.63, 13.06, 12.23, 15.14
 11.30, 10.91, 12.86, 13.13, 11.84, 15.18, 13.90, 13.14, 16.89, 18.43, 15.49, 15.67, 14.08, 12.59, 10.87, 9.95, 8.39, 6.14, 5.08, 5.34, 3.78, 0.00, 3.75, 5.78, 6.15, 9.72, 9.53, 12.63, 12.50, 16.19, 17.60, 20.95, 23.40, 24.08, 27.12, 26.46, 27.65, 25.57, 27.20, 26.55, 24.56, 21.67, 18.67, 16.09, 13.62, 14.29, 12.93, 15.71, 15.71, 19.33, 20.13, 23.17, 25.51, 23.47, 20.31, 18.76, 17.07, 20.25, 19.39, 16.88, 14.35, 14.75, 14.30, 17.62
 7.62, 7.23, 9.51, 10.30, 9.84, 13.36, 12.86, 12.67, 16.29, 18.54, 16.19, 16.92, 15.31, 14.70, 12.85, 10.86, 9.93, 8.77, 6.37, 5.10, 5.30, 3.75, 0.00, 3.80, 6.21, 9.29, 8.85, 12.39, 12.52, 16.05, 17.76, 20.73, 23.23, 23.43, 26.18, 25.56, 26.32, 24.13, 25.54, 24.43, 22.49, 19.31, 16.56, 13.60, 11.82, 12.80, 11.54, 14.66, 15.16, 18.71, 20.12, 23.31, 26.08, 24.44, 21.19, 19.37, 17.02, 19.70, 18.19, 15.18, 12.68, 12.33, 11.75, 15.26
 7.63, 7.76, 8.97, 10.65, 11.10, 14.90, 15.08, 14.26, 17.53, 19.87, 17.61, 17.76, 15.42, 15.15, 14.13, 11.74, 9.94, 9.81, 8.41, 5.55, 4.81, 5.78, 3.80, 0.00, 3.70, 5.74, 5.48, 9.24, 10.24, 13.84, 16.23, 19.22, 22.16, 22.62, 25.07, 23.94, 24.42, 21.85, 22.90, 21.83, 19.53, 16.41, 13.32, 10.46, 8.24, 9.68, 9.32, 12.85, 14.17, 17.91, 19.76, 23.23, 25.95, 24.68, 21.14, 19.88, 17.38, 20.03, 18.39, 15.55, 12.40, 11.41, 9.77, 12.77
 10.62, 11.35, 12.54, 14.25, 14.43, 18.22, 18.05, 16.87, 20.19, 22.09, 19.43, 18.96, 16.32, 15.39, 14.90, 13.23, 10.51, 9.98, 9.89, 7.61, 4.78, 6.15, 6.21, 3.70, 0.00, 3.88, 5.61, 9.01, 10.73, 14.53, 17.14, 20.47, 23.62, 24.60, 27.10, 25.64, 26.24, 23.50, 24.38, 23.62, 20.97, 18.11, 14.60, 12.10, 9.11, 10.90, 11.25, 14.66, 16.03, 19.91, 21.46, 24.96, 27.28, 25.86, 22.26, 21.47, 19.44, 22.42, 21.17, 18.66, 15.32, 14.56, 12.57, 15.01
 11.87, 12.63, 12.83, 14.97, 15.79, 19.59, 20.00, 18.47, 21.35, 23.36, 20.96, 20.14, 17.02, 16.65, 16.82, 14.75, 11.79, 12.34, 12.55, 9.53, 7.29, 9.72, 9.29, 5.74, 3.88, 0.00, 3.84, 6.52, 9.40, 12.83, 16.04, 19.16, 22.63, 23.78, 25.89, 23.96, 24.23, 21.19, 21.64, 20.98, 18.02, 15.40, 11.66, 9.68, 6.26, 8.46, 10.00, 13.39, 15.50, 19.31, 21.26, 24.90, 27.17, 26.22, 22.45, 22.15, 19.97, 22.73, 21.37, 19.08, 15.44, 14.22, 11.48, 13.03
 11.77, 11.44, 10.78, 12.32, 12.98, 16.66, 17.30, 15.42, 17.99, 20.02, 17.87, 17.07, 13.88, 14.16, 14.44, 11.85, 9.21, 10.73, 10.75, 7.26, 6.31, 9.53, 8.85, 5.48, 5.61, 3.84, 0.00, 3.82, 5.91, 9.39, 12.48, 15.51, 18.90, 19.95, 22.13, 20.35, 20.81, 17.99, 18.89, 18.44, 15.91, 13.46, 10.02, 8.49, 5.05, 5.54, 6.29, 9.61, 11.67, 15.47, 17.51, 21.18, 23.57, 22.79, 19.01, 18.68, 16.36, 19.00, 17.68, 15.62, 11.89, 10.99, 8.61, 10.34
 15.20, 14.55, 13.10, 14.24, 14.81, 18.19, 19.01, 16.54, 18.52, 20.21, 18.23, 16.81, 13.22, 13.96, 15.10, 12.60, 9.82, 12.23, 12.96, 9.68, 9.00, 12.63, 12.39, 9.24, 9.01, 6.52, 3.82, 0.00, 3.83, 6.51, 10.04, 12.99, 16.64, 18.17, 20.12, 17.91, 18.47, 15.61, 16.53, 16.74, 14.26, 12.65, 9.37, 9.36, 6.02, 4.70, 6.00, 8.19, 10.51, 14.05, 16.06, 19.73, 21.79, 21.39, 17.55, 17.95, 15.91, 18.45, 17.50, 16.14, 12.37, 11.84, 9.54, 10.11
 16.13, 14.66, 12.94, 13.01, 12.86, 15.87, 16.52, 13.61, 15.26, 16.67, 14.78, 13.23, 9.63, 10.96, 12.26, 9.62, 7.34, 10.54, 11.33, 8.47, 8.87, 12.50, 12.52, 10.24, 10.73, 9.40, 5.91, 3.83, 0.00, 3.86, 6.65, 9.93, 13.35, 14.95, 17.32, 15.51, 16.71, 14.46, 16.23, 16.82, 15.12, 13.80, 11.24, 11.40, 8.70, 6.04, 4.84, 5.72, 7.07, 10.67, 12.35, 15.99, 18.07, 17.61, 13.77, 14.15, 12.24, 14.91, 14.37, 13.50, 9.92, 10.49, 9.42, 10.42
 19.00, 17.23, 14.83, 14.53, 14.50, 16.90, 17.94, 14.77, 15.48, 16.65, 15.40, 13.60, 10.09, 12.36, 14.12, 11.48, 10.01, 13.58, 14.37, 11.75, 12.64, 16.19, 16.05, 13.84, 14.53, 12.83, 9.39, 6.51, 3.86, 0.00, 3.86, 6.52, 10.21, 12.13, 14.16, 12.00, 13.38, 11.38, 13.51, 14.80, 13.67, 13.28, 11.55, 12.80, 10.82, 7.33, 6.20, 4.60, 5.95, 8.56, 10.43, 13.96, 15.87, 16.12, 12.39, 13.45, 11.68, 13.75, 13.48, 13.49, 10.33, 11.17, 10.54, 10.46
 21.25, 19.00, 16.59, 15.41, 14.64, 16.34, 17.10, 13.59, 13.59, 14.09, 13.15, 11.07, 7.95, 10.96, 12.96, 10.67, 10.16, 13.87, 14.76, 12.93, 14.35, 17.60, 17.76, 16.23, 17.14, 16.04, 12.48, 10.04, 6.65, 3.86, 0.00, 3.81, 6.96, 9.35, 11.94, 10.42, 12.80, 11.90, 14.82, 16.51, 16.18, 16.10, 14.91, 16.10, 14.36, 10.79, 8.67, 5.89, 4.72, 6.11, 6.97, 10.31, 12.01, 12.37, 8.75, 10.24, 9.07, 11.05, 11.69, 12.67, 10.30, 12.28, 12.78, 13.00
 23.40, 20.94, 18.06, 16.65, 16.17, 17.22, 18.47, 15.12, 14.18, 14.67, 14.68, 12.98, 10.61, 14.06, 15.88, 13.48, 13.63, 17.33, 17.84, 15.99, 17.80, 20.95, 20.73, 19.22, 20.47, 19.16, 15.51, 12.99, 9.93, 6.52, 3.81, 0.00, 3.80, 6.31, 8.37, 6.76, 9.58, 9.55, 12.93, 15.05, 15.55, 16.15, 15.85, 17.56, 16.51, 12.71, 10.72, 7.14, 6.05, 4.93, 6.19, 8.93, 10.69, 12.18, 9.21, 10.88, 9.68, 10.34, 11.03, 12.82, 11.23, 13.12, 14.03, 13.57
 25.94, 23.18, 20.28, 18.30, 17.44, 17.70, 18.86, 15.58, 13.75, 13.66, 14.44, 12.98, 11.61, 15.31, 16.96, 14.88, 15.81, 19.36, 19.72, 18.38, 20.55, 23.40, 23.23, 22.16, 23.62, 22.63, 18.90, 16.64, 13.35, 10.21, 6.96, 3.80, 0.00, 3.76, 6.22, 6.18, 9.83, 11.16, 14.86, 17.08, 18.26, 19.03, 19.16, 20.81, 19.99, 16.20, 13.84, 10.15, 8.15, 5.23, 4.90, 6.15, 7.74, 10.06, 8.09, 9.85, 9.32, 8.94, 10.47, 13.23, 12.69, 15.09, 16.71, 16.40
 25.34, 22.35, 19.27, 16.98, 16.32, 15.94, 17.57, 14.79, 12.35, 12.79, 14.42, 13.96, 13.19, 17.08, 18.04, 15.54, 17.12, 20.53, 20.20, 18.85, 21.55, 24.08, 23.43, 22.62, 24.60, 23.78, 19.95, 18.17, 14.95, 12.13, 9.35, 6.31, 3.76, 0.00, 3.81, 5.76, 8.91, 10.85, 14.66, 16.33, 18.06, 18.66, 19.33, 20.80, 20.57, 16.85, 14.23, 10.58, 8.61, 4.78, 5.49, 6.21, 8.95, 11.37, 9.88, 10.34, 8.99, 7.15, 8.10, 11.25, 11.62, 13.94, 16.15, 15.91
 27.28, 24.39, 21.00, 19.03, 18.97, 18.51, 20.60, 18.11, 15.59, 16.31, 18.15, 17.77, 16.84, 20.72, 21.74, 19.07, 20.45, 23.94, 23.50, 21.82, 24.47, 27.12, 26.18, 25.07, 27.10, 25.89, 22.13, 20.12, 17.32, 14.16, 11.94, 8.37, 6.22, 3.81, 0.00, 3.83, 6.36, 9.34, 12.96, 14.84, 17.22, 18.44, 19.79, 21.72, 21.98, 18.28, 16.19, 12.54, 11.50, 7.96, 9.28, 9.60, 11.73, 14.67, 13.47, 14.12, 12.69, 10.48, 10.71, 13.61, 14.05, 15.64, 17.56, 16.56
 26.60, 24.05, 20.56, 19.20, 19.53, 19.80, 21.93, 19.21, 17.33, 18.24, 19.42, 18.53, 16.83, 20.52, 21.94, 19.18, 19.83, 23.49, 23.36, 21.24, 23.46, 26.46, 25.56, 23.94, 25.64, 23.96, 20.35, 17.91, 15.51, 12.00, 10.42, 6.76, 6.18, 5.76, 3.83, 0.00, 3.81, 6.30, 9.90, 12.39, 14.46, 16.12, 17.37, 19.74, 19.88, 16.16, 14.71, 11.10, 10.97, 8.29, 10.22, 11.49, 13.30, 16.06, 14.20, 15.43, 13.88, 12.58, 12.52, 14.79, 14.25, 15.30, 16.42, 14.84
 26.33, 24.00, 20.29, 19.43, 20.48, 20.87, 23.46, 21.11, 19.43, 20.90, 22.12, 21.51, 19.61, 23.23, 24.45, 21.34, 21.81, 25.42, 25.00, 22.47, 24.66, 27.65, 26.32, 24.42, 26.24, 24.23, 20.81, 18.47, 16.71, 13.38, 12.80, 9.58, 9.83, 8.91, 6.36, 3.81, 0.00, 3.80, 6.85, 9.22, 11.88, 14.00, 15.95, 18.64, 19.40, 15.96, 15.15, 11.98, 12.87, 10.76, 13.43, 14.98, 17.05, 19.73, 17.69, 18.60, 16.54, 15.12, 14.21, 15.86, 15.19, 15.32, 15.98, 13.69
 23.83, 21.85, 18.16, 17.95, 19.41, 20.45, 23.09, 20.76, 19.75, 21.58, 22.28, 21.57, 19.16, 22.49, 23.72, 20.42, 20.36, 23.92, 23.51, 20.60, 22.46, 25.57, 24.13, 21.85, 23.50, 21.19, 17.99, 15.61, 14.46, 11.38, 11.90, 9.55, 11.16, 10.85, 9.34, 6.30, 3.80, 0.00, 3.82, 6.28, 8.29, 10.51, 12.36, 15.29, 16.09, 12.85, 12.72, 10.09, 12.02, 11.08, 14.26, 16.58, 18.84, 21.05, 18.43, 19.28, 16.89, 16.16, 14.82, 15.65, 14.18, 13.61, 13.45, 10.68
 24.46, 22.93, 19.27, 19.73, 21.72, 23.03, 25.84, 23.72, 23.01, 25.07, 25.60, 24.88, 22.24, 25.33, 26.56, 23.19, 22.75, 26.18, 25.75, 22.53, 24.06, 27.20, 25.54, 22.90, 24.38, 21.64, 18.89, 16.53, 16.23, 13.51, 14.82, 12.93, 14.86, 14.66, 12.96, 9.90, 6.85, 3.82, 0.00, 3.83, 5.86, 9.11, 11.50, 14.87, 16.12, 13.48, 14.33, 12.49, 15.06, 14.65, 17.93, 20.37, 22.57, 24.74, 21.99, 22.86, 20.35, 19.77, 18.13, 18.48, 16.74, 15.42, 14.46, 11.02
 22.29, 20.94, 17.25, 18.13, 20.66, 22.01, 25.10, 23.47, 22.99, 25.53, 26.11, 25.87, 23.31, 26.32, 27.10, 23.46, 23.14, 26.32, 25.41, 22.03, 23.71, 26.55, 24.43, 21.83, 23.62, 20.98, 18.44, 16.74, 16.82, 14.80, 16.51, 15.05, 17.08, 16.33, 14.84, 12.39, 9.22, 6.28, 3.83, 0.00, 3.84, 6.57, 9.87, 12.92, 14.97, 12.90, 13.96, 12.86, 15.78, 15.76, 19.39, 22.03, 24.68, 26.60, 23.73, 24.04, 21.08, 20.43, 18.16, 17.84, 16.16, 14.08, 12.88, 9.23
 20.37, 19.50, 16.11, 17.64, 20.29, 22.25, 25.10, 23.43, 23.57, 26.17, 26.21, 25.75, 22.85, 25.43, 26.27, 22.70, 21.82, 24.81, 24.07, 20.48, 21.64, 24.56, 22.49, 19.53, 20.97, 18.02, 15.91, 14.26, 15.12, 13.67, 16.18, 15.55, 18.26, 18.06, 17.22, 14.46, 11.88, 8.29, 5.86, 3.84, 0.00, 3.85, 6.66, 10.08, 12.01, 10.51, 12.49, 12.26, 15.71, 16.58, 20.20, 23.25, 25.85, 27.38, 24.16, 24.53, 21.56, 21.57, 19.32, 18.50, 16.14, 13.70, 11.53, 7.69
 16.63, 15.95, 12.72, 14.72, 17.68, 19.91, 22.74, 21.42, 22.02, 24.92, 24.75, 24.63, 21.79, 24.12, 24.53, 20.85, 19.98, 22.64, 21.54, 17.87, 19.07, 21.67, 19.31, 16.41, 18.11, 15.40, 13.46, 12.65, 13.80, 13.28, 16.10, 16.15, 19.03, 18.66, 18.44, 16.12, 14.00, 10.51, 9.11, 6.57, 3.85, 0.00, 3.86, 6.56, 9.16, 8.33, 10.45, 11.23, 14.83, 16.35, 20.05, 23.34, 26.26, 27.34, 23.96, 23.83, 20.60, 20.89, 18.30, 16.78, 14.21, 11.21, 8.52, 4.87
 14.67, 14.36, 11.64, 14.00, 16.65, 19.46, 21.82, 20.32, 21.51, 24.26, 23.52, 23.14, 20.04, 21.87, 22.35, 18.88, 17.46, 19.89, 19.08, 15.31, 15.94, 18.67, 16.56, 13.32, 14.60, 11.66, 10.02, 9.37, 11.24, 11.55, 14.91, 15.85, 19.16, 19.33, 19.79, 17.37, 15.95, 12.36, 11.50, 9.87, 6.66, 3.86, 0.00, 3.76, 5.51, 5.38, 8.44, 10.22, 13.94, 16.27, 19.70, 23.25, 26.02, 26.65, 23.04, 22.98, 19.91, 20.91, 18.59, 16.80, 13.63, 10.80, 7.34, 4.70
 11.03, 11.12, 8.97, 11.97, 14.79, 17.88, 20.06, 19.02, 20.74, 23.70, 22.73, 22.73, 19.84, 21.29, 21.24, 17.78, 16.40, 18.28, 17.04, 13.28, 13.88, 16.09, 13.60, 10.46, 12.10, 9.68, 8.49, 9.36, 11.40, 12.80, 16.10, 17.56, 20.81, 20.80, 21.72, 19.74, 18.64, 15.29, 14.87, 12.92, 10.08, 6.56, 3.76, 0.00, 3.76, 5.55, 8.14, 10.98, 14.39, 17.18, 20.48, 24.10, 27.09, 27.27, 23.62, 23.05, 19.84, 21.10, 18.58, 16.14, 12.93, 9.79, 5.99, 5.38
 11.39, 11.50, 9.97, 12.53, 14.53, 17.99, 19.56, 18.08, 20.15, 22.72, 21.22, 20.76, 17.61, 18.60, 18.83, 15.72, 13.71, 15.50, 14.86, 11.11, 10.97, 13.62, 11.82, 8.24, 9.11, 6.26, 5.05, 6.02, 8.70, 10.82, 14.36, 16.51, 19.99, 20.57, 21.98, 19.88, 19.40, 16.09, 16.12, 14.97, 12.01, 9.16, 5.51, 3.76, 0.00, 3.82, 6.82, 10.10, 13.27, 16.57, 19.43, 23.15, 25.83, 25.68, 21.90, 21.59, 18.76, 20.64, 18.64, 16.39, 12.78, 10.48, 6.90, 7.22
 13.33, 12.42, 10.06, 11.60, 13.23, 16.39, 18.09, 16.10, 17.67, 20.06, 18.82, 18.17, 14.95, 16.54, 17.10, 13.80, 12.12, 14.69, 14.24, 10.54, 11.18, 14.29, 12.80, 9.68, 10.90, 8.46, 5.54, 4.70, 6.04, 7.33, 10.79, 12.71, 16.20, 16.85, 18.28, 16.16, 15.96, 12.85, 13.48, 12.90, 10.51, 8.33, 5.38, 5.55, 3.82, 0.00, 3.79, 6.45, 9.83, 12.97, 15.89, 19.60, 22.25, 22.35, 18.60, 18.51, 15.70, 17.44, 15.65, 13.94, 10.27, 8.56, 5.58, 5.45
 13.05, 11.22, 8.70, 9.05, 10.01, 13.01, 14.60, 12.42, 13.89, 16.29, 15.17, 14.79, 11.86, 13.85, 14.10, 10.52, 9.60, 12.45, 11.67, 8.24, 9.97, 12.93, 11.54, 9.32, 11.25, 10.00, 6.29, 6.00, 4.84, 6.20, 8.67, 10.72, 13.84, 14.23, 16.19, 14.71, 15.15, 12.72, 14.33, 13.96, 12.49, 10.45, 8.44, 8.14, 6.82, 3.79, 0.00, 3.77, 6.52, 9.92, 12.72, 16.42, 19.30, 19.20, 15.53, 15.02, 12.05, 13.87, 12.16, 10.47, 6.72, 5.98, 4.67, 6.19
 16.39, 14.14, 11.22, 10.57, 11.02, 13.18, 14.91, 12.23, 12.70, 14.74, 14.17, 13.54, 10.73, 13.56, 14.27, 10.76, 10.52, 13.92, 13.46, 10.62, 12.69, 15.71, 14.66, 12.85, 14.66, 13.39, 9.61, 8.19, 5.72, 4.60, 5.89, 7.14, 10.15, 10.58, 12.54, 11.10, 11.98, 10.09, 12.49, 12.86, 12.26, 11.23, 10.22, 10.98, 10.10, 6.45, 3.77, 0.00, 3.76, 6.51, 9.60, 13.25, 16.11, 16.51, 12.95, 12.84, 9.96, 11.32, 10.00, 9.46, 6.27, 6.83, 7.02, 7.39
 17.98, 15.30, 12.76, 11.02, 10.23, 11.75, 12.94, 9.75, 9.75, 11.27, 10.79, 10.12, 7.75, 11.13, 11.79, 8.50, 9.24, 12.74, 12.39, 10.49, 13.00, 15.71, 15.16, 14.17, 16.03, 15.50, 11.67, 10.51, 7.07, 5.95, 4.72, 6.05, 8.15, 8.61, 11.50, 10.97, 12.87, 12.02, 15.06, 15.78, 15.71, 14.83, 13.94, 14.39, 13.27, 9.83, 6.52, 3.76, 0.00, 3.89, 6.20, 9.90, 12.86, 12.96, 9.48, 9.09, 6.31, 8.08, 7.66, 8.01, 5.65, 8.17, 9.70, 10.80
 21.05, 18.14, 15.30, 13.11, 12.28, 12.68, 14.13, 11.07, 9.62, 10.70, 11.40, 10.94, 9.51, 13.34, 14.08, 11.17, 12.59, 16.01, 15.59, 14.09, 16.79, 19.33, 18.71, 17.91, 19.91, 19.31, 15.47, 14.05, 10.67, 8.56, 6.11, 4.93, 5.23, 4.78, 7.96, 8.29, 10.76, 11.08, 14.65, 15.76, 16.58, 16.35, 16.27, 17.18, 16.57, 12.97, 9.92, 6.51, 3.89, 0.00, 3.85, 7.06, 10.34, 11.33, 8.54, 8.34, 5.88, 5.86, 6.11, 8.19, 7.49, 10.17, 12.31, 12.79
 23.50, 20.52, 18.13, 15.58, 13.89, 13.91, 14.48, 11.07, 9.26, 8.88, 9.56, 8.53, 7.92, 11.79, 12.80, 10.82, 12.61, 15.82, 15.90, 15.22, 17.77, 20.13, 20.12, 19.76, 21.46, 21.26, 17.51, 16.06, 12.35, 10.43, 6.97, 6.19, 4.90, 5.49, 9.28, 10.22, 13.43, 14.26, 17.93, 19.39, 20.20, 20.05, 19.70, 20.48, 19.43, 15.89, 12.72, 9.60, 6.20, 3.85, 0.00, 3.73, 6.82, 7.49, 4.96, 5.22, 4.54, 5.08, 7.48, 10.19, 10.05, 13.32, 15.59, 16.42
 26.78, 23.66, 21.33, 18.49, 16.53, 15.85, 16.15, 13.01, 10.43, 8.99, 10.51, 9.67, 10.25, 13.82, 14.76, 13.45, 15.60, 18.53, 18.65, 18.45, 21.05, 23.17, 23.31, 23.23, 24.96, 24.90, 21.18, 19.73, 15.99, 13.96, 10.31, 8.93, 6.15, 6.21, 9.60, 11.49, 14.98, 16.58, 20.37, 22.03, 23.25, 23.34, 23.25, 24.10, 23.15, 19.60, 16.42, 13.25, 9.90, 7.06, 3.73, 0.00, 3.91, 5.42, 5.12, 5.55, 6.58, 5.77, 9.10, 12.43, 13.15, 16.53, 19.08, 19.85
 30.10, 27.09, 24.87, 22.13, 20.03, 19.48, 19.39, 16.12, 13.79, 11.62, 12.65, 10.99, 11.70, 14.74, 16.26, 15.74, 17.51, 20.32, 21.04, 21.09, 23.28, 25.51, 26.08, 25.95, 27.28, 27.17, 23.57, 21.79, 18.07, 15.87, 12.01, 10.69, 7.74, 8.95, 11.73, 13.30, 17.05, 18.84, 22.57, 24.68, 25.85, 26.26, 26.02, 27.09, 25.83, 22.25, 19.30, 16.11, 12.86, 10.34, 6.82, 3.91, 0.00, 3.74, 5.41, 7.49, 9.81, 9.58, 13.00, 16.28, 16.74, 20.11, 22.39, 23.00
 29.17, 26.20, 24.46, 21.63, 19.03, 18.59, 17.81, 14.49, 12.65, 9.84, 10.16, 8.17, 9.64, 12.11, 13.48, 13.69, 15.60, 17.96, 18.89, 19.52, 21.56, 23.47, 24.44, 24.68, 25.86, 26.22, 22.79, 21.39, 17.61, 16.12, 12.37, 12.18, 10.06, 11.37, 14.67, 16.06, 19.73, 21.05, 24.74, 26.60, 27.38, 27.34, 26.65, 27.27, 25.68, 22.35, 19.20, 16.51, 12.96, 11.33, 7.49, 5.42, 3.74, 0.00, 3.84, 5.51, 8.91, 9.79, 13.39, 16.20, 16.56, 20.18, 22.49, 23.66
 25.89, 23.07, 21.28, 18.74, 16.35, 16.55, 16.00, 12.36, 11.14, 9.18, 8.72, 6.14, 6.33, 9.37, 11.05, 10.68, 12.22, 14.96, 15.96, 16.16, 18.11, 20.31, 21.19, 21.14, 22.26, 22.45, 19.01, 17.55, 13.77, 12.39, 8.75, 9.21, 8.09, 9.88, 13.47, 14.20, 17.69, 18.43, 21.99, 23.73, 24.16, 23.96, 23.04, 23.62, 21.90, 18.60, 15.53, 12.95, 9.48, 8.54, 4.96, 5.12, 5.41, 3.84, 0.00, 3.86, 6.52, 8.45, 11.55, 13.91, 13.56, 17.05, 19.05, 20.23
 23.89, 20.85, 19.30, 16.35, 13.57, 13.27, 12.46, 9.02, 7.55, 5.33, 5.28, 4.27, 6.04, 9.14, 9.50, 8.81, 11.44, 13.78, 13.99, 14.60, 17.10, 18.76, 19.37, 19.88, 21.47, 22.15, 18.68, 17.95, 14.15, 13.45, 10.24, 10.88, 9.85, 10.34, 14.12, 15.43, 18.60, 19.28, 22.86, 24.04, 24.53, 23.83, 22.98, 23.05, 21.59, 18.51, 15.02, 12.84, 9.09, 8.34, 5.22, 5.55, 7.49, 5.51, 3.86, 0.00, 3.82, 6.07, 9.19, 11.32, 11.62, 15.39, 17.93, 19.66
 20.71, 17.57, 15.74, 12.74, 10.27, 10.09, 10.08, 6.63, 5.09, 5.15, 5.60, 6.06, 6.47, 10.00, 9.77, 7.54, 10.40, 13.03, 12.43, 12.37, 15.37, 17.07, 17.02, 17.38, 19.44, 19.97, 16.36, 15.91, 12.24, 11.68, 9.07, 9.68, 9.32, 8.99, 12.69, 13.88, 16.54, 16.89, 20.35, 21.08, 21.56, 20.60, 19.91, 19.84, 18.76, 15.70, 12.05, 9.96, 6.31, 5.88, 4.54, 6.58, 9.81, 8.91, 6.52, 3.82, 0.00, 3.84, 5.84, 7.59, 7.89, 11.68, 14.44, 16.28
 22.33, 18.99, 16.73, 13.50, 11.54, 10.31, 11.15, 8.58, 5.46, 5.95, 8.32, 9.47, 10.21, 13.81, 13.48, 11.15, 14.06, 16.68, 15.66, 15.37, 18.63, 20.25, 19.70, 20.03, 22.42, 22.73, 19.00, 18.45, 14.91, 13.75, 11.05, 10.34, 8.94, 7.15, 10.48, 12.58, 15.12, 16.16, 19.77, 20.43, 21.57, 20.89, 20.91, 21.10, 20.64, 17.44, 13.87, 11.32, 8.08, 5.86, 5.08, 5.77, 9.58, 9.79, 8.45, 6.07, 3.84, 0.00, 3.72, 7.03, 8.74, 12.24, 15.45, 16.86
 19.69, 16.30, 13.76, 10.53, 9.29, 8.01, 10.01, 8.18, 5.59, 8.07, 10.13, 11.77, 11.89, 15.37, 14.65, 11.55, 14.31, 16.89, 15.22, 14.35, 17.87, 19.39, 18.19, 18.39, 21.17, 21.37, 17.68, 17.50, 14.37, 13.48, 11.69, 11.03, 10.47, 8.10, 10.71, 12.52, 14.21, 14.82, 18.13, 18.16, 19.32, 18.30, 18.59, 18.58, 18.64, 15.65, 12.16, 10.00, 7.66, 6.11, 7.48, 9.10, 13.00, 13.39, 11.55, 9.19, 5.84, 3.72, 0.00, 3.78, 6.23, 9.25, 12.74, 14.22
 16.07, 12.63, 10.22, 6.81, 5.91, 5.05, 7.87, 6.85, 5.90, 9.47, 10.69, 12.73, 12.49, 15.47, 14.21, 10.67, 13.27, 15.47, 13.15, 12.00, 15.70, 16.88, 15.18, 15.55, 18.66, 19.08, 15.62, 16.14, 13.50, 13.49, 12.67, 12.82, 13.23, 11.25, 13.61, 14.79, 15.86, 15.65, 18.48, 17.84, 18.50, 16.78, 16.80, 16.14, 16.39, 13.94, 10.47, 9.46, 8.01, 8.19, 10.19, 12.43, 16.28, 16.20, 13.91, 11.32, 7.59, 7.03, 3.78, 0.00, 3.80, 6.39, 10.15, 12.33
 13.98, 10.82, 8.19, 5.64, 5.38, 6.95, 9.19, 7.39, 7.95, 11.10, 11.14, 12.29, 10.97, 13.74, 12.88, 8.98, 10.65, 13.16, 11.16, 9.18, 12.63, 14.35, 12.68, 12.40, 15.32, 15.44, 11.89, 12.37, 9.92, 10.33, 10.30, 11.23, 12.69, 11.62, 14.05, 14.25, 15.19, 14.18, 16.74, 16.16, 16.14, 14.21, 13.63, 12.93, 12.78, 10.27, 6.72, 6.27, 5.65, 7.49, 10.05, 13.15, 16.74, 16.56, 13.56, 11.62, 7.89, 8.74, 6.23, 3.80, 0.00, 3.84, 7.05, 9.50
 11.68, 8.84, 5.37, 4.39, 6.66, 8.77, 11.55, 10.60, 11.49, 14.85, 14.82, 15.89, 14.17, 16.63, 15.80, 11.84, 12.70, 14.99, 12.76, 9.99, 13.06, 14.75, 12.33, 11.41, 14.56, 14.22, 10.99, 11.84, 10.49, 11.17, 12.28, 13.12, 15.09, 13.94, 15.64, 15.30, 15.32, 13.61, 15.42, 14.08, 13.70, 11.21, 10.80, 9.79, 10.48, 8.56, 5.98, 6.83, 8.17, 10.17, 13.32, 16.53, 20.11, 20.18, 17.05, 15.39, 11.68, 12.24, 9.25, 6.39, 3.84, 0.00, 3.82, 6.49
 10.42, 8.59, 5.22, 6.73, 9.39, 12.18, 14.60, 13.52, 14.90, 18.04, 17.48, 17.99, 15.63, 17.66, 17.21, 13.38, 13.13, 15.35, 13.54, 10.09, 12.23, 14.30, 11.75, 9.77, 12.57, 11.48, 8.61, 9.54, 9.42, 10.54, 12.78, 14.03, 16.71, 16.15, 17.56, 16.42, 15.98, 13.45, 14.46, 12.88, 11.53, 8.52, 7.34, 5.99, 6.90, 5.58, 4.67, 7.02, 9.70, 12.31, 15.59, 19.08, 22.39, 22.49, 19.05, 17.93, 14.44, 15.45, 12.74, 10.15, 7.05, 3.82, 0.00, 3.84
 13.45, 12.08, 8.62, 10.17, 12.88, 15.26, 17.94, 16.60, 17.41, 20.39, 20.11, 20.24, 17.61, 19.94, 20.02, 16.23, 15.72, 18.33, 16.97, 13.41, 15.14, 17.62, 15.26, 12.77, 15.01, 13.03, 10.34, 10.11, 10.42, 10.46, 13.00, 13.57, 16.40, 15.91, 16.56, 14.84, 13.69, 10.68, 11.02, 9.23, 7.69, 4.87, 4.70, 5.38, 7.22, 5.45, 6.19, 7.39, 10.80, 12.79, 16.42, 19.85, 23.00, 23.66, 20.23, 19.66, 16.28, 16.86, 14.22, 12.33, 9.50, 6.49, 3.84, 0.00
