 0.00, 3.83, 6.58, 10.11, 13.39, 16.61, 17.58, 18.03, 21.58, 23.70, 25.94, 28.26, 30.11, 29.78, 32.01, 34.70, 37.61, 39.71, 39.81, 43.45, 44.78, 48.17, 49.56, 52.24, 53.88, 57.16, 60.08, 60.31, 57.19, 54.62, 52.45, 49.54, 47.17, 45.59, 43.10, 42.68, 40.31, 40.34, 42.97, 44.92, 48.56, 48.31, 47.07, 49.88, 52.31, 50.12, 50.20, 53.97, 54.37, 51.81, 54.29, 57.20, 56.46, 56.56, 60.16, 61.75, 64.91, 63.46, 65.08, 62.13, 59.91, 59.34, 56.26, 54.56, 52.75, 49.88, 46.53, 48.23, 50.19, 47.27, 47.39, 50.69, 51.82, 54.20, 56.59, 59.15, 62.52, 64.62
 3.83, 0.00, 3.82, 6.81, 9.93, 13.12, 14.02, 14.29, 17.79, 20.03, 22.25, 24.69, 26.51, 26.23, 28.62, 31.17, 34.06, 36.28, 36.49, 40.17, 41.64, 45.08, 46.63, 49.36, 51.15, 54.49, 57.51, 57.82, 54.81, 52.14, 49.88, 46.85, 44.34, 42.57, 39.95, 39.35, 36.90, 36.78, 39.36, 41.41, 45.06, 44.73, 43.59, 46.47, 48.85, 46.67, 46.88, 50.65, 51.02, 48.57, 51.15, 53.97, 53.28, 53.52, 57.09, 58.79, 61.93, 60.56, 62.10, 59.07, 56.89, 56.31, 53.15, 51.56, 49.71, 46.94, 43.56, 45.16, 47.03, 44.06, 44.31, 47.61, 48.89, 51.20, 53.72, 56.26, 59.70, 61.84
 6.58, 3.82, 0.00, 3.83, 7.00, 10.25, 11.84, 12.92, 16.24, 18.58, 21.26, 23.63, 24.95, 24.19, 26.64, 29.29, 31.92, 34.23, 34.74, 38.46, 40.16, 43.72, 45.44, 48.36, 50.16, 53.61, 56.62, 57.19, 54.19, 51.59, 49.12, 46.09, 43.39, 41.58, 38.77, 38.10, 35.40, 35.15, 37.49, 39.37, 43.09, 42.95, 42.00, 44.77, 47.29, 45.36, 45.56, 49.27, 49.87, 47.56, 50.11, 52.94, 52.51, 52.78, 56.25, 58.16, 61.16, 59.70, 61.03, 57.91, 55.58, 54.77, 51.51, 49.80, 47.72, 44.88, 41.39, 42.79, 44.84, 42.03, 42.50, 45.93, 47.39, 49.84, 52.45, 55.16, 58.57, 60.90
 10.11, 6.81, 3.83, 0.00, 3.82, 6.53, 8.08, 9.55, 12.77, 15.02, 17.93, 20.20, 21.29, 20.40, 22.91, 25.53, 28.11, 30.46, 31.06, 34.81, 36.62, 40.23, 42.08, 45.08, 46.95, 50.46, 53.52, 54.21, 51.29, 48.67, 46.08, 42.99, 40.16, 38.25, 35.32, 34.56, 31.75, 31.44, 33.72, 35.57, 39.30, 39.20, 38.30, 41.06, 43.60, 41.75, 41.97, 45.67, 46.33, 44.11, 46.67, 49.47, 49.15, 49.49, 52.91, 54.92, 57.86, 56.42, 57.64, 54.45, 52.12, 51.24, 47.93, 46.25, 44.12, 41.33, 37.81, 39.13, 41.15, 38.34, 38.91, 42.36, 43.94, 46.38, 49.08, 51.82, 55.25, 57.65
 13.39, 9.93, 7.00, 3.82, 0.00, 3.83, 6.64, 8.02, 10.42, 13.21, 16.13, 18.67, 19.40, 18.37, 21.27, 23.57, 25.89, 28.56, 29.54, 33.34, 35.48, 39.16, 41.30, 44.39, 46.47, 50.04, 53.21, 54.06, 51.31, 48.60, 45.88, 42.67, 39.63, 37.44, 34.29, 33.17, 30.15, 29.43, 31.45, 33.43, 37.21, 37.02, 36.44, 39.28, 41.74, 40.03, 40.50, 44.15, 44.80, 42.83, 45.54, 48.17, 47.98, 48.56, 51.88, 54.09, 56.96, 55.64, 56.68, 53.36, 51.07, 50.09, 46.65, 45.10, 42.82, 40.18, 36.59, 37.59, 39.57, 36.78, 37.69, 41.16, 43.03, 45.39, 48.29, 51.03, 54.52, 57.02
 16.61, 13.12, 10.25, 6.53, 3.83, 0.00, 3.81, 6.35, 8.08, 10.38, 13.71, 15.86, 16.12, 14.74, 17.62, 19.98, 22.20, 24.83, 25.92, 29.72, 31.95, 35.67, 37.92, 41.10, 43.19, 46.82, 49.98, 50.98, 48.29, 45.62, 42.77, 39.56, 36.41, 34.20, 30.95, 29.81, 26.68, 25.96, 27.89, 29.74, 33.52, 33.46, 32.90, 35.65, 38.21, 36.62, 37.04, 40.64, 41.43, 39.54, 42.20, 44.83, 44.81, 45.39, 48.63, 50.95, 53.72, 52.36, 53.27, 49.91, 47.56, 46.48, 43.01, 41.43, 39.08, 36.46, 32.85, 33.78, 35.78, 33.02, 34.02, 37.52, 39.48, 41.89, 44.83, 47.64, 51.11, 53.69
 17.58, 14.02, 11.84, 8.08, 6.64, 3.81, 0.00, 3.82, 6.12, 7.39, 10.86, 12.65, 13.29, 12.35, 14.97, 17.46, 20.12, 22.49, 23.15, 26.93, 28.93, 32.58, 34.68, 37.76, 39.85, 43.43, 46.61, 47.49, 44.79, 42.06, 39.30, 36.07, 33.00, 30.82, 27.69, 26.70, 23.77, 23.37, 25.66, 27.55, 31.27, 31.12, 30.24, 33.04, 35.55, 33.76, 34.06, 37.73, 38.43, 36.35, 38.99, 41.69, 41.53, 42.01, 45.33, 47.53, 50.38, 49.02, 50.07, 46.78, 44.49, 43.59, 40.21, 38.71, 36.58, 34.01, 30.53, 31.75, 33.53, 30.58, 31.31, 34.71, 36.50, 38.82, 41.70, 44.41, 47.91, 50.38
 18.03, 14.29, 12.92, 9.55, 8.02, 6.35, 3.82, 0.00, 3.82, 5.86, 8.39, 10.98, 12.48, 12.61, 15.51, 17.40, 20.33, 22.84, 23.31, 27.06, 29.00, 32.53, 34.66, 37.53, 39.86, 43.32, 46.64, 47.32, 44.76, 41.81, 39.24, 35.83, 32.82, 30.40, 27.32, 26.05, 23.34, 22.75, 25.28, 27.61, 31.27, 30.66, 29.77, 32.85, 35.03, 32.95, 33.55, 37.27, 37.59, 35.52, 38.38, 40.90, 40.45, 41.14, 44.53, 46.64, 49.64, 48.54, 49.72, 46.44, 44.42, 43.79, 40.45, 39.28, 37.36, 35.08, 31.76, 33.00, 34.39, 31.21, 31.90, 35.10, 36.86, 38.87, 41.82, 44.29, 47.89, 50.18
 21.58, 17.79, 16.24, 12.77, 10.42, 8.08, 6.12, 3.82, 0.00, 3.82, 5.98, 8.97, 9.97, 10.28, 13.66, 14.89, 17.58, 20.44, 21.27, 25.01, 27.27, 30.81, 33.26, 36.16, 38.72, 42.20, 45.63, 46.45, 44.12, 41.08, 38.41, 34.89, 31.69, 28.97, 25.66, 23.96, 21.06, 19.98, 22.29, 24.84, 28.51, 27.72, 27.15, 30.35, 32.39, 30.41, 31.31, 34.96, 35.23, 33.44, 36.46, 38.77, 38.43, 39.40, 42.67, 44.97, 47.89, 46.95, 47.95, 44.55, 42.62, 41.94, 38.51, 37.54, 35.54, 33.50, 30.20, 31.12, 32.34, 29.14, 30.17, 33.30, 35.35, 37.20, 40.34, 42.76, 46.42, 48.76
 23.70, 20.03, 18.58, 15.02, 13.21, 10.38, 7.39, 5.86, 3.82, 0.00, 3.82, 5.54, 6.64, 7.43, 10.39, 11.76, 14.86, 17.35, 17.79, 21.52, 23.61, 27.13, 29.49, 32.38, 34.92, 38.39, 41.82, 42.64, 40.31, 37.29, 34.60, 31.08, 27.88, 25.20, 21.94, 20.40, 17.60, 16.91, 19.52, 21.94, 25.55, 24.84, 23.94, 27.08, 29.20, 27.15, 27.84, 31.53, 31.86, 29.92, 32.85, 35.28, 34.96, 35.79, 39.09, 41.36, 44.26, 43.25, 44.28, 40.93, 38.96, 38.34, 34.97, 34.00, 32.13, 30.11, 26.93, 28.07, 29.14, 25.83, 26.65, 29.73, 31.66, 33.51, 36.60, 39.02, 42.67, 45.00
 25.94, 22.25, 21.26, 17.93, 16.13, 13.71, 10.86, 8.39, 5.98, 3.82, 0.00, 3.82, 6.29, 8.78, 11.44, 11.73, 14.94, 17.39, 17.57, 21.07, 23.06, 26.34, 28.75, 31.36, 34.16, 37.48, 41.04, 41.68, 39.57, 36.34, 33.85, 30.19, 27.05, 24.10, 20.93, 19.04, 16.59, 15.67, 18.52, 21.40, 24.81, 23.57, 22.66, 26.08, 27.76, 25.40, 26.44, 30.13, 30.04, 28.16, 31.32, 33.50, 32.91, 34.00, 37.32, 39.51, 42.54, 41.81, 42.94, 39.61, 37.95, 37.63, 34.34, 33.77, 32.17, 30.55, 27.63, 28.75, 29.34, 25.83, 26.61, 29.37, 31.28, 32.72, 35.88, 38.00, 41.74, 43.87
 28.26, 24.69, 23.63, 20.20, 18.67, 15.86, 12.65, 10.98, 8.97, 5.54, 3.82, 0.00, 3.80, 7.12, 8.71, 8.93, 12.51, 14.40, 14.10, 17.53, 19.34, 22.61, 24.95, 27.60, 30.37, 33.71, 37.25, 37.95, 35.85, 32.65, 30.08, 26.44, 23.26, 20.35, 17.18, 15.47, 13.12, 12.73, 15.92, 18.57, 21.86, 20.78, 19.49, 22.79, 24.61, 22.21, 22.97, 26.71, 26.74, 24.72, 27.76, 30.09, 29.58, 30.50, 33.83, 36.04, 39.02, 38.17, 39.31, 36.00, 34.27, 33.96, 30.71, 30.13, 28.65, 27.06, 24.28, 25.61, 26.05, 22.46, 23.01, 25.72, 27.52, 28.99, 32.10, 34.26, 37.98, 40.14
 30.11, 26.51, 24.95, 21.29, 19.40, 16.12, 13.29, 12.48, 9.97, 6.64, 6.29, 3.80, 0.00, 3.82, 5.61, 5.48, 8.90, 11.15, 11.56, 15.20, 17.56, 21.05, 23.75, 26.72, 29.47, 32.97, 36.47, 37.54, 35.52, 32.48, 29.61, 26.04, 22.58, 19.59, 16.06, 14.13, 11.10, 10.29, 13.04, 15.49, 19.01, 18.26, 17.31, 20.47, 22.58, 20.65, 21.39, 25.03, 25.48, 23.76, 26.71, 29.03, 29.00, 29.97, 33.08, 35.60, 38.33, 37.36, 38.16, 34.69, 32.76, 32.09, 28.65, 27.92, 26.10, 24.45, 21.49, 22.48, 23.11, 19.67, 20.66, 23.59, 25.77, 27.43, 30.72, 33.10, 36.77, 39.20
 29.78, 26.23, 24.19, 20.40, 18.37, 14.74, 12.35, 12.61, 10.28, 7.43, 8.78, 7.12, 3.82, 0.00, 3.82, 5.24, 7.85, 10.35, 11.55, 15.35, 18.02, 21.75, 24.53, 27.80, 30.31, 33.96, 37.30, 38.67, 36.53, 33.75, 30.63, 27.26, 23.68, 20.96, 17.32, 15.68, 12.21, 11.42, 13.42, 15.21, 18.94, 18.87, 18.19, 20.93, 23.49, 22.10, 22.56, 26.05, 27.01, 25.44, 28.12, 30.57, 30.95, 31.75, 34.71, 37.39, 39.89, 38.67, 39.23, 35.71, 33.46, 32.37, 28.80, 27.66, 25.42, 23.42, 20.10, 20.87, 22.08, 18.98, 20.26, 23.56, 25.92, 28.00, 31.27, 33.98, 37.52, 40.22
 32.01, 28.62, 26.64, 22.91, 21.27, 17.62, 14.97, 15.51, 13.66, 10.39, 11.44, 8.71, 5.61, 3.82, 0.00, 3.83, 6.58, 7.73, 8.32, 12.11, 14.60, 18.38, 21.05, 24.44, 26.79, 30.49, 33.75, 35.23, 33.05, 30.40, 27.16, 23.91, 20.30, 17.81, 14.22, 13.09, 9.69, 9.90, 12.03, 13.14, 16.68, 17.07, 15.88, 18.27, 21.12, 19.85, 19.79, 23.27, 24.53, 22.79, 25.18, 27.85, 28.41, 28.92, 31.83, 34.51, 36.91, 35.48, 36.01, 32.55, 30.14, 28.97, 25.45, 24.13, 21.96, 19.84, 16.58, 17.71, 18.88, 15.72, 16.70, 20.07, 22.31, 24.56, 27.74, 30.57, 34.05, 36.82
 34.70, 31.17, 29.29, 25.53, 23.57, 19.98, 17.46, 17.40, 14.89, 11.76, 11.73, 8.93, 5.48, 5.24, 3.83, 0.00, 3.82, 5.69, 6.87, 10.52, 13.48, 17.10, 20.19, 23.44, 26.17, 29.76, 33.17, 34.70, 32.88, 30.07, 26.89, 23.48, 19.76, 16.78, 12.98, 10.94, 7.24, 6.38, 8.52, 10.30, 13.91, 13.78, 12.95, 15.73, 18.25, 16.96, 17.46, 20.89, 21.92, 20.55, 23.25, 25.56, 26.15, 27.08, 29.86, 32.72, 35.08, 33.96, 34.34, 30.76, 28.60, 27.55, 23.95, 23.13, 21.04, 19.51, 16.56, 17.21, 17.78, 14.45, 15.89, 18.93, 21.51, 23.31, 26.75, 29.35, 32.91, 35.63
 37.61, 34.06, 31.92, 28.11, 25.89, 22.20, 20.12, 20.33, 17.58, 14.86, 14.94, 12.51, 8.90, 7.85, 6.58, 3.82, 0.00, 3.82, 6.95, 9.92, 13.49, 16.97, 20.39, 23.75, 26.47, 30.06, 33.37, 35.24, 33.66, 31.04, 27.69, 24.48, 20.66, 17.71, 13.91, 11.63, 7.85, 6.11, 6.33, 7.56, 11.36, 11.68, 11.69, 14.09, 16.74, 16.20, 16.86, 19.90, 21.29, 20.51, 23.07, 25.11, 26.19, 27.30, 29.71, 32.85, 34.88, 33.78, 33.74, 30.04, 27.81, 26.38, 22.65, 21.85, 19.37, 18.08, 15.12, 14.97, 15.58, 12.63, 14.89, 17.92, 20.98, 22.77, 26.35, 29.04, 32.47, 35.40
 39.71, 36.28, 34.23, 30.46, 28.56, 24.83, 22.49, 22.84, 20.44, 17.35, 17.39, 14.40, 11.15, 10.35, 7.73, 5.69, 3.82, 0.00, 3.82, 6.34, 9.97, 13.45, 16.86, 20.33, 22.91, 26.52, 29.75, 31.75, 30.19, 27.73, 24.28, 21.23, 17.41, 14.70, 11.04, 9.34, 5.91, 5.84, 6.04, 5.63, 9.06, 10.14, 9.36, 11.19, 14.29, 13.97, 13.95, 16.93, 18.72, 17.80, 19.99, 22.27, 23.60, 24.39, 26.71, 29.87, 31.76, 30.44, 30.36, 26.70, 24.29, 22.77, 19.05, 18.10, 15.70, 14.41, 11.64, 11.84, 12.17, 8.99, 11.07, 14.16, 17.20, 19.14, 22.67, 25.48, 28.85, 31.86
 39.81, 36.49, 34.74, 31.06, 29.54, 25.92, 23.15, 23.31, 21.27, 17.79, 17.57, 14.10, 11.56, 11.55, 8.32, 6.87, 6.95, 3.82, 0.00, 3.82, 6.77, 10.46, 13.63, 17.07, 19.66, 23.30, 26.61, 28.40, 26.72, 24.15, 20.76, 17.60, 13.78, 11.08, 7.42, 6.43, 3.67, 6.10, 7.75, 7.38, 9.84, 10.68, 8.51, 10.31, 13.40, 12.45, 11.78, 15.12, 16.78, 15.22, 17.31, 19.96, 21.01, 21.46, 24.05, 26.98, 29.07, 27.64, 27.91, 24.37, 21.97, 20.83, 17.30, 16.39, 14.61, 13.34, 11.03, 12.31, 12.09, 8.41, 9.18, 12.12, 14.64, 16.55, 19.96, 22.71, 26.19, 29.05
 43.45, 40.17, 38.46, 34.81, 33.34, 29.72, 26.93, 27.06, 25.01, 21.52, 21.07, 17.53, 15.20, 15.35, 12.11, 10.52, 9.92, 6.34, 3.82, 0.00, 3.81, 7.11, 10.60, 14.03, 16.67, 20.22, 23.49, 25.50, 24.13, 21.70, 18.26, 15.32, 11.55, 9.03, 5.96, 5.68, 5.12, 7.80, 8.50, 6.97, 7.89, 9.20, 6.40, 7.12, 10.45, 9.94, 8.56, 11.63, 13.72, 12.34, 14.02, 16.68, 18.13, 18.46, 20.77, 23.85, 25.69, 24.20, 24.26, 20.69, 18.24, 17.05, 13.51, 12.85, 11.39, 10.80, 9.43, 10.73, 9.50, 5.69, 6.07, 8.50, 11.23, 12.93, 16.46, 19.20, 22.63, 25.57
 44.78, 41.64, 40.16, 36.62, 35.48, 31.95, 28.93, 29.00, 27.27, 23.61, 23.06, 19.34, 17.56, 18.02, 14.60, 13.48, 13.49, 9.97, 6.77, 3.81, 0.00, 3.82, 6.91, 10.43, 12.98, 16.59, 19.89, 21.79, 20.34, 17.91, 14.46, 11.56, 7.82, 5.79, 3.97, 6.04, 7.45, 10.80, 11.95, 10.49, 10.51, 11.65, 8.20, 8.07, 10.91, 10.04, 7.45, 10.43, 12.52, 10.42, 11.47, 14.65, 15.96, 15.65, 18.12, 20.94, 22.86, 21.12, 21.50, 18.13, 15.60, 14.81, 11.68, 11.04, 10.61, 10.25, 9.90, 12.08, 10.39, 7.09, 5.19, 6.62, 8.30, 10.00, 13.28, 16.02, 19.51, 22.34
 48.17, 45.08, 43.72, 40.23, 39.16, 35.67, 32.58, 32.53, 30.81, 27.13, 26.34, 22.61, 21.05, 21.75, 18.38, 17.10, 16.97, 13.45, 10.46, 7.11, 3.82, 0.00, 3.82, 7.01, 9.80, 13.20, 16.55, 18.53, 17.51, 15.16, 11.83, 9.28, 6.08, 4.98, 5.74, 8.07, 10.54, 13.63, 14.46, 12.83, 11.75, 12.72, 9.23, 8.03, 10.01, 9.34, 5.79, 7.92, 10.16, 7.96, 8.05, 11.44, 13.00, 12.30, 14.54, 17.38, 19.13, 17.32, 17.70, 14.38, 11.92, 11.55, 8.86, 8.98, 9.83, 10.57, 11.56, 13.61, 11.11, 8.68, 6.11, 5.03, 5.67, 6.40, 9.75, 12.27, 15.82, 18.59
 49.56, 46.63, 45.44, 42.08, 41.30, 37.92, 34.68, 34.66, 33.26, 29.49, 28.75, 24.95, 23.75, 24.53, 21.05, 20.19, 20.39, 16.86, 13.63, 10.60, 6.91, 3.82, 0.00, 3.82, 6.11, 9.68, 13.03, 14.90, 13.70, 11.47, 8.05, 5.93, 3.76, 5.33, 7.96, 11.06, 13.79, 17.13, 18.22, 16.62, 15.46, 16.44, 12.94, 11.57, 13.06, 12.28, 8.58, 9.83, 11.69, 9.03, 7.79, 11.55, 12.77, 10.97, 13.25, 15.51, 17.28, 14.99, 15.86, 13.05, 10.51, 10.79, 9.21, 9.19, 11.13, 11.82, 13.41, 15.94, 13.59, 11.75, 8.46, 6.68, 4.73, 5.11, 7.26, 9.76, 13.24, 15.83
 52.24, 49.36, 48.36, 45.08, 44.39, 41.10, 37.76, 37.53, 36.16, 32.38, 31.36, 27.60, 26.72, 27.80, 24.44, 23.44, 23.75, 20.33, 17.07, 14.03, 10.43, 7.01, 3.82, 0.00, 3.82, 6.54, 10.21, 11.69, 11.07, 8.66, 5.99, 4.69, 5.12, 7.26, 10.68, 13.53, 16.74, 19.94, 21.06, 19.68, 18.15, 18.71, 15.28, 13.86, 14.42, 13.46, 9.96, 10.32, 11.38, 8.68, 6.33, 9.88, 10.65, 8.01, 10.24, 12.01, 13.89, 11.57, 13.00, 10.66, 8.83, 10.40, 10.09, 10.99, 13.74, 14.98, 16.99, 19.36, 16.72, 15.17, 12.04, 9.58, 6.98, 5.31, 5.92, 7.04, 10.65, 12.65
 53.88, 51.15, 50.16, 46.95, 46.47, 43.19, 39.85, 39.86, 38.72, 34.92, 34.16, 30.37, 29.47, 30.31, 26.79, 26.17, 26.47, 22.91, 19.66, 16.67, 12.98, 9.80, 6.11, 3.82, 0.00, 3.82, 7.02, 8.94, 7.99, 6.62, 3.77, 5.24, 7.17, 10.33, 13.69, 16.87, 19.82, 23.16, 24.22, 22.52, 20.97, 21.96, 18.61, 16.83, 17.64, 17.07, 13.45, 13.41, 14.78, 12.38, 9.58, 12.70, 13.61, 10.40, 11.88, 12.94, 14.22, 11.13, 12.66, 11.16, 8.99, 10.43, 11.03, 11.26, 14.38, 15.41, 17.82, 20.42, 18.04, 17.06, 13.58, 11.08, 7.56, 6.57, 4.89, 6.19, 8.88, 10.95
 57.16, 54.49, 53.61, 50.46, 50.04, 46.82, 43.43, 43.32, 42.20, 38.39, 37.48, 33.71, 32.97, 33.96, 30.49, 29.76, 30.06, 26.52, 23.30, 20.22, 16.59, 13.20, 9.68, 6.54, 3.82, 0.00, 3.79, 5.49, 5.92, 5.50, 5.11, 7.78, 10.52, 13.52, 17.07, 20.06, 23.22, 26.46, 27.45, 25.80, 23.96, 24.76, 21.54, 19.64, 19.91, 19.38, 15.98, 15.31, 16.20, 14.15, 10.87, 13.18, 13.80, 10.15, 10.81, 10.93, 11.78, 8.40, 10.50, 10.13, 8.93, 11.28, 12.97, 13.76, 17.23, 18.64, 21.33, 23.75, 21.19, 20.47, 17.13, 14.28, 10.79, 8.98, 6.15, 5.15, 6.69, 7.74
 60.08, 57.51, 56.62, 53.52, 53.21, 49.98, 46.61, 46.64, 45.63, 41.82, 41.04, 37.25, 36.47, 37.30, 33.75, 33.17, 33.37, 29.75, 26.61, 23.49, 19.89, 16.55, 13.03, 10.21, 7.02, 3.79, 0.00, 3.81, 5.30, 7.17, 7.77, 11.12, 13.99, 17.17, 20.65, 23.71, 26.76, 30.01, 30.86, 28.98, 27.01, 28.04, 24.95, 22.78, 23.06, 22.85, 19.43, 18.40, 19.45, 17.72, 14.25, 16.13, 16.90, 13.24, 13.13, 12.67, 12.60, 8.91, 10.73, 11.48, 10.48, 12.58, 14.98, 15.51, 19.11, 20.53, 23.50, 25.88, 23.43, 23.18, 19.81, 16.90, 13.27, 11.72, 8.19, 6.88, 6.15, 6.49
 60.31, 57.82, 57.19, 54.21, 54.06, 50.98, 47.49, 47.32, 46.45, 42.64, 41.68, 37.95, 37.54, 38.67, 35.23, 34.70, 35.24, 31.75, 28.40, 25.50, 21.79, 18.53, 14.90, 11.69, 8.94, 5.49, 3.81, 0.00, 3.82, 5.81, 8.23, 11.56, 15.02, 18.19, 21.91, 24.99, 28.24, 31.56, 32.75, 31.23, 29.42, 30.10, 26.84, 25.07, 25.12, 24.42, 21.19, 20.43, 20.87, 18.83, 15.62, 17.37, 17.32, 13.51, 13.71, 12.26, 12.73, 9.60, 12.40, 13.57, 13.31, 15.90, 18.14, 18.86, 22.40, 23.66, 26.38, 28.94, 26.51, 25.88, 22.45, 19.71, 16.11, 14.43, 11.29, 9.49, 9.07, 7.90
 57.19, 54.81, 54.19, 51.29, 51.31, 48.29, 44.79, 44.76, 44.12, 40.31, 39.57, 35.85, 35.52, 36.53, 33.05, 32.88, 33.66, 30.19, 26.72, 24.13, 20.34, 17.51, 13.70, 11.07, 7.99, 5.92, 5.30, 3.82, 0.00, 3.82, 6.01, 9.65, 13.22, 16.76, 20.39, 23.78, 26.83, 30.35, 31.81, 30.32, 28.92, 29.75, 26.30, 24.75, 25.32, 24.41, 21.02, 20.87, 21.57, 19.04, 16.20, 18.64, 18.55, 14.76, 15.77, 14.80, 15.82, 12.64, 15.28, 15.73, 14.72, 16.77, 18.40, 18.46, 21.69, 22.35, 24.75, 27.66, 25.61, 24.77, 21.13, 18.89, 15.20, 14.33, 11.53, 10.92, 11.26, 11.12
 54.62, 52.14, 51.59, 48.67, 48.60, 45.62, 42.06, 41.81, 41.08, 37.29, 36.34, 32.65, 32.48, 33.75, 30.40, 30.07, 31.04, 27.73, 24.15, 21.70, 17.91, 15.16, 11.47, 8.66, 6.62, 5.50, 7.17, 5.81, 3.82, 0.00, 3.81, 6.59, 10.38, 13.67, 17.41, 20.70, 23.90, 27.39, 29.08, 27.93, 26.71, 27.19, 23.63, 22.49, 22.93, 21.60, 18.39, 18.65, 18.98, 16.11, 13.71, 16.35, 15.81, 12.14, 13.92, 13.16, 15.02, 12.29, 15.24, 15.02, 14.16, 16.44, 17.51, 17.86, 20.91, 21.57, 23.62, 26.56, 24.41, 23.07, 19.51, 17.44, 14.02, 12.97, 10.99, 10.45, 11.99, 12.03
 52.45, 49.88, 49.12, 46.08, 45.88, 42.77, 39.30, 39.24, 38.41, 34.60, 33.85, 30.08, 29.61, 30.63, 27.16, 26.89, 27.69, 24.28, 20.76, 18.26, 14.46, 11.83, 8.05, 5.99, 3.77, 5.11, 7.77, 8.23, 6.01, 3.81, 0.00, 3.82, 7.22, 10.83, 14.40, 17.86, 20.83, 24.39, 25.96, 24.60, 23.49, 24.27, 20.69, 19.45, 20.34, 19.21, 15.76, 16.30, 17.19, 14.26, 11.98, 15.18, 15.25, 11.86, 13.90, 14.18, 15.97, 13.04, 15.31, 14.28, 12.57, 14.20, 14.68, 14.61, 17.42, 17.86, 19.82, 22.81, 20.79, 19.43, 15.81, 13.94, 10.53, 10.10, 8.64, 9.36, 11.59, 12.81
 49.54, 46.85, 46.09, 42.99, 42.67, 39.56, 36.07, 35.83, 34.89, 31.08, 30.19, 26.44, 26.04, 27.26, 23.91, 23.48, 24.48, 21.23, 17.60, 15.32, 11.56, 9.28, 5.93, 4.69, 5.24, 7.78, 11.12, 11.56, 9.65, 6.59, 3.82, 0.00, 3.82, 7.23, 10.87, 14.31, 17.37, 20.93, 22.76, 21.75, 20.95, 21.42, 17.71, 17.00, 17.97, 16.37, 13.11, 14.38, 15.05, 11.70, 10.31, 13.85, 13.64, 10.85, 13.67, 14.51, 16.89, 14.51, 16.67, 14.90, 13.22, 14.68, 14.28, 14.34, 16.67, 16.95, 18.37, 21.35, 19.34, 17.38, 13.94, 12.52, 9.82, 9.55, 9.59, 10.70, 13.75, 15.20
 47.17, 44.34, 43.39, 40.16, 39.63, 36.41, 33.00, 32.82, 31.69, 27.88, 27.05, 23.26, 22.58, 23.68, 20.30, 19.76, 20.66, 17.41, 13.78, 11.55, 7.82, 6.08, 3.76, 5.12, 7.17, 10.52, 13.99, 15.02, 13.22, 10.38, 7.22, 3.82, 0.00, 3.83, 7.20, 10.77, 13.65, 17.26, 19.08, 18.09, 17.57, 18.11, 14.36, 13.91, 15.33, 13.70, 10.45, 12.45, 13.48, 10.10, 9.61, 13.40, 13.60, 11.67, 14.66, 16.31, 18.68, 16.54, 18.12, 15.65, 13.58, 14.34, 12.96, 12.79, 14.43, 14.46, 15.40, 18.31, 16.40, 14.04, 10.79, 9.99, 8.21, 8.69, 10.15, 12.06, 15.50, 17.52
 45.59, 42.57, 41.58, 38.25, 37.44, 34.20, 30.82, 30.40, 28.97, 25.20, 24.10, 20.35, 19.59, 20.96, 17.81, 16.78, 17.71, 14.70, 11.08, 9.03, 5.79, 4.98, 5.33, 7.26, 10.33, 13.52, 17.17, 18.19, 16.76, 13.67, 10.83, 7.23, 3.83, 0.00, 3.83, 7.09, 10.27, 13.75, 15.75, 15.23, 14.97, 15.00, 11.19, 11.51, 12.84, 10.68, 7.99, 10.87, 11.54, 8.12, 9.09, 12.62, 12.69, 11.84, 15.05, 17.17, 19.75, 18.21, 19.54, 16.61, 14.82, 15.44, 13.38, 13.63, 14.64, 14.78, 15.13, 17.62, 15.63, 12.67, 10.19, 9.91, 9.56, 9.81, 12.30, 14.07, 17.78, 19.83
 43.10, 39.95, 38.77, 35.32, 34.29, 30.95, 27.69, 27.32, 25.66, 21.94, 20.93, 17.18, 16.06, 17.32, 14.22, 12.98, 13.91, 11.04, 7.42, 5.96, 3.97, 5.74, 7.96, 10.68, 13.69, 17.07, 20.65, 21.91, 20.39, 17.41, 14.40, 10.87, 7.20, 3.83, 0.00, 3.83, 6.50, 10.12, 12.33, 12.10, 12.56, 12.55, 8.83, 10.01, 11.95, 9.79, 7.90, 11.47, 12.38, 9.56, 11.44, 14.59, 14.93, 14.84, 17.89, 20.37, 22.85, 21.47, 22.42, 19.19, 17.23, 17.24, 14.49, 14.42, 14.45, 14.16, 13.63, 15.84, 14.24, 10.76, 9.16, 10.10, 11.05, 11.94, 14.99, 17.12, 20.83, 23.15
 42.68, 39.35, 38.10, 34.56, 33.17, 29.81, 26.70, 26.05, 23.96, 20.40, 19.04, 15.47, 14.13, 15.68, 13.09, 10.94, 11.63, 9.34, 6.43, 5.68, 6.04, 8.07, 11.06, 13.53, 16.87, 20.06, 23.71, 24.99, 23.78, 20.70, 17.86, 14.31, 10.77, 7.09, 3.83, 0.00, 3.82, 6.78, 9.16, 9.77, 10.62, 9.75, 6.33, 8.83, 10.42, 7.91, 7.59, 11.39, 11.85, 9.79, 12.60, 15.02, 15.34, 16.17, 19.06, 21.81, 24.31, 23.41, 24.10, 20.64, 19.02, 18.94, 15.91, 16.27, 15.84, 15.83, 14.92, 16.36, 14.71, 11.03, 10.73, 11.84, 13.64, 14.15, 17.57, 19.45, 23.21, 25.50
 40.31, 36.90, 35.40, 31.75, 30.15, 26.68, 23.77, 23.34, 21.06, 17.60, 16.59, 13.12, 11.10, 12.21, 9.69, 7.24, 7.85, 5.91, 3.67, 5.12, 7.45, 10.54, 13.79, 16.74, 19.82, 23.22, 26.76, 28.24, 26.83, 23.90, 20.83, 17.37, 13.65, 10.27, 6.50, 3.82, 0.00, 3.82, 6.66, 7.71, 9.87, 9.35, 6.92, 9.79, 12.04, 10.26, 10.39, 14.01, 14.89, 13.32, 16.04, 18.37, 18.97, 19.88, 22.63, 25.51, 27.86, 26.85, 27.30, 23.74, 21.84, 21.23, 17.85, 17.69, 16.45, 15.86, 14.10, 15.19, 14.27, 10.50, 11.15, 13.25, 15.62, 16.76, 20.28, 22.54, 26.20, 28.74
 40.34, 36.78, 35.15, 31.44, 29.43, 25.96, 23.37, 22.75, 19.98, 16.91, 15.67, 12.73, 10.29, 11.42, 9.90, 6.38, 6.11, 5.84, 6.10, 7.80, 10.80, 13.63, 17.13, 19.94, 23.16, 26.46, 30.01, 31.56, 30.35, 27.39, 24.39, 20.93, 17.26, 13.75, 10.12, 6.78, 3.82, 0.00, 3.83, 6.60, 9.37, 8.08, 7.23, 10.65, 12.43, 10.95, 12.22, 15.50, 16.13, 15.30, 18.34, 20.09, 20.75, 22.23, 24.75, 27.80, 30.06, 29.38, 29.57, 25.90, 24.21, 23.48, 19.98, 20.08, 18.50, 18.14, 16.17, 16.45, 15.64, 12.14, 13.75, 15.81, 18.61, 19.52, 23.20, 25.32, 28.96, 31.49
 42.97, 39.36, 37.49, 33.72, 31.45, 27.89, 25.66, 25.28, 22.29, 19.52, 18.52, 15.92, 13.04, 13.42, 12.03, 8.52, 6.33, 6.04, 7.75, 8.50, 11.95, 14.46, 18.22, 21.06, 24.22, 27.45, 30.86, 32.75, 31.81, 29.08, 25.96, 22.76, 19.08, 15.75, 12.33, 9.16, 6.66, 3.83, 0.00, 3.82, 6.71, 5.62, 6.54, 9.40, 11.18, 10.83, 12.41, 15.04, 16.07, 16.08, 18.88, 20.23, 21.46, 23.15, 25.19, 28.54, 30.40, 29.78, 29.48, 25.71, 23.99, 22.85, 19.23, 19.43, 17.48, 17.47, 15.62, 15.02, 14.09, 11.14, 13.65, 15.56, 18.84, 19.69, 23.48, 25.65, 29.11, 31.84
 44.92, 41.41, 39.37, 35.57, 33.43, 29.74, 27.55, 27.61, 24.84, 21.94, 21.40, 18.57, 15.49, 15.21, 13.14, 10.30, 7.56, 5.63, 7.38, 6.97, 10.49, 12.83, 16.62, 19.68, 22.52, 25.80, 28.98, 31.23, 30.32, 27.93, 24.60, 21.75, 18.09, 15.23, 12.10, 9.77, 7.71, 6.60, 3.82, 0.00, 3.81, 5.17, 5.99, 7.32, 9.99, 10.71, 11.42, 13.59, 15.48, 15.67, 17.84, 19.33, 21.16, 22.49, 24.22, 27.71, 29.21, 28.28, 27.67, 23.88, 21.81, 20.20, 16.45, 16.35, 14.06, 14.12, 12.42, 11.43, 10.40, 7.80, 10.84, 12.82, 16.38, 17.52, 21.27, 23.72, 26.97, 29.98
 48.56, 45.06, 43.09, 39.30, 37.21, 33.52, 31.27, 31.27, 28.51, 25.55, 24.81, 21.86, 19.01, 18.94, 16.68, 13.91, 11.36, 9.06, 9.84, 7.89, 10.51, 11.75, 15.46, 18.15, 20.97, 23.96, 27.01, 29.42, 28.92, 26.71, 23.49, 20.95, 17.57, 14.97, 12.56, 10.62, 9.87, 9.37, 6.71, 3.81, 0.00, 3.81, 5.06, 4.59, 7.02, 8.91, 9.49, 10.77, 12.99, 13.86, 15.63, 16.71, 19.00, 20.41, 21.66, 25.31, 26.46, 25.64, 24.68, 20.89, 18.95, 17.27, 13.63, 14.09, 12.13, 13.18, 12.51, 11.21, 9.04, 7.17, 10.15, 11.06, 14.72, 15.32, 19.05, 21.28, 24.35, 27.36
 48.31, 44.73, 42.95, 39.20, 37.02, 33.46, 31.12, 30.66, 27.72, 24.84, 23.57, 20.78, 18.26, 18.87, 17.07, 13.78, 11.68, 10.14, 10.68, 9.20, 11.65, 12.72, 16.44, 18.71, 21.96, 24.76, 28.04, 30.10, 29.75, 27.19, 24.27, 21.42, 18.11, 15.00, 12.55, 9.75, 9.35, 8.08, 5.62, 5.17, 3.81, 0.00, 3.82, 5.52, 6.11, 6.99, 9.05, 10.62, 11.73, 12.81, 15.31, 15.94, 17.70, 19.70, 21.11, 24.69, 26.15, 25.81, 25.10, 21.31, 19.95, 18.92, 15.54, 16.63, 15.26, 16.47, 15.82, 14.89, 12.66, 10.38, 12.76, 13.32, 16.63, 16.61, 20.40, 22.12, 25.40, 28.05
 47.07, 43.59, 42.00, 38.30, 36.44, 32.90, 30.24, 29.77, 27.15, 23.94, 22.66, 19.49, 17.31, 18.19, 15.88, 12.95, 11.69, 9.36, 8.51, 6.40, 8.20, 9.23, 12.94, 15.28, 18.61, 21.54, 24.95, 26.84, 26.30, 23.63, 20.69, 17.71, 14.36, 11.19, 8.83, 6.33, 6.92, 7.23, 6.54, 5.99, 5.06, 3.82, 0.00, 3.82, 5.31, 4.82, 5.96, 8.56, 9.76, 9.87, 12.45, 13.77, 15.28, 16.86, 18.71, 22.14, 23.88, 23.29, 23.00, 19.24, 17.71, 16.99, 13.63, 14.62, 13.70, 14.73, 14.26, 14.25, 11.86, 8.91, 10.30, 10.79, 13.74, 13.78, 17.58, 19.39, 22.87, 25.47
 49.88, 46.47, 44.77, 41.06, 39.28, 35.65, 33.04, 32.85, 30.35, 27.08, 26.08, 22.79, 20.47, 20.93, 18.27, 15.73, 14.09, 11.19, 10.31, 7.12, 8.07, 8.03, 11.57, 13.86, 16.83, 19.64, 22.78, 25.07, 24.75, 22.49, 19.45, 17.00, 13.91, 11.51, 10.01, 8.83, 9.79, 10.65, 9.40, 7.32, 4.59, 5.52, 3.82, 0.00, 3.82, 5.66, 5.13, 6.36, 8.89, 9.56, 11.06, 12.33, 14.69, 15.88, 17.16, 20.78, 22.01, 21.15, 20.41, 16.62, 14.80, 13.62, 10.16, 11.31, 10.52, 12.24, 12.59, 12.33, 9.26, 7.14, 8.45, 8.05, 11.26, 11.19, 14.97, 16.93, 20.16, 23.01
 52.31, 48.85, 47.29, 43.60, 41.74, 38.21, 35.55, 35.03, 32.39, 29.20, 27.76, 24.61, 22.58, 23.49, 21.12, 18.25, 16.74, 14.29, 13.40, 10.45, 10.91, 10.01, 13.06, 14.42, 17.64, 19.91, 23.06, 25.12, 25.32, 22.93, 20.34, 17.97, 15.33, 12.84, 11.95, 10.42, 12.04, 12.43, 11.18, 9.99, 7.02, 6.11, 5.31, 3.82, 0.00, 3.82, 4.99, 4.82, 6.24, 8.22, 10.00, 10.13, 12.46, 14.39, 15.30, 19.00, 20.17, 19.94, 19.11, 15.35, 14.38, 13.88, 11.06, 13.27, 13.24, 15.53, 16.28, 15.90, 12.60, 10.90, 11.87, 10.63, 13.21, 12.02, 15.59, 16.72, 19.89, 22.34
 50.12, 46.67, 45.36, 41.75, 40.03, 36.62, 33.76, 32.95, 30.41, 27.15, 25.40, 22.21, 20.65, 22.10, 19.85, 16.96, 16.20, 13.97, 12.45, 9.94, 10.04, 9.34, 12.28, 13.46, 17.07, 19.38, 22.85, 24.42, 24.41, 21.60, 19.21, 16.37, 13.70, 10.68, 9.79, 7.91, 10.26, 10.95, 10.83, 10.71, 8.91, 6.99, 4.82, 5.66, 3.82, 0.00, 3.81, 5.69, 5.31, 6.04, 9.06, 9.60, 10.82, 12.96, 14.67, 18.06, 19.92, 19.85, 19.73, 16.09, 15.38, 15.60, 12.98, 15.04, 15.30, 17.09, 17.50, 17.78, 14.78, 12.28, 12.64, 11.72, 13.78, 12.52, 16.04, 16.96, 20.47, 22.56
 50.20, 46.88, 45.56, 41.97, 40.50, 37.04, 34.06, 33.55, 31.31, 27.84, 26.44, 22.97, 21.39, 22.56, 19.79, 17.46, 16.86, 13.95, 11.78, 8.56, 7.45, 5.79, 8.58, 9.96, 13.45, 15.98, 19.43, 21.19, 21.02, 18.39, 15.76, 13.11, 10.45, 7.99, 7.90, 7.59, 10.39, 12.22, 12.41, 11.42, 9.49, 9.05, 5.96, 5.13, 4.99, 3.81, 0.00, 3.81, 5.21, 4.53, 6.51, 8.32, 10.04, 11.09, 12.95, 16.33, 18.10, 17.39, 17.38, 13.71, 12.42, 12.55, 9.90, 11.75, 12.45, 14.25, 15.11, 15.93, 12.81, 10.42, 9.82, 8.38, 10.04, 8.85, 12.45, 13.75, 17.34, 19.69
 53.97, 50.65, 49.27, 45.67, 44.15, 40.64, 37.73, 37.27, 34.96, 31.53, 30.13, 26.71, 25.03, 26.05, 23.27, 20.89, 19.90, 16.93, 15.12, 11.63, 10.43, 7.92, 9.83, 10.32, 13.41, 15.31, 18.40, 20.43, 20.87, 18.65, 16.30, 14.38, 12.45, 10.87, 11.47, 11.39, 14.01, 15.50, 15.04, 13.59, 10.77, 10.62, 8.56, 6.36, 4.82, 5.69, 3.81, 0.00, 3.81, 5.35, 5.57, 6.09, 9.02, 10.17, 10.91, 14.62, 15.73, 15.21, 14.57, 10.80, 9.87, 10.09, 7.99, 10.87, 12.19, 14.85, 16.48, 16.87, 13.29, 11.91, 11.38, 8.85, 10.19, 7.98, 11.24, 11.99, 15.23, 17.57
 54.37, 51.02, 49.87, 46.33, 44.80, 41.43, 38.43, 37.59, 35.23, 31.86, 30.04, 26.74, 25.48, 27.01, 24.53, 21.92, 21.29, 18.72, 16.78, 13.72, 12.52, 10.16, 11.69, 11.38, 14.78, 16.20, 19.45, 20.87, 21.57, 18.98, 17.19, 15.05, 13.48, 11.54, 12.38, 11.85, 14.89, 16.13, 16.07, 15.48, 12.99, 11.73, 9.76, 8.89, 6.24, 5.31, 5.21, 3.81, 0.00, 3.81, 5.38, 4.43, 6.25, 8.63, 9.62, 13.14, 14.76, 15.06, 14.92, 11.47, 11.67, 12.89, 11.46, 14.46, 15.94, 18.44, 19.84, 20.35, 16.88, 15.12, 14.57, 12.29, 13.18, 10.57, 13.37, 13.23, 16.51, 18.14
 51.81, 48.57, 47.56, 44.11, 42.83, 39.54, 36.35, 35.52, 33.44, 29.92, 28.16, 24.72, 23.76, 25.44, 22.79, 20.55, 20.51, 17.80, 15.22, 12.34, 10.42, 7.96, 9.03, 8.68, 12.38, 14.15, 17.72, 18.83, 19.04, 16.11, 14.26, 11.70, 10.10, 8.12, 9.56, 9.79, 13.32, 15.30, 16.08, 15.67, 13.86, 12.81, 9.87, 9.56, 8.22, 6.04, 4.53, 5.35, 3.81, 0.00, 3.82, 5.41, 5.82, 7.11, 9.50, 12.54, 14.86, 14.64, 15.32, 12.05, 11.78, 13.26, 11.77, 14.16, 15.78, 17.70, 18.90, 20.10, 16.94, 14.68, 13.41, 11.41, 11.71, 9.42, 12.16, 12.30, 15.96, 17.53
 54.29, 51.15, 50.11, 46.67, 45.54, 42.20, 38.99, 38.38, 36.46, 32.85, 31.32, 27.76, 26.71, 28.12, 25.18, 23.25, 23.07, 19.99, 17.31, 14.02, 11.47, 8.05, 7.79, 6.33, 9.58, 10.87, 14.25, 15.62, 16.20, 13.71, 11.98, 10.31, 9.61, 9.09, 11.44, 12.60, 16.04, 18.34, 18.88, 17.84, 15.63, 15.31, 12.45, 11.06, 10.00, 9.06, 6.51, 5.57, 5.38, 3.82, 0.00, 3.82, 5.46, 4.96, 6.75, 9.97, 11.85, 11.11, 11.73, 8.50, 8.19, 10.21, 9.60, 12.26, 14.67, 16.93, 18.84, 20.19, 16.86, 15.25, 13.40, 10.56, 9.88, 6.76, 8.82, 8.52, 12.14, 13.79
 57.20, 53.97, 52.94, 49.47, 48.17, 44.83, 41.69, 40.90, 38.77, 35.28, 33.50, 30.09, 29.03, 30.57, 27.85, 25.56, 25.11, 22.27, 19.96, 16.68, 14.65, 11.44, 11.55, 9.88, 12.70, 13.18, 16.13, 17.37, 18.64, 16.35, 15.18, 13.85, 13.40, 12.62, 14.59, 15.02, 18.37, 20.09, 20.23, 19.33, 16.71, 15.94, 13.77, 12.33, 10.13, 9.60, 8.32, 6.09, 4.43, 5.41, 3.82, 0.00, 3.82, 5.24, 5.25, 8.92, 10.35, 10.75, 10.83, 7.73, 8.88, 11.23, 11.15, 14.46, 16.87, 19.60, 21.63, 22.48, 18.91, 17.60, 16.30, 13.30, 13.01, 9.57, 11.21, 9.97, 12.97, 14.08
 56.46, 53.28, 52.51, 49.15, 47.98, 44.81, 41.53, 40.45, 38.43, 34.96, 32.91, 29.58, 29.00, 30.95, 28.41, 26.15, 26.19, 23.60, 21.01, 18.13, 15.96, 13.00, 12.77, 10.65, 13.61, 13.80, 16.90, 17.32, 18.55, 15.81, 15.25, 13.64, 13.60, 12.69, 14.93, 15.34, 18.97, 20.75, 21.46, 21.16, 19.00, 17.70, 15.28, 14.69, 12.46, 10.82, 10.04, 9.02, 6.25, 5.82, 5.46, 3.82, 0.00, 3.83, 5.33, 7.81, 10.41, 11.41, 12.57, 10.23, 11.77, 14.54, 14.52, 17.54, 19.93, 22.30, 24.04, 25.21, 21.82, 20.04, 18.55, 15.91, 15.32, 12.06, 13.40, 11.78, 14.80, 15.16
 56.56, 53.52, 52.78, 49.49, 48.56, 45.39, 42.01, 41.14, 39.40, 35.79, 34.00, 30.50, 29.97, 31.75, 28.92, 27.08, 27.30, 24.39, 21.46, 18.46, 15.65, 12.30, 10.97, 8.01, 10.40, 10.15, 13.24, 13.51, 14.76, 12.14, 11.86, 10.85, 11.67, 11.84, 14.84, 16.17, 19.88, 22.23, 23.15, 22.49, 20.41, 19.70, 16.86, 15.88, 14.39, 12.96, 11.09, 10.17, 8.63, 7.11, 4.96, 5.24, 3.83, 0.00, 3.81, 5.65, 8.59, 8.63, 10.55, 8.65, 9.92, 13.10, 13.64, 16.31, 19.16, 21.34, 23.37, 24.97, 21.70, 20.10, 17.96, 15.11, 13.64, 10.34, 10.80, 8.85, 11.87, 12.08
 60.16, 57.09, 56.25, 52.91, 51.88, 48.63, 45.33, 44.53, 42.67, 39.09, 37.32, 33.83, 33.08, 34.71, 31.83, 29.86, 29.71, 26.71, 24.05, 20.77, 18.12, 14.54, 13.25, 10.24, 11.88, 10.81, 13.13, 13.71, 15.77, 13.92, 13.90, 13.67, 14.66, 15.05, 17.89, 19.06, 22.63, 24.75, 25.19, 24.22, 21.66, 21.11, 18.71, 17.16, 15.30, 14.67, 12.95, 10.91, 9.62, 9.50, 6.75, 5.25, 5.33, 3.81, 0.00, 3.82, 5.38, 6.21, 7.46, 6.04, 8.60, 12.13, 13.50, 16.61, 19.72, 22.39, 24.84, 26.09, 22.60, 21.56, 19.61, 16.32, 14.84, 11.13, 10.99, 8.17, 10.32, 10.13
 61.75, 58.79, 58.16, 54.92, 54.09, 50.95, 47.53, 46.64, 44.97, 41.36, 39.51, 36.04, 35.60, 37.39, 34.51, 32.72, 32.85, 29.87, 26.98, 23.85, 20.94, 17.38, 15.51, 12.01, 12.94, 10.93, 12.67, 12.26, 14.80, 13.16, 14.18, 14.51, 16.31, 17.17, 20.37, 21.81, 25.51, 27.80, 28.54, 27.71, 25.31, 24.69, 22.14, 20.78, 19.00, 18.06, 16.33, 14.62, 13.14, 12.54, 9.97, 8.92, 7.81, 5.65, 3.82, 0.00, 3.83, 5.45, 8.12, 8.42, 11.15, 14.92, 16.71, 19.56, 22.86, 25.35, 27.84, 29.36, 25.98, 24.89, 22.65, 19.41, 17.45, 13.89, 12.97, 9.63, 10.97, 9.45
 64.91, 61.93, 61.16, 57.86, 56.96, 53.72, 50.38, 49.64, 47.89, 44.26, 42.54, 39.02, 38.33, 39.89, 36.91, 35.08, 34.88, 31.76, 29.07, 25.69, 22.86, 19.13, 17.28, 13.89, 14.22, 11.78, 12.60, 12.73, 15.82, 15.02, 15.97, 16.89, 18.68, 19.75, 22.85, 24.31, 27.86, 30.06, 30.40, 29.21, 26.46, 26.15, 23.88, 22.01, 20.17, 19.92, 18.10, 15.73, 14.76, 14.86, 11.85, 10.35, 10.41, 8.59, 5.38, 3.83, 0.00, 3.82, 5.39, 7.08, 10.43, 14.14, 16.61, 19.59, 23.06, 25.87, 28.73, 29.99, 26.50, 25.95, 23.80, 20.27, 18.27, 14.61, 13.17, 9.47, 9.58, 7.61
 63.46, 60.56, 59.70, 56.42, 55.64, 52.36, 49.02, 48.54, 46.95, 43.25, 41.81, 38.17, 37.36, 38.67, 35.48, 33.96, 33.78, 30.44, 27.64, 24.20, 21.12, 17.32, 14.99, 11.57, 11.13, 8.40, 8.91, 9.60, 12.64, 12.29, 13.04, 14.51, 16.54, 18.21, 21.47, 23.41, 26.85, 29.38, 29.78, 28.28, 25.64, 25.81, 23.29, 21.15, 19.94, 19.85, 17.39, 15.21, 15.06, 14.64, 11.11, 10.75, 11.41, 8.63, 6.21, 5.45, 3.82, 0.00, 3.82, 5.74, 8.10, 11.78, 14.53, 17.05, 20.70, 23.30, 26.31, 27.81, 24.51, 24.13, 21.65, 18.09, 15.62, 12.22, 10.07, 6.25, 5.99, 4.17
 65.08, 62.10, 61.03, 57.64, 56.68, 53.27, 50.07, 49.72, 47.95, 44.28, 42.94, 39.31, 38.16, 39.23, 36.01, 34.34, 33.74, 30.36, 27.91, 24.26, 21.50, 17.70, 15.86, 13.00, 12.66, 10.50, 10.73, 12.40, 15.28, 15.24, 15.31, 16.67, 18.12, 19.54, 22.42, 24.10, 27.30, 29.57, 29.48, 27.67, 24.68, 25.10, 23.00, 20.41, 19.11, 19.73, 17.38, 14.57, 14.92, 15.32, 11.73, 10.83, 12.57, 10.55, 7.46, 8.12, 5.39, 3.82, 0.00, 3.80, 6.62, 9.87, 13.04, 15.84, 19.43, 22.43, 25.66, 26.71, 23.28, 23.40, 21.28, 17.53, 15.47, 12.02, 10.06, 6.64, 5.58, 5.16
 62.13, 59.07, 57.91, 54.45, 53.36, 49.91, 46.78, 46.44, 44.55, 40.93, 39.61, 36.00, 34.69, 35.71, 32.55, 30.76, 30.04, 26.70, 24.37, 20.69, 18.13, 14.38, 13.05, 10.66, 11.16, 10.13, 11.48, 13.57, 15.73, 15.02, 14.28, 14.90, 15.65, 16.61, 19.19, 20.64, 23.74, 25.90, 25.71, 23.88, 20.89, 21.31, 19.24, 16.62, 15.35, 16.09, 13.71, 10.80, 11.47, 12.05, 8.50, 7.73, 10.23, 8.65, 6.04, 8.42, 7.08, 5.74, 3.80, 0.00, 3.80, 7.22, 9.79, 12.95, 16.36, 19.46, 22.52, 23.44, 19.91, 19.87, 17.96, 14.21, 12.60, 8.96, 8.01, 5.33, 6.34, 7.69
 59.91, 56.89, 55.58, 52.12, 51.07, 47.56, 44.49, 44.42, 42.62, 38.96, 37.95, 34.27, 32.76, 33.46, 30.14, 28.60, 27.81, 24.29, 21.97, 18.24, 15.60, 11.92, 10.51, 8.83, 8.99, 8.93, 10.48, 13.31, 14.72, 14.16, 12.57, 13.22, 13.58, 14.82, 17.23, 19.02, 21.84, 24.21, 23.99, 21.81, 18.95, 19.95, 17.71, 14.80, 14.38, 15.38, 12.42, 9.87, 11.67, 11.78, 8.19, 8.88, 11.77, 9.92, 8.60, 11.15, 10.43, 8.10, 6.62, 3.80, 0.00, 3.81, 6.55, 9.32, 12.88, 15.86, 19.06, 20.12, 16.74, 16.91, 14.78, 10.99, 9.16, 5.84, 4.80, 3.90, 5.70, 8.69
 59.34, 56.31, 54.77, 51.24, 50.09, 46.48, 43.59, 43.79, 41.94, 38.34, 37.63, 33.96, 32.09, 32.37, 28.97, 27.55, 26.38, 22.77, 20.83, 17.05, 14.81, 11.55, 10.79, 10.40, 10.43, 11.28, 12.58, 15.90, 16.77, 16.44, 14.20, 14.68, 14.34, 15.44, 17.24, 18.94, 21.23, 23.48, 22.85, 20.20, 17.27, 18.92, 16.99, 13.62, 13.88, 15.60, 12.55, 10.09, 12.89, 13.26, 10.21, 11.23, 14.54, 13.10, 12.13, 14.92, 14.14, 11.78, 9.87, 7.22, 3.81, 0.00, 3.82, 6.26, 9.72, 12.95, 16.39, 17.11, 13.79, 14.64, 12.78, 9.04, 7.83, 5.72, 5.58, 6.91, 8.13, 11.68
 56.26, 53.15, 51.51, 47.93, 46.65, 43.01, 40.21, 40.45, 38.51, 34.97, 34.34, 30.71, 28.65, 28.80, 25.45, 23.95, 22.65, 19.05, 17.30, 13.51, 11.68, 8.86, 9.21, 10.09, 11.03, 12.97, 14.98, 18.14, 18.40, 17.51, 14.68, 14.28, 12.96, 13.38, 14.49, 15.91, 17.85, 19.98, 19.23, 16.45, 13.63, 15.54, 13.63, 10.16, 11.06, 12.98, 9.90, 7.99, 11.46, 11.77, 9.60, 11.15, 14.52, 13.64, 13.50, 16.71, 16.61, 14.53, 13.04, 9.79, 6.55, 3.82, 0.00, 3.81, 6.64, 10.02, 13.15, 13.72, 10.25, 10.88, 9.34, 5.67, 5.88, 4.80, 6.93, 9.28, 11.43, 14.94
 54.56, 51.56, 49.80, 46.25, 45.10, 41.43, 38.71, 39.28, 37.54, 34.00, 33.77, 30.13, 27.92, 27.66, 24.13, 23.13, 21.85, 18.10, 16.39, 12.85, 11.04, 8.98, 9.19, 10.99, 11.26, 13.76, 15.51, 18.86, 18.46, 17.86, 14.61, 14.34, 12.79, 13.63, 14.42, 16.27, 17.69, 20.08, 19.43, 16.35, 14.09, 16.63, 14.62, 11.31, 13.27, 15.04, 11.75, 10.87, 14.46, 14.16, 12.26, 14.46, 17.54, 16.31, 16.61, 19.56, 19.59, 17.05, 15.84, 12.95, 9.32, 6.26, 3.81, 0.00, 3.79, 6.69, 10.20, 11.20, 8.32, 9.45, 7.44, 4.49, 4.64, 6.15, 7.83, 11.15, 13.05, 16.79
 52.75, 49.71, 47.72, 44.12, 42.82, 39.08, 36.58, 37.36, 35.54, 32.13, 32.17, 28.65, 26.10, 25.42, 21.96, 21.04, 19.37, 15.70, 14.61, 11.39, 10.61, 9.83, 11.13, 13.74, 14.38, 17.23, 19.11, 22.40, 21.69, 20.91, 17.42, 16.67, 14.43, 14.64, 14.45, 15.84, 16.45, 18.50, 17.48, 14.06, 12.13, 15.26, 13.70, 10.52, 13.24, 15.30, 12.45, 12.19, 15.94, 15.78, 14.67, 16.87, 19.93, 19.16, 19.72, 22.86, 23.06, 20.70, 19.43, 16.36, 12.88, 9.72, 6.64, 3.79, 0.00, 3.82, 7.11, 7.48, 4.75, 6.76, 5.85, 4.84, 6.98, 9.27, 11.48, 14.85, 16.84, 20.58
 49.88, 46.94, 44.88, 41.33, 40.18, 36.46, 34.01, 35.08, 33.50, 30.11, 30.55, 27.06, 24.45, 23.42, 19.84, 19.51, 18.08, 14.41, 13.34, 10.80, 10.25, 10.57, 11.82, 14.98, 15.41, 18.64, 20.53, 23.66, 22.35, 21.57, 17.86, 16.95, 14.46, 14.78, 14.16, 15.83, 15.86, 18.14, 17.47, 14.12, 13.18, 16.47, 14.73, 12.24, 15.53, 17.09, 14.25, 14.85, 18.44, 17.70, 16.93, 19.60, 22.30, 21.34, 22.39, 25.35, 25.87, 23.30, 22.43, 19.46, 15.86, 12.95, 10.02, 6.69, 3.82, 0.00, 3.83, 5.57, 4.93, 6.38, 5.14, 6.40, 8.20, 11.46, 13.52, 17.20, 19.28, 22.98
 46.53, 43.56, 41.39, 37.81, 36.59, 32.85, 30.53, 31.76, 30.20, 26.93, 27.63, 24.28, 21.49, 20.10, 16.58, 16.56, 15.12, 11.64, 11.03, 9.43, 9.90, 11.56, 13.41, 16.99, 17.82, 21.33, 23.50, 26.38, 24.75, 23.62, 19.82, 18.37, 15.40, 15.13, 13.63, 14.92, 14.10, 16.17, 15.62, 12.42, 12.51, 15.82, 14.26, 12.59, 16.28, 17.50, 15.11, 16.48, 19.84, 18.90, 18.84, 21.63, 24.04, 23.37, 24.84, 27.84, 28.73, 26.31, 25.66, 22.52, 19.06, 16.39, 13.15, 10.20, 7.11, 3.83, 0.00, 3.83, 5.37, 5.57, 5.53, 8.55, 10.83, 14.16, 16.60, 20.25, 22.64, 26.25
 48.23, 45.16, 42.79, 39.13, 37.59, 33.78, 31.75, 33.00, 31.12, 28.07, 28.75, 25.61, 22.48, 20.87, 17.71, 17.21, 14.97, 11.84, 12.31, 10.73, 12.08, 13.61, 15.94, 19.36, 20.42, 23.75, 25.88, 28.94, 27.66, 26.56, 22.81, 21.35, 18.31, 17.62, 15.84, 16.36, 15.19, 16.45, 15.02, 11.43, 11.21, 14.89, 14.25, 12.33, 15.90, 17.78, 15.93, 16.87, 20.35, 20.10, 20.19, 22.48, 25.21, 24.97, 26.09, 29.36, 29.99, 27.81, 26.71, 23.44, 20.12, 17.11, 13.72, 11.20, 7.48, 5.57, 3.83, 0.00, 3.82, 5.68, 7.62, 10.06, 13.00, 15.83, 18.47, 21.95, 24.20, 27.89
 50.19, 47.03, 44.84, 41.15, 39.57, 35.78, 33.53, 34.39, 32.34, 29.14, 29.34, 26.05, 23.11, 22.08, 18.88, 17.78, 15.58, 12.17, 12.09, 9.50, 10.39, 11.11, 13.59, 16.72, 18.04, 21.19, 23.43, 26.51, 25.61, 24.41, 20.79, 19.34, 16.40, 15.63, 14.24, 14.71, 14.27, 15.64, 14.09, 10.40, 9.04, 12.66, 11.86, 9.26, 12.60, 14.78, 12.81, 13.29, 16.88, 16.94, 16.86, 18.91, 21.82, 21.70, 22.60, 25.98, 26.50, 24.51, 23.28, 19.91, 16.74, 13.79, 10.25, 8.32, 4.75, 4.93, 5.37, 3.82, 0.00, 3.81, 5.82, 7.15, 10.49, 12.76, 15.62, 18.87, 21.20, 24.84
 47.27, 44.06, 42.03, 38.34, 36.78, 33.02, 30.58, 31.21, 29.14, 25.83, 25.83, 22.46, 19.67, 18.98, 15.72, 14.45, 12.63, 8.99, 8.41, 5.69, 7.09, 8.68, 11.75, 15.17, 17.06, 20.47, 23.18, 25.88, 24.77, 23.07, 19.43, 17.38, 14.04, 12.67, 10.76, 11.03, 10.50, 12.14, 11.14, 7.80, 7.17, 10.38, 8.91, 7.14, 10.90, 12.28, 10.42, 11.91, 15.12, 14.68, 15.25, 17.60, 20.04, 20.10, 21.56, 24.89, 25.95, 24.13, 23.40, 19.87, 16.91, 14.64, 10.88, 9.45, 6.76, 6.38, 5.57, 5.68, 3.81, 0.00, 3.82, 6.36, 9.93, 12.15, 15.46, 18.62, 21.48, 24.90
 47.39, 44.31, 42.50, 38.91, 37.69, 34.02, 31.31, 31.90, 30.17, 26.65, 26.61, 23.01, 20.66, 20.26, 16.70, 15.89, 14.89, 11.07, 9.18, 6.07, 5.19, 6.11, 8.46, 12.04, 13.58, 17.13, 19.81, 22.45, 21.13, 19.51, 15.81, 13.94, 10.79, 10.19, 9.16, 10.73, 11.15, 13.75, 13.65, 10.84, 10.15, 12.76, 10.30, 8.45, 11.87, 12.64, 9.82, 11.38, 14.57, 13.41, 13.40, 16.30, 18.55, 17.96, 19.61, 22.65, 23.80, 21.65, 21.28, 17.96, 14.78, 12.78, 9.34, 7.44, 5.85, 5.14, 5.53, 7.62, 5.82, 3.82, 0.00, 3.82, 6.64, 9.45, 12.49, 15.87, 18.77, 22.15
 50.69, 47.61, 45.93, 42.36, 41.16, 37.52, 34.71, 35.10, 33.30, 29.73, 29.37, 25.72, 23.59, 23.56, 20.07, 18.93, 17.92, 14.16, 12.12, 8.50, 6.62, 5.03, 6.68, 9.58, 11.08, 14.28, 16.90, 19.71, 18.89, 17.44, 13.94, 12.52, 9.99, 9.91, 10.10, 11.84, 13.25, 15.81, 15.56, 12.82, 11.06, 13.32, 10.79, 8.05, 10.63, 11.72, 8.38, 8.85, 12.29, 11.41, 10.56, 13.30, 15.91, 15.11, 16.32, 19.41, 20.27, 18.09, 17.53, 14.21, 10.99, 9.04, 5.67, 4.49, 4.84, 6.40, 8.55, 10.06, 7.15, 6.36, 3.82, 0.00, 3.81, 5.93, 9.11, 12.35, 15.20, 18.61
 51.82, 48.89, 47.39, 43.94, 43.03, 39.48, 36.50, 36.86, 35.35, 31.66, 31.28, 27.52, 25.77, 25.92, 22.31, 21.51, 20.98, 17.20, 14.64, 11.23, 8.30, 5.67, 4.73, 6.98, 7.56, 10.79, 13.27, 16.11, 15.20, 14.02, 10.53, 9.82, 8.21, 9.56, 11.05, 13.64, 15.62, 18.61, 18.84, 16.38, 14.72, 16.63, 13.74, 11.26, 13.21, 13.78, 10.04, 10.19, 13.18, 11.71, 9.88, 13.01, 15.32, 13.64, 14.84, 17.45, 18.27, 15.62, 15.47, 12.60, 9.16, 7.83, 5.88, 4.64, 6.98, 8.20, 10.83, 13.00, 10.49, 9.93, 6.64, 3.81, 0.00, 3.81, 5.96, 9.54, 12.31, 15.68
 54.20, 51.20, 49.84, 46.38, 45.39, 41.89, 38.82, 38.87, 37.20, 33.51, 32.72, 28.99, 27.43, 28.00, 24.56, 23.31, 22.77, 19.14, 16.55, 12.93, 10.00, 6.40, 5.11, 5.31, 6.57, 8.98, 11.72, 14.43, 14.33, 12.97, 10.10, 9.55, 8.69, 9.81, 11.94, 14.15, 16.76, 19.52, 19.69, 17.52, 15.32, 16.61, 13.78, 11.19, 12.02, 12.52, 8.85, 7.98, 10.57, 9.42, 6.76, 9.57, 12.06, 10.34, 11.13, 13.89, 14.61, 12.22, 12.02, 8.96, 5.84, 5.72, 4.80, 6.15, 9.27, 11.46, 14.16, 15.83, 12.76, 12.15, 9.45, 5.93, 3.81, 0.00, 3.82, 6.50, 9.72, 12.86
 56.59, 53.72, 52.45, 49.08, 48.29, 44.83, 41.70, 41.82, 40.34, 36.60, 35.88, 32.10, 30.72, 31.27, 27.74, 26.75, 26.35, 22.67, 19.96, 16.46, 13.28, 9.75, 7.26, 5.92, 4.89, 6.15, 8.19, 11.29, 11.53, 10.99, 8.64, 9.59, 10.15, 12.30, 14.99, 17.57, 20.28, 23.20, 23.48, 21.27, 19.05, 20.40, 17.58, 14.97, 15.59, 16.04, 12.45, 11.24, 13.37, 12.16, 8.82, 11.21, 13.40, 10.80, 10.99, 12.97, 13.17, 10.07, 10.06, 8.01, 4.80, 5.58, 6.93, 7.83, 11.48, 13.52, 16.60, 18.47, 15.62, 15.46, 12.49, 9.11, 5.96, 3.82, 0.00, 3.82, 6.42, 9.73
 59.15, 56.26, 55.16, 51.82, 51.03, 47.64, 44.41, 44.29, 42.76, 39.02, 38.00, 34.26, 33.10, 33.98, 30.57, 29.35, 29.04, 25.48, 22.71, 19.20, 16.02, 12.27, 9.76, 7.04, 6.19, 5.15, 6.88, 9.49, 10.92, 10.45, 9.36, 10.70, 12.06, 14.07, 17.12, 19.45, 22.54, 25.32, 25.65, 23.72, 21.28, 22.12, 19.39, 16.93, 16.72, 16.96, 13.75, 11.99, 13.23, 12.30, 8.52, 9.97, 11.78, 8.85, 8.17, 9.63, 9.47, 6.25, 6.64, 5.33, 3.90, 6.91, 9.28, 11.15, 14.85, 17.20, 20.25, 21.95, 18.87, 18.62, 15.87, 12.35, 9.54, 6.50, 3.82, 0.00, 3.83, 6.39
 62.52, 59.70, 58.57, 55.25, 54.52, 51.11, 47.91, 47.89, 46.42, 42.67, 41.74, 37.98, 36.77, 37.52, 34.05, 32.91, 32.47, 28.85, 26.19, 22.63, 19.51, 15.82, 13.24, 10.65, 8.88, 6.69, 6.15, 9.07, 11.26, 11.99, 11.59, 13.75, 15.50, 17.78, 20.83, 23.21, 26.20, 28.96, 29.11, 26.97, 24.35, 25.40, 22.87, 20.16, 19.89, 20.47, 17.34, 15.23, 16.51, 15.96, 12.14, 12.97, 14.80, 11.87, 10.32, 10.97, 9.58, 5.99, 5.58, 6.34, 5.70, 8.13, 11.43, 13.05, 16.84, 19.28, 22.64, 24.20, 21.20, 21.48, 18.77, 15.20, 12.31, 9.72, 6.42, 3.83, 0.00, 3.83
 64.62, 61.84, 60.90, 57.65, 57.02, 53.69, 50.38, 50.18, 48.76, 45.00, 43.87, 40.14, 39.20, 40.22, 36.82, 35.63, 35.40, 31.86, 29.05, 25.57, 22.34, 18.59, 15.83, 12.65, 10.95, 7.74, 6.49, 7.90, 11.12, 12.03, 12.81, 15.20, 17.52, 19.83, 23.15, 25.50, 28.74, 31.49, 31.84, 29.98, 27.36, 28.05, 25.47, 23.01, 22.34, 22.56, 19.69, 17.57, 18.14, 17.53, 13.79, 14.08, 15.16, 12.08, 10.13, 9.45, 7.61, 4.17, 5.16, 7.69, 8.69, 11.68, 14.94, 16.79, 20.58, 22.98, 26.25, 27.89, 24.84, 24.90, 22.15, 18.61, 15.68, 12.86, 9.73, 6.39, 3.83, 0.00
