 0.00, 3.83, 6.71, 8.28, 6.21, 6.35, 9.92, 10.72, 10.03, 12.32, 14.76, 14.93, 15.90, 18.26, 20.18, 20.39, 21.90, 24.33, 25.73, 25.62, 28.80, 28.36, 26.95, 24.62, 22.78, 22.50, 21.57, 18.83, 17.37, 17.62, 16.07, 12.84, 12.96, 13.58, 10.60, 8.24, 10.71, 10.60, 6.89, 7.81, 11.02, 10.17, 9.47, 12.58, 13.40, 15.49, 18.63, 18.57, 17.87, 21.56, 21.94, 21.80, 18.87, 21.54, 23.28, 24.38, 22.10, 18.90, 20.29, 20.95, 17.44, 16.21, 19.24, 18.26, 15.44, 18.22, 20.48, 18.09, 17.54, 21.35, 22.01, 19.79, 21.67, 24.94, 24.28, 23.17, 26.48, 28.49, 26.90, 27.63, 31.19, 31.71, 31.69, 29.50, 30.85, 30.68, 26.98, 26.36, 28.44, 26.67, 23.25, 24.73, 24.76, 20.97, 21.92, 24.10, 21.32, 19.03, 22.13, 23.09, 19.78, 19.21, 22.87, 22.16, 18.87, 17.78
 3.83, 0.00, 3.80, 5.63, 5.45, 6.28, 8.77, 10.22, 10.80, 12.57, 14.54, 15.51, 16.95, 18.68, 20.60, 21.50, 22.94, 24.92, 26.61, 27.00, 30.40, 30.27, 28.99, 27.00, 24.86, 24.24, 23.69, 21.22, 19.22, 19.24, 18.30, 15.10, 14.31, 15.09, 12.78, 9.73, 11.16, 11.57, 8.05, 7.12, 10.31, 9.44, 7.35, 9.70, 10.03, 11.76, 15.04, 15.25, 14.49, 18.25, 18.94, 19.27, 16.73, 19.70, 21.01, 22.20, 19.59, 16.62, 18.60, 19.09, 15.40, 14.92, 18.19, 17.02, 14.87, 18.08, 20.10, 17.94, 18.13, 21.87, 22.37, 20.68, 22.92, 25.93, 25.36, 24.80, 28.11, 29.95, 28.63, 29.72, 33.12, 33.62, 33.19, 30.97, 31.90, 31.59, 28.04, 27.16, 28.83, 27.08, 23.64, 24.59, 24.40, 20.58, 21.02, 22.92, 20.13, 17.57, 20.26, 21.10, 17.64, 16.71, 20.18, 19.35, 15.85, 14.65
 6.71, 3.80, 0.00, 3.79, 5.52, 5.14, 6.20, 8.78, 9.89, 10.61, 12.45, 14.27, 15.63, 16.65, 18.82, 20.23, 21.30, 22.97, 25.06, 25.72, 29.28, 29.30, 28.01, 26.48, 24.18, 23.07, 22.80, 20.80, 18.33, 17.93, 17.65, 14.69, 12.97, 13.86, 12.45, 8.97, 9.30, 10.56, 7.93, 5.31, 8.49, 8.81, 6.28, 8.11, 7.42, 9.67, 12.42, 12.93, 13.03, 16.82, 17.20, 17.96, 15.55, 18.26, 19.03, 19.74, 16.84, 14.25, 16.25, 16.15, 12.35, 12.43, 15.47, 13.85, 12.16, 15.70, 17.28, 15.17, 16.01, 19.59, 19.83, 18.61, 21.16, 23.84, 23.34, 23.30, 26.56, 28.20, 27.20, 28.63, 31.80, 32.31, 31.49, 29.33, 29.92, 29.38, 26.00, 25.01, 26.29, 24.50, 21.14, 21.73, 21.31, 17.53, 17.73, 19.41, 16.63, 14.00, 16.56, 17.33, 13.89, 12.93, 16.43, 15.69, 12.30, 11.10
 8.28, 5.63, 3.79, 0.00, 3.81, 5.43, 5.07, 6.39, 8.75, 9.96, 10.68, 12.38, 14.56, 15.52, 17.02, 18.75, 20.31, 21.56, 23.38, 24.47, 28.10, 28.58, 27.78, 26.28, 23.56, 22.73, 23.04, 20.88, 18.06, 18.30, 18.50, 15.22, 13.55, 15.37, 14.25, 10.49, 11.36, 13.41, 10.93, 8.53, 11.89, 12.59, 9.95, 11.11, 9.38, 10.56, 13.30, 14.78, 14.94, 18.69, 19.55, 20.82, 18.80, 21.57, 21.96, 22.47, 19.25, 17.14, 19.30, 18.69, 14.85, 15.48, 18.16, 15.93, 14.52, 18.23, 19.21, 16.67, 17.90, 21.43, 21.03, 19.66, 22.63, 25.02, 23.98, 24.14, 27.62, 28.82, 27.54, 29.32, 32.45, 32.53, 31.60, 29.08, 29.40, 29.27, 26.02, 24.50, 25.84, 24.58, 21.01, 21.20, 21.35, 17.65, 17.21, 19.33, 17.16, 13.94, 16.13, 17.64, 14.62, 12.77, 16.27, 16.33, 13.06, 10.78
 6.21, 5.45, 5.52, 3.81, 0.00, 3.80, 5.41, 5.12, 6.32, 8.80, 9.92, 10.48, 12.59, 14.41, 15.73, 16.78, 18.68, 20.36, 21.77, 22.47, 25.95, 26.27, 25.50, 23.62, 20.98, 20.61, 20.76, 18.18, 15.69, 16.45, 16.22, 12.65, 11.82, 13.92, 12.29, 8.73, 10.86, 12.75, 10.01, 8.88, 12.67, 13.29, 11.48, 13.58, 12.59, 14.11, 16.96, 18.10, 18.08, 21.89, 22.59, 23.43, 21.00, 23.68, 24.51, 25.03, 22.07, 19.63, 21.36, 20.94, 17.16, 17.06, 19.62, 17.49, 15.34, 18.78, 19.95, 17.02, 17.58, 21.28, 20.88, 18.87, 21.66, 24.28, 22.97, 22.62, 26.23, 27.48, 25.79, 27.34, 30.68, 30.63, 30.09, 27.45, 28.15, 28.31, 24.88, 23.45, 25.32, 24.16, 20.48, 21.21, 21.75, 18.03, 18.07, 20.65, 18.55, 15.52, 18.19, 19.94, 17.09, 15.58, 19.29, 19.50, 16.40, 14.26
 6.35, 6.28, 5.14, 5.43, 3.80, 0.00, 3.85, 5.41, 4.99, 6.32, 8.72, 9.79, 10.81, 12.45, 14.59, 15.48, 16.70, 18.72, 20.55, 20.91, 24.39, 24.34, 23.15, 21.48, 19.11, 18.24, 18.06, 15.85, 13.36, 13.43, 13.19, 9.93, 8.55, 10.29, 8.97, 5.21, 7.08, 9.25, 7.14, 6.02, 9.75, 11.12, 10.13, 12.74, 12.07, 14.49, 16.85, 17.51, 18.04, 21.78, 21.83, 22.38, 19.61, 21.83, 22.76, 22.92, 20.21, 17.70, 18.87, 18.37, 14.75, 14.19, 16.45, 14.37, 11.86, 15.16, 16.39, 13.44, 13.80, 17.52, 17.30, 15.31, 17.99, 20.71, 19.65, 19.30, 22.80, 24.26, 22.83, 24.29, 27.58, 27.81, 27.21, 24.85, 25.67, 25.48, 21.97, 20.92, 22.71, 21.17, 17.61, 18.68, 18.88, 15.10, 15.73, 18.16, 15.75, 13.17, 16.32, 17.78, 14.93, 14.16, 17.99, 18.03, 15.26, 13.74
 9.92, 8.77, 6.20, 5.07, 5.41, 3.85, 0.00, 3.84, 5.38, 5.12, 6.29, 8.65, 10.15, 10.70, 12.73, 14.51, 15.58, 16.91, 19.07, 20.04, 23.71, 24.11, 23.21, 22.08, 19.34, 18.09, 18.59, 16.87, 13.73, 13.70, 14.50, 11.57, 9.20, 11.48, 11.38, 7.65, 8.13, 11.25, 10.03, 7.74, 10.95, 13.03, 11.52, 13.24, 11.51, 13.63, 15.43, 16.71, 17.83, 21.45, 21.54, 22.65, 20.27, 22.36, 22.65, 22.38, 19.32, 17.45, 18.76, 17.53, 13.93, 14.25, 16.05, 13.27, 11.58, 15.19, 15.58, 12.54, 13.92, 17.31, 16.44, 14.98, 18.20, 20.32, 19.07, 19.45, 22.95, 23.93, 22.72, 24.72, 27.71, 27.73, 26.63, 24.16, 24.40, 24.20, 20.98, 19.47, 20.82, 19.55, 15.95, 16.30, 16.59, 12.88, 12.75, 15.25, 13.25, 10.15, 12.96, 14.85, 12.33, 11.01, 14.84, 15.46, 12.99, 10.98
 10.72, 10.22, 8.78, 6.39, 5.12, 5.41, 3.84, 0.00, 3.80, 5.44, 5.03, 6.03, 8.69, 9.91, 10.88, 12.50, 14.43, 15.62, 17.12, 18.28, 21.91, 22.67, 22.29, 20.91, 17.83, 17.25, 18.19, 16.02, 12.85, 13.88, 14.78, 11.47, 9.96, 13.05, 12.73, 9.26, 10.89, 13.94, 12.44, 10.94, 14.42, 16.21, 14.69, 16.51, 14.74, 16.33, 18.39, 20.02, 20.84, 24.52, 24.95, 26.14, 23.80, 26.04, 26.40, 26.20, 23.09, 21.24, 22.60, 21.35, 17.76, 18.03, 19.74, 16.87, 15.03, 18.45, 18.66, 15.29, 16.41, 19.76, 18.48, 16.53, 19.81, 21.83, 19.98, 20.15, 23.85, 24.48, 22.74, 24.86, 27.92, 27.46, 26.57, 23.69, 23.96, 24.36, 21.19, 19.25, 21.03, 20.37, 16.59, 16.93, 18.04, 14.57, 14.16, 17.23, 15.87, 12.64, 15.17, 17.65, 15.59, 13.84, 17.52, 18.65, 16.28, 13.73
 10.03, 10.80, 9.89, 8.75, 6.32, 4.99, 5.38, 3.80, 0.00, 3.83, 5.40, 5.03, 6.31, 8.63, 10.16, 10.70, 12.45, 14.48, 15.87, 16.27, 19.75, 20.01, 19.30, 17.64, 14.84, 14.36, 14.85, 12.46, 9.57, 10.73, 11.19, 7.74, 6.84, 10.09, 9.62, 6.69, 9.12, 11.96, 10.82, 10.38, 13.75, 15.67, 15.04, 17.55, 16.45, 18.64, 20.72, 21.80, 22.63, 26.34, 26.38, 27.09, 24.34, 26.31, 27.07, 26.79, 24.04, 21.88, 22.70, 21.68, 18.28, 17.78, 19.27, 16.69, 14.15, 17.12, 17.58, 14.02, 14.35, 17.77, 16.69, 14.15, 17.12, 19.44, 17.54, 17.16, 20.91, 21.77, 19.82, 21.62, 24.87, 24.53, 24.00, 21.22, 22.00, 22.40, 18.96, 17.47, 19.71, 18.81, 15.06, 16.24, 17.38, 13.91, 14.45, 17.63, 16.06, 13.45, 16.56, 18.81, 16.77, 15.80, 19.59, 20.48, 18.26, 16.28
 12.32, 12.57, 10.61, 9.96, 8.80, 6.32, 5.12, 5.44, 3.83, 0.00, 3.82, 5.54, 5.42, 6.19, 8.85, 10.03, 10.70, 12.54, 14.75, 15.27, 18.88, 19.08, 18.12, 17.15, 14.43, 12.99, 13.66, 12.21, 8.83, 8.88, 10.32, 7.79, 5.13, 8.42, 9.38, 6.69, 7.51, 11.05, 11.05, 10.00, 12.69, 15.41, 15.03, 17.28, 15.95, 18.46, 19.90, 20.90, 22.36, 25.88, 25.50, 26.29, 23.58, 25.13, 25.58, 24.81, 22.12, 20.34, 20.78, 19.30, 16.19, 15.84, 16.72, 13.81, 11.57, 14.46, 14.33, 10.67, 11.54, 14.70, 13.26, 11.12, 14.46, 16.40, 14.61, 14.87, 18.51, 19.22, 17.76, 19.89, 22.86, 22.69, 21.68, 19.12, 19.58, 19.55, 16.20, 14.76, 16.57, 15.43, 11.70, 12.75, 13.62, 10.10, 10.82, 13.93, 12.41, 10.06, 13.36, 15.56, 13.88, 13.34, 17.02, 18.07, 16.41, 14.77
 14.76, 14.54, 12.45, 10.68, 9.92, 8.72, 6.29, 5.03, 5.40, 3.82, 0.00, 3.82, 5.53, 5.20, 6.48, 8.82, 10.11, 10.89, 12.91, 14.33, 18.08, 19.05, 18.80, 18.14, 14.88, 13.71, 15.32, 13.98, 10.28, 11.10, 13.21, 10.77, 8.52, 12.02, 13.13, 10.38, 11.14, 14.77, 14.55, 13.06, 15.85, 18.53, 17.58, 19.33, 17.35, 19.27, 20.55, 22.19, 23.73, 27.21, 27.15, 28.38, 26.01, 27.70, 27.76, 26.87, 23.88, 22.51, 23.27, 21.39, 18.27, 18.58, 19.32, 16.02, 14.46, 17.47, 16.75, 13.14, 14.64, 17.40, 15.31, 13.52, 17.13, 18.45, 16.18, 16.94, 20.56, 20.62, 19.02, 21.64, 24.34, 23.64, 22.35, 19.41, 19.28, 19.72, 16.79, 14.52, 16.15, 15.83, 12.05, 12.15, 13.77, 10.69, 10.18, 13.70, 13.11, 10.21, 12.73, 15.67, 14.56, 13.21, 16.64, 18.41, 16.97, 14.68
 14.93, 15.51, 14.27, 12.38, 10.48, 9.79, 8.65, 6.03, 5.03, 5.54, 3.82, 0.00, 3.83, 5.69, 5.57, 6.54, 9.03, 10.33, 11.30, 12.36, 15.95, 16.98, 17.08, 15.90, 12.47, 12.21, 13.95, 11.98, 8.58, 10.67, 12.39, 9.70, 8.82, 12.63, 13.24, 11.00, 12.82, 16.06, 15.56, 14.91, 17.98, 20.33, 19.62, 21.78, 20.14, 22.02, 23.70, 25.25, 26.45, 30.06, 30.13, 31.16, 28.60, 30.40, 30.78, 30.08, 27.20, 25.53, 26.21, 24.62, 21.45, 21.33, 22.19, 19.13, 17.07, 19.82, 19.38, 15.62, 16.38, 19.19, 17.17, 14.69, 17.96, 19.46, 16.78, 16.88, 20.64, 20.61, 18.37, 20.78, 23.69, 22.64, 21.85, 18.63, 18.92, 19.96, 16.94, 14.64, 17.01, 17.06, 13.31, 14.01, 16.17, 13.36, 13.30, 16.98, 16.50, 13.88, 16.46, 19.40, 18.28, 16.99, 20.45, 22.16, 20.55, 18.18
 15.90, 16.95, 15.63, 14.56, 12.59, 10.81, 10.15, 8.69, 6.31, 5.42, 5.53, 3.83, 0.00, 3.82, 5.29, 4.84, 6.18, 8.60, 10.00, 10.11, 13.67, 14.07, 13.67, 12.66, 9.46, 8.64, 10.23, 8.67, 5.00, 6.99, 9.14, 7.25, 6.42, 10.13, 11.42, 10.14, 11.67, 14.77, 15.08, 14.92, 17.49, 20.17, 20.15, 22.62, 21.34, 23.73, 25.18, 26.31, 27.74, 31.29, 30.91, 31.62, 28.81, 30.20, 30.74, 29.79, 27.25, 25.53, 25.65, 24.06, 21.23, 20.64, 21.02, 18.15, 15.80, 17.96, 17.42, 13.63, 13.88, 16.41, 14.33, 11.50, 14.56, 16.02, 13.22, 13.10, 16.86, 16.88, 14.61, 16.97, 19.90, 19.01, 18.31, 15.24, 15.92, 16.76, 13.51, 11.66, 14.38, 14.14, 10.49, 12.06, 14.16, 11.57, 12.47, 16.05, 15.50, 13.67, 16.62, 19.25, 18.33, 17.80, 21.22, 22.76, 21.47, 19.66
 18.26, 18.68, 16.65, 15.52, 14.41, 12.45, 10.70, 9.91, 8.63, 6.19, 5.20, 5.69, 3.82, 0.00, 3.83, 5.50, 5.21, 6.38, 9.02, 9.97, 13.68, 14.48, 14.18, 14.20, 11.05, 9.20, 11.41, 11.07, 7.32, 7.93, 11.10, 10.03, 7.94, 11.25, 13.45, 12.01, 12.38, 15.88, 16.71, 15.86, 17.99, 21.11, 20.95, 22.97, 21.29, 23.62, 24.53, 25.83, 27.72, 31.08, 30.53, 31.50, 28.92, 30.06, 30.18, 28.81, 26.22, 25.00, 25.01, 22.92, 20.37, 20.23, 20.09, 16.87, 15.21, 17.31, 15.99, 12.31, 13.42, 15.40, 12.66, 10.62, 14.14, 14.80, 11.92, 12.93, 16.43, 15.94, 14.27, 17.24, 19.64, 18.71, 17.25, 14.27, 14.11, 14.67, 11.80, 9.40, 11.44, 11.43, 7.71, 8.49, 10.88, 8.66, 9.09, 12.77, 12.85, 11.21, 13.77, 16.60, 16.32, 15.85, 18.91, 20.84, 20.12, 18.39
 20.18, 20.60, 18.82, 17.02, 15.73, 14.59, 12.73, 10.88, 10.16, 8.85, 6.48, 5.57, 5.29, 3.83, 0.00, 3.84, 5.38, 5.03, 6.47, 8.51, 12.22, 13.94, 14.66, 14.66, 11.03, 10.18, 13.14, 12.50, 9.03, 10.82, 13.80, 12.48, 11.17, 14.71, 16.50, 14.92, 15.81, 19.28, 19.69, 18.84, 21.32, 24.24, 23.74, 25.66, 23.72, 25.64, 26.67, 28.36, 30.11, 33.51, 33.29, 34.48, 32.03, 33.39, 33.41, 32.13, 29.33, 28.20, 28.48, 26.31, 23.63, 23.74, 23.75, 20.41, 18.88, 21.12, 19.73, 16.10, 17.24, 19.13, 16.24, 14.21, 17.56, 17.97, 14.73, 15.65, 19.07, 18.06, 15.96, 19.07, 21.31, 19.74, 18.37, 14.94, 14.43, 15.87, 13.52, 10.43, 12.62, 13.67, 10.31, 10.42, 13.51, 11.87, 11.46, 15.24, 15.93, 13.95, 15.91, 19.15, 19.12, 18.08, 20.96, 23.28, 22.54, 20.32
 20.39, 21.50, 20.23, 18.75, 16.78, 15.48, 14.51, 12.50, 10.70, 10.03, 8.82, 6.54, 4.84, 5.50, 3.84, 0.00, 3.82, 5.47, 5.43, 5.82, 9.44, 10.78, 11.57, 11.12, 7.38, 7.37, 10.39, 9.48, 6.62, 9.35, 11.93, 10.97, 10.79, 14.17, 15.74, 14.90, 16.34, 19.39, 19.86, 19.75, 22.24, 24.99, 24.95, 27.30, 25.80, 27.97, 29.27, 30.66, 32.22, 35.73, 35.40, 36.26, 33.52, 34.83, 35.21, 34.04, 31.47, 30.01, 30.03, 28.18, 25.53, 25.09, 25.11, 22.10, 20.03, 21.89, 20.84, 17.15, 17.47, 19.34, 16.70, 14.02, 16.82, 17.46, 13.99, 14.09, 17.52, 16.57, 13.85, 16.63, 19.09, 17.32, 16.60, 13.02, 13.35, 15.21, 12.61, 10.03, 13.13, 14.11, 11.00, 12.23, 15.28, 13.74, 14.23, 17.90, 18.27, 16.69, 19.07, 22.04, 21.79, 21.11, 24.18, 26.21, 25.30, 23.28
 21.90, 22.94, 21.30, 20.31, 18.68, 16.70, 15.58, 14.43, 12.45, 10.70, 10.11, 9.03, 6.18, 5.21, 5.38, 3.82, 0.00, 3.81, 5.55, 5.09, 8.63, 9.36, 9.51, 10.13, 7.00, 5.16, 8.55, 9.09, 6.38, 7.72, 11.04, 11.21, 10.44, 13.22, 15.60, 15.26, 15.95, 18.95, 20.15, 20.01, 21.93, 25.03, 25.35, 27.67, 26.27, 28.73, 29.65, 30.80, 32.69, 36.05, 35.33, 36.07, 33.30, 34.20, 34.50, 32.98, 30.67, 29.41, 29.00, 26.96, 24.73, 24.17, 23.63, 20.70, 18.81, 20.15, 18.70, 15.23, 15.53, 16.78, 13.86, 11.43, 14.10, 14.17, 10.55, 11.14, 14.34, 13.06, 10.68, 13.87, 15.99, 14.37, 13.20, 9.77, 9.97, 11.47, 8.83, 6.30, 9.57, 10.47, 7.69, 9.41, 12.44, 11.50, 12.56, 15.91, 16.48, 15.65, 18.03, 20.71, 20.85, 20.74, 23.57, 25.56, 25.09, 23.53
 24.33, 24.92, 22.97, 21.56, 20.36, 18.72, 16.91, 15.62, 14.48, 12.54, 10.89, 10.33, 8.60, 6.38, 5.03, 5.47, 3.81, 0.00, 3.81, 5.77, 9.06, 10.97, 11.97, 13.21, 10.09, 8.55, 12.14, 12.87, 10.09, 11.22, 14.72, 14.67, 13.42, 16.32, 18.83, 18.03, 18.40, 21.70, 22.84, 22.18, 24.11, 27.35, 27.30, 29.24, 27.39, 29.55, 30.19, 31.69, 33.79, 37.03, 36.43, 37.51, 35.00, 35.92, 35.84, 34.13, 31.63, 30.77, 30.52, 28.12, 25.96, 25.91, 25.21, 21.97, 20.66, 22.18, 20.22, 16.92, 17.92, 18.87, 15.52, 13.85, 16.76, 16.19, 12.60, 14.03, 16.85, 14.96, 13.06, 16.61, 18.13, 16.15, 14.34, 10.88, 9.72, 11.58, 9.99, 6.39, 8.66, 10.70, 8.35, 8.51, 12.16, 11.91, 11.94, 15.27, 16.67, 15.72, 17.37, 20.38, 21.08, 20.63, 23.07, 25.52, 25.41, 23.62
 25.73, 26.61, 25.06, 23.38, 21.77, 20.55, 19.07, 17.12, 15.87, 14.75, 12.91, 11.30, 10.00, 9.02, 6.47, 5.43, 5.55, 3.81, 0.00, 3.83, 6.68, 9.54, 11.63, 12.55, 9.28, 9.18, 12.96, 13.23, 11.07, 13.16, 16.20, 15.99, 15.56, 18.63, 20.70, 20.01, 20.98, 24.15, 24.96, 24.61, 26.84, 29.86, 29.76, 31.86, 30.06, 32.08, 33.00, 34.61, 36.47, 39.84, 39.44, 40.51, 37.93, 39.03, 39.11, 37.57, 35.00, 33.97, 33.84, 31.58, 29.25, 29.10, 28.61, 25.43, 23.87, 25.43, 23.72, 20.31, 20.97, 22.07, 18.89, 16.82, 19.44, 19.04, 15.29, 16.08, 18.84, 16.82, 14.30, 17.56, 19.09, 16.54, 15.34, 11.58, 10.79, 13.57, 12.27, 8.97, 11.61, 13.97, 11.89, 12.27, 15.95, 15.64, 15.63, 19.03, 20.39, 19.21, 20.85, 24.00, 24.55, 23.85, 26.39, 28.90, 28.55, 26.50
 25.62, 27.00, 25.72, 24.47, 22.47, 20.91, 20.04, 18.28, 16.27, 15.27, 14.33, 12.36, 10.11, 9.97, 8.51, 5.82, 5.09, 5.77, 3.83, 0.00, 3.76, 5.85, 7.96, 8.87, 5.96, 6.32, 10.00, 10.57, 9.35, 11.52, 14.18, 14.60, 14.82, 17.47, 19.49, 19.50, 20.65, 23.41, 24.45, 24.64, 26.71, 29.65, 30.02, 32.46, 31.07, 33.41, 34.47, 35.73, 37.51, 40.93, 40.32, 41.05, 38.22, 39.17, 39.56, 38.05, 35.76, 34.46, 34.03, 32.03, 29.81, 29.17, 28.61, 25.76, 23.79, 24.93, 23.50, 20.14, 20.11, 21.09, 18.21, 15.71, 17.72, 17.47, 13.68, 13.75, 16.37, 14.44, 11.43, 14.34, 16.01, 13.37, 12.82, 9.01, 9.40, 12.31, 10.69, 8.33, 11.74, 13.62, 11.84, 13.32, 16.65, 16.32, 17.17, 20.44, 21.37, 20.59, 22.70, 25.52, 25.85, 25.58, 28.31, 30.49, 30.04, 28.28
 28.80, 30.40, 29.28, 28.10, 25.95, 24.39, 23.71, 21.91, 19.75, 18.88, 18.08, 15.95, 13.67, 13.68, 12.22, 9.44, 8.63, 9.06, 6.68, 3.76, 0.00, 3.82, 7.29, 8.73, 7.12, 8.21, 11.36, 12.33, 12.12, 14.16, 16.45, 17.33, 17.96, 20.28, 22.26, 22.67, 23.88, 26.40, 27.56, 28.02, 29.98, 32.89, 33.45, 36.01, 34.73, 37.13, 38.19, 39.38, 41.16, 44.58, 43.90, 44.52, 41.61, 42.44, 42.92, 41.35, 39.19, 37.88, 37.26, 35.31, 33.23, 32.41, 31.70, 29.00, 26.97, 27.80, 26.35, 23.16, 22.84, 23.48, 20.69, 18.23, 19.68, 19.15, 15.42, 15.19, 17.19, 14.89, 11.75, 14.24, 15.37, 12.14, 12.15, 8.61, 9.34, 12.78, 11.91, 10.23, 13.45, 15.58, 14.53, 16.12, 19.39, 19.48, 20.48, 23.55, 24.62, 24.10, 26.15, 28.88, 29.35, 29.22, 31.87, 34.05, 33.69, 32.01
 28.36, 30.27, 29.30, 28.58, 26.27, 24.34, 24.11, 22.67, 20.01, 19.08, 19.05, 16.98, 14.07, 14.48, 13.94, 10.78, 9.36, 10.97, 9.54, 5.85, 3.82, 0.00, 3.79, 5.66, 5.69, 6.68, 8.86, 10.40, 11.20, 12.78, 14.56, 16.12, 17.13, 18.86, 20.83, 21.86, 23.02, 25.12, 26.55, 27.43, 29.11, 31.94, 32.93, 35.72, 34.81, 37.50, 38.61, 39.44, 41.18, 44.59, 43.67, 43.97, 40.88, 41.52, 42.24, 40.69, 38.82, 37.32, 36.40, 34.70, 32.79, 31.56, 30.75, 28.40, 26.11, 26.51, 25.32, 22.31, 21.42, 21.87, 19.48, 16.79, 17.58, 17.20, 13.71, 12.77, 14.45, 12.43, 8.97, 10.85, 12.14, 9.03, 9.93, 6.84, 9.08, 11.95, 10.70, 10.28, 13.73, 15.11, 14.36, 16.73, 19.50, 19.52, 21.19, 24.05, 24.71, 24.56, 26.97, 29.34, 29.60, 29.90, 32.66, 34.50, 34.10, 32.75
 26.95, 28.99, 28.01, 27.78, 25.50, 23.15, 23.21, 22.29, 19.30, 18.12, 18.80, 17.08, 13.67, 14.18, 14.66, 11.57, 9.51, 11.97, 11.63, 7.96, 7.29, 3.79, 0.00, 3.83, 5.49, 5.16, 5.93, 8.41, 9.84, 10.55, 11.98, 14.24, 15.29, 16.37, 18.46, 20.00, 20.92, 22.65, 24.43, 25.54, 26.88, 29.70, 31.05, 33.95, 33.35, 36.30, 37.36, 37.85, 39.61, 42.95, 41.79, 41.83, 38.62, 39.05, 39.94, 38.38, 36.77, 35.16, 33.97, 32.46, 30.75, 29.21, 28.26, 26.25, 23.79, 23.80, 22.82, 20.03, 18.69, 18.96, 16.95, 14.15, 14.37, 14.20, 11.01, 9.45, 10.96, 9.45, 5.72, 7.18, 9.04, 6.66, 8.09, 5.71, 9.07, 10.84, 8.92, 9.73, 13.18, 13.62, 13.06, 16.06, 18.23, 18.13, 20.40, 23.00, 23.22, 23.44, 26.14, 28.11, 28.19, 28.91, 31.73, 33.22, 32.82, 31.83
 24.62, 27.00, 26.48, 26.28, 23.62, 21.48, 22.08, 20.91, 17.64, 17.15, 18.14, 15.90, 12.66, 14.20, 14.66, 11.12, 10.13, 13.21, 12.55, 8.87, 8.73, 5.66, 3.83, 0.00, 3.81, 5.49, 5.10, 5.89, 8.35, 9.90, 10.32, 12.19, 14.11, 15.28, 16.65, 18.31, 19.86, 21.32, 22.67, 24.17, 25.79, 28.26, 29.63, 32.75, 32.37, 35.29, 36.71, 37.13, 38.56, 42.03, 41.05, 40.96, 37.64, 38.32, 39.48, 38.27, 36.61, 34.66, 33.66, 32.48, 30.48, 28.74, 28.26, 26.38, 23.52, 23.78, 23.37, 20.36, 18.67, 19.60, 18.04, 14.71, 14.96, 15.74, 12.77, 10.42, 12.53, 12.06, 8.26, 8.69, 11.49, 9.83, 11.69, 9.41, 12.60, 14.25, 11.73, 12.27, 15.96, 16.05, 14.74, 17.90, 20.00, 19.19, 21.49, 24.34, 24.11, 23.93, 26.93, 28.95, 28.54, 29.08, 32.21, 33.50, 32.66, 31.55
 22.78, 24.86, 24.18, 23.56, 20.98, 19.11, 19.34, 17.83, 14.84, 14.43, 14.88, 12.47, 9.46, 11.05, 11.03, 7.38, 7.00, 10.09, 9.28, 5.96, 7.12, 5.69, 5.49, 3.81, 0.00, 3.83, 5.61, 5.31, 6.07, 8.65, 9.91, 10.80, 12.32, 14.36, 15.78, 16.68, 18.35, 20.37, 21.39, 22.45, 24.44, 27.00, 27.91, 30.85, 30.13, 32.82, 34.26, 35.00, 36.44, 39.96, 39.22, 39.44, 36.27, 37.20, 38.14, 36.96, 34.98, 33.14, 32.49, 31.10, 28.83, 27.48, 27.21, 24.92, 22.23, 23.05, 22.45, 19.11, 18.01, 19.35, 17.36, 14.05, 15.27, 16.06, 12.69, 11.12, 13.97, 13.25, 9.59, 11.20, 13.94, 12.07, 12.91, 9.78, 12.09, 14.07, 11.36, 10.74, 14.56, 15.03, 13.04, 15.77, 18.28, 17.20, 19.02, 22.19, 22.14, 21.50, 24.36, 26.72, 26.33, 26.48, 29.63, 31.16, 30.26, 28.83
 22.50, 24.24, 23.07, 22.73, 20.61, 18.24, 18.09, 17.25, 14.36, 12.99, 13.71, 12.21, 8.64, 9.20, 10.18, 7.37, 5.16, 8.55, 9.18, 6.32, 8.21, 6.68, 5.16, 5.49, 3.83, 0.00, 3.82, 5.55, 5.17, 6.14, 8.50, 10.07, 10.57, 12.29, 14.52, 15.46, 16.37, 18.55, 20.12, 20.87, 22.44, 25.35, 26.38, 29.16, 28.38, 31.24, 32.33, 32.95, 34.70, 38.07, 37.07, 37.30, 34.20, 34.85, 35.61, 34.16, 32.30, 30.69, 29.81, 28.22, 26.22, 24.92, 24.26, 21.96, 19.50, 20.08, 19.13, 15.94, 15.01, 15.97, 13.74, 10.65, 12.02, 12.45, 8.95, 7.91, 10.93, 10.09, 6.83, 9.28, 11.91, 10.53, 10.51, 7.52, 9.68, 10.93, 7.81, 7.54, 11.28, 11.31, 9.46, 12.50, 14.74, 13.90, 16.04, 18.95, 18.93, 18.72, 21.57, 23.69, 23.53, 24.02, 26.99, 28.48, 27.90, 26.78
 21.57, 23.69, 22.80, 23.04, 20.76, 18.06, 18.59, 18.19, 14.85, 13.66, 15.32, 13.95, 10.23, 11.41, 13.14, 10.39, 8.55, 12.14, 12.96, 10.00, 11.36, 8.86, 5.93, 5.10, 5.61, 3.82, 0.00, 3.83, 5.50, 5.27, 6.06, 8.73, 9.93, 10.59, 12.58, 14.39, 15.33, 16.81, 18.61, 19.95, 21.20, 23.89, 25.42, 28.46, 28.18, 31.29, 32.50, 32.70, 34.30, 37.64, 36.44, 36.29, 32.98, 33.48, 34.58, 33.28, 31.73, 29.84, 28.69, 27.50, 25.65, 23.83, 23.21, 21.44, 18.58, 18.70, 18.31, 15.39, 13.58, 14.56, 13.18, 9.71, 10.06, 11.29, 8.56, 5.97, 8.98, 9.40, 6.23, 7.18, 10.61, 10.28, 11.08, 9.18, 12.09, 12.51, 9.11, 10.19, 13.58, 12.64, 11.06, 14.62, 16.07, 14.93, 17.69, 20.27, 19.62, 19.72, 22.91, 24.57, 24.03, 24.93, 28.03, 29.04, 28.29, 27.53
 18.83, 21.22, 20.80, 20.88, 18.18, 15.85, 16.87, 16.02, 12.46, 12.21, 13.98, 11.98, 8.67, 11.07, 12.50, 9.48, 9.09, 12.87, 13.23, 10.57, 12.33, 10.40, 8.41, 5.89, 5.31, 5.55, 3.83, 0.00, 3.81, 5.58, 5.03, 6.32, 8.70, 9.99, 10.92, 12.50, 14.35, 15.76, 16.84, 18.43, 20.22, 22.52, 23.84, 27.05, 26.84, 29.81, 31.42, 31.71, 32.94, 36.45, 35.56, 35.41, 32.07, 32.96, 34.25, 33.33, 31.58, 29.38, 28.63, 27.71, 25.42, 23.60, 23.60, 21.79, 18.63, 19.31, 19.44, 16.21, 14.40, 16.25, 15.16, 11.41, 12.24, 14.21, 11.67, 9.16, 12.42, 13.19, 10.04, 10.66, 14.24, 13.77, 14.75, 12.46, 15.10, 15.89, 12.41, 12.69, 16.22, 15.41, 13.09, 16.35, 17.95, 16.11, 18.54, 21.47, 20.52, 19.97, 23.33, 25.19, 24.18, 24.69, 28.08, 29.01, 27.78, 26.73
 17.37, 19.22, 18.33, 18.06, 15.69, 13.36, 13.73, 12.85, 9.57, 8.83, 10.28, 8.58, 5.00, 7.32, 9.03, 6.62, 6.38, 10.09, 11.07, 9.35, 12.12, 11.20, 9.84, 8.35, 6.07, 5.17, 5.50, 3.81, 0.00, 3.84, 5.38, 5.28, 6.28, 8.76, 10.22, 10.71, 12.33, 14.55, 15.51, 16.39, 18.42, 21.02, 21.87, 24.79, 24.17, 26.98, 28.45, 29.04, 30.44, 33.95, 33.18, 33.38, 30.23, 31.26, 32.21, 31.20, 29.15, 27.18, 26.70, 25.44, 22.99, 21.62, 21.67, 19.40, 16.53, 17.76, 17.52, 13.98, 12.97, 15.10, 13.48, 9.92, 11.92, 13.66, 10.84, 9.50, 13.21, 13.60, 10.86, 12.57, 15.84, 15.20, 15.25, 12.53, 14.32, 15.05, 11.48, 10.88, 14.21, 13.53, 10.57, 13.41, 15.20, 13.08, 15.13, 18.29, 17.49, 16.59, 19.85, 21.96, 21.03, 21.27, 24.65, 25.81, 24.64, 23.38
 17.62, 19.24, 17.93, 18.30, 16.45, 13.43, 13.70, 13.88, 10.73, 8.88, 11.10, 10.67, 6.99, 7.93, 10.82, 9.35, 7.72, 11.22, 13.16, 11.52, 14.16, 12.78, 10.55, 9.90, 8.65, 6.14, 5.27, 5.58, 3.84, 0.00, 3.84, 5.49, 4.98, 6.18, 8.81, 9.87, 10.38, 12.44, 14.28, 15.07, 16.39, 19.31, 20.57, 23.43, 23.00, 26.12, 27.25, 27.48, 29.16, 32.49, 31.33, 31.36, 28.16, 28.81, 29.73, 28.48, 26.72, 24.85, 23.95, 22.66, 20.59, 19.00, 18.61, 16.57, 13.71, 14.42, 14.10, 10.77, 9.44, 11.31, 9.88, 6.18, 8.15, 10.11, 7.79, 6.54, 10.34, 11.31, 9.43, 11.07, 14.25, 14.42, 14.08, 12.08, 13.85, 13.59, 9.78, 10.10, 12.88, 11.25, 8.57, 11.91, 12.86, 10.78, 13.56, 16.19, 15.05, 14.85, 18.26, 19.84, 18.98, 19.85, 23.06, 23.93, 23.05, 22.34
 16.07, 18.30, 17.65, 18.50, 16.22, 13.19, 14.50, 14.78, 11.19, 10.32, 13.21, 12.39, 9.14, 11.10, 13.80, 11.93, 11.04, 14.72, 16.20, 14.18, 16.45, 14.56, 11.98, 10.32, 9.91, 8.50, 6.06, 5.03, 5.38, 3.84, 0.00, 3.79, 5.46, 5.24, 6.54, 8.81, 10.04, 11.03, 12.67, 14.40, 15.67, 18.05, 19.75, 23.00, 23.14, 26.40, 27.87, 27.74, 29.04, 32.41, 31.25, 30.88, 27.45, 28.16, 29.56, 28.67, 27.15, 24.84, 23.88, 23.19, 21.06, 18.91, 18.95, 17.52, 14.12, 14.59, 15.23, 12.23, 9.90, 12.19, 11.92, 8.14, 8.84, 11.79, 10.33, 7.87, 11.26, 13.15, 11.18, 11.56, 15.18, 15.81, 16.25, 14.64, 16.98, 16.68, 12.88, 13.71, 16.54, 14.65, 12.24, 15.62, 16.20, 13.85, 16.76, 19.20, 17.50, 17.26, 20.90, 22.17, 20.76, 21.75, 25.15, 25.56, 24.28, 23.74
 12.84, 15.10, 14.69, 15.22, 12.65, 9.93, 11.57, 11.47, 7.74, 7.79, 10.77, 9.70, 7.25, 10.03, 12.48, 10.97, 11.21, 14.67, 15.99, 14.60, 17.33, 16.12, 14.24, 12.19, 10.80, 10.07, 8.73, 6.32, 5.28, 5.49, 3.79, 0.00, 3.84, 5.43, 5.25, 6.22, 8.64, 10.09, 10.65, 12.24, 14.32, 16.42, 17.58, 20.85, 20.83, 23.84, 25.65, 25.78, 26.80, 30.34, 29.57, 29.41, 26.08, 27.27, 28.64, 28.08, 26.19, 23.73, 23.35, 22.73, 20.08, 18.25, 18.95, 17.24, 13.80, 15.20, 16.06, 12.72, 11.08, 14.11, 13.71, 10.14, 11.77, 14.69, 13.05, 11.25, 14.83, 16.41, 14.28, 15.08, 18.67, 18.92, 19.17, 17.04, 18.98, 19.03, 15.24, 15.21, 18.04, 16.47, 13.42, 16.23, 17.04, 14.11, 16.41, 19.19, 17.37, 16.33, 19.99, 21.54, 19.77, 20.20, 23.84, 24.28, 22.57, 21.63
 12.96, 14.31, 12.97, 13.55, 11.82, 8.55, 9.20, 9.96, 6.84, 5.13, 8.52, 8.82, 6.42, 7.94, 11.17, 10.79, 10.44, 13.42, 15.56, 14.82, 17.96, 17.13, 15.29, 14.11, 12.32, 10.57, 9.93, 8.70, 6.28, 4.98, 5.46, 3.84, 0.00, 3.82, 5.54, 5.13, 6.06, 8.67, 9.82, 10.31, 12.17, 14.93, 15.82, 18.72, 18.32, 21.41, 22.82, 23.06, 24.48, 27.92, 27.01, 27.12, 23.96, 25.02, 26.00, 25.15, 23.11, 20.97, 20.60, 19.56, 16.95, 15.49, 15.94, 13.81, 10.67, 12.43, 12.84, 9.28, 8.44, 11.64, 10.88, 7.79, 10.36, 12.99, 11.54, 10.81, 14.42, 15.82, 14.35, 15.80, 19.03, 19.39, 18.90, 16.84, 18.15, 17.75, 14.03, 13.76, 15.99, 14.16, 10.90, 13.34, 13.77, 10.56, 12.84, 15.48, 13.56, 12.54, 16.23, 17.71, 16.04, 16.60, 20.15, 20.67, 19.21, 18.40
 13.58, 15.09, 13.86, 15.37, 13.92, 10.29, 11.48, 13.05, 10.09, 8.42, 12.02, 12.63, 10.13, 11.25, 14.71, 14.17, 13.22, 16.32, 18.63, 17.47, 20.28, 18.86, 16.37, 15.28, 14.36, 12.29, 10.59, 9.99, 8.76, 6.18, 5.24, 5.43, 3.82, 0.00, 3.84, 5.50, 5.13, 6.33, 8.69, 9.86, 10.64, 13.40, 15.15, 18.23, 18.47, 21.93, 23.17, 22.78, 24.24, 27.48, 26.14, 25.78, 22.41, 23.05, 24.34, 23.46, 21.94, 19.61, 18.68, 18.04, 15.87, 13.68, 13.90, 12.57, 9.00, 9.84, 10.97, 8.07, 5.84, 9.19, 9.64, 6.69, 8.16, 11.49, 11.12, 9.96, 13.05, 15.27, 14.39, 15.15, 18.36, 19.47, 19.13, 17.78, 19.41, 18.39, 14.66, 15.32, 17.25, 14.70, 12.10, 14.91, 14.49, 11.49, 14.43, 16.33, 13.86, 13.67, 17.45, 18.17, 16.31, 17.64, 21.01, 20.94, 19.59, 19.50
 10.60, 12.78, 12.45, 14.25, 12.29, 8.97, 11.38, 12.73, 9.62, 9.38, 13.13, 13.24, 11.42, 13.45, 16.50, 15.74, 15.60, 18.83, 20.70, 19.49, 22.26, 20.83, 18.46, 16.65, 15.78, 14.52, 12.58, 10.92, 10.22, 8.81, 6.54, 5.25, 5.54, 3.84, 0.00, 3.82, 5.50, 5.23, 6.23, 8.63, 9.98, 11.76, 13.63, 17.12, 17.85, 21.22, 23.00, 22.46, 23.33, 26.71, 25.64, 25.04, 21.53, 22.59, 24.31, 24.03, 22.51, 19.68, 19.13, 19.14, 16.62, 14.19, 15.32, 14.42, 10.62, 11.81, 13.78, 11.17, 8.97, 12.47, 13.38, 10.52, 11.53, 15.10, 14.74, 13.07, 16.10, 18.52, 17.26, 17.56, 21.04, 22.10, 22.22, 20.72, 22.60, 21.88, 18.09, 18.60, 20.80, 18.44, 15.67, 18.35, 18.09, 14.85, 17.41, 19.44, 16.75, 16.04, 19.83, 20.55, 18.15, 19.13, 22.71, 22.33, 20.39, 20.16
 8.24, 9.73, 8.97, 10.49, 8.73, 5.21, 7.65, 9.26, 6.69, 6.69, 10.38, 11.00, 10.14, 12.01, 14.92, 14.90, 15.26, 18.03, 20.01, 19.50, 22.67, 21.86, 20.00, 18.31, 16.68, 15.46, 14.39, 12.50, 10.71, 9.87, 8.81, 6.22, 5.13, 5.50, 3.82, 0.00, 3.88, 5.47, 4.98, 6.05, 8.58, 10.53, 11.37, 14.64, 14.84, 17.99, 19.92, 19.80, 20.65, 24.19, 23.49, 23.36, 20.10, 21.61, 22.98, 22.81, 20.76, 18.05, 18.16, 17.88, 14.84, 13.12, 14.74, 13.22, 9.77, 12.13, 13.78, 10.84, 9.92, 13.71, 14.05, 11.58, 13.59, 16.75, 16.06, 15.13, 18.44, 20.39, 19.10, 20.04, 23.42, 24.11, 23.81, 21.90, 23.26, 22.73, 19.02, 18.81, 20.80, 18.73, 15.52, 17.54, 17.42, 13.81, 15.67, 17.89, 15.21, 13.75, 17.43, 18.43, 15.81, 16.22, 19.95, 19.73, 17.50, 16.86
 10.71, 11.16, 9.30, 11.36, 10.86, 7.08, 8.13, 10.89, 9.12, 7.51, 11.14, 12.82, 11.67, 12.38, 15.81, 16.34, 15.95, 18.40, 20.98, 20.65, 23.88, 23.02, 20.92, 19.86, 18.35, 16.37, 15.33, 14.35, 12.33, 10.38, 10.04, 8.64, 6.06, 5.13, 5.50, 3.88, 0.00, 3.82, 5.44, 5.02, 6.13, 9.20, 10.33, 13.20, 13.35, 16.84, 18.13, 17.73, 19.14, 22.43, 21.26, 21.14, 17.93, 18.98, 20.08, 19.50, 17.58, 15.12, 14.85, 14.29, 11.52, 9.72, 10.95, 9.42, 5.90, 8.44, 10.09, 7.49, 7.02, 10.81, 11.45, 9.85, 11.95, 14.89, 14.85, 14.56, 17.53, 19.56, 18.99, 20.11, 23.14, 24.17, 23.42, 21.89, 22.94, 21.82, 18.28, 18.33, 19.68, 17.16, 14.28, 16.06, 15.18, 11.58, 13.68, 15.24, 12.15, 11.26, 14.97, 15.38, 12.73, 13.84, 17.34, 16.84, 15.00, 15.02
 10.60, 11.57, 10.56, 13.41, 12.75, 9.25, 11.25, 13.94, 11.96, 11.05, 14.77, 16.06, 14.77, 15.88, 19.28, 19.39, 18.95, 21.70, 24.15, 23.41, 26.40, 25.12, 22.65, 21.32, 20.37, 18.55, 16.81, 15.76, 14.55, 12.44, 11.03, 10.09, 8.67, 6.33, 5.23, 5.47, 3.82, 0.00, 3.84, 5.43, 5.10, 7.23, 9.65, 12.95, 14.15, 17.81, 19.24, 18.13, 19.15, 22.27, 20.85, 20.06, 16.52, 17.39, 19.14, 18.95, 17.62, 14.65, 14.01, 14.40, 12.02, 9.21, 10.83, 10.64, 6.91, 8.28, 11.15, 9.56, 7.92, 11.46, 13.20, 11.65, 12.66, 16.05, 16.64, 15.77, 18.32, 20.93, 20.50, 20.95, 24.06, 25.54, 25.16, 24.00, 25.44, 24.12, 20.54, 21.12, 22.55, 19.73, 17.21, 19.32, 18.13, 14.77, 17.17, 18.35, 14.99, 14.58, 18.18, 18.04, 15.16, 16.66, 19.96, 18.84, 16.85, 17.41
 6.89, 8.05, 7.93, 10.93, 10.01, 7.14, 10.03, 12.44, 10.82, 11.05, 14.55, 15.56, 15.08, 16.71, 19.69, 19.86, 20.15, 22.84, 24.96, 24.45, 27.56, 26.55, 24.43, 22.67, 21.39, 20.12, 18.61, 16.84, 15.51, 14.28, 12.67, 10.65, 9.82, 8.69, 6.23, 4.98, 5.44, 3.84, 0.00, 3.81, 5.49, 6.00, 7.63, 11.32, 12.68, 16.02, 18.12, 17.22, 17.57, 20.96, 20.13, 19.47, 16.01, 17.66, 19.55, 19.99, 18.30, 15.04, 15.30, 15.99, 13.03, 10.76, 13.31, 12.90, 9.56, 11.70, 14.42, 12.56, 11.47, 15.14, 16.50, 14.70, 16.06, 19.46, 19.59, 18.60, 21.46, 23.90, 23.04, 23.55, 26.88, 28.04, 27.81, 26.27, 27.69, 26.77, 23.11, 23.24, 24.91, 22.44, 19.53, 21.40, 20.61, 16.99, 18.82, 20.35, 17.09, 15.88, 19.35, 19.54, 16.31, 17.06, 20.56, 19.44, 16.81, 16.87
 7.81, 7.12, 5.31, 8.53, 8.88, 6.02, 7.74, 10.94, 10.38, 10.00, 13.06, 14.91, 14.92, 15.86, 18.84, 19.75, 20.01, 22.18, 24.61, 24.64, 28.02, 27.43, 25.54, 24.17, 22.45, 20.87, 19.95, 18.43, 16.39, 15.07, 14.40, 12.24, 10.31, 9.86, 8.63, 6.05, 5.02, 5.43, 3.81, 0.00, 3.82, 5.48, 5.52, 8.65, 9.27, 12.71, 14.58, 13.99, 14.75, 18.21, 17.48, 17.40, 14.28, 16.13, 17.39, 17.66, 15.45, 12.49, 13.30, 13.46, 10.07, 8.72, 11.52, 10.51, 7.88, 10.96, 13.16, 11.35, 11.45, 15.05, 15.98, 14.80, 16.81, 19.75, 19.83, 19.56, 22.50, 24.59, 23.95, 25.00, 28.11, 29.12, 28.40, 26.73, 27.65, 26.64, 23.16, 22.90, 24.13, 21.76, 18.76, 20.00, 19.03, 15.32, 16.58, 17.89, 14.60, 13.03, 16.23, 16.37, 12.95, 13.46, 16.93, 15.79, 13.05, 13.08
 11.02, 10.31, 8.49, 11.89, 12.67, 9.75, 10.95, 14.42, 13.75, 12.69, 15.85, 17.98, 17.49, 17.99, 21.32, 22.24, 21.93, 24.11, 26.84, 26.71, 29.98, 29.11, 26.88, 25.79, 24.44, 22.44, 21.20, 20.22, 18.42, 16.39, 15.67, 14.32, 12.17, 10.64, 9.98, 8.58, 6.13, 5.10, 5.49, 3.82, 0.00, 3.85, 5.58, 8.23, 9.63, 13.40, 14.56, 13.12, 14.26, 17.26, 15.78, 15.22, 11.86, 13.06, 14.49, 14.59, 12.95, 9.81, 9.92, 10.55, 7.72, 5.35, 8.39, 8.46, 6.05, 8.45, 11.25, 10.53, 10.47, 13.61, 15.25, 14.75, 16.22, 19.09, 19.90, 19.78, 22.23, 24.61, 24.52, 25.35, 28.23, 29.68, 28.84, 27.64, 28.56, 27.06, 23.71, 23.92, 24.78, 21.96, 19.45, 20.74, 19.10, 15.67, 17.29, 17.85, 14.20, 13.52, 16.57, 15.85, 12.41, 13.87, 16.86, 15.08, 12.77, 13.88
 10.17, 9.44, 8.81, 12.59, 13.29, 11.12, 13.03, 16.21, 15.67, 15.41, 18.53, 20.33, 20.17, 21.11, 24.24, 24.99, 25.03, 27.35, 29.86, 29.65, 32.89, 31.94, 29.70, 28.26, 27.00, 25.35, 23.89, 22.52, 21.02, 19.31, 18.05, 16.42, 14.93, 13.40, 11.76, 10.53, 9.20, 7.23, 6.00, 5.48, 3.85, 0.00, 3.84, 6.95, 9.65, 13.07, 14.78, 12.85, 13.00, 15.95, 14.74, 13.63, 10.07, 11.88, 14.03, 15.10, 13.75, 10.09, 10.77, 12.48, 9.84, 7.61, 11.15, 11.90, 9.82, 11.72, 14.85, 14.33, 13.91, 17.01, 18.92, 18.21, 19.38, 22.49, 23.34, 22.86, 25.29, 27.87, 27.62, 28.16, 31.20, 32.71, 32.14, 30.91, 32.03, 30.64, 27.19, 27.43, 28.47, 25.69, 23.11, 24.47, 22.93, 19.46, 20.96, 21.56, 17.92, 17.03, 19.90, 19.12, 15.49, 16.60, 19.47, 17.33, 14.58, 15.69
 9.47, 7.35, 6.28, 9.95, 11.48, 10.13, 11.52, 14.69, 15.04, 15.03, 17.58, 19.62, 20.15, 20.95, 23.74, 24.95, 25.35, 27.30, 29.76, 30.02, 33.45, 32.93, 31.05, 29.63, 27.91, 26.38, 25.42, 23.84, 21.87, 20.57, 19.75, 17.58, 15.82, 15.15, 13.63, 11.37, 10.33, 9.65, 7.63, 5.52, 5.58, 3.84, 0.00, 3.79, 6.25, 9.42, 11.58, 10.15, 10.00, 13.38, 12.90, 12.65, 9.71, 12.41, 13.85, 15.16, 13.01, 9.63, 11.57, 12.76, 9.51, 8.78, 12.54, 12.50, 11.10, 13.82, 16.34, 15.50, 15.89, 19.10, 20.44, 19.81, 21.58, 24.45, 24.92, 24.78, 27.49, 29.72, 29.32, 30.25, 33.30, 34.49, 33.70, 32.15, 32.95, 31.77, 28.40, 28.13, 29.08, 26.61, 23.76, 24.62, 23.30, 19.71, 20.52, 21.24, 17.80, 16.24, 18.73, 18.20, 14.40, 14.74, 17.59, 15.54, 12.28, 12.95
 12.58, 9.70, 8.11, 11.11, 13.58, 12.74, 13.24, 16.51, 17.55, 17.28, 19.33, 21.78, 22.62, 22.97, 25.66, 27.30, 27.67, 29.24, 31.86, 32.46, 36.01, 35.72, 33.95, 32.75, 30.85, 29.16, 28.46, 27.05, 24.79, 23.43, 23.00, 20.85, 18.72, 18.23, 17.12, 14.64, 13.20, 12.95, 11.32, 8.65, 8.23, 6.95, 3.79, 0.00, 3.81, 6.51, 8.31, 6.52, 6.28, 9.68, 9.44, 9.86, 7.76, 10.90, 11.60, 13.22, 10.72, 7.76, 10.74, 11.84, 8.79, 9.38, 13.07, 13.04, 12.75, 15.51, 17.62, 17.22, 18.22, 21.13, 22.32, 22.20, 24.14, 26.70, 27.27, 27.53, 30.16, 32.23, 32.04, 33.21, 36.10, 37.26, 36.19, 34.64, 35.11, 33.82, 30.64, 30.19, 30.77, 28.36, 25.61, 25.99, 24.45, 21.03, 21.33, 21.62, 18.30, 16.68, 18.50, 17.62, 13.82, 13.91, 16.16, 13.69, 10.31, 11.40
 13.40, 10.03, 7.42, 9.38, 12.59, 12.07, 11.51, 14.74, 16.45, 15.95, 17.35, 20.14, 21.34, 21.29, 23.72, 25.80, 26.27, 27.39, 30.06, 31.07, 34.73, 34.81, 33.35, 32.37, 30.13, 28.38, 28.18, 26.84, 24.17, 23.00, 23.14, 20.83, 18.32, 18.47, 17.85, 14.84, 13.35, 14.15, 12.68, 9.27, 9.63, 9.65, 6.25, 3.81, 0.00, 3.81, 5.53, 5.53, 6.44, 9.97, 10.26, 11.89, 10.58, 13.38, 13.10, 14.04, 10.75, 8.86, 12.05, 11.96, 8.56, 10.38, 13.55, 12.53, 12.80, 16.06, 17.40, 16.68, 18.38, 21.24, 21.79, 21.83, 24.28, 26.48, 26.70, 27.37, 30.16, 31.83, 31.60, 33.19, 35.96, 36.83, 35.47, 33.71, 33.81, 32.67, 29.66, 28.80, 29.18, 27.08, 24.24, 24.12, 22.77, 19.41, 19.10, 19.44, 16.48, 14.38, 15.74, 15.20, 11.52, 10.84, 13.06, 11.00, 7.30, 7.76
 15.49, 11.76, 9.67, 10.56, 14.11, 14.49, 13.63, 16.33, 18.64, 18.46, 19.27, 22.02, 23.73, 23.62, 25.64, 27.97, 28.73, 29.55, 32.08, 33.41, 37.13, 37.50, 36.30, 35.29, 32.82, 31.24, 31.29, 29.81, 26.98, 26.12, 26.40, 23.84, 21.41, 21.93, 21.22, 17.99, 16.84, 17.81, 16.02, 12.71, 13.40, 13.07, 9.42, 6.51, 3.81, 0.00, 3.80, 5.48, 5.33, 8.61, 10.22, 12.65, 12.36, 15.44, 14.71, 15.96, 12.55, 11.38, 14.95, 14.78, 11.74, 13.99, 17.01, 15.87, 16.46, 19.76, 20.86, 20.09, 22.01, 24.83, 25.16, 25.23, 27.85, 29.93, 29.97, 30.76, 33.65, 35.14, 34.81, 36.56, 39.33, 40.01, 38.57, 36.63, 36.53, 35.56, 32.65, 31.49, 31.79, 29.97, 27.05, 26.57, 25.42, 22.16, 21.32, 21.66, 19.08, 16.67, 17.40, 17.05, 13.70, 12.22, 13.84, 12.02, 8.38, 8.12
 18.63, 15.04, 12.42, 13.30, 16.96, 16.85, 15.43, 18.39, 20.72, 19.90, 20.55, 23.70, 25.18, 24.53, 26.67, 29.27, 29.65, 30.19, 33.00, 34.47, 38.19, 38.61, 37.36, 36.71, 34.26, 32.33, 32.50, 31.42, 28.45, 27.25, 27.87, 25.65, 22.82, 23.17, 23.00, 19.92, 18.13, 19.24, 18.12, 14.58, 14.56, 14.78, 11.58, 8.31, 5.53, 3.80, 0.00, 3.81, 5.80, 7.77, 8.80, 11.92, 12.31, 14.75, 13.12, 13.86, 10.26, 10.24, 13.81, 13.11, 10.72, 13.73, 16.19, 15.06, 16.53, 19.58, 20.24, 19.98, 22.32, 24.69, 24.94, 25.58, 28.20, 29.91, 30.18, 31.38, 34.03, 35.39, 35.44, 37.34, 39.84, 40.62, 38.87, 37.12, 36.74, 35.51, 32.86, 31.73, 31.58, 29.69, 27.09, 26.26, 24.75, 21.84, 20.78, 20.49, 18.07, 16.05, 16.11, 15.20, 12.18, 10.95, 11.59, 9.31, 6.24, 7.11
 18.57, 15.25, 12.93, 14.78, 18.10, 17.51, 16.71, 20.02, 21.80, 20.90, 22.19, 25.25, 26.31, 25.83, 28.36, 30.66, 30.80, 31.69, 34.61, 35.73, 39.38, 39.44, 37.85, 37.13, 35.00, 32.95, 32.70, 31.71, 29.04, 27.48, 27.74, 25.78, 23.06, 22.78, 22.46, 19.80, 17.73, 18.13, 17.22, 13.99, 13.12, 12.85, 10.15, 6.52, 5.53, 5.48, 3.81, 0.00, 3.80, 5.53, 5.39, 8.18, 8.60, 11.01, 9.55, 10.85, 7.66, 7.14, 10.93, 11.08, 9.14, 11.73, 14.43, 14.20, 15.61, 18.20, 19.38, 19.64, 21.58, 23.84, 24.66, 25.39, 27.59, 29.49, 30.20, 31.19, 33.61, 35.32, 35.56, 37.14, 39.66, 40.77, 39.17, 37.70, 37.58, 36.08, 33.32, 32.62, 32.50, 30.23, 27.81, 27.36, 25.48, 22.56, 22.08, 21.53, 18.65, 17.22, 17.72, 16.20, 12.92, 12.77, 13.48, 10.42, 7.67, 9.75
 17.87, 14.49, 13.03, 14.94, 18.08, 18.04, 17.83, 20.84, 22.63, 22.36, 23.73, 26.45, 27.74, 27.72, 30.11, 32.22, 32.69, 33.79, 36.47, 37.51, 41.16, 41.18, 39.61, 38.56, 36.44, 34.70, 34.30, 32.94, 30.44, 29.16, 29.04, 26.80, 24.48, 24.24, 23.33, 20.65, 19.14, 19.15, 17.57, 14.75, 14.26, 13.00, 10.00, 6.28, 6.44, 5.33, 5.80, 3.80, 0.00, 3.81, 5.62, 7.86, 8.48, 11.73, 11.11, 13.37, 10.78, 9.46, 13.25, 14.18, 12.06, 13.92, 17.10, 17.12, 17.91, 20.55, 22.18, 22.19, 23.74, 26.30, 27.30, 27.64, 29.75, 31.98, 32.59, 33.23, 35.80, 37.67, 37.66, 39.05, 41.79, 42.89, 41.53, 39.94, 40.04, 38.71, 35.77, 35.05, 35.24, 33.00, 30.37, 30.14, 28.49, 25.34, 24.95, 24.76, 21.82, 20.12, 20.89, 19.70, 16.28, 15.81, 16.86, 14.06, 10.98, 12.27
 21.56, 18.25, 16.82, 18.69, 21.89, 21.78, 21.45, 24.52, 26.34, 25.88, 27.21, 30.06, 31.29, 31.08, 33.51, 35.73, 36.05, 37.03, 39.84, 40.93, 44.58, 44.59, 42.95, 42.03, 39.96, 38.07, 37.64, 36.45, 33.95, 32.49, 32.41, 30.34, 27.92, 27.48, 26.71, 24.19, 22.43, 22.27, 20.96, 18.21, 17.26, 15.95, 13.38, 9.68, 9.97, 8.61, 7.77, 5.53, 3.81, 0.00, 3.82, 6.70, 8.99, 11.63, 10.38, 12.97, 10.98, 10.54, 14.18, 15.29, 14.02, 16.06, 18.89, 19.30, 20.55, 22.83, 24.37, 24.84, 26.47, 28.73, 29.86, 30.54, 32.51, 34.59, 35.44, 36.23, 38.60, 40.51, 40.73, 42.11, 44.72, 45.94, 44.47, 43.04, 43.03, 41.52, 38.70, 38.07, 38.01, 35.69, 33.27, 32.89, 30.98, 28.06, 27.60, 27.00, 24.12, 22.75, 23.13, 21.51, 18.38, 18.14, 18.49, 15.39, 12.98, 14.75
 21.94, 18.94, 17.20, 19.55, 22.59, 21.83, 21.54, 24.95, 26.38, 25.50, 27.15, 30.13, 30.91, 30.53, 33.29, 35.40, 35.33, 36.43, 39.44, 40.32, 43.90, 43.67, 41.79, 41.05, 39.22, 37.07, 36.44, 35.56, 33.18, 31.33, 31.25, 29.57, 27.01, 26.14, 25.64, 23.49, 21.26, 20.85, 20.13, 17.48, 15.78, 14.74, 12.90, 9.44, 10.26, 10.22, 8.80, 5.39, 5.62, 3.82, 0.00, 3.79, 6.43, 8.27, 6.59, 9.29, 7.85, 7.60, 10.92, 12.33, 11.78, 13.64, 16.15, 17.09, 18.58, 20.39, 21.98, 22.94, 24.48, 26.41, 27.82, 28.78, 30.47, 32.45, 33.65, 34.49, 36.59, 38.62, 39.13, 40.38, 42.83, 44.31, 42.79, 41.64, 41.69, 39.89, 37.15, 36.83, 36.61, 34.03, 31.89, 31.66, 29.40, 26.65, 26.54, 25.58, 22.52, 21.71, 22.20, 20.09, 17.02, 17.56, 17.80, 14.29, 12.38, 14.98
 21.80, 19.27, 17.96, 20.82, 23.43, 22.38, 22.65, 26.14, 27.09, 26.29, 28.38, 31.16, 31.62, 31.50, 34.48, 36.26, 36.07, 37.51, 40.51, 41.05, 44.52, 43.97, 41.83, 40.96, 39.44, 37.30, 36.29, 35.41, 33.38, 31.36, 30.88, 29.41, 27.12, 25.78, 25.04, 23.36, 21.14, 20.06, 19.47, 17.40, 15.22, 13.63, 12.65, 9.86, 11.89, 12.65, 11.92, 8.18, 7.86, 6.70, 3.79, 0.00, 3.80, 5.37, 5.22, 8.87, 8.75, 7.46, 9.98, 12.47, 12.30, 13.13, 15.73, 17.43, 18.48, 19.78, 21.90, 23.10, 24.10, 25.96, 27.85, 28.71, 29.96, 32.17, 33.66, 34.19, 36.10, 38.44, 39.01, 39.91, 42.41, 44.14, 42.85, 41.91, 42.26, 40.33, 37.47, 37.51, 37.44, 34.60, 32.57, 32.75, 30.36, 27.57, 27.96, 27.02, 23.68, 23.20, 24.16, 21.92, 18.71, 19.76, 20.34, 16.74, 14.85, 17.57
 18.87, 16.73, 15.55, 18.80, 21.00, 19.61, 20.27, 23.80, 24.34, 23.58, 26.01, 28.60, 28.81, 28.92, 32.03, 33.52, 33.30, 35.00, 37.93, 38.22, 41.61, 40.88, 38.62, 37.64, 36.27, 34.20, 32.98, 32.07, 30.23, 28.16, 27.45, 26.08, 23.96, 22.41, 21.53, 20.10, 17.93, 16.52, 16.01, 14.28, 11.86, 10.07, 9.71, 7.76, 10.58, 12.36, 12.31, 8.60, 8.48, 8.99, 6.43, 3.80, 0.00, 3.81, 5.72, 8.86, 8.65, 5.85, 7.94, 10.95, 10.34, 10.26, 13.23, 15.12, 15.58, 16.79, 19.31, 20.35, 20.96, 23.00, 25.08, 25.67, 26.76, 29.19, 30.69, 30.96, 32.88, 35.37, 35.84, 36.57, 39.16, 40.95, 39.85, 38.95, 39.53, 37.63, 34.63, 34.83, 35.01, 32.07, 29.98, 30.51, 28.20, 25.25, 26.03, 25.37, 21.81, 21.39, 22.89, 20.83, 17.40, 18.72, 19.91, 16.48, 14.32, 16.91
 21.54, 19.70, 18.26, 21.57, 23.68, 21.83, 22.36, 26.04, 26.31, 25.13, 27.70, 30.40, 30.20, 30.06, 33.39, 34.83, 34.20, 35.92, 39.03, 39.17, 42.44, 41.52, 39.05, 38.32, 37.20, 34.85, 33.48, 32.96, 31.26, 28.81, 28.16, 27.27, 25.02, 23.05, 22.59, 21.61, 18.98, 17.39, 17.66, 16.13, 13.06, 11.88, 12.41, 10.90, 13.38, 15.44, 14.75, 11.01, 11.73, 11.63, 8.27, 5.37, 3.81, 0.00, 3.80, 6.62, 8.05, 6.04, 6.36, 9.85, 10.59, 10.16, 12.22, 14.85, 15.69, 16.08, 18.52, 20.24, 20.75, 22.22, 24.59, 25.60, 26.31, 28.52, 30.44, 30.83, 32.35, 34.93, 35.78, 36.38, 38.72, 40.77, 39.59, 39.03, 39.60, 37.39, 34.56, 35.09, 35.00, 31.84, 30.16, 30.75, 28.07, 25.47, 26.51, 25.40, 21.83, 22.07, 23.47, 20.95, 17.87, 19.84, 20.67, 17.08, 15.67, 18.75
 23.28, 21.01, 19.03, 21.96, 24.51, 22.76, 22.65, 26.40, 27.07, 25.58, 27.76, 30.78, 30.74, 30.18, 33.41, 35.21, 34.50, 35.84, 39.11, 39.56, 42.92, 42.24, 39.94, 39.48, 38.14, 35.61, 34.58, 34.25, 32.21, 29.73, 29.56, 28.64, 26.00, 24.34, 24.31, 22.98, 20.08, 19.14, 19.55, 17.39, 14.49, 14.03, 13.85, 11.60, 13.10, 14.71, 13.12, 9.55, 11.11, 10.38, 6.59, 5.22, 5.72, 3.80, 0.00, 3.81, 5.32, 5.25, 6.22, 8.59, 9.89, 10.76, 12.28, 14.45, 16.17, 16.79, 18.53, 20.42, 21.57, 22.80, 24.78, 26.20, 27.23, 29.04, 30.89, 31.74, 33.26, 35.54, 36.56, 37.49, 39.65, 41.57, 40.05, 39.46, 39.66, 37.39, 34.79, 35.10, 34.66, 31.63, 30.06, 30.18, 27.38, 25.02, 25.63, 24.14, 20.83, 21.12, 21.94, 19.14, 16.37, 18.28, 18.47, 14.72, 13.84, 17.25
 24.38, 22.20, 19.74, 22.47, 25.03, 22.92, 22.38, 26.20, 26.79, 24.81, 26.87, 30.08, 29.79, 28.81, 32.13, 34.04, 32.98, 34.13, 37.57, 38.05, 41.35, 40.69, 38.38, 38.27, 36.96, 34.16, 33.28, 33.33, 31.20, 28.48, 28.67, 28.08, 25.15, 23.46, 24.03, 22.81, 19.50, 18.95, 19.99, 17.66, 14.59, 15.10, 15.16, 13.22, 14.04, 15.96, 13.86, 10.85, 13.37, 12.97, 9.29, 8.87, 8.86, 6.62, 3.81, 0.00, 3.85, 5.59, 5.03, 6.09, 8.64, 9.88, 10.24, 12.39, 14.77, 15.04, 16.18, 18.47, 19.95, 20.68, 22.50, 24.37, 25.40, 26.80, 28.79, 29.98, 31.28, 33.37, 34.68, 35.77, 37.65, 39.59, 37.83, 37.41, 37.41, 34.94, 32.60, 32.98, 32.21, 29.15, 27.91, 27.86, 24.82, 22.82, 23.44, 21.54, 18.39, 19.20, 19.77, 16.61, 14.34, 16.77, 16.57, 12.90, 12.93, 16.62
 22.10, 19.59, 16.84, 19.25, 22.07, 20.21, 19.32, 23.09, 24.04, 22.12, 23.88, 27.20, 27.25, 26.22, 29.33, 31.47, 30.67, 31.63, 35.00, 35.76, 39.19, 38.82, 36.77, 36.61, 34.98, 32.30, 31.73, 31.58, 29.15, 26.72, 27.15, 26.19, 23.11, 21.94, 22.51, 20.76, 17.58, 17.62, 18.30, 15.45, 12.95, 13.75, 13.01, 10.72, 10.75, 12.55, 10.26, 7.66, 10.78, 10.98, 7.85, 8.75, 8.65, 8.05, 5.32, 3.85, 0.00, 3.82, 5.40, 5.02, 6.17, 8.68, 9.66, 10.69, 13.22, 14.43, 15.28, 16.96, 18.89, 20.07, 21.38, 23.05, 24.62, 26.04, 27.57, 28.89, 30.58, 32.42, 33.45, 34.84, 36.87, 38.49, 36.65, 35.88, 35.71, 33.52, 31.10, 31.08, 30.39, 27.60, 26.00, 25.70, 22.94, 20.69, 20.88, 19.25, 16.16, 16.38, 16.81, 13.95, 11.35, 13.31, 13.23, 9.49, 9.15, 12.82
 18.90, 16.62, 14.25, 17.14, 19.63, 17.70, 17.45, 21.24, 21.88, 20.34, 22.51, 25.53, 25.53, 25.00, 28.20, 30.01, 29.41, 30.77, 33.97, 34.46, 37.88, 37.32, 35.16, 34.66, 33.14, 30.69, 29.84, 29.38, 27.18, 24.85, 24.84, 23.73, 20.97, 19.61, 19.68, 18.05, 15.12, 14.65, 15.04, 12.49, 9.81, 10.09, 9.63, 7.76, 8.86, 11.38, 10.24, 7.14, 9.46, 10.54, 7.60, 7.46, 5.85, 6.04, 5.25, 5.59, 3.82, 0.00, 3.84, 5.39, 4.97, 6.26, 8.58, 9.99, 11.47, 12.86, 14.57, 15.85, 17.21, 18.91, 20.55, 21.68, 23.11, 25.04, 26.50, 27.35, 29.21, 31.34, 32.08, 33.21, 35.52, 37.19, 35.69, 34.82, 35.03, 32.99, 30.25, 30.34, 30.11, 27.22, 25.34, 25.51, 22.98, 20.30, 20.91, 19.86, 16.40, 16.32, 17.55, 15.18, 11.96, 13.80, 14.74, 11.27, 9.78, 12.97
 20.29, 18.60, 16.25, 19.30, 21.36, 18.87, 18.76, 22.60, 22.70, 20.78, 23.27, 26.21, 25.65, 25.01, 28.48, 30.03, 29.00, 30.52, 33.84, 34.03, 37.26, 36.40, 33.97, 33.66, 32.49, 29.81, 28.69, 28.63, 26.70, 23.95, 23.88, 23.35, 20.60, 18.68, 19.13, 18.16, 14.85, 14.01, 15.30, 13.30, 9.92, 10.77, 11.57, 10.74, 12.05, 14.95, 13.81, 10.93, 13.25, 14.18, 10.92, 9.98, 7.94, 6.36, 6.22, 5.03, 5.40, 3.84, 0.00, 3.84, 5.47, 5.13, 6.13, 8.80, 10.32, 10.58, 12.45, 14.45, 15.45, 16.58, 18.67, 20.11, 21.03, 22.84, 24.76, 25.59, 27.04, 29.34, 30.42, 31.33, 33.43, 35.39, 33.90, 33.42, 33.75, 31.41, 28.77, 29.31, 28.95, 25.77, 24.30, 24.77, 21.90, 19.54, 20.70, 19.35, 15.79, 16.54, 18.00, 15.31, 12.51, 15.19, 16.09, 12.80, 12.11, 15.40
 20.95, 19.09, 16.15, 18.69, 20.94, 18.37, 17.53, 21.35, 21.68, 19.30, 21.39, 24.62, 24.06, 22.92, 26.31, 28.18, 26.96, 28.12, 31.58, 32.03, 35.31, 34.70, 32.46, 32.48, 31.10, 28.22, 27.50, 27.71, 25.44, 22.66, 23.19, 22.73, 19.56, 18.04, 19.14, 17.88, 14.29, 14.40, 15.99, 13.46, 10.55, 12.48, 12.76, 11.84, 11.96, 14.78, 13.11, 11.08, 14.18, 15.29, 12.33, 12.47, 10.95, 9.85, 8.59, 6.09, 5.02, 5.39, 3.84, 0.00, 3.84, 5.38, 4.85, 6.32, 9.09, 9.70, 10.40, 12.47, 14.31, 15.16, 16.63, 18.49, 19.84, 21.15, 22.89, 24.24, 25.73, 27.62, 28.82, 30.14, 32.03, 33.78, 31.96, 31.41, 31.37, 28.99, 26.59, 26.90, 26.21, 23.17, 21.82, 21.86, 18.89, 16.77, 17.61, 15.91, 12.53, 13.53, 14.60, 11.65, 9.21, 12.24, 12.80, 9.71, 9.84, 13.25
 17.44, 15.40, 12.35, 14.85, 17.16, 14.75, 13.93, 17.76, 18.28, 16.19, 18.27, 21.45, 21.23, 20.37, 23.63, 25.53, 24.73, 25.96, 29.25, 29.81, 33.23, 32.79, 30.75, 30.48, 28.83, 26.22, 25.65, 25.42, 22.99, 20.59, 21.06, 20.08, 16.95, 15.87, 16.62, 14.84, 11.52, 12.02, 13.03, 10.07, 7.72, 9.84, 9.51, 8.79, 8.56, 11.74, 10.72, 9.14, 12.06, 14.02, 11.78, 12.30, 10.34, 10.59, 9.89, 8.64, 6.17, 4.97, 5.47, 3.84, 0.00, 3.84, 5.47, 5.33, 7.28, 9.34, 10.36, 11.25, 13.18, 14.93, 16.05, 17.26, 19.09, 20.79, 21.98, 23.11, 25.12, 26.95, 27.66, 29.10, 31.33, 32.79, 31.11, 30.14, 30.19, 28.20, 25.52, 25.47, 25.18, 22.38, 20.45, 20.54, 18.06, 15.34, 15.99, 15.05, 11.51, 11.49, 13.05, 10.89, 7.54, 9.91, 11.43, 8.63, 7.48, 10.38
 16.21, 14.92, 12.43, 15.48, 17.06, 14.19, 14.25, 18.03, 17.78, 15.84, 18.58, 21.33, 20.64, 20.23, 23.74, 25.09, 24.17, 25.91, 29.10, 29.17, 32.41, 31.56, 29.21, 28.74, 27.48, 24.92, 23.83, 23.60, 21.62, 19.00, 18.91, 18.25, 15.49, 13.68, 14.19, 13.12, 9.72, 9.21, 10.76, 8.72, 5.35, 7.61, 8.78, 9.38, 10.38, 13.99, 13.73, 11.73, 13.92, 16.06, 13.64, 13.13, 10.26, 10.16, 10.76, 9.88, 8.68, 6.26, 5.13, 5.38, 3.84, 0.00, 3.85, 5.42, 5.55, 6.83, 9.16, 10.18, 11.03, 12.95, 14.82, 15.66, 16.92, 19.08, 20.57, 21.19, 23.05, 25.31, 26.00, 27.00, 29.36, 31.09, 29.76, 29.00, 29.50, 27.44, 24.53, 24.95, 25.01, 21.91, 20.05, 20.85, 18.38, 15.55, 17.03, 16.42, 12.64, 13.01, 15.32, 13.43, 10.26, 12.81, 14.80, 12.33, 11.05, 13.47
 19.24, 18.19, 15.47, 18.16, 19.62, 16.45, 16.05, 19.74, 19.27, 16.72, 19.32, 22.19, 21.02, 20.09, 23.75, 25.11, 23.63, 25.21, 28.61, 28.61, 31.70, 30.75, 28.26, 28.26, 27.21, 24.26, 23.21, 23.60, 21.67, 18.61, 18.95, 18.95, 15.94, 13.90, 15.32, 14.74, 10.95, 10.83, 13.31, 11.52, 8.39, 11.15, 12.54, 13.07, 13.55, 17.01, 16.19, 14.43, 17.10, 18.89, 16.15, 15.73, 13.23, 12.22, 12.28, 10.24, 9.66, 8.58, 6.13, 4.85, 5.47, 3.85, 0.00, 3.84, 5.32, 4.89, 6.33, 8.60, 9.75, 10.59, 12.56, 14.21, 15.20, 16.78, 18.70, 19.74, 21.15, 23.28, 24.48, 25.54, 27.50, 29.41, 27.82, 27.42, 27.75, 25.32, 22.72, 23.44, 23.06, 19.76, 18.48, 19.21, 16.27, 14.04, 15.83, 14.60, 10.92, 12.40, 14.49, 12.14, 9.85, 13.18, 14.67, 12.48, 12.33, 14.96
 18.26, 17.02, 13.85, 15.93, 17.49, 14.37, 13.27, 16.87, 16.69, 13.81, 16.02, 19.13, 18.15, 16.87, 20.41, 22.10, 20.70, 21.97, 25.43, 25.76, 29.00, 28.40, 26.25, 26.38, 24.92, 21.96, 21.44, 21.79, 19.40, 16.57, 17.52, 17.24, 13.81, 12.57, 14.42, 13.22, 9.42, 10.64, 12.90, 10.51, 8.46, 11.90, 12.50, 13.04, 12.53, 15.87, 15.06, 14.20, 17.12, 19.30, 17.09, 17.43, 15.12, 14.85, 14.45, 12.39, 10.69, 9.99, 8.80, 6.32, 5.33, 5.42, 3.84, 0.00, 3.87, 5.51, 5.22, 6.28, 8.74, 10.00, 10.82, 12.43, 14.32, 15.63, 16.90, 18.34, 20.17, 21.83, 22.79, 24.36, 26.35, 27.82, 25.99, 25.22, 25.23, 23.05, 20.47, 20.68, 20.26, 17.26, 15.63, 15.97, 13.23, 10.74, 12.15, 11.14, 7.37, 8.56, 10.81, 8.88, 6.55, 9.86, 11.71, 10.26, 10.23, 12.29
 15.44, 14.87, 12.16, 14.52, 15.34, 11.86, 11.58, 15.03, 14.15, 11.57, 14.46, 17.07, 15.80, 15.21, 18.88, 20.03, 18.81, 20.66, 23.87, 23.79, 26.97, 26.11, 23.79, 23.52, 22.23, 19.50, 18.58, 18.63, 16.53, 13.71, 14.12, 13.80, 10.67, 9.00, 10.62, 9.77, 5.90, 6.91, 9.56, 7.88, 6.05, 9.82, 11.10, 12.75, 12.80, 16.46, 16.53, 15.61, 17.91, 20.55, 18.58, 18.48, 15.58, 15.69, 16.17, 14.77, 13.22, 11.47, 10.32, 9.09, 7.28, 5.55, 5.32, 3.87, 0.00, 3.84, 5.36, 4.86, 5.99, 8.47, 9.74, 10.25, 12.01, 14.13, 15.21, 15.94, 18.08, 20.10, 20.63, 21.89, 24.26, 25.76, 24.38, 23.48, 24.01, 22.07, 19.05, 19.46, 19.73, 16.66, 14.64, 15.80, 13.60, 10.58, 12.70, 12.72, 9.02, 9.59, 12.74, 11.77, 9.25, 11.79, 14.45, 13.30, 12.42, 13.77
 18.22, 18.08, 15.70, 18.23, 18.78, 15.16, 15.19, 18.45, 17.12, 14.46, 17.47, 19.82, 17.96, 17.31, 21.12, 21.89, 20.15, 22.18, 25.43, 24.93, 27.80, 26.51, 23.80, 23.78, 23.05, 20.08, 18.70, 19.31, 17.76, 14.42, 14.59, 15.20, 12.43, 9.84, 11.81, 12.13, 8.44, 8.28, 11.70, 10.96, 8.45, 11.72, 13.82, 15.51, 16.06, 19.76, 19.58, 18.20, 20.55, 22.83, 20.39, 19.78, 16.79, 16.08, 16.79, 15.04, 14.43, 12.86, 10.58, 9.70, 9.34, 6.83, 4.89, 5.51, 3.84, 0.00, 3.86, 5.45, 5.14, 6.21, 8.76, 9.87, 10.45, 12.47, 14.44, 15.07, 16.48, 18.87, 19.94, 20.77, 22.86, 24.85, 23.54, 23.24, 23.98, 21.60, 18.75, 19.88, 19.95, 16.47, 15.21, 16.78, 14.14, 11.86, 14.60, 14.10, 10.59, 12.27, 15.18, 13.73, 11.85, 14.93, 17.09, 15.76, 15.43, 17.23
 20.48, 20.10, 17.28, 19.21, 19.95, 16.39, 15.58, 18.66, 17.58, 14.33, 16.75, 19.38, 17.42, 15.99, 19.73, 20.84, 18.70, 20.22, 23.72, 23.50, 26.35, 25.32, 22.82, 23.37, 22.45, 19.13, 18.31, 19.44, 17.52, 14.10, 15.23, 16.06, 12.84, 10.97, 13.78, 13.78, 10.09, 11.15, 14.42, 13.16, 11.25, 14.85, 16.34, 17.62, 17.40, 20.86, 20.24, 19.38, 22.18, 24.37, 21.98, 21.90, 19.31, 18.52, 18.53, 16.18, 15.28, 14.57, 12.45, 10.40, 10.36, 9.16, 6.33, 5.22, 5.36, 3.86, 0.00, 3.80, 5.51, 5.12, 6.34, 8.71, 9.89, 10.77, 12.66, 14.23, 15.49, 17.24, 18.68, 20.06, 21.72, 23.50, 21.66, 21.41, 21.63, 19.05, 16.60, 17.57, 17.06, 13.59, 12.73, 13.83, 10.77, 9.08, 11.81, 10.80, 7.63, 10.19, 12.73, 11.26, 10.38, 13.65, 15.42, 14.71, 15.17, 16.82
 18.09, 17.94, 15.17, 16.67, 17.02, 13.44, 12.54, 15.29, 14.02, 10.67, 13.14, 15.62, 13.63, 12.31, 16.10, 17.15, 15.23, 16.92, 20.31, 20.14, 23.16, 22.31, 20.03, 20.36, 19.11, 15.94, 15.39, 16.21, 13.98, 10.77, 12.23, 12.72, 9.28, 8.07, 11.17, 10.84, 7.49, 9.56, 12.56, 11.35, 10.53, 14.33, 15.50, 17.22, 16.68, 20.09, 19.98, 19.64, 22.19, 24.84, 22.94, 23.10, 20.35, 20.24, 20.42, 18.47, 16.96, 15.85, 14.45, 12.47, 11.25, 10.18, 8.60, 6.28, 4.86, 5.45, 3.80, 0.00, 3.82, 5.39, 5.13, 6.19, 8.59, 9.93, 10.73, 12.16, 14.25, 15.76, 16.52, 18.21, 20.26, 21.59, 19.87, 19.05, 19.36, 17.28, 14.42, 14.93, 14.99, 11.82, 10.06, 11.45, 9.18, 6.50, 9.53, 9.76, 6.73, 8.27, 11.53, 11.21, 10.13, 12.62, 15.10, 15.02, 14.95, 15.76
 17.54, 18.13, 16.01, 17.90, 17.58, 13.80, 13.92, 16.41, 14.35, 11.54, 14.64, 16.38, 13.88, 13.42, 17.24, 17.47, 15.53, 17.92, 20.97, 20.11, 22.84, 21.42, 18.69, 18.67, 18.01, 15.01, 13.58, 14.40, 12.97, 9.44, 9.90, 11.08, 8.44, 5.84, 8.97, 9.92, 7.02, 7.92, 11.47, 11.45, 10.47, 13.91, 15.89, 18.22, 18.38, 22.01, 22.32, 21.58, 23.74, 26.47, 24.48, 24.10, 20.96, 20.75, 21.57, 19.95, 18.89, 17.21, 15.45, 14.31, 13.18, 11.03, 9.75, 8.74, 5.99, 5.14, 5.51, 3.82, 0.00, 3.82, 5.44, 4.99, 6.04, 8.62, 9.88, 10.18, 12.14, 14.43, 15.05, 16.02, 18.37, 20.09, 18.96, 18.42, 19.46, 17.39, 14.21, 15.43, 16.12, 12.76, 11.20, 13.58, 11.72, 9.34, 12.77, 13.34, 10.52, 11.85, 15.27, 14.98, 13.62, 16.03, 18.71, 18.33, 17.88, 18.72
 21.35, 21.87, 19.59, 21.43, 21.28, 17.52, 17.31, 19.76, 17.77, 14.70, 17.40, 19.19, 16.41, 15.40, 19.13, 19.34, 16.78, 18.87, 22.07, 21.09, 23.48, 21.87, 18.96, 19.60, 19.35, 15.97, 14.56, 16.25, 15.10, 11.31, 12.19, 14.11, 11.64, 9.19, 12.47, 13.71, 10.81, 11.46, 15.14, 15.05, 13.61, 17.01, 19.10, 21.13, 21.24, 24.83, 24.69, 23.84, 26.30, 28.73, 26.41, 25.96, 23.00, 22.22, 22.80, 20.68, 20.07, 18.91, 16.58, 15.16, 14.93, 12.95, 10.59, 10.00, 8.47, 6.21, 5.12, 5.39, 3.82, 0.00, 3.83, 5.46, 5.06, 6.31, 8.82, 9.78, 10.62, 12.85, 14.41, 15.31, 16.97, 19.07, 17.63, 17.79, 18.66, 15.98, 13.33, 15.19, 15.25, 11.52, 11.14, 13.48, 11.04, 9.87, 13.49, 13.31, 10.97, 13.33, 16.24, 15.53, 14.93, 17.79, 19.90, 19.58, 19.81, 20.99
 22.01, 22.37, 19.83, 21.03, 20.88, 17.30, 16.44, 18.48, 16.69, 13.26, 15.31, 17.17, 14.33, 12.66, 16.24, 16.70, 13.86, 15.52, 18.89, 18.21, 20.69, 19.48, 16.95, 18.04, 17.36, 13.74, 13.18, 15.16, 13.48, 9.88, 11.92, 13.71, 10.88, 9.64, 13.38, 14.05, 11.45, 13.20, 16.50, 15.98, 15.25, 18.92, 20.44, 22.32, 21.79, 25.16, 24.94, 24.66, 27.30, 29.86, 27.82, 27.85, 25.08, 24.59, 24.78, 22.50, 21.38, 20.55, 18.67, 16.63, 16.05, 14.82, 12.56, 10.82, 9.74, 8.76, 6.34, 5.13, 5.44, 3.83, 0.00, 3.82, 5.44, 5.12, 6.38, 8.61, 9.94, 11.10, 12.56, 14.36, 15.82, 17.31, 15.34, 15.12, 15.47, 12.88, 10.32, 11.75, 11.55, 7.88, 7.48, 9.71, 7.43, 6.71, 10.45, 10.59, 9.10, 11.44, 14.16, 14.11, 14.18, 16.63, 18.70, 19.11, 19.59, 20.27
 19.79, 20.68, 18.61, 19.66, 18.87, 15.31, 14.98, 16.53, 14.15, 11.12, 13.52, 14.69, 11.50, 10.62, 14.21, 14.02, 11.43, 13.85, 16.82, 15.71, 18.23, 16.79, 14.15, 14.71, 14.05, 10.65, 9.71, 11.41, 9.92, 6.18, 8.14, 10.14, 7.79, 6.69, 10.52, 11.58, 9.85, 11.65, 14.70, 14.80, 14.75, 18.21, 19.81, 22.20, 21.83, 25.23, 25.58, 25.39, 27.64, 30.54, 28.78, 28.71, 25.67, 25.60, 26.20, 24.37, 23.05, 21.68, 20.11, 18.49, 17.26, 15.66, 14.21, 12.43, 10.25, 9.87, 8.71, 6.19, 4.99, 5.46, 3.82, 0.00, 3.85, 5.41, 5.15, 6.01, 8.55, 10.05, 10.42, 12.07, 14.29, 15.54, 14.21, 13.46, 14.51, 12.63, 9.27, 10.64, 11.70, 8.53, 7.02, 10.21, 9.28, 7.69, 11.41, 12.70, 11.16, 12.43, 15.67, 16.26, 15.78, 17.69, 20.34, 20.84, 20.69, 20.88
 21.67, 22.92, 21.16, 22.63, 21.66, 17.99, 18.20, 19.81, 17.12, 14.46, 17.13, 17.96, 14.56, 14.14, 17.56, 16.82, 14.10, 16.76, 19.44, 17.72, 19.68, 17.58, 14.37, 14.96, 15.27, 12.02, 10.06, 12.24, 11.92, 8.15, 8.84, 11.77, 10.36, 8.16, 11.53, 13.59, 11.95, 12.66, 16.06, 16.81, 16.22, 19.38, 21.58, 24.14, 24.28, 27.85, 28.20, 27.59, 29.75, 32.51, 30.47, 29.96, 26.76, 26.31, 27.23, 25.40, 24.62, 23.11, 21.03, 19.84, 19.09, 16.92, 15.20, 14.32, 12.01, 10.45, 9.89, 8.59, 6.04, 5.06, 5.44, 3.85, 0.00, 3.86, 5.53, 4.98, 6.14, 8.86, 9.86, 10.38, 12.45, 14.55, 13.72, 13.88, 15.54, 13.28, 10.20, 12.67, 13.72, 10.35, 9.98, 13.35, 12.15, 11.20, 14.99, 15.81, 14.16, 15.89, 19.04, 19.17, 18.65, 20.94, 23.45, 23.58, 23.48, 24.05
 24.94, 25.93, 23.84, 25.02, 24.28, 20.71, 20.32, 21.83, 19.44, 16.40, 18.45, 19.46, 16.02, 14.80, 17.97, 17.46, 14.17, 16.19, 19.04, 17.47, 19.15, 17.20, 14.20, 15.74, 16.06, 12.45, 11.29, 14.21, 13.66, 10.11, 11.79, 14.69, 12.99, 11.49, 15.10, 16.75, 14.89, 16.05, 19.46, 19.75, 19.09, 22.49, 24.45, 26.70, 26.48, 29.93, 29.91, 29.49, 31.98, 34.59, 32.45, 32.17, 29.19, 28.52, 29.04, 26.80, 26.04, 25.04, 22.84, 21.15, 20.79, 19.08, 16.78, 15.63, 14.13, 12.47, 10.77, 9.93, 8.62, 6.31, 5.12, 5.41, 3.86, 0.00, 3.81, 5.48, 5.17, 6.66, 8.92, 10.11, 11.07, 13.11, 11.48, 12.21, 13.32, 10.43, 8.10, 11.03, 11.28, 7.77, 8.77, 11.86, 10.50, 10.83, 14.48, 14.89, 14.03, 16.28, 18.91, 19.05, 19.29, 21.66, 23.73, 24.21, 24.68, 25.27
 24.28, 25.36, 23.34, 23.98, 22.97, 19.65, 19.07, 19.98, 17.54, 14.61, 16.18, 16.78, 13.22, 11.92, 14.73, 13.99, 10.55, 12.60, 15.29, 13.68, 15.42, 13.71, 11.01, 12.77, 12.69, 8.95, 8.56, 11.67, 10.84, 7.79, 10.33, 13.05, 11.54, 11.12, 14.74, 16.06, 14.85, 16.64, 19.59, 19.83, 19.90, 23.34, 24.92, 27.27, 26.70, 29.97, 30.18, 30.20, 32.59, 35.44, 33.65, 33.66, 30.69, 30.44, 30.89, 28.79, 27.57, 26.50, 24.76, 22.89, 21.98, 20.57, 18.70, 16.90, 15.21, 14.44, 12.66, 10.73, 9.88, 8.82, 6.38, 5.15, 5.53, 3.81, 0.00, 3.84, 5.34, 5.23, 6.27, 8.67, 10.00, 11.00, 9.19, 8.98, 10.10, 7.87, 4.72, 7.47, 8.54, 5.68, 6.09, 9.64, 9.54, 9.82, 13.17, 14.44, 14.13, 15.72, 18.37, 19.26, 19.61, 21.39, 23.68, 24.66, 24.95, 24.97
 23.17, 24.80, 23.30, 24.14, 22.62, 19.30, 19.45, 20.15, 17.16, 14.87, 16.94, 16.88, 13.10, 12.93, 15.65, 14.09, 11.14, 14.03, 16.08, 13.75, 15.19, 12.77, 9.45, 10.42, 11.12, 7.91, 5.97, 9.16, 9.50, 6.54, 7.87, 11.25, 10.81, 9.96, 13.07, 15.13, 14.56, 15.77, 18.60, 19.56, 19.78, 22.86, 24.78, 27.53, 27.37, 30.76, 31.38, 31.19, 33.23, 36.23, 34.49, 34.19, 30.96, 30.83, 31.74, 29.98, 28.89, 27.35, 25.59, 24.24, 23.11, 21.19, 19.74, 18.34, 15.94, 15.07, 14.23, 12.16, 10.18, 9.78, 8.61, 6.01, 4.98, 5.48, 3.84, 0.00, 3.81, 5.47, 5.07, 6.07, 8.61, 10.00, 9.61, 9.40, 11.75, 10.28, 6.94, 9.69, 11.74, 9.38, 9.07, 12.86, 13.02, 12.54, 15.99, 17.58, 16.76, 17.97, 21.02, 21.92, 21.71, 23.43, 26.08, 26.79, 26.61, 26.58
 26.48, 28.11, 26.56, 27.62, 26.23, 22.80, 22.95, 23.85, 20.91, 18.51, 20.56, 20.64, 16.86, 16.43, 19.07, 17.52, 14.34, 16.85, 18.84, 16.37, 17.19, 14.45, 10.96, 12.53, 13.97, 10.93, 8.98, 12.42, 13.21, 10.34, 11.26, 14.83, 14.42, 13.05, 16.10, 18.44, 17.53, 18.32, 21.46, 22.50, 22.23, 25.29, 27.49, 30.16, 30.16, 33.65, 34.03, 33.61, 35.80, 38.60, 36.59, 36.10, 32.88, 32.35, 33.26, 31.28, 30.58, 29.21, 27.04, 25.73, 25.12, 23.05, 21.15, 20.17, 18.08, 16.48, 15.49, 14.25, 12.14, 10.62, 9.94, 8.55, 6.14, 5.17, 5.34, 3.81, 0.00, 3.82, 5.56, 5.25, 6.40, 9.00, 8.68, 9.99, 12.38, 10.23, 7.99, 11.57, 12.91, 10.43, 11.39, 14.93, 14.63, 14.89, 18.41, 19.43, 18.75, 20.53, 23.35, 23.87, 23.94, 26.02, 28.37, 28.95, 29.09, 29.40
 28.49, 29.95, 28.20, 28.82, 27.48, 24.26, 23.93, 24.48, 21.77, 19.22, 20.62, 20.61, 16.88, 15.94, 18.06, 16.57, 13.06, 14.96, 16.82, 14.44, 14.89, 12.43, 9.45, 12.06, 13.25, 10.09, 9.40, 13.19, 13.60, 11.31, 13.15, 16.41, 15.82, 15.27, 18.52, 20.39, 19.56, 20.93, 23.90, 24.59, 24.61, 27.87, 29.72, 32.23, 31.83, 35.14, 35.39, 35.32, 37.67, 40.51, 38.62, 38.44, 35.37, 34.93, 35.54, 33.37, 32.42, 31.34, 29.34, 27.62, 26.95, 25.31, 23.28, 21.83, 20.10, 18.87, 17.24, 15.76, 14.43, 12.85, 11.10, 10.05, 8.86, 6.66, 5.23, 5.47, 3.82, 0.00, 3.83, 5.45, 5.12, 6.58, 5.10, 6.82, 8.89, 6.72, 5.31, 9.11, 10.27, 8.63, 10.29, 13.49, 13.80, 14.79, 17.89, 19.03, 19.10, 20.83, 23.27, 24.15, 24.73, 26.55, 28.71, 29.75, 30.15, 30.18
 26.90, 28.63, 27.20, 27.54, 25.79, 22.83, 22.72, 22.74, 19.82, 17.76, 19.02, 18.37, 14.61, 14.27, 15.96, 13.85, 10.68, 13.06, 14.30, 11.43, 11.75, 8.97, 5.72, 8.26, 9.59, 6.83, 6.23, 10.04, 10.86, 9.43, 11.18, 14.28, 14.35, 14.39, 17.26, 19.10, 18.99, 20.50, 23.04, 23.95, 24.52, 27.62, 29.32, 32.04, 31.60, 34.81, 35.44, 35.56, 37.66, 40.73, 39.13, 39.01, 35.84, 35.78, 36.56, 34.68, 33.45, 32.08, 30.42, 28.82, 27.66, 26.00, 24.48, 22.79, 20.63, 19.94, 18.68, 16.52, 15.05, 14.41, 12.56, 10.42, 9.86, 8.92, 6.27, 5.07, 5.56, 3.83, 0.00, 3.85, 5.39, 5.23, 5.17, 4.96, 8.18, 7.68, 5.36, 8.27, 10.75, 9.89, 10.35, 13.77, 14.91, 15.27, 18.17, 20.01, 20.03, 21.10, 23.77, 25.12, 25.40, 26.78, 29.30, 30.49, 30.49, 30.11
 27.63, 29.72, 28.63, 29.32, 27.34, 24.29, 24.72, 24.86, 21.62, 19.89, 21.64, 20.78, 16.97, 17.24, 19.07, 16.63, 13.87, 16.61, 17.56, 14.34, 14.24, 10.85, 7.18, 8.69, 11.20, 9.28, 7.18, 10.66, 12.57, 11.07, 11.56, 15.08, 15.80, 15.15, 17.56, 20.04, 20.11, 20.95, 23.55, 25.00, 25.35, 28.16, 30.25, 33.21, 33.19, 36.56, 37.34, 37.14, 39.05, 42.11, 40.38, 39.91, 36.57, 36.38, 37.49, 35.77, 34.84, 33.21, 31.33, 30.14, 29.10, 27.00, 25.54, 24.36, 21.89, 20.77, 20.06, 18.21, 16.02, 15.31, 14.36, 12.07, 10.38, 10.11, 8.67, 6.07, 5.25, 5.45, 3.85, 0.00, 3.82, 5.42, 7.29, 8.18, 11.68, 11.04, 9.04, 12.11, 14.48, 13.21, 13.70, 17.29, 18.03, 18.14, 21.32, 23.01, 22.60, 23.79, 26.69, 27.76, 27.73, 29.34, 31.97, 32.81, 32.65, 32.48
 31.19, 33.12, 31.80, 32.45, 30.68, 27.58, 27.71, 27.92, 24.87, 22.86, 24.34, 23.69, 19.90, 19.64, 21.31, 19.09, 15.99, 18.13, 19.09, 16.01, 15.37, 12.14, 9.04, 11.49, 13.94, 11.91, 10.61, 14.24, 15.84, 14.25, 15.18, 18.67, 19.03, 18.36, 21.04, 23.42, 23.14, 24.06, 26.88, 28.11, 28.23, 31.20, 33.30, 36.10, 35.96, 39.33, 39.84, 39.66, 41.79, 44.72, 42.83, 42.41, 39.16, 38.72, 39.65, 37.65, 36.87, 35.52, 33.43, 32.03, 31.33, 29.36, 27.50, 26.35, 24.26, 22.86, 21.72, 20.26, 18.37, 16.97, 15.82, 14.29, 12.45, 11.07, 10.00, 8.61, 6.40, 5.12, 5.39, 3.82, 0.00, 3.81, 5.54, 8.09, 11.15, 10.15, 9.50, 12.87, 14.54, 13.56, 15.01, 18.24, 18.87, 19.71, 22.78, 24.11, 24.10, 25.66, 28.24, 29.19, 29.58, 31.35, 33.67, 34.64, 34.84, 34.80
 31.71, 33.62, 32.31, 32.53, 30.63, 27.81, 27.73, 27.46, 24.53, 22.69, 23.64, 22.64, 19.01, 18.71, 19.74, 17.32, 14.37, 16.15, 16.54, 13.37, 12.14, 9.03, 6.66, 9.83, 12.07, 10.53, 10.28, 13.77, 15.20, 14.42, 15.81, 18.92, 19.39, 19.47, 22.10, 24.11, 24.17, 25.54, 28.04, 29.12, 29.68, 32.71, 34.49, 37.26, 36.83, 40.01, 40.62, 40.77, 42.89, 45.94, 44.31, 44.14, 40.95, 40.77, 41.57, 39.59, 38.49, 37.19, 35.39, 33.78, 32.79, 31.09, 29.41, 27.82, 25.76, 24.85, 23.50, 21.59, 20.09, 19.07, 17.31, 15.54, 14.55, 13.11, 11.00, 10.00, 9.00, 6.58, 5.23, 5.42, 3.81, 0.00, 3.85, 5.55, 8.81, 9.10, 8.89, 11.47, 13.53, 13.56, 14.76, 17.71, 19.08, 20.01, 22.66, 24.38, 24.79, 25.98, 28.40, 29.80, 30.35, 31.72, 34.09, 35.42, 35.58, 35.16
 31.69, 33.19, 31.49, 31.60, 30.09, 27.21, 26.63, 26.57, 24.00, 21.68, 22.35, 21.85, 18.31, 17.25, 18.37, 16.60, 13.20, 14.34, 15.34, 12.82, 12.15, 9.93, 8.09, 11.69, 12.91, 10.51, 11.08, 14.75, 15.25, 14.08, 16.25, 19.17, 18.90, 19.13, 22.22, 23.81, 23.42, 25.16, 27.81, 28.40, 28.84, 32.14, 33.70, 36.19, 35.47, 38.57, 38.87, 39.17, 41.53, 44.47, 42.79, 42.85, 39.85, 39.59, 40.05, 37.83, 36.65, 35.69, 33.90, 31.96, 31.11, 29.76, 27.82, 25.99, 24.38, 23.54, 21.66, 19.87, 18.96, 17.63, 15.34, 14.21, 13.72, 11.48, 9.19, 9.61, 8.68, 5.10, 5.17, 7.29, 5.54, 3.85, 0.00, 3.81, 5.87, 5.39, 6.18, 8.85, 10.17, 10.42, 12.24, 14.77, 16.09, 17.56, 20.00, 21.46, 22.26, 23.65, 25.75, 27.13, 28.06, 29.45, 31.53, 33.04, 33.53, 33.16
 29.50, 30.97, 29.33, 29.08, 27.45, 24.85, 24.16, 23.69, 21.22, 19.12, 19.41, 18.63, 15.24, 14.27, 14.94, 13.02, 9.77, 10.88, 11.58, 9.01, 8.61, 6.84, 5.71, 9.41, 9.78, 7.52, 9.18, 12.46, 12.53, 12.08, 14.64, 17.04, 16.84, 17.78, 20.72, 21.90, 21.89, 24.00, 26.27, 26.73, 27.64, 30.91, 32.15, 34.64, 33.71, 36.63, 37.12, 37.70, 39.94, 43.04, 41.64, 41.91, 38.95, 39.03, 39.46, 37.41, 35.88, 34.82, 33.42, 31.41, 30.14, 29.00, 27.42, 25.22, 23.48, 23.24, 21.41, 19.05, 18.42, 17.79, 15.12, 13.46, 13.88, 12.21, 8.98, 9.40, 9.99, 6.82, 4.96, 8.18, 8.09, 5.55, 3.81, 0.00, 3.81, 5.41, 5.06, 6.30, 8.73, 9.73, 10.53, 12.98, 15.05, 16.09, 18.18, 20.22, 21.12, 21.94, 24.08, 25.91, 26.72, 27.67, 29.95, 31.69, 31.94, 31.18
 30.85, 31.90, 29.92, 29.40, 28.15, 25.67, 24.40, 23.96, 22.00, 19.58, 19.28, 18.92, 15.92, 14.11, 14.43, 13.35, 9.97, 9.72, 10.79, 9.40, 9.34, 9.08, 9.07, 12.60, 12.09, 9.68, 12.09, 15.10, 14.32, 13.85, 16.98, 18.98, 18.15, 19.41, 22.60, 23.26, 22.94, 25.44, 27.69, 27.65, 28.56, 32.03, 32.95, 35.11, 33.81, 36.53, 36.74, 37.58, 40.04, 43.03, 41.69, 42.26, 39.53, 39.60, 39.66, 37.41, 35.71, 35.03, 33.75, 31.37, 30.19, 29.50, 27.75, 25.23, 24.01, 23.98, 21.63, 19.36, 19.46, 18.66, 15.47, 14.51, 15.54, 13.32, 10.10, 11.75, 12.38, 8.89, 8.18, 11.68, 11.15, 8.81, 5.87, 3.81, 0.00, 3.83, 5.39, 5.05, 6.26, 8.55, 9.82, 11.21, 13.61, 15.30, 16.77, 18.64, 20.20, 21.05, 22.65, 24.63, 25.93, 26.71, 28.64, 30.72, 31.31, 30.45
 30.68, 31.59, 29.38, 29.27, 28.31, 25.48, 24.20, 24.36, 22.40, 19.55, 19.72, 19.96, 16.76, 14.67, 15.87, 15.21, 11.47, 11.58, 13.57, 12.31, 12.78, 11.95, 10.84, 14.25, 14.07, 10.93, 12.51, 15.89, 15.05, 13.59, 16.68, 19.03, 17.75, 18.39, 21.88, 22.73, 21.82, 24.12, 26.77, 26.64, 27.06, 30.64, 31.77, 33.82, 32.67, 35.56, 35.51, 36.08, 38.71, 41.52, 39.89, 40.33, 37.63, 37.39, 37.39, 34.94, 33.52, 32.99, 31.41, 28.99, 28.20, 27.44, 25.32, 23.05, 22.07, 21.60, 19.05, 17.28, 17.39, 15.98, 12.88, 12.63, 13.28, 10.43, 7.87, 10.28, 10.23, 6.72, 7.68, 11.04, 10.15, 9.10, 5.39, 5.41, 3.83, 0.00, 3.82, 5.45, 5.09, 6.03, 8.55, 10.15, 11.56, 13.70, 15.63, 16.86, 18.25, 19.73, 21.32, 22.80, 24.21, 25.48, 27.21, 29.02, 29.86, 29.45
 26.98, 28.04, 26.00, 26.02, 24.88, 21.97, 20.98, 21.19, 18.96, 16.20, 16.79, 16.94, 13.51, 11.80, 13.52, 12.61, 8.83, 9.99, 12.27, 10.69, 11.91, 10.70, 8.92, 11.73, 11.36, 7.81, 9.11, 12.41, 11.48, 9.78, 12.88, 15.24, 14.03, 14.66, 18.09, 19.02, 18.28, 20.54, 23.11, 23.16, 23.71, 27.19, 28.40, 30.64, 29.66, 32.65, 32.86, 33.32, 35.77, 38.70, 37.15, 37.47, 34.63, 34.56, 34.79, 32.60, 31.10, 30.25, 28.77, 26.59, 25.52, 24.53, 22.72, 20.47, 19.05, 18.75, 16.60, 14.42, 14.21, 13.33, 10.32, 9.27, 10.20, 8.10, 4.72, 6.94, 7.99, 5.31, 5.36, 9.04, 9.50, 8.89, 6.18, 5.06, 5.39, 3.82, 0.00, 3.84, 5.45, 4.92, 6.07, 8.88, 10.28, 11.45, 13.88, 15.55, 16.30, 17.50, 19.65, 21.16, 22.04, 23.30, 25.43, 27.02, 27.47, 27.02
 26.36, 27.16, 25.01, 24.50, 23.45, 20.92, 19.47, 19.25, 17.47, 14.76, 14.52, 14.64, 11.66, 9.40, 10.43, 10.03, 6.30, 6.39, 8.97, 8.33, 10.23, 10.28, 9.73, 12.27, 10.74, 7.54, 10.19, 12.69, 10.88, 10.10, 13.71, 15.21, 13.76, 15.32, 18.60, 18.81, 18.33, 21.12, 23.24, 22.90, 23.92, 27.43, 28.13, 30.19, 28.80, 31.49, 31.73, 32.62, 35.05, 38.07, 36.83, 37.51, 34.83, 35.09, 35.10, 32.98, 31.08, 30.34, 29.31, 26.90, 25.47, 24.95, 23.44, 20.68, 19.46, 19.88, 17.57, 14.93, 15.43, 15.19, 11.75, 10.64, 12.67, 11.03, 7.47, 9.69, 11.57, 9.11, 8.27, 12.11, 12.87, 11.47, 8.85, 6.30, 5.05, 5.45, 3.84, 0.00, 3.83, 5.44, 5.09, 6.84, 9.54, 10.56, 12.09, 14.35, 15.63, 16.17, 18.02, 20.13, 21.15, 21.83, 23.97, 25.99, 26.38, 25.47
 28.44, 28.83, 26.29, 25.84, 25.32, 22.71, 20.82, 21.03, 19.71, 16.57, 16.15, 17.01, 14.38, 11.44, 12.62, 13.13, 9.57, 8.66, 11.61, 11.74, 13.45, 13.73, 13.18, 15.96, 14.56, 11.28, 13.58, 16.22, 14.21, 12.88, 16.54, 18.04, 15.99, 17.25, 20.80, 20.80, 19.68, 22.55, 24.91, 24.13, 24.78, 28.47, 29.08, 30.77, 29.18, 31.79, 31.58, 32.50, 35.24, 38.01, 36.61, 37.44, 35.01, 35.00, 34.66, 32.21, 30.39, 30.11, 28.95, 26.21, 25.18, 25.01, 23.06, 20.26, 19.73, 19.95, 17.06, 14.99, 16.12, 15.25, 11.55, 11.70, 13.72, 11.28, 8.54, 11.74, 12.91, 10.27, 10.75, 14.48, 14.54, 13.53, 10.17, 8.73, 6.26, 5.09, 5.45, 3.83, 0.00, 3.83, 5.41, 5.44, 7.65, 9.97, 11.09, 12.54, 14.47, 15.58, 16.78, 18.64, 20.29, 21.17, 22.76, 24.92, 25.86, 25.19
 26.67, 27.08, 24.50, 24.58, 24.16, 21.17, 19.55, 20.37, 18.81, 15.43, 15.83, 17.06, 14.14, 11.43, 13.67, 14.11, 10.47, 10.70, 13.97, 13.62, 15.58, 15.11, 13.62, 16.05, 15.03, 11.31, 12.64, 15.41, 13.53, 11.25, 14.65, 16.47, 14.16, 14.70, 18.44, 18.73, 17.16, 19.73, 22.44, 21.76, 21.96, 25.69, 26.61, 28.36, 27.08, 29.97, 29.69, 30.23, 33.00, 35.69, 34.03, 34.60, 32.07, 31.84, 31.63, 29.15, 27.60, 27.22, 25.77, 23.17, 22.38, 21.91, 19.76, 17.26, 16.66, 16.47, 13.59, 11.82, 12.76, 11.52, 7.88, 8.53, 10.35, 7.77, 5.68, 9.38, 10.43, 8.63, 9.89, 13.21, 13.56, 13.56, 10.42, 9.73, 8.55, 6.03, 4.92, 5.44, 3.83, 0.00, 3.81, 5.35, 5.69, 7.88, 10.12, 11.08, 12.23, 13.94, 15.60, 16.85, 18.22, 19.68, 21.36, 23.03, 23.95, 23.75
 23.25, 23.64, 21.14, 21.01, 20.48, 17.61, 15.95, 16.59, 15.06, 11.70, 12.05, 13.31, 10.49, 7.71, 10.31, 11.00, 7.69, 8.35, 11.89, 11.84, 14.53, 14.36, 13.06, 14.74, 13.04, 9.46, 11.06, 13.09, 10.57, 8.57, 12.24, 13.42, 10.90, 12.10, 15.67, 15.52, 14.28, 17.21, 19.53, 18.76, 19.45, 23.11, 23.76, 25.61, 24.24, 27.05, 27.09, 27.81, 30.37, 33.27, 31.89, 32.57, 29.98, 30.16, 30.06, 27.91, 26.00, 25.34, 24.30, 21.82, 20.45, 20.05, 18.48, 15.63, 14.64, 15.21, 12.73, 10.06, 11.20, 11.14, 7.48, 7.02, 9.98, 8.77, 6.09, 9.07, 11.39, 10.29, 10.35, 13.70, 15.01, 14.76, 12.24, 10.53, 9.82, 8.55, 6.07, 5.09, 5.41, 3.81, 0.00, 3.83, 5.29, 5.60, 7.90, 9.98, 10.69, 11.51, 13.67, 15.43, 16.26, 17.28, 19.47, 21.19, 21.62, 21.05
 24.73, 24.59, 21.73, 21.20, 21.21, 18.68, 16.30, 16.93, 16.24, 12.75, 12.15, 14.01, 12.06, 8.49, 10.42, 12.23, 9.41, 8.51, 12.27, 13.32, 16.12, 16.73, 16.06, 17.90, 15.77, 12.50, 14.62, 16.35, 13.41, 11.91, 15.62, 16.23, 13.34, 14.91, 18.35, 17.54, 16.06, 19.32, 21.40, 20.00, 20.74, 24.47, 24.62, 25.99, 24.12, 26.57, 26.26, 27.36, 30.14, 32.89, 31.66, 32.75, 30.51, 30.75, 30.18, 27.86, 25.70, 25.51, 24.77, 21.86, 20.54, 20.85, 19.21, 15.97, 15.80, 16.78, 13.83, 11.45, 13.58, 13.48, 9.71, 10.21, 13.35, 11.86, 9.64, 12.86, 14.93, 13.49, 13.77, 17.29, 18.24, 17.71, 14.77, 12.98, 11.21, 10.15, 8.88, 6.84, 5.44, 5.35, 3.83, 0.00, 3.82, 5.30, 5.66, 7.68, 9.64, 10.25, 11.45, 13.60, 15.14, 15.77, 17.46, 19.70, 20.55, 19.78
 24.76, 24.40, 21.31, 21.35, 21.75, 18.88, 16.59, 18.04, 17.38, 13.62, 13.77, 16.17, 14.16, 10.88, 13.51, 15.28, 12.44, 12.16, 15.95, 16.65, 19.39, 19.50, 18.23, 20.00, 18.28, 14.74, 16.07, 17.95, 15.20, 12.86, 16.20, 17.04, 13.77, 14.49, 18.09, 17.42, 15.18, 18.13, 20.61, 19.03, 19.10, 22.93, 23.30, 24.45, 22.77, 25.42, 24.75, 25.48, 28.49, 30.98, 29.40, 30.36, 28.20, 28.07, 27.38, 24.82, 22.94, 22.98, 21.90, 18.89, 18.06, 18.38, 16.27, 13.23, 13.60, 14.14, 10.77, 9.18, 11.72, 11.04, 7.43, 9.28, 12.15, 10.50, 9.54, 13.02, 14.63, 13.80, 14.91, 18.03, 18.87, 19.08, 16.09, 15.05, 13.61, 11.56, 10.28, 9.54, 7.65, 5.69, 5.29, 3.82, 0.00, 3.82, 5.24, 5.39, 6.98, 8.91, 10.08, 11.24, 12.96, 14.40, 15.77, 17.56, 18.78, 18.70
 20.97, 20.58, 17.53, 17.65, 18.03, 15.10, 12.88, 14.57, 13.91, 10.10, 10.69, 13.36, 11.57, 8.66, 11.87, 13.74, 11.50, 11.91, 15.64, 16.32, 19.48, 19.52, 18.13, 19.19, 17.20, 13.90, 14.93, 16.11, 13.08, 10.78, 13.85, 14.11, 10.56, 11.49, 14.85, 13.81, 11.58, 14.77, 16.99, 15.32, 15.67, 19.46, 19.71, 21.03, 19.41, 22.16, 21.84, 22.56, 25.34, 28.06, 26.65, 27.57, 25.25, 25.47, 25.02, 22.82, 20.69, 20.30, 19.54, 16.77, 15.34, 15.55, 14.04, 10.74, 10.58, 11.86, 9.08, 6.50, 9.34, 9.87, 6.71, 7.69, 11.20, 10.83, 9.82, 12.54, 14.89, 14.79, 15.27, 18.14, 19.71, 20.01, 17.56, 16.09, 15.30, 13.70, 11.45, 10.56, 9.97, 7.88, 5.60, 5.30, 3.82, 0.00, 3.81, 5.43, 5.20, 6.16, 8.58, 10.01, 10.68, 11.95, 14.08, 15.61, 16.17, 15.91
 21.92, 21.02, 17.73, 17.21, 18.07, 15.73, 12.75, 14.16, 14.45, 10.82, 10.18, 13.30, 12.47, 9.09, 11.46, 14.23, 12.56, 11.94, 15.63, 17.17, 20.48, 21.19, 20.40, 21.49, 19.02, 16.04, 17.69, 18.54, 15.13, 13.56, 16.76, 16.41, 12.84, 14.43, 17.41, 15.67, 13.68, 17.17, 18.82, 16.58, 17.29, 20.96, 20.52, 21.33, 19.10, 21.32, 20.78, 22.08, 24.95, 27.60, 26.54, 27.96, 26.03, 26.51, 25.63, 23.44, 20.88, 20.91, 20.70, 17.61, 15.99, 17.03, 15.83, 12.15, 12.70, 14.60, 11.81, 9.53, 12.77, 13.49, 10.45, 11.41, 14.99, 14.48, 13.17, 15.99, 18.41, 17.89, 18.17, 21.32, 22.78, 22.66, 20.00, 18.18, 16.77, 15.63, 13.88, 12.09, 11.09, 10.12, 7.90, 5.66, 5.24, 3.81, 0.00, 3.81, 5.36, 4.86, 5.93, 8.49, 9.83, 10.13, 11.90, 14.22, 15.02, 14.22
 24.10, 22.92, 19.41, 19.33, 20.65, 18.16, 15.25, 17.23, 17.63, 13.93, 13.70, 16.98, 16.05, 12.77, 15.24, 17.90, 15.91, 15.27, 19.03, 20.44, 23.55, 24.05, 23.00, 24.34, 22.19, 18.95, 20.27, 21.47, 18.29, 16.19, 19.20, 19.19, 15.48, 16.33, 19.44, 17.89, 15.24, 18.35, 20.35, 17.89, 17.85, 21.56, 21.24, 21.62, 19.44, 21.66, 20.49, 21.53, 24.76, 27.00, 25.58, 27.02, 25.37, 25.40, 24.14, 21.54, 19.25, 19.86, 19.35, 15.91, 15.05, 16.42, 14.60, 11.14, 12.72, 14.10, 10.80, 9.76, 13.34, 13.31, 10.59, 12.70, 15.81, 14.89, 14.44, 17.58, 19.43, 19.03, 20.01, 23.01, 24.11, 24.38, 21.46, 20.22, 18.64, 16.86, 15.55, 14.35, 12.54, 11.08, 9.98, 7.68, 5.39, 5.43, 3.81, 0.00, 3.80, 5.48, 5.10, 6.16, 8.63, 9.85, 10.57, 12.67, 14.35, 14.36
 21.32, 20.13, 16.63, 17.16, 18.55, 15.75, 13.25, 15.87, 16.06, 12.41, 13.11, 16.50, 15.50, 12.85, 15.93, 18.27, 16.48, 16.67, 20.39, 21.37, 24.62, 24.71, 23.22, 24.11, 22.14, 18.93, 19.62, 20.52, 17.49, 15.05, 17.50, 17.37, 13.56, 13.86, 16.75, 15.21, 12.15, 14.99, 17.09, 14.60, 14.20, 17.92, 17.80, 18.30, 16.48, 19.08, 18.07, 18.65, 21.82, 24.12, 22.52, 23.68, 21.81, 21.83, 20.83, 18.39, 16.16, 16.40, 15.79, 12.53, 11.51, 12.64, 10.92, 7.37, 9.02, 10.59, 7.63, 6.73, 10.52, 10.97, 9.10, 11.16, 14.16, 14.03, 14.13, 16.76, 18.75, 19.10, 20.03, 22.60, 24.10, 24.79, 22.26, 21.12, 20.20, 18.25, 16.30, 15.63, 14.47, 12.23, 10.69, 9.64, 6.98, 5.20, 5.36, 3.80, 0.00, 3.82, 5.38, 5.16, 6.07, 8.29, 9.75, 10.84, 12.02, 12.57
 19.03, 17.57, 14.00, 13.94, 15.52, 13.17, 10.15, 12.64, 13.45, 10.06, 10.21, 13.88, 13.67, 11.21, 13.95, 16.69, 15.65, 15.72, 19.21, 20.59, 24.10, 24.56, 23.44, 23.93, 21.50, 18.72, 19.72, 19.97, 16.59, 14.85, 17.26, 16.33, 12.54, 13.67, 16.04, 13.75, 11.26, 14.58, 15.88, 13.03, 13.52, 17.03, 16.24, 16.68, 14.38, 16.67, 16.05, 17.22, 20.12, 22.75, 21.71, 23.20, 21.39, 22.07, 21.12, 19.20, 16.38, 16.32, 16.54, 13.53, 11.49, 13.01, 12.40, 8.56, 9.59, 12.27, 10.19, 8.27, 11.85, 13.33, 11.44, 12.43, 15.89, 16.28, 15.72, 17.97, 20.53, 20.83, 21.10, 23.79, 25.66, 25.98, 23.65, 21.94, 21.05, 19.73, 17.50, 16.17, 15.58, 13.94, 11.51, 10.25, 8.91, 6.16, 4.86, 5.48, 3.82, 0.00, 3.80, 5.61, 5.37, 5.80, 8.34, 9.99, 10.32, 9.84
 22.13, 20.26, 16.56, 16.13, 18.19, 16.32, 12.96, 15.17, 16.56, 13.36, 12.73, 16.46, 16.62, 13.77, 15.91, 19.07, 18.03, 17.37, 20.85, 22.70, 26.15, 26.97, 26.14, 26.93, 24.36, 21.57, 22.91, 23.33, 19.85, 18.26, 20.90, 19.99, 16.23, 17.45, 19.83, 17.43, 14.97, 18.18, 19.35, 16.23, 16.57, 19.90, 18.73, 18.50, 15.74, 17.40, 16.11, 17.72, 20.89, 23.13, 22.20, 24.16, 22.89, 23.47, 21.94, 19.77, 16.81, 17.55, 18.00, 14.60, 13.05, 15.32, 14.49, 10.81, 12.74, 15.18, 12.73, 11.53, 15.27, 16.24, 14.16, 15.67, 19.04, 18.91, 18.37, 21.02, 23.35, 23.27, 23.77, 26.69, 28.24, 28.40, 25.75, 24.08, 22.65, 21.32, 19.65, 18.02, 16.78, 15.60, 13.67, 11.45, 10.08, 8.58, 5.93, 5.10, 5.38, 3.80, 0.00, 3.79, 5.61, 5.21, 6.02, 8.77, 10.16, 9.63
 23.09, 21.10, 17.33, 17.64, 19.94, 17.78, 14.85, 17.65, 18.81, 15.56, 15.67, 19.40, 19.25, 16.60, 19.15, 22.04, 20.71, 20.38, 24.00, 25.52, 28.88, 29.34, 28.11, 28.95, 26.72, 23.69, 24.57, 25.19, 21.96, 19.84, 22.17, 21.54, 17.71, 18.17, 20.55, 18.43, 15.38, 18.04, 19.54, 16.37, 15.85, 19.12, 18.20, 17.62, 15.20, 17.05, 15.20, 16.20, 19.70, 21.51, 20.09, 21.92, 20.83, 20.95, 19.14, 16.61, 13.95, 15.18, 15.31, 11.65, 10.89, 13.43, 12.14, 8.88, 11.77, 13.73, 11.26, 11.21, 14.98, 15.53, 14.11, 16.26, 19.17, 19.05, 19.26, 21.92, 23.87, 24.15, 25.12, 27.76, 29.19, 29.80, 27.13, 25.91, 24.63, 22.80, 21.16, 20.13, 18.64, 16.85, 15.43, 13.60, 11.24, 10.01, 8.49, 6.16, 5.16, 5.61, 3.79, 0.00, 3.83, 5.61, 5.15, 6.62, 8.97, 9.90
 19.78, 17.64, 13.89, 14.62, 17.09, 14.93, 12.33, 15.59, 16.77, 13.88, 14.56, 18.28, 18.33, 16.32, 19.12, 21.79, 20.85, 21.08, 24.55, 25.85, 29.35, 29.60, 28.19, 28.54, 26.33, 23.53, 24.03, 24.18, 21.03, 18.98, 20.76, 19.77, 16.04, 16.31, 18.15, 15.81, 12.73, 15.16, 16.31, 12.95, 12.41, 15.49, 14.40, 13.82, 11.52, 13.70, 12.18, 12.92, 16.28, 18.38, 17.02, 18.71, 17.40, 17.87, 16.37, 14.34, 11.35, 11.96, 12.51, 9.21, 7.54, 10.26, 9.85, 6.55, 9.25, 11.85, 10.38, 10.13, 13.62, 14.93, 14.18, 15.78, 18.65, 19.29, 19.61, 21.71, 23.94, 24.73, 25.40, 27.73, 29.58, 30.35, 28.06, 26.72, 25.93, 24.21, 22.04, 21.15, 20.29, 18.22, 16.26, 15.14, 12.96, 10.68, 9.83, 8.63, 6.07, 5.37, 5.61, 3.83, 0.00, 3.80, 5.26, 5.10, 6.03, 7.37
 19.21, 16.71, 12.93, 12.77, 15.58, 14.16, 11.01, 13.84, 15.80, 13.34, 13.21, 16.99, 17.80, 15.85, 18.08, 21.11, 20.74, 20.63, 23.85, 25.58, 29.22, 29.90, 28.91, 29.08, 26.48, 24.02, 24.93, 24.69, 21.27, 19.85, 21.75, 20.20, 16.60, 17.64, 19.13, 16.22, 13.84, 16.66, 17.06, 13.46, 13.87, 16.60, 14.74, 13.91, 10.84, 12.22, 10.95, 12.77, 15.81, 18.14, 17.56, 19.76, 18.72, 19.84, 18.28, 16.77, 13.31, 13.80, 15.19, 12.24, 9.91, 12.81, 13.18, 9.86, 11.79, 14.93, 13.65, 12.62, 16.03, 17.79, 16.63, 17.69, 20.94, 21.66, 21.39, 23.43, 26.02, 26.55, 26.78, 29.34, 31.35, 31.72, 29.45, 27.67, 26.71, 25.48, 23.30, 21.83, 21.17, 19.68, 17.28, 15.77, 14.40, 11.95, 10.13, 9.85, 8.29, 5.80, 5.21, 5.61, 3.80, 0.00, 3.85, 5.35, 5.26, 4.55
 22.87, 20.18, 16.43, 16.27, 19.29, 17.99, 14.84, 17.52, 19.59, 17.02, 16.64, 20.45, 21.22, 18.91, 20.96, 24.18, 23.57, 23.07, 26.39, 28.31, 31.87, 32.66, 31.73, 32.21, 29.63, 26.99, 28.03, 28.08, 24.65, 23.06, 25.15, 23.84, 20.15, 21.01, 22.71, 19.95, 17.34, 19.96, 20.56, 16.93, 16.86, 19.47, 17.59, 16.16, 13.06, 13.84, 11.59, 13.48, 16.86, 18.49, 17.80, 20.34, 19.91, 20.67, 18.47, 16.57, 13.23, 14.74, 16.09, 12.80, 11.43, 14.80, 14.67, 11.71, 14.45, 17.09, 15.42, 15.10, 18.71, 19.90, 18.70, 20.34, 23.45, 23.73, 23.68, 26.08, 28.37, 28.71, 29.30, 31.97, 33.67, 34.09, 31.53, 29.95, 28.64, 27.21, 25.43, 23.97, 22.76, 21.36, 19.47, 17.46, 15.77, 14.08, 11.90, 10.57, 9.75, 8.34, 6.02, 5.15, 5.26, 3.85, 0.00, 3.80, 6.05, 6.37
 22.16, 19.35, 15.69, 16.33, 19.50, 18.03, 15.46, 18.65, 20.48, 18.07, 18.41, 22.16, 22.76, 20.84, 23.28, 26.21, 25.56, 25.52, 28.90, 30.49, 34.05, 34.50, 33.22, 33.50, 31.16, 28.48, 29.04, 29.01, 25.81, 23.93, 25.56, 24.28, 20.67, 20.94, 22.33, 19.73, 16.84, 18.84, 19.44, 15.79, 15.08, 17.33, 15.54, 13.69, 11.00, 12.02, 9.31, 10.42, 14.06, 15.39, 14.29, 16.74, 16.48, 17.08, 14.72, 12.90, 9.49, 11.27, 12.80, 9.71, 8.63, 12.33, 12.48, 10.26, 13.30, 15.76, 14.71, 15.02, 18.33, 19.58, 19.11, 20.84, 23.58, 24.21, 24.66, 26.79, 28.95, 29.75, 30.49, 32.81, 34.64, 35.42, 33.04, 31.69, 30.72, 29.02, 27.02, 25.99, 24.92, 23.03, 21.19, 19.70, 17.56, 15.61, 14.22, 12.67, 10.84, 9.99, 8.77, 6.62, 5.10, 5.35, 3.80, 0.00, 3.81, 6.36
 18.87, 15.85, 12.30, 13.06, 16.40, 15.26, 12.99, 16.28, 18.26, 16.41, 16.97, 20.55, 21.47, 20.12, 22.54, 25.30, 25.09, 25.41, 28.55, 30.04, 33.69, 34.10, 32.82, 32.66, 30.26, 27.90, 28.29, 27.78, 24.64, 23.05, 24.28, 22.57, 19.21, 19.59, 20.39, 17.50, 15.00, 16.85, 16.81, 13.05, 12.77, 14.58, 12.28, 10.31, 7.30, 8.38, 6.24, 7.67, 10.98, 12.98, 12.38, 14.85, 14.32, 15.67, 13.84, 12.93, 9.15, 9.78, 12.11, 9.84, 7.48, 11.05, 12.33, 10.23, 12.42, 15.43, 15.17, 14.95, 17.88, 19.81, 19.59, 20.69, 23.48, 24.68, 24.95, 26.61, 29.09, 30.15, 30.49, 32.65, 34.84, 35.58, 33.53, 31.94, 31.31, 29.86, 27.47, 26.38, 25.86, 23.95, 21.62, 20.55, 18.78, 16.17, 15.02, 14.35, 12.02, 10.32, 10.16, 8.97, 6.03, 5.26, 6.05, 3.81, 0.00, 3.79
 17.78, 14.65, 11.10, 10.78, 14.26, 13.74, 10.98, 13.73, 16.28, 14.77, 14.68, 18.18, 19.66, 18.39, 20.32, 23.28, 23.53, 23.62, 26.50, 28.28, 32.01, 32.75, 31.83, 31.55, 28.83, 26.78, 27.53, 26.73, 23.38, 22.34, 23.74, 21.63, 18.40, 19.50, 20.16, 16.86, 15.02, 17.41, 16.87, 13.08, 13.88, 15.69, 12.95, 11.40, 7.76, 8.12, 7.11, 9.75, 12.27, 14.75, 14.98, 17.57, 16.91, 18.75, 17.25, 16.62, 12.82, 12.97, 15.40, 13.25, 10.38, 13.47, 14.96, 12.29, 13.77, 17.23, 16.82, 15.76, 18.72, 20.99, 20.27, 20.88, 24.05, 25.27, 24.97, 26.58, 29.40, 30.18, 30.11, 32.48, 34.80, 35.16, 33.16, 31.18, 30.45, 29.45, 27.02, 25.47, 25.19, 23.75, 21.05, 19.78, 18.70, 15.91, 14.22, 14.36, 12.57, 9.84, 9.63, 9.90, 7.37, 4.55, 6.37, 6.36, 3.79, 0.00
