 0.00, 3.82, 6.47, 9.14, 11.40, 14.52, 14.98, 18.22, 20.40, 23.32, 26.64, 27.49, 31.24, 30.91, 33.33, 30.27, 27.54, 24.76, 26.06, 24.21, 21.05, 20.33, 20.66, 19.02, 15.61, 16.39, 18.41, 16.12, 13.61, 10.56, 13.07, 13.24, 15.14, 16.96, 19.17, 20.42, 23.97, 26.48, 29.00, 27.82, 24.60, 21.44, 18.34, 16.44, 14.10, 11.24, 9.86, 6.77, 6.25, 8.08, 10.88, 10.22, 8.54, 9.38, 12.45, 13.35, 13.77, 15.33, 17.15, 18.71, 19.42, 21.14, 22.92, 24.73, 26.11, 23.70, 20.38, 17.69, 15.70, 13.05, 14.85, 15.02
 3.82, 0.00, 3.81, 6.28, 9.35, 12.55, 13.15, 16.69, 18.53, 21.75, 24.80, 25.55, 29.29, 28.87, 31.00, 27.75, 25.26, 22.36, 23.24, 21.48, 18.56, 17.37, 17.52, 16.34, 12.75, 13.03, 15.36, 13.58, 11.18, 7.68, 9.60, 9.45, 11.36, 13.39, 15.88, 17.43, 21.08, 23.85, 26.30, 25.48, 22.48, 19.19, 15.86, 13.71, 10.89, 7.71, 6.28, 3.55, 5.17, 6.73, 9.50, 8.99, 8.03, 8.71, 12.32, 12.59, 12.06, 14.05, 16.33, 17.24, 17.64, 19.92, 21.67, 22.96, 24.46, 21.79, 18.78, 16.09, 14.68, 12.24, 13.95, 14.15
 6.47, 3.81, 0.00, 3.80, 6.12, 8.92, 9.37, 12.96, 14.87, 18.20, 21.25, 21.83, 25.59, 25.33, 27.54, 24.37, 21.96, 18.90, 19.97, 18.49, 15.37, 14.18, 14.91, 13.79, 10.07, 10.97, 13.69, 12.34, 10.98, 7.89, 8.70, 8.87, 9.68, 10.77, 12.76, 13.97, 17.58, 20.26, 22.67, 21.72, 18.69, 15.40, 12.13, 10.11, 7.66, 5.26, 4.79, 4.48, 7.07, 9.50, 11.33, 9.76, 8.07, 7.11, 10.91, 11.63, 10.23, 11.57, 14.46, 15.45, 15.12, 17.34, 19.53, 20.55, 21.65, 18.72, 15.74, 12.75, 11.31, 8.87, 10.51, 11.07
 9.14, 6.28, 3.80, 0.00, 3.84, 7.26, 9.11, 12.92, 15.03, 18.66, 21.51, 21.46, 25.22, 25.35, 27.40, 24.19, 22.29, 18.88, 19.61, 18.79, 15.86, 13.90, 15.05, 14.82, 11.02, 11.34, 14.73, 14.33, 13.34, 10.11, 9.60, 8.43, 7.98, 9.12, 10.65, 12.62, 16.36, 19.41, 21.28, 20.43, 17.84, 14.20, 11.25, 8.26, 6.07, 3.64, 5.91, 7.10, 10.41, 12.05, 14.18, 13.05, 11.76, 10.50, 14.21, 14.93, 12.89, 13.94, 17.25, 17.94, 17.00, 19.36, 21.80, 22.30, 23.11, 19.80, 17.17, 13.90, 12.53, 9.79, 10.09, 9.62
 11.40, 9.35, 6.12, 3.84, 0.00, 3.81, 6.54, 10.13, 12.82, 16.36, 19.35, 18.88, 22.65, 23.24, 25.55, 22.65, 20.85, 17.29, 18.49, 18.20, 15.00, 13.29, 15.35, 15.08, 11.55, 12.72, 16.14, 15.94, 15.70, 12.97, 12.19, 11.46, 10.04, 9.80, 9.94, 11.27, 14.75, 17.49, 19.12, 17.75, 15.14, 11.47, 9.18, 6.29, 6.10, 6.02, 8.70, 10.26, 13.18, 15.42, 17.22, 15.47, 13.48, 11.18, 14.48, 15.92, 13.67, 13.67, 17.25, 18.34, 16.74, 18.60, 21.54, 21.96, 22.13, 18.67, 16.01, 12.38, 10.52, 7.47, 6.66, 5.93
 14.52, 12.55, 8.92, 7.26, 3.81, 0.00, 3.81, 6.84, 9.67, 13.14, 16.04, 15.25, 19.00, 19.84, 22.28, 19.61, 17.96, 14.33, 15.85, 16.05, 12.80, 11.36, 14.17, 13.98, 11.01, 12.81, 16.04, 16.23, 16.87, 14.83, 13.58, 13.40, 11.34, 9.74, 8.63, 8.89, 11.91, 14.27, 15.82, 14.13, 11.46, 7.85, 6.19, 4.13, 6.18, 8.10, 10.69, 12.86, 15.62, 18.19, 19.42, 17.16, 14.98, 12.00, 14.65, 16.31, 13.67, 12.80, 16.55, 17.63, 15.35, 16.86, 20.12, 20.22, 19.83, 16.26, 13.85, 10.16, 8.48, 6.18, 4.50, 4.90
 14.98, 13.15, 9.37, 9.11, 6.54, 3.81, 0.00, 3.81, 6.40, 9.84, 12.97, 12.86, 16.67, 17.07, 19.70, 17.08, 14.94, 11.56, 13.62, 13.38, 9.80, 9.34, 12.24, 11.31, 8.85, 11.58, 14.18, 14.10, 15.32, 14.04, 13.00, 13.88, 12.26, 10.13, 9.25, 8.11, 10.70, 12.44, 14.75, 12.99, 9.67, 6.69, 4.47, 4.99, 6.73, 9.15, 10.61, 12.79, 15.01, 18.01, 18.53, 15.73, 13.36, 9.98, 11.94, 13.67, 10.96, 9.43, 13.16, 14.34, 11.86, 13.10, 16.46, 16.67, 16.18, 12.72, 10.10, 6.36, 4.97, 4.13, 4.56, 7.31
 18.22, 16.69, 12.96, 12.92, 10.13, 6.84, 3.81, 0.00, 3.80, 6.54, 9.88, 9.66, 13.42, 14.07, 17.08, 14.97, 12.79, 9.70, 12.54, 12.72, 9.22, 9.84, 13.16, 12.03, 10.68, 13.83, 15.83, 15.87, 17.70, 17.05, 15.98, 17.23, 15.47, 12.79, 11.22, 8.88, 10.16, 10.72, 13.10, 10.75, 7.08, 5.39, 5.13, 7.54, 10.00, 12.82, 14.03, 16.20, 18.06, 21.25, 21.38, 18.25, 15.72, 12.08, 13.00, 14.99, 12.42, 9.86, 13.20, 14.57, 11.53, 11.84, 15.52, 15.57, 14.25, 10.94, 8.63, 5.29, 4.33, 5.68, 5.81, 9.10
 20.40, 18.53, 14.87, 15.03, 12.82, 9.67, 6.40, 3.80, 0.00, 3.79, 6.60, 7.18, 10.87, 10.79, 13.63, 11.37, 9.00, 6.03, 9.20, 9.33, 6.10, 7.62, 10.90, 9.79, 9.64, 12.83, 14.16, 14.63, 17.17, 17.27, 15.85, 17.57, 15.82, 12.69, 11.14, 7.88, 8.12, 7.93, 11.01, 9.26, 5.55, 5.39, 5.16, 8.79, 10.87, 14.05, 14.82, 17.34, 19.11, 22.16, 21.68, 18.50, 16.46, 13.08, 13.45, 14.73, 11.82, 9.19, 12.18, 12.80, 9.26, 9.64, 13.11, 12.49, 10.96, 7.47, 6.06, 4.09, 5.97, 8.68, 9.54, 12.74
 23.32, 21.75, 18.20, 18.66, 16.36, 13.14, 9.84, 6.54, 3.79, 0.00, 3.82, 5.48, 8.58, 8.30, 11.69, 10.34, 7.71, 6.20, 9.98, 10.23, 7.77, 10.33, 13.25, 11.81, 12.55, 15.86, 16.53, 16.84, 19.67, 20.24, 19.05, 21.07, 19.46, 16.27, 14.64, 11.12, 10.30, 8.64, 11.65, 9.65, 6.36, 8.11, 8.85, 12.52, 14.63, 17.75, 18.23, 20.53, 21.89, 25.10, 24.30, 20.90, 18.76, 15.37, 14.85, 16.26, 13.83, 10.64, 12.72, 13.50, 9.93, 8.97, 12.39, 11.74, 9.18, 6.54, 6.03, 6.01, 7.93, 11.24, 12.18, 15.55
 26.64, 24.80, 21.25, 21.51, 19.35, 16.04, 12.97, 9.88, 6.60, 3.82, 0.00, 3.83, 5.68, 4.51, 7.91, 7.06, 4.97, 4.93, 8.38, 9.32, 8.32, 10.93, 13.55, 12.68, 14.28, 17.15, 17.39, 18.28, 21.52, 22.48, 20.89, 22.94, 21.14, 17.66, 15.81, 12.02, 10.03, 7.19, 10.06, 8.78, 6.77, 9.67, 10.89, 14.69, 16.81, 20.15, 20.66, 23.25, 24.72, 27.71, 26.64, 23.37, 21.64, 18.50, 17.86, 18.74, 16.13, 13.28, 14.95, 14.96, 11.29, 10.42, 13.10, 11.46, 8.40, 6.34, 7.91, 9.08, 11.61, 14.89, 15.64, 18.77
 27.49, 25.55, 21.83, 21.46, 18.88, 15.25, 12.86, 9.66, 7.18, 5.48, 3.83, 0.00, 3.81, 5.40, 8.47, 7.97, 7.53, 6.28, 9.10, 11.23, 10.20, 11.69, 14.89, 14.75, 15.74, 18.33, 19.24, 20.47, 23.51, 23.96, 22.06, 23.55, 21.22, 17.59, 15.03, 11.37, 8.99, 5.94, 7.58, 5.42, 4.26, 7.97, 10.42, 13.94, 16.73, 20.31, 21.49, 24.31, 26.21, 29.14, 28.50, 25.37, 23.51, 20.18, 20.10, 21.24, 18.39, 15.64, 17.87, 18.04, 14.26, 13.78, 16.71, 15.06, 12.19, 9.75, 10.81, 10.81, 12.62, 15.24, 15.04, 17.65
 31.24, 29.29, 25.59, 25.22, 22.65, 19.00, 16.67, 13.42, 10.87, 8.58, 5.68, 3.81, 0.00, 3.82, 6.40, 7.66, 8.37, 8.64, 10.74, 13.16, 13.00, 14.64, 17.48, 17.51, 18.99, 21.41, 21.96, 23.37, 26.63, 27.35, 25.36, 26.92, 24.54, 20.83, 18.19, 14.54, 11.58, 7.95, 8.59, 7.21, 7.71, 11.52, 14.08, 17.55, 20.32, 23.94, 25.07, 27.94, 29.77, 32.67, 31.83, 28.69, 26.95, 23.69, 23.32, 24.33, 21.57, 18.80, 20.62, 20.56, 16.86, 16.05, 18.53, 16.54, 13.31, 11.74, 13.56, 14.23, 16.20, 18.96, 18.73, 21.26
 30.91, 28.87, 25.33, 25.35, 23.24, 19.84, 17.07, 14.07, 10.79, 8.30, 4.51, 5.40, 3.82, 0.00, 3.83, 5.06, 5.32, 7.10, 9.02, 10.79, 11.28, 13.50, 15.72, 15.51, 17.64, 20.02, 19.94, 21.33, 24.82, 26.04, 24.12, 26.08, 24.06, 20.42, 18.32, 14.54, 11.60, 7.95, 9.74, 9.42, 9.22, 12.68, 14.34, 18.03, 20.21, 23.71, 24.31, 27.13, 28.72, 31.52, 30.27, 27.14, 25.72, 22.75, 22.06, 22.60, 19.92, 17.34, 18.69, 18.17, 14.63, 13.84, 15.75, 13.39, 10.19, 9.19, 11.82, 13.42, 16.09, 19.29, 19.77, 22.66
 33.33, 31.00, 27.54, 27.40, 25.55, 22.28, 19.70, 17.08, 13.63, 11.69, 7.91, 8.47, 6.40, 3.83, 0.00, 3.82, 6.28, 8.65, 8.98, 11.09, 12.75, 14.50, 16.15, 16.56, 19.09, 20.90, 20.53, 22.41, 26.06, 27.49, 25.25, 27.13, 25.04, 21.37, 19.33, 15.74, 12.38, 8.81, 9.94, 10.95, 11.67, 14.92, 16.41, 19.91, 21.85, 25.37, 25.95, 28.98, 30.71, 33.22, 31.79, 28.91, 27.92, 25.23, 24.66, 24.71, 21.86, 19.74, 20.99, 19.84, 16.47, 16.18, 17.47, 14.48, 11.80, 11.14, 14.34, 16.18, 19.18, 22.30, 22.78, 25.48
 30.27, 27.75, 24.37, 24.19, 22.65, 19.61, 17.08, 14.97, 11.37, 10.34, 7.06, 7.97, 7.66, 5.06, 3.82, 0.00, 3.82, 5.63, 5.21, 7.45, 9.43, 10.88, 12.37, 13.07, 15.60, 17.18, 16.87, 18.97, 22.59, 23.97, 21.58, 23.43, 21.39, 17.77, 15.98, 12.46, 9.27, 6.19, 8.28, 9.83, 10.04, 12.64, 13.51, 16.88, 18.49, 21.94, 22.46, 25.59, 27.44, 29.77, 28.38, 25.66, 24.90, 22.39, 22.14, 21.91, 18.82, 17.10, 18.64, 17.19, 13.76, 14.23, 15.57, 12.41, 10.40, 8.88, 12.07, 13.74, 16.99, 19.95, 20.61, 23.26
 27.54, 25.26, 21.96, 22.29, 20.85, 17.96, 14.94, 12.79, 9.00, 7.71, 4.97, 7.53, 8.37, 5.32, 6.28, 3.82, 0.00, 3.80, 5.33, 5.73, 6.84, 9.44, 10.92, 10.56, 13.21, 15.39, 14.85, 16.34, 19.97, 21.50, 19.56, 21.83, 20.22, 16.79, 15.48, 11.82, 9.50, 6.95, 10.21, 10.77, 9.54, 11.79, 12.02, 15.63, 16.95, 20.19, 20.28, 23.10, 24.61, 27.16, 25.63, 22.67, 21.73, 19.20, 18.62, 18.47, 15.61, 13.64, 14.95, 13.69, 10.24, 10.43, 11.91, 9.03, 6.84, 5.11, 8.44, 10.61, 14.05, 17.32, 18.53, 21.56
 24.76, 22.36, 18.90, 18.88, 17.29, 14.33, 11.56, 9.70, 6.03, 6.20, 4.93, 6.28, 8.64, 7.10, 8.65, 5.63, 3.80, 0.00, 3.80, 4.97, 4.56, 6.43, 8.95, 8.97, 10.75, 12.98, 13.33, 14.94, 18.28, 19.23, 17.09, 18.99, 17.07, 13.52, 11.92, 8.18, 6.15, 4.35, 8.15, 8.39, 6.59, 8.18, 8.30, 11.89, 13.47, 16.88, 17.40, 20.41, 22.29, 24.84, 23.76, 20.88, 19.76, 17.03, 17.10, 17.22, 13.98, 12.11, 14.31, 13.38, 9.64, 10.55, 12.82, 10.51, 8.88, 5.62, 7.52, 8.34, 11.55, 14.40, 15.28, 18.09
 26.06, 23.24, 19.97, 19.61, 18.49, 15.85, 13.62, 12.54, 9.20, 9.98, 8.38, 9.10, 10.74, 9.02, 8.98, 5.21, 5.33, 3.80, 0.00, 3.82, 5.77, 5.94, 7.52, 8.99, 11.08, 12.23, 12.41, 14.88, 18.30, 19.35, 16.68, 18.31, 16.22, 12.65, 11.19, 7.92, 5.38, 4.54, 7.64, 9.49, 8.89, 9.92, 9.68, 12.62, 13.73, 17.08, 17.66, 20.98, 23.14, 25.21, 24.04, 21.61, 21.11, 18.83, 19.27, 18.76, 15.27, 14.25, 16.43, 14.73, 11.35, 13.09, 14.65, 11.73, 10.96, 8.10, 10.38, 11.19, 14.48, 16.92, 17.68, 20.08
 24.21, 21.48, 18.49, 18.79, 18.20, 16.05, 13.38, 12.72, 9.33, 10.23, 9.32, 11.23, 13.16, 10.79, 11.09, 7.45, 5.73, 4.97, 3.82, 0.00, 3.82, 5.24, 5.35, 5.82, 8.79, 10.13, 9.44, 11.61, 15.24, 16.81, 14.50, 16.77, 15.43, 12.30, 11.95, 9.00, 7.94, 7.85, 11.31, 12.64, 11.10, 11.56, 10.17, 13.02, 13.23, 16.10, 15.88, 18.90, 20.65, 22.70, 21.12, 18.64, 18.40, 16.49, 16.64, 15.65, 12.30, 11.67, 13.41, 11.25, 8.20, 10.46, 11.48, 8.56, 8.81, 6.14, 8.36, 9.85, 13.50, 16.16, 17.71, 20.44
 21.05, 18.56, 15.37, 15.86, 15.00, 12.80, 9.80, 9.22, 6.10, 7.77, 8.32, 10.20, 13.00, 11.28, 12.75, 9.43, 6.84, 4.56, 5.77, 3.82, 0.00, 3.84, 5.59, 4.56, 6.42, 8.97, 9.14, 10.43, 13.74, 14.82, 12.90, 15.23, 13.95, 10.86, 10.50, 7.41, 7.49, 7.91, 11.64, 11.89, 9.35, 9.15, 7.25, 10.32, 10.69, 13.60, 13.45, 16.31, 18.02, 20.48, 19.24, 16.41, 15.57, 13.21, 13.50, 13.12, 9.68, 8.50, 10.91, 9.63, 6.11, 8.40, 10.47, 8.68, 8.65, 5.06, 5.52, 6.13, 9.71, 12.36, 14.09, 17.01
 20.33, 17.37, 14.18, 13.90, 13.29, 11.36, 9.34, 9.84, 7.62, 10.33, 10.93, 11.69, 14.64, 13.50, 14.50, 10.88, 9.44, 6.43, 5.94, 5.24, 3.84, 0.00, 3.81, 5.27, 5.63, 6.90, 8.30, 10.50, 13.37, 13.78, 11.09, 12.67, 10.79, 7.39, 6.96, 4.40, 5.53, 7.74, 10.80, 11.59, 9.61, 8.32, 5.88, 7.99, 8.10, 11.24, 11.74, 15.13, 17.53, 19.54, 18.75, 16.45, 15.97, 13.86, 15.12, 14.57, 10.79, 10.56, 13.50, 12.09, 9.12, 11.93, 13.89, 12.09, 12.41, 8.87, 8.99, 8.28, 11.08, 12.71, 13.83, 16.05
 20.66, 17.52, 14.91, 15.05, 15.35, 14.17, 12.24, 13.16, 10.90, 13.25, 13.55, 14.89, 17.48, 15.72, 16.15, 12.37, 10.92, 8.95, 7.52, 5.35, 5.59, 3.81, 0.00, 3.81, 5.32, 5.05, 5.13, 8.17, 11.28, 12.39, 9.55, 11.62, 10.54, 7.97, 9.03, 7.67, 8.72, 10.73, 13.71, 15.06, 13.29, 12.13, 9.40, 10.80, 9.64, 11.87, 11.46, 14.70, 16.84, 18.35, 17.05, 15.16, 15.54, 14.27, 15.42, 13.92, 10.26, 11.14, 13.43, 11.10, 9.02, 12.48, 13.44, 11.44, 12.84, 9.96, 10.42, 10.53, 13.53, 15.15, 16.79, 18.96
 19.02, 16.34, 13.79, 14.82, 15.08, 13.98, 11.31, 12.03, 9.79, 11.81, 12.68, 14.75, 17.51, 15.51, 16.56, 13.07, 10.56, 8.97, 8.99, 5.82, 4.56, 5.27, 3.81, 0.00, 3.82, 5.73, 4.80, 6.02, 9.53, 11.18, 9.41, 12.36, 12.07, 9.92, 11.18, 9.41, 10.64, 11.98, 15.48, 16.09, 13.59, 12.58, 9.62, 11.47, 10.23, 12.10, 10.89, 13.51, 14.96, 16.99, 15.33, 12.83, 12.85, 11.49, 12.03, 10.49, 6.95, 7.67, 9.65, 7.36, 5.40, 9.08, 10.01, 8.70, 10.48, 7.86, 7.57, 8.15, 11.30, 13.36, 15.72, 18.42
 15.61, 12.75, 10.07, 11.02, 11.55, 11.01, 8.85, 10.68, 9.64, 12.55, 14.28, 15.74, 18.99, 17.64, 19.09, 15.60, 13.21, 10.75, 11.08, 8.79, 6.42, 5.63, 5.32, 3.82, 0.00, 3.82, 5.36, 5.81, 8.10, 8.49, 6.66, 9.34, 9.09, 7.39, 9.20, 8.38, 10.87, 13.04, 16.23, 16.40, 13.64, 11.63, 8.03, 8.82, 6.88, 8.39, 7.27, 10.12, 12.08, 14.21, 13.25, 10.83, 10.53, 9.04, 10.69, 9.61, 5.83, 7.13, 10.06, 8.84, 7.33, 10.78, 12.38, 11.93, 13.39, 10.39, 8.87, 7.73, 9.81, 10.86, 13.14, 15.48
 16.39, 13.03, 10.97, 11.34, 12.72, 12.81, 11.58, 13.83, 12.83, 15.86, 17.15, 18.33, 21.41, 20.02, 20.90, 17.18, 15.39, 12.98, 12.23, 10.13, 8.97, 6.90, 5.05, 5.73, 3.82, 0.00, 3.84, 5.90, 7.54, 7.70, 4.53, 6.82, 6.79, 5.89, 8.82, 9.23, 11.85, 14.59, 17.36, 18.18, 15.99, 13.75, 10.19, 10.01, 7.21, 7.96, 6.82, 10.03, 12.45, 13.57, 12.69, 11.31, 12.11, 11.57, 13.65, 11.94, 8.50, 10.70, 13.23, 11.39, 10.46, 14.16, 15.19, 14.31, 16.19, 13.32, 12.42, 11.46, 13.40, 13.92, 15.78, 17.48
 18.41, 15.36, 13.69, 14.73, 16.14, 16.04, 14.18, 15.83, 14.16, 16.53, 17.39, 19.24, 21.96, 19.94, 20.53, 16.87, 14.85, 13.33, 12.41, 9.44, 9.14, 8.30, 5.13, 4.80, 5.36, 3.84, 0.00, 3.83, 6.71, 8.70, 6.57, 9.67, 10.38, 9.57, 12.16, 11.81, 13.63, 15.69, 18.79, 19.87, 17.66, 16.09, 12.74, 13.36, 10.88, 11.54, 9.59, 12.02, 13.50, 14.51, 12.62, 11.18, 12.57, 12.54, 13.71, 11.19, 8.16, 10.66, 12.18, 9.43, 9.24, 13.06, 13.14, 12.08, 14.65, 12.51, 12.14, 12.35, 14.89, 16.11, 18.47, 20.62
 16.12, 13.58, 12.34, 14.33, 15.94, 16.23, 14.10, 15.87, 14.63, 16.84, 18.28, 20.47, 23.37, 21.33, 22.41, 18.97, 16.34, 14.94, 14.88, 11.61, 10.43, 10.50, 8.17, 6.02, 5.81, 5.90, 3.83, 0.00, 3.82, 6.75, 6.49, 10.26, 11.87, 11.62, 14.34, 13.91, 16.02, 17.85, 21.22, 21.73, 19.01, 17.35, 13.82, 14.42, 11.75, 11.73, 8.86, 10.22, 10.76, 12.14, 9.79, 7.81, 9.29, 9.82, 10.66, 7.69, 5.37, 8.66, 9.58, 7.17, 8.26, 11.82, 11.70, 11.79, 14.63, 12.89, 11.67, 11.84, 13.91, 15.05, 17.98, 20.35
 13.61, 11.18, 10.98, 13.34, 15.70, 16.87, 15.32, 17.70, 17.17, 19.67, 21.52, 23.51, 26.63, 24.82, 26.06, 22.59, 19.97, 18.28, 18.30, 15.24, 13.74, 13.37, 11.28, 9.53, 8.10, 7.54, 6.71, 3.82, 0.00, 3.83, 5.44, 8.98, 11.65, 12.56, 15.78, 16.10, 18.75, 20.95, 24.16, 24.50, 21.67, 19.53, 15.80, 15.59, 12.37, 11.14, 7.58, 7.74, 7.74, 8.51, 6.04, 4.83, 7.48, 9.32, 10.81, 7.78, 6.69, 10.49, 11.33, 9.76, 11.41, 14.65, 14.61, 15.28, 18.10, 16.35, 14.61, 14.16, 15.40, 15.72, 18.66, 20.60
 10.56, 7.68, 7.89, 10.11, 12.97, 14.83, 14.04, 17.05, 17.27, 20.24, 22.48, 23.96, 27.35, 26.04, 27.49, 23.97, 21.50, 19.23, 19.35, 16.81, 14.82, 13.78, 12.39, 11.18, 8.49, 7.70, 8.70, 6.75, 3.83, 0.00, 3.83, 6.38, 9.43, 11.13, 14.50, 15.53, 18.71, 21.35, 24.26, 24.35, 21.52, 18.83, 15.04, 13.97, 10.44, 8.27, 4.53, 4.15, 5.33, 5.97, 5.37, 4.87, 6.84, 8.59, 11.26, 9.26, 8.02, 11.47, 13.14, 12.40, 13.41, 16.55, 17.25, 17.97, 20.34, 18.07, 15.90, 14.51, 14.98, 14.36, 16.91, 18.27
 13.07, 9.60, 8.70, 9.60, 12.19, 13.58, 13.00, 15.98, 15.85, 19.05, 20.89, 22.06, 25.36, 24.12, 25.25, 21.58, 19.56, 17.09, 16.68, 14.50, 12.90, 11.09, 9.55, 9.41, 6.66, 4.53, 6.57, 6.49, 5.44, 3.83, 0.00, 3.81, 6.23, 7.74, 11.33, 12.65, 15.80, 18.72, 21.38, 21.87, 19.43, 16.71, 12.95, 11.77, 8.12, 6.62, 3.96, 6.33, 8.85, 9.29, 8.94, 8.44, 9.89, 10.48, 13.22, 11.36, 8.88, 11.94, 14.21, 12.91, 13.02, 16.54, 17.44, 17.37, 19.54, 16.88, 15.26, 13.84, 14.83, 14.42, 16.45, 17.68
 13.24, 9.45, 8.87, 8.43, 11.46, 13.40, 13.88, 17.23, 17.57, 21.07, 22.94, 23.55, 26.92, 26.08, 27.13, 23.43, 21.83, 18.99, 18.31, 16.77, 15.23, 12.67, 11.62, 12.36, 9.34, 6.82, 9.67, 10.26, 8.98, 6.38, 3.81, 0.00, 3.81, 6.98, 10.68, 13.06, 16.48, 19.84, 21.96, 22.51, 20.42, 17.29, 13.74, 11.58, 7.82, 5.46, 4.66, 7.07, 10.38, 10.09, 10.95, 11.23, 12.47, 12.93, 16.15, 14.76, 12.31, 15.02, 17.65, 16.58, 16.33, 19.79, 21.00, 20.75, 22.64, 19.68, 18.08, 16.16, 16.71, 15.61, 16.89, 17.30
 15.14, 11.36, 9.68, 7.98, 10.04, 11.34, 12.26, 15.47, 15.82, 19.46, 21.14, 21.22, 24.54, 24.06, 25.04, 21.39, 20.22, 17.07, 16.22, 15.43, 13.95, 10.79, 10.54, 12.07, 9.09, 6.79, 10.38, 11.87, 11.65, 9.43, 6.23, 3.81, 0.00, 3.80, 7.23, 10.16, 13.61, 17.21, 18.90, 19.53, 17.81, 14.58, 11.37, 8.86, 5.56, 4.66, 6.26, 9.57, 13.20, 13.52, 14.44, 14.11, 14.65, 14.15, 17.36, 16.47, 13.44, 15.40, 18.52, 17.52, 16.42, 19.78, 21.43, 20.74, 22.11, 18.79, 17.47, 15.28, 15.91, 14.82, 15.39, 15.55
 16.96, 13.39, 10.77, 9.12, 9.80, 9.74, 10.13, 12.79, 12.69, 16.27, 17.66, 17.59, 20.83, 20.42, 21.37, 17.77, 16.79, 13.52, 12.65, 12.30, 10.86, 7.39, 7.97, 9.92, 7.39, 5.89, 9.57, 11.62, 12.56, 11.13, 7.74, 6.98, 3.80, 0.00, 3.81, 6.41, 9.80, 13.41, 15.13, 15.83, 14.22, 11.20, 8.15, 6.28, 3.99, 5.89, 7.81, 11.54, 14.99, 16.05, 16.47, 15.34, 15.37, 14.06, 16.86, 16.23, 12.72, 13.93, 17.27, 16.22, 14.39, 17.60, 19.52, 18.44, 19.36, 15.85, 14.89, 12.80, 13.89, 13.41, 13.81, 14.45
 19.17, 15.88, 12.76, 10.65, 9.94, 8.63, 9.25, 11.22, 11.14, 14.64, 15.81, 15.03, 18.19, 18.32, 19.33, 15.98, 15.48, 11.92, 11.19, 11.95, 10.50, 6.96, 9.03, 11.18, 9.20, 8.82, 12.16, 14.34, 15.78, 14.50, 11.33, 10.68, 7.23, 3.81, 0.00, 3.82, 7.07, 10.81, 11.95, 12.51, 11.35, 8.31, 6.24, 4.61, 5.12, 8.29, 10.86, 14.51, 17.91, 19.38, 19.87, 18.35, 17.81, 15.81, 18.35, 18.29, 14.65, 14.93, 18.48, 17.72, 15.18, 17.92, 20.28, 18.93, 19.12, 15.39, 14.72, 12.45, 13.47, 13.15, 12.72, 13.23
 20.42, 17.43, 13.97, 12.62, 11.27, 8.89, 8.11, 8.88, 7.88, 11.12, 12.02, 11.37, 14.54, 14.54, 15.74, 12.46, 11.82, 8.18, 7.92, 9.00, 7.41, 4.40, 7.67, 9.41, 8.38, 9.23, 11.81, 13.91, 16.10, 15.53, 12.65, 13.06, 10.16, 6.41, 3.82, 0.00, 3.79, 7.27, 9.11, 9.50, 8.00, 5.59, 3.87, 5.07, 6.76, 10.45, 12.33, 15.88, 18.83, 20.82, 20.80, 18.69, 17.82, 15.35, 17.22, 17.34, 13.63, 13.12, 16.56, 15.83, 12.77, 15.11, 17.64, 16.08, 15.79, 12.03, 11.72, 9.83, 11.48, 12.16, 12.03, 13.46
 23.97, 21.08, 17.58, 16.36, 14.75, 11.91, 10.70, 10.16, 8.12, 10.30, 10.03, 8.99, 11.58, 11.60, 12.38, 9.27, 9.50, 6.15, 5.38, 7.94, 7.49, 5.53, 8.72, 10.64, 10.87, 11.85, 13.63, 16.02, 18.75, 18.71, 15.80, 16.48, 13.61, 9.80, 7.07, 3.79, 0.00, 3.81, 5.58, 6.81, 6.37, 5.90, 6.25, 8.50, 10.54, 14.22, 15.88, 19.41, 22.16, 24.22, 23.88, 21.61, 20.74, 18.14, 19.44, 19.54, 15.85, 14.85, 17.93, 16.98, 13.54, 15.42, 17.83, 15.68, 14.80, 11.24, 12.00, 11.00, 13.20, 14.61, 14.37, 16.04
 26.48, 23.85, 20.26, 19.41, 17.49, 14.27, 12.44, 10.72, 7.93, 8.64, 7.19, 5.94, 7.95, 7.95, 8.81, 6.19, 6.95, 4.35, 4.54, 7.85, 7.91, 7.74, 10.73, 11.98, 13.04, 14.59, 15.69, 17.85, 20.95, 21.35, 18.72, 19.84, 17.21, 13.41, 10.81, 7.27, 3.81, 0.00, 3.84, 4.95, 5.09, 6.96, 8.43, 11.48, 13.78, 17.48, 18.83, 22.17, 24.58, 26.93, 26.29, 23.69, 22.59, 19.76, 20.41, 20.70, 17.23, 15.58, 18.23, 17.39, 13.68, 14.76, 17.16, 14.76, 13.09, 9.96, 11.49, 11.31, 13.80, 15.92, 15.78, 17.90
 29.00, 26.30, 22.67, 21.28, 19.12, 15.82, 14.75, 13.10, 11.01, 11.65, 10.06, 7.58, 8.59, 9.74, 9.94, 8.28, 10.21, 8.15, 7.64, 11.31, 11.64, 10.80, 13.71, 15.48, 16.23, 17.36, 18.79, 21.22, 24.16, 24.26, 21.38, 21.96, 18.90, 15.13, 11.95, 9.11, 5.58, 3.84, 0.00, 3.80, 6.52, 8.37, 10.71, 13.07, 15.76, 19.49, 21.37, 24.84, 27.54, 29.74, 29.37, 26.95, 25.85, 22.97, 23.89, 24.31, 20.77, 19.19, 21.98, 21.19, 17.50, 18.54, 20.97, 18.50, 16.69, 13.72, 15.22, 14.72, 16.74, 18.40, 17.55, 19.06
 27.82, 25.48, 21.72, 20.43, 17.75, 14.13, 12.99, 10.75, 9.26, 9.65, 8.78, 5.42, 7.21, 9.42, 10.95, 9.83, 10.77, 8.39, 9.49, 12.64, 11.89, 11.59, 15.06, 16.09, 16.40, 18.18, 19.87, 21.73, 24.50, 24.35, 21.87, 22.51, 19.53, 15.83, 12.51, 9.50, 6.81, 4.95, 3.80, 0.00, 3.82, 6.41, 9.69, 12.26, 15.49, 19.23, 21.22, 24.42, 26.98, 29.53, 29.37, 26.67, 25.06, 21.83, 22.64, 23.64, 20.34, 18.24, 21.13, 21.01, 17.23, 17.72, 20.65, 18.74, 16.51, 13.47, 14.30, 13.31, 14.69, 16.27, 15.07, 16.66
 24.60, 22.48, 18.69, 17.84, 15.14, 11.46, 9.67, 7.08, 5.55, 6.36, 6.77, 4.26, 7.71, 9.22, 11.67, 10.04, 9.54, 6.59, 8.89, 11.10, 9.35, 9.61, 13.29, 13.59, 13.64, 15.99, 17.66, 19.01, 21.67, 21.52, 19.43, 20.42, 17.81, 14.22, 11.35, 8.00, 6.37, 5.09, 6.52, 3.82, 0.00, 3.82, 6.90, 10.04, 13.18, 16.82, 18.51, 21.47, 23.77, 26.55, 26.35, 23.46, 21.60, 18.26, 18.95, 20.16, 17.02, 14.68, 17.63, 17.86, 14.13, 14.49, 17.70, 16.28, 14.15, 10.87, 10.99, 9.64, 10.90, 12.70, 11.93, 14.10
 21.44, 19.19, 15.40, 14.20, 11.47, 7.85, 6.69, 5.39, 5.39, 8.11, 9.67, 7.97, 11.52, 12.68, 14.92, 12.64, 11.79, 8.18, 9.92, 11.56, 9.15, 8.32, 12.13, 12.58, 11.63, 13.75, 16.09, 17.35, 19.53, 18.83, 16.71, 17.29, 14.58, 11.20, 8.31, 5.59, 5.90, 6.96, 8.37, 6.41, 3.82, 0.00, 3.80, 6.33, 9.74, 13.34, 15.39, 18.38, 20.97, 23.61, 23.81, 21.14, 19.30, 16.04, 17.41, 18.64, 15.39, 13.54, 16.98, 17.32, 13.86, 14.89, 18.19, 17.12, 15.69, 12.04, 11.26, 8.84, 9.45, 10.29, 9.20, 10.99
 18.34, 15.86, 12.13, 11.25, 9.18, 6.19, 4.47, 5.13, 5.16, 8.85, 10.89, 10.42, 14.08, 14.34, 16.41, 13.51, 12.02, 8.30, 9.68, 10.17, 7.25, 5.88, 9.40, 9.62, 8.03, 10.19, 12.74, 13.82, 15.80, 15.04, 12.95, 13.74, 11.37, 8.15, 6.24, 3.87, 6.25, 8.43, 10.71, 9.69, 6.90, 3.80, 0.00, 3.81, 6.38, 9.96, 11.69, 14.76, 17.38, 19.92, 20.05, 17.48, 15.88, 12.87, 14.60, 15.46, 12.06, 10.82, 14.46, 14.59, 11.49, 13.24, 16.32, 15.49, 14.88, 11.10, 9.76, 6.97, 7.85, 8.49, 8.45, 10.50
 16.44, 13.71, 10.11, 8.26, 6.29, 4.13, 4.99, 7.54, 8.79, 12.52, 14.69, 13.94, 17.55, 18.03, 19.91, 16.88, 15.63, 11.89, 12.62, 13.02, 10.32, 7.99, 10.80, 11.47, 8.82, 10.01, 13.36, 14.42, 15.59, 13.97, 11.77, 11.58, 8.86, 6.28, 4.61, 5.07, 8.50, 11.48, 13.07, 12.26, 10.04, 6.33, 3.81, 0.00, 3.82, 7.21, 9.91, 13.02, 16.15, 18.32, 19.10, 17.03, 15.60, 12.96, 15.54, 16.34, 13.05, 12.63, 16.42, 16.60, 14.05, 16.18, 19.11, 18.51, 18.34, 14.58, 12.94, 9.80, 9.73, 8.81, 8.11, 8.89
 14.10, 10.89, 7.66, 6.07, 6.10, 6.18, 6.73, 10.00, 10.87, 14.63, 16.81, 16.73, 20.32, 20.21, 21.85, 18.49, 16.95, 13.47, 13.73, 13.23, 10.69, 8.10, 9.64, 10.23, 6.88, 7.21, 10.88, 11.75, 12.37, 10.44, 8.12, 7.82, 5.56, 3.99, 5.12, 6.76, 10.54, 13.78, 15.76, 15.49, 13.18, 9.74, 6.38, 3.82, 0.00, 3.76, 6.32, 9.71, 13.07, 14.86, 15.66, 13.99, 13.12, 11.23, 14.25, 14.41, 11.16, 11.84, 15.47, 15.29, 13.45, 16.19, 18.62, 18.21, 18.83, 15.25, 13.44, 10.59, 10.76, 9.67, 10.08, 10.82
 11.24, 7.71, 5.26, 3.64, 6.02, 8.10, 9.15, 12.82, 14.05, 17.75, 20.15, 20.31, 23.94, 23.71, 25.37, 21.94, 20.19, 16.88, 17.08, 16.10, 13.60, 11.24, 11.87, 12.10, 8.39, 7.96, 11.54, 11.73, 11.14, 8.27, 6.62, 5.46, 4.66, 5.89, 8.29, 10.45, 14.22, 17.48, 19.49, 19.23, 16.82, 13.34, 9.96, 7.21, 3.76, 0.00, 3.78, 6.73, 10.43, 11.73, 13.15, 12.11, 11.60, 10.59, 14.13, 14.05, 11.41, 12.94, 16.25, 16.19, 15.17, 18.04, 20.16, 20.20, 21.29, 17.96, 15.79, 12.98, 12.65, 10.87, 11.62, 11.84
 9.86, 6.28, 4.79, 5.91, 8.70, 10.69, 10.61, 14.03, 14.82, 18.23, 20.66, 21.49, 25.07, 24.31, 25.95, 22.46, 20.28, 17.40, 17.66, 15.88, 13.45, 11.74, 11.46, 10.89, 7.27, 6.82, 9.59, 8.86, 7.58, 4.53, 3.96, 4.66, 6.26, 7.81, 10.86, 12.33, 15.88, 18.83, 21.37, 21.22, 18.51, 15.39, 11.69, 9.91, 6.32, 3.78, 0.00, 3.76, 7.22, 8.59, 9.49, 8.43, 8.49, 8.42, 11.85, 11.10, 8.86, 11.27, 14.04, 13.80, 13.59, 16.63, 18.23, 18.63, 20.27, 17.36, 15.06, 12.78, 12.77, 11.51, 13.35, 14.27
 6.77, 3.55, 4.48, 7.10, 10.26, 12.86, 12.79, 16.20, 17.34, 20.53, 23.25, 24.31, 27.94, 27.13, 28.98, 25.59, 23.10, 20.41, 20.98, 18.90, 16.31, 15.13, 14.70, 13.51, 10.12, 10.03, 12.02, 10.22, 7.74, 4.15, 6.33, 7.07, 9.57, 11.54, 14.51, 15.88, 19.41, 22.17, 24.84, 24.42, 21.47, 18.38, 14.76, 13.02, 9.71, 6.73, 3.76, 0.00, 3.81, 5.37, 7.09, 6.46, 6.54, 7.72, 11.20, 10.53, 9.60, 12.24, 14.40, 14.67, 15.25, 17.94, 19.31, 20.36, 22.20, 19.63, 16.94, 14.72, 14.15, 12.52, 14.70, 15.51
 6.25, 5.17, 7.07, 10.41, 13.18, 15.62, 15.01, 18.06, 19.11, 21.89, 24.72, 26.21, 29.77, 28.72, 30.71, 27.44, 24.61, 22.29, 23.14, 20.65, 18.02, 17.53, 16.84, 14.96, 12.08, 12.45, 13.50, 10.76, 7.74, 5.33, 8.85, 10.38, 13.20, 14.99, 17.91, 18.83, 22.16, 24.58, 27.54, 26.98, 23.77, 20.97, 17.38, 16.15, 13.07, 10.43, 7.22, 3.81, 0.00, 3.82, 4.98, 4.17, 4.43, 7.24, 9.96, 9.07, 9.59, 12.38, 13.62, 14.22, 15.64, 17.94, 18.90, 20.55, 22.64, 20.58, 17.69, 15.90, 15.21, 13.88, 16.61, 17.80
 8.08, 6.73, 9.50, 12.05, 15.42, 18.19, 18.01, 21.25, 22.16, 25.10, 27.71, 29.14, 32.67, 31.52, 33.22, 29.77, 27.16, 24.84, 25.21, 22.70, 20.48, 19.54, 18.35, 16.99, 14.21, 13.57, 14.51, 12.14, 8.51, 5.97, 9.29, 10.09, 13.52, 16.05, 19.38, 20.82, 24.22, 26.93, 29.74, 29.53, 26.55, 23.61, 19.92, 18.32, 14.86, 11.73, 8.59, 5.37, 3.82, 0.00, 3.82, 6.01, 7.96, 10.97, 13.58, 12.09, 12.47, 15.67, 16.79, 16.80, 18.41, 21.05, 21.65, 23.02, 25.43, 23.38, 20.80, 19.14, 18.72, 17.32, 19.75, 20.53
 10.88, 9.50, 11.33, 14.18, 17.22, 19.42, 18.53, 21.38, 21.68, 24.30, 26.64, 28.50, 31.83, 30.27, 31.79, 28.38, 25.63, 23.76, 24.04, 21.12, 19.24, 18.75, 17.05, 15.33, 13.25, 12.69, 12.62, 9.79, 6.04, 5.37, 8.94, 10.95, 14.44, 16.47, 19.87, 20.80, 23.88, 26.29, 29.37, 29.37, 26.35, 23.81, 20.05, 19.10, 15.66, 13.15, 9.49, 7.09, 4.98, 3.82, 0.00, 3.82, 7.23, 10.68, 12.47, 10.07, 10.80, 14.34, 14.79, 14.31, 16.46, 19.14, 19.15, 20.55, 23.32, 21.69, 19.38, 18.40, 18.59, 17.96, 20.85, 22.23
 10.22, 8.99, 9.76, 13.05, 15.47, 17.16, 15.73, 18.25, 18.50, 20.90, 23.37, 25.37, 28.69, 27.14, 28.91, 25.66, 22.67, 20.88, 21.61, 18.64, 16.41, 16.45, 15.16, 12.83, 10.83, 11.31, 11.18, 7.81, 4.83, 4.87, 8.44, 11.23, 14.11, 15.34, 18.35, 18.69, 21.61, 23.69, 26.95, 26.67, 23.46, 21.14, 17.48, 17.03, 13.99, 12.11, 8.43, 6.46, 4.17, 6.01, 3.82, 0.00, 3.82, 7.20, 8.69, 6.33, 7.31, 10.67, 11.09, 11.03, 13.15, 15.56, 15.82, 17.50, 20.03, 18.45, 15.90, 14.98, 15.16, 14.89, 18.09, 19.95
 8.54, 8.03, 8.07, 11.76, 13.48, 14.98, 13.36, 15.72, 16.46, 18.76, 21.64, 23.51, 26.95, 25.72, 27.92, 24.90, 21.73, 19.76, 21.11, 18.40, 15.57, 15.97, 15.54, 12.85, 10.53, 12.11, 12.57, 9.29, 7.48, 6.84, 9.89, 12.47, 14.65, 15.37, 17.81, 17.82, 20.74, 22.59, 25.85, 25.06, 21.60, 19.30, 15.88, 15.60, 13.12, 11.60, 8.49, 6.54, 4.43, 7.96, 7.23, 3.82, 0.00, 3.82, 5.63, 4.96, 6.33, 8.63, 9.41, 10.60, 12.21, 14.00, 14.99, 17.06, 19.00, 17.28, 14.19, 12.80, 12.26, 11.78, 15.15, 17.20
 9.38, 8.71, 7.11, 10.50, 11.18, 12.00, 9.98, 12.08, 13.08, 15.37, 18.50, 20.18, 23.69, 22.75, 25.23, 22.39, 19.20, 17.03, 18.83, 16.49, 13.21, 13.86, 14.27, 11.49, 9.04, 11.57, 12.54, 9.82, 9.32, 8.59, 10.48, 12.93, 14.15, 14.06, 15.81, 15.35, 18.14, 19.76, 22.97, 21.83, 18.26, 16.04, 12.87, 12.96, 11.23, 10.59, 8.42, 7.72, 7.24, 10.97, 10.68, 7.20, 3.82, 0.00, 3.81, 5.28, 5.32, 6.05, 7.92, 9.84, 10.36, 11.78, 13.65, 15.61, 16.88, 14.83, 11.41, 9.47, 8.49, 8.11, 11.67, 14.13
 12.45, 12.32, 10.91, 14.21, 14.48, 14.65, 11.94, 13.00, 13.45, 14.85, 17.86, 20.10, 23.32, 22.06, 24.66, 22.14, 18.62, 17.10, 19.27, 16.64, 13.50, 15.12, 15.42, 12.03, 10.69, 13.65, 13.71, 10.66, 10.81, 11.26, 13.22, 16.15, 17.36, 16.86, 18.35, 17.22, 19.44, 20.41, 23.89, 22.64, 18.95, 17.41, 14.60, 15.54, 14.25, 14.13, 11.85, 11.20, 9.96, 13.58, 12.47, 8.69, 5.63, 3.81, 0.00, 3.82, 5.56, 5.07, 5.15, 8.07, 9.20, 9.62, 11.16, 13.83, 15.07, 13.77, 10.33, 9.43, 8.87, 9.75, 13.57, 16.57
 13.35, 12.59, 11.63, 14.93, 15.92, 16.31, 13.67, 14.99, 14.73, 16.26, 18.74, 21.24, 24.33, 22.60, 24.71, 21.91, 18.47, 17.22, 18.76, 15.65, 13.12, 14.57, 13.92, 10.49, 9.61, 11.94, 11.19, 7.69, 7.78, 9.26, 11.36, 14.76, 16.47, 16.23, 18.29, 17.34, 19.54, 20.70, 24.31, 23.64, 20.16, 18.64, 15.46, 16.34, 14.41, 14.05, 11.10, 10.53, 9.07, 12.09, 10.07, 6.33, 4.96, 5.28, 3.82, 0.00, 3.82, 5.65, 4.89, 6.01, 8.34, 9.78, 10.20, 12.60, 14.74, 13.68, 10.87, 10.74, 11.31, 12.41, 16.14, 19.00
 13.77, 12.06, 10.23, 12.89, 13.67, 13.67, 10.96, 12.42, 11.82, 13.83, 16.13, 18.39, 21.57, 19.92, 21.86, 18.82, 15.61, 13.98, 15.27, 12.30, 9.68, 10.79, 10.26, 6.95, 5.83, 8.50, 8.16, 5.37, 6.69, 8.02, 8.88, 12.31, 13.44, 12.72, 14.65, 13.63, 15.85, 17.23, 20.77, 20.34, 17.02, 15.39, 12.06, 13.05, 11.16, 11.41, 8.86, 9.60, 9.59, 12.47, 10.80, 7.31, 6.33, 5.32, 5.56, 3.82, 0.00, 3.82, 5.36, 5.24, 6.06, 8.65, 9.72, 11.08, 13.05, 11.22, 8.61, 8.16, 9.45, 10.77, 14.21, 17.05
 15.33, 14.05, 11.57, 13.94, 13.67, 12.80, 9.43, 9.86, 9.19, 10.64, 13.28, 15.64, 18.80, 17.34, 19.74, 17.10, 13.64, 12.11, 14.25, 11.67, 8.50, 10.56, 11.14, 7.67, 7.13, 10.70, 10.66, 8.66, 10.49, 11.47, 11.94, 15.02, 15.40, 13.93, 14.93, 13.12, 14.85, 15.58, 19.19, 18.24, 14.68, 13.54, 10.82, 12.63, 11.84, 12.94, 11.27, 12.24, 12.38, 15.67, 14.34, 10.67, 8.63, 6.05, 5.07, 5.65, 3.82, 0.00, 3.81, 5.46, 4.64, 5.88, 8.22, 9.86, 10.83, 8.94, 5.61, 5.15, 6.53, 8.87, 12.40, 15.76
 17.15, 16.33, 14.46, 17.25, 17.25, 16.55, 13.16, 13.20, 12.18, 12.72, 14.95, 17.87, 20.62, 18.69, 20.99, 18.64, 14.95, 14.31, 16.43, 13.41, 10.91, 13.50, 13.43, 9.65, 10.06, 13.23, 12.18, 9.58, 11.33, 13.14, 14.21, 17.65, 18.52, 17.27, 18.48, 16.56, 17.93, 18.23, 21.98, 21.13, 17.63, 16.98, 14.46, 16.42, 15.47, 16.25, 14.04, 14.40, 13.62, 16.79, 14.79, 11.09, 9.41, 7.92, 5.15, 4.89, 5.36, 3.81, 0.00, 3.82, 5.23, 5.16, 6.02, 8.89, 10.40, 9.87, 7.14, 8.26, 9.64, 12.12, 15.78, 19.22
 18.71, 17.24, 15.45, 17.94, 18.34, 17.63, 14.34, 14.57, 12.80, 13.50, 14.96, 18.04, 20.56, 18.17, 19.84, 17.19, 13.69, 13.38, 14.73, 11.25, 9.63, 12.09, 11.10, 7.36, 8.84, 11.39, 9.43, 7.17, 9.76, 12.40, 12.91, 16.58, 17.52, 16.22, 17.72, 15.83, 16.98, 17.39, 21.19, 21.01, 17.86, 17.32, 14.59, 16.60, 15.29, 16.19, 13.80, 14.67, 14.22, 16.80, 14.31, 11.03, 10.60, 9.84, 8.07, 6.01, 5.24, 5.46, 3.82, 0.00, 3.81, 5.67, 4.91, 6.69, 9.38, 8.98, 7.48, 9.35, 11.76, 14.30, 17.74, 21.03
 19.42, 17.64, 15.12, 17.00, 16.74, 15.35, 11.86, 11.53, 9.26, 9.93, 11.29, 14.26, 16.86, 14.63, 16.47, 13.76, 10.24, 9.64, 11.35, 8.20, 6.11, 9.12, 9.02, 5.40, 7.33, 10.46, 9.24, 8.26, 11.41, 13.41, 13.02, 16.33, 16.42, 14.39, 15.18, 12.77, 13.54, 13.68, 17.50, 17.23, 14.13, 13.86, 11.49, 14.05, 13.45, 15.17, 13.59, 15.25, 15.64, 18.41, 16.46, 13.15, 12.21, 10.36, 9.20, 8.34, 6.06, 4.64, 5.23, 3.81, 0.00, 3.83, 5.20, 5.48, 7.03, 5.50, 4.01, 6.32, 9.50, 12.52, 15.54, 18.93
 21.14, 19.92, 17.34, 19.36, 18.60, 16.86, 13.10, 11.84, 9.64, 8.97, 10.42, 13.78, 16.05, 13.84, 16.18, 14.23, 10.43, 10.55, 13.09, 10.46, 8.40, 11.93, 12.48, 9.08, 10.78, 14.16, 13.06, 11.82, 14.65, 16.55, 16.54, 19.79, 19.78, 17.60, 17.92, 15.11, 15.42, 14.76, 18.54, 17.72, 14.49, 14.89, 13.24, 16.18, 16.19, 18.04, 16.63, 17.94, 17.94, 21.05, 19.14, 15.56, 14.00, 11.78, 9.62, 9.78, 8.65, 5.88, 5.16, 5.67, 3.83, 0.00, 3.83, 5.49, 5.52, 5.38, 3.65, 6.83, 9.50, 13.03, 16.06, 19.75
 22.92, 21.67, 19.53, 21.80, 21.54, 20.12, 16.46, 15.52, 13.11, 12.39, 13.10, 16.71, 18.53, 15.75, 17.47, 15.57, 11.91, 12.82, 14.65, 11.48, 10.47, 13.89, 13.44, 10.01, 12.38, 15.19, 13.14, 11.70, 14.61, 17.25, 17.44, 21.00, 21.43, 19.52, 20.28, 17.64, 17.83, 17.16, 20.97, 20.65, 17.70, 18.19, 16.32, 19.11, 18.62, 20.16, 18.23, 19.31, 18.90, 21.65, 19.15, 15.82, 14.99, 13.65, 11.16, 10.20, 9.72, 8.22, 6.02, 4.91, 5.20, 3.83, 0.00, 3.83, 5.80, 7.33, 7.06, 10.36, 13.10, 16.43, 19.63, 23.24
 24.73, 22.96, 20.55, 22.30, 21.96, 20.22, 16.67, 15.57, 12.49, 11.74, 11.46, 15.06, 16.54, 13.39, 14.48, 12.41, 9.03, 10.51, 11.73, 8.56, 8.68, 12.09, 11.44, 8.70, 11.93, 14.31, 12.08, 11.79, 15.28, 17.97, 17.37, 20.75, 20.74, 18.44, 18.93, 16.08, 15.68, 14.76, 18.50, 18.74, 16.28, 17.12, 15.49, 18.51, 18.21, 20.20, 18.63, 20.36, 20.55, 23.02, 20.55, 17.50, 17.06, 15.61, 13.83, 12.60, 11.08, 9.86, 8.89, 6.69, 5.48, 5.49, 3.83, 0.00, 3.82, 5.46, 7.10, 10.70, 14.13, 17.55, 20.33, 23.82
 26.11, 24.46, 21.65, 23.11, 22.13, 19.83, 16.18, 14.25, 10.96, 9.18, 8.40, 12.19, 13.31, 10.19, 11.80, 10.40, 6.84, 8.88, 10.96, 8.81, 8.65, 12.41, 12.84, 10.48, 13.39, 16.19, 14.65, 14.63, 18.10, 20.34, 19.54, 22.64, 22.11, 19.36, 19.12, 15.79, 14.80, 13.09, 16.69, 16.51, 14.15, 15.69, 14.88, 18.34, 18.83, 21.29, 20.27, 22.20, 22.64, 25.43, 23.32, 20.03, 19.00, 16.88, 15.07, 14.74, 13.05, 10.83, 10.40, 9.38, 7.03, 5.52, 5.80, 3.82, 0.00, 3.82, 6.31, 10.06, 13.39, 17.11, 19.49, 23.07
 23.70, 21.79, 18.72, 19.80, 18.67, 16.26, 12.72, 10.94, 7.47, 6.54, 6.34, 9.75, 11.74, 9.19, 11.14, 8.88, 5.11, 5.62, 8.10, 6.14, 5.06, 8.87, 9.96, 7.86, 10.39, 13.32, 12.51, 12.89, 16.35, 18.07, 16.88, 19.68, 18.79, 15.85, 15.39, 12.03, 11.24, 9.96, 13.72, 13.47, 10.87, 12.04, 11.10, 14.58, 15.25, 17.96, 17.36, 19.63, 20.58, 23.38, 21.69, 18.45, 17.28, 14.83, 13.77, 13.68, 11.22, 8.94, 9.87, 8.98, 5.50, 5.38, 7.33, 5.46, 3.82, 0.00, 3.78, 7.01, 10.64, 14.20, 16.30, 19.73
 20.38, 18.78, 15.74, 17.17, 16.01, 13.85, 10.10, 8.63, 6.06, 6.03, 7.91, 10.81, 13.56, 11.82, 14.34, 12.07, 8.44, 7.52, 10.38, 8.36, 5.52, 8.99, 10.42, 7.57, 8.87, 12.42, 12.14, 11.67, 14.61, 15.90, 15.26, 18.08, 17.47, 14.89, 14.72, 11.72, 12.00, 11.49, 15.22, 14.30, 10.99, 11.26, 9.76, 12.94, 13.44, 15.79, 15.06, 16.94, 17.69, 20.80, 19.38, 15.90, 14.19, 11.41, 10.33, 10.87, 8.61, 5.61, 7.14, 7.48, 4.01, 3.65, 7.06, 7.10, 6.31, 3.78, 0.00, 3.82, 7.24, 10.85, 13.40, 17.00
 17.69, 16.09, 12.75, 13.90, 12.38, 10.16, 6.36, 5.29, 4.09, 6.01, 9.08, 10.81, 14.23, 13.42, 16.18, 13.74, 10.61, 8.34, 11.19, 9.85, 6.13, 8.28, 10.53, 8.15, 7.73, 11.46, 12.35, 11.84, 14.16, 14.51, 13.84, 16.16, 15.28, 12.80, 12.45, 9.83, 11.00, 11.31, 14.72, 13.31, 9.64, 8.84, 6.97, 9.80, 10.59, 12.98, 12.78, 14.72, 15.90, 19.14, 18.40, 14.98, 12.80, 9.47, 9.43, 10.74, 8.16, 5.15, 8.26, 9.35, 6.32, 6.83, 10.36, 10.70, 10.06, 7.01, 3.82, 0.00, 3.81, 7.20, 9.64, 13.20
 15.70, 14.68, 11.31, 12.53, 10.52, 8.48, 4.97, 4.33, 5.97, 7.93, 11.61, 12.62, 16.20, 16.09, 19.18, 16.99, 14.05, 11.55, 14.48, 13.50, 9.71, 11.08, 13.53, 11.30, 9.81, 13.40, 14.89, 13.91, 15.40, 14.98, 14.83, 16.71, 15.91, 13.89, 13.47, 11.48, 13.20, 13.80, 16.74, 14.69, 10.90, 9.45, 7.85, 9.73, 10.76, 12.65, 12.77, 14.15, 15.21, 18.72, 18.59, 15.16, 12.26, 8.49, 8.87, 11.31, 9.45, 6.53, 9.64, 11.76, 9.50, 9.50, 13.10, 14.13, 13.39, 10.64, 7.24, 3.81, 0.00, 3.84, 6.62, 10.37
 13.05, 12.24, 8.87, 9.79, 7.47, 6.18, 4.13, 5.68, 8.68, 11.24, 14.89, 15.24, 18.96, 19.29, 22.30, 19.95, 17.32, 14.40, 16.92, 16.16, 12.36, 12.71, 15.15, 13.36, 10.86, 13.92, 16.11, 15.05, 15.72, 14.36, 14.42, 15.61, 14.82, 13.41, 13.15, 12.16, 14.61, 15.92, 18.40, 16.27, 12.70, 10.29, 8.49, 8.81, 9.67, 10.87, 11.51, 12.52, 13.88, 17.32, 17.96, 14.89, 11.78, 8.11, 9.75, 12.41, 10.77, 8.87, 12.12, 14.30, 12.52, 13.03, 16.43, 17.55, 17.11, 14.20, 10.85, 7.20, 3.84, 0.00, 3.83, 7.20
 14.85, 13.95, 10.51, 10.09, 6.66, 4.50, 4.56, 5.81, 9.54, 12.18, 15.64, 15.04, 18.73, 19.77, 22.78, 20.61, 18.53, 15.28, 17.68, 17.71, 14.09, 13.83, 16.79, 15.72, 13.14, 15.78, 18.47, 17.98, 18.66, 16.91, 16.45, 16.89, 15.39, 13.81, 12.72, 12.03, 14.37, 15.78, 17.55, 15.07, 11.93, 9.20, 8.45, 8.11, 10.08, 11.62, 13.35, 14.70, 16.61, 19.75, 20.85, 18.09, 15.15, 11.67, 13.57, 16.14, 14.21, 12.40, 15.78, 17.74, 15.54, 16.06, 19.63, 20.33, 19.49, 16.30, 13.40, 9.64, 6.62, 3.83, 0.00, 3.82
 15.02, 14.15, 11.07, 9.62, 5.93, 4.90, 7.31, 9.10, 12.74, 15.55, 18.77, 17.65, 21.26, 22.66, 25.48, 23.26, 21.56, 18.09, 20.08, 20.44, 17.01, 16.05, 18.96, 18.42, 15.48, 17.48, 20.62, 20.35, 20.60, 18.27, 17.68, 17.30, 15.55, 14.45, 13.23, 13.46, 16.04, 17.90, 19.06, 16.66, 14.10, 10.99, 10.50, 8.89, 10.82, 11.84, 14.27, 15.51, 17.80, 20.53, 22.23, 19.95, 17.20, 14.13, 16.57, 19.00, 17.05, 15.76, 19.22, 21.03, 18.93, 19.75, 23.24, 23.82, 23.07, 19.73, 17.00, 13.20, 10.37, 7.20, 3.82, 0.00
