 0.00, 3.82, 6.34, 9.73, 13.23, 16.61, 18.85, 21.76, 23.01, 23.39, 25.98, 25.12, 28.44, 27.80, 26.73, 23.76, 22.13, 20.91, 22.41, 21.14, 21.93, 20.58, 18.31, 16.56, 12.80, 11.27, 8.40, 9.00, 9.53, 12.35, 13.29, 15.75, 17.45, 20.58, 20.62, 19.21, 15.50, 14.63, 12.61, 13.00, 14.74, 13.57, 17.19, 19.24, 16.91, 18.49, 16.47, 18.23, 18.30, 17.87, 19.05, 16.55, 18.83, 18.54, 14.83, 13.18, 10.01, 10.29
 3.82, 0.00, 3.82, 6.35, 10.09, 13.21, 15.44, 18.28, 19.62, 19.90, 22.62, 21.86, 25.13, 24.69, 23.97, 20.95, 19.02, 17.91, 19.35, 18.16, 18.91, 17.47, 15.64, 13.97, 10.38, 8.52, 6.07, 6.00, 7.78, 10.22, 10.45, 13.30, 14.45, 17.41, 17.11, 15.80, 12.21, 11.83, 9.80, 11.00, 12.72, 12.36, 15.84, 17.78, 15.78, 16.84, 14.48, 15.64, 15.23, 14.40, 15.33, 12.79, 15.03, 14.75, 11.09, 9.66, 6.95, 8.14
 6.34, 3.82, 0.00, 3.82, 6.96, 10.43, 12.84, 15.63, 16.85, 17.61, 20.43, 20.15, 23.68, 23.68, 23.10, 20.47, 18.07, 16.30, 17.09, 15.34, 15.73, 14.25, 12.06, 10.46, 6.87, 6.05, 5.24, 6.85, 9.69, 12.36, 12.37, 15.67, 16.21, 18.72, 17.63, 16.09, 12.81, 12.33, 9.39, 10.05, 10.63, 9.94, 13.01, 15.45, 14.13, 15.55, 13.78, 15.06, 14.92, 13.46, 14.56, 12.60, 14.37, 13.19, 9.46, 8.33, 6.13, 6.03
 9.73, 6.35, 3.82, 0.00, 3.82, 6.97, 9.22, 12.04, 13.58, 14.42, 17.55, 17.61, 21.06, 21.47, 21.44, 18.87, 16.02, 14.35, 14.80, 12.99, 13.04, 11.21, 9.72, 8.63, 5.91, 5.37, 6.39, 6.99, 10.65, 12.46, 11.51, 14.86, 14.53, 16.66, 15.03, 13.79, 11.07, 11.44, 8.74, 10.33, 10.52, 10.89, 13.31, 15.57, 14.86, 15.62, 13.67, 14.06, 13.22, 10.97, 11.46, 9.60, 10.87, 9.46, 5.72, 4.99, 4.48, 5.42
 13.23, 10.09, 6.96, 3.82, 0.00, 3.82, 6.17, 8.83, 10.37, 11.93, 15.25, 16.05, 19.59, 20.63, 20.95, 18.90, 15.59, 13.41, 12.88, 10.41, 9.68, 7.49, 6.04, 5.71, 4.65, 6.07, 8.83, 9.93, 13.69, 15.34, 14.18, 17.56, 16.65, 18.19, 15.85, 14.62, 12.65, 13.15, 10.28, 11.49, 10.47, 11.01, 12.38, 14.82, 15.07, 15.80, 14.45, 14.56, 13.78, 10.84, 11.16, 10.26, 10.59, 8.06, 5.13, 5.55, 6.80, 6.62
 16.61, 13.21, 10.43, 6.97, 3.82, 0.00, 3.82, 5.28, 6.73, 8.34, 11.87, 13.12, 16.50, 18.01, 18.87, 17.13, 13.50, 11.41, 10.31, 7.96, 6.92, 4.80, 5.54, 5.68, 6.70, 7.73, 11.00, 11.57, 15.28, 16.31, 14.80, 18.05, 16.58, 17.34, 14.40, 13.24, 12.23, 13.15, 10.81, 12.33, 11.01, 12.52, 13.12, 14.95, 15.75, 15.75, 14.48, 13.77, 12.60, 9.10, 8.98, 9.18, 8.86, 5.43, 4.46, 6.84, 9.55, 10.04
 18.85, 15.44, 12.84, 9.22, 6.17, 3.82, 0.00, 3.82, 7.16, 9.54, 13.33, 15.20, 18.18, 20.15, 21.56, 19.89, 16.16, 14.45, 12.98, 10.61, 8.47, 5.15, 6.68, 8.61, 9.98, 11.34, 14.34, 14.50, 18.27, 18.92, 16.81, 19.61, 17.54, 18.26, 15.26, 15.01, 14.54, 16.16, 14.24, 16.07, 14.82, 16.15, 16.58, 18.56, 19.54, 19.51, 18.18, 17.14, 15.47, 11.74, 10.44, 10.32, 8.50, 5.59, 5.75, 7.02, 10.21, 10.63
 21.76, 18.28, 15.63, 12.04, 8.83, 5.28, 3.82, 0.00, 3.82, 6.54, 10.20, 12.67, 15.39, 17.86, 19.63, 18.50, 14.69, 12.96, 10.82, 8.73, 6.37, 4.14, 7.53, 9.15, 11.52, 12.76, 16.11, 16.31, 19.90, 20.34, 18.35, 21.15, 18.93, 18.90, 15.45, 14.97, 15.25, 16.74, 15.08, 16.72, 15.10, 16.95, 16.71, 18.13, 19.61, 19.12, 18.12, 16.67, 15.07, 11.31, 10.10, 11.31, 9.46, 6.07, 7.96, 10.34, 13.71, 14.23
 23.01, 19.62, 16.85, 13.58, 10.37, 6.73, 7.16, 3.82, 0.00, 3.82, 6.95, 9.84, 12.68, 15.35, 17.02, 16.50, 12.73, 10.58, 7.73, 5.76, 3.79, 4.45, 8.07, 8.65, 11.61, 12.73, 16.30, 16.86, 20.19, 20.77, 19.29, 22.29, 20.39, 19.94, 16.30, 15.09, 15.56, 16.42, 14.70, 15.78, 13.72, 15.89, 15.01, 15.86, 17.80, 17.03, 16.57, 15.10, 14.07, 10.67, 10.46, 12.68, 11.65, 8.03, 10.00, 13.01, 16.16, 16.58
 23.39, 19.90, 17.61, 14.42, 11.93, 8.34, 9.54, 6.54, 3.82, 0.00, 3.82, 6.23, 9.00, 11.60, 13.50, 13.03, 9.33, 7.78, 5.43, 5.64, 6.20, 7.83, 11.03, 10.46, 12.78, 12.82, 16.03, 16.09, 19.00, 19.13, 17.77, 20.62, 18.80, 17.79, 14.08, 12.53, 13.57, 14.37, 13.35, 14.67, 13.14, 16.04, 15.39, 15.38, 16.98, 15.43, 14.69, 12.57, 11.32, 8.29, 8.37, 11.46, 11.09, 7.94, 10.43, 14.03, 17.25, 18.32
 25.98, 22.62, 20.43, 17.55, 15.25, 11.87, 13.33, 10.20, 6.95, 3.82, 0.00, 3.82, 6.03, 9.09, 11.15, 11.69, 8.54, 7.26, 4.75, 6.75, 8.36, 11.00, 13.99, 12.94, 15.31, 15.08, 18.11, 18.25, 20.69, 20.73, 19.78, 22.53, 20.94, 19.43, 15.78, 13.84, 15.26, 15.55, 14.89, 15.74, 14.14, 17.30, 16.18, 15.33, 17.17, 15.11, 14.86, 12.54, 11.86, 9.84, 10.61, 14.16, 14.24, 11.45, 13.90, 17.60, 20.69, 21.77
 25.12, 21.86, 20.15, 17.61, 16.05, 13.12, 15.20, 12.67, 9.84, 6.23, 3.82, 0.00, 3.82, 5.66, 7.45, 7.92, 5.11, 4.85, 4.59, 8.10, 10.84, 13.42, 15.94, 14.11, 15.69, 14.57, 17.00, 16.82, 18.68, 18.46, 17.91, 20.55, 19.37, 17.64, 14.29, 11.77, 13.28, 13.15, 13.10, 13.98, 13.08, 16.65, 15.99, 14.48, 15.67, 12.96, 12.38, 9.62, 9.10, 8.19, 9.77, 13.47, 14.45, 12.21, 14.30, 18.11, 20.93, 22.40
 28.44, 25.13, 23.68, 21.06, 19.59, 16.50, 18.18, 15.39, 12.68, 9.00, 6.03, 3.82, 0.00, 3.82, 7.08, 8.42, 6.98, 8.21, 8.30, 11.74, 14.16, 16.67, 19.48, 17.87, 19.47, 18.21, 20.41, 19.84, 21.40, 20.67, 20.00, 22.16, 20.81, 18.46, 15.24, 13.12, 15.39, 15.53, 16.18, 17.24, 16.66, 20.29, 19.60, 17.77, 18.88, 15.82, 15.19, 12.08, 11.26, 10.94, 11.89, 15.69, 16.47, 14.79, 17.32, 21.13, 24.12, 25.84
 27.80, 24.69, 23.68, 21.47, 20.63, 18.01, 20.15, 17.86, 15.35, 11.60, 9.09, 5.66, 3.82, 0.00, 3.82, 5.34, 5.68, 8.07, 9.70, 13.47, 16.46, 18.94, 21.33, 19.18, 20.14, 18.23, 19.80, 19.00, 19.89, 18.96, 18.79, 20.76, 19.94, 17.50, 14.82, 12.22, 14.35, 13.99, 15.23, 16.19, 16.29, 20.04, 19.77, 17.49, 17.93, 14.46, 13.55, 10.29, 9.81, 10.81, 12.39, 15.92, 17.48, 16.22, 18.26, 22.00, 24.63, 26.59
 26.73, 23.97, 23.10, 21.44, 20.95, 18.87, 21.56, 19.63, 17.02, 13.50, 11.15, 7.45, 7.08, 3.82, 0.00, 3.82, 5.84, 7.72, 10.13, 13.88, 17.37, 20.05, 21.87, 19.17, 19.70, 17.53, 18.68, 18.19, 18.57, 18.01, 18.61, 20.78, 20.66, 18.61, 16.33, 13.14, 14.43, 13.07, 14.19, 14.47, 14.77, 18.41, 18.21, 15.46, 15.52, 11.82, 11.25, 8.54, 9.38, 11.37, 13.87, 17.05, 19.22, 17.82, 19.17, 22.78, 24.95, 26.75
 23.76, 20.95, 20.47, 18.87, 18.90, 17.13, 19.89, 18.50, 16.50, 13.03, 11.69, 7.92, 8.42, 5.34, 3.82, 0.00, 3.82, 6.85, 10.20, 13.66, 17.06, 19.17, 20.80, 18.06, 18.01, 15.34, 16.05, 15.02, 15.24, 14.35, 14.88, 16.98, 17.00, 15.11, 13.11, 9.71, 10.84, 9.58, 11.30, 12.26, 13.36, 17.10, 17.67, 15.36, 14.72, 11.08, 9.32, 5.93, 6.01, 8.68, 11.23, 13.99, 16.58, 15.64, 16.68, 20.11, 22.12, 24.24
 22.13, 19.02, 18.07, 16.02, 15.59, 13.50, 16.16, 14.69, 12.73, 9.33, 8.54, 5.11, 6.98, 5.68, 5.84, 3.82, 0.00, 3.82, 6.99, 10.27, 13.46, 15.42, 17.23, 14.75, 15.06, 12.78, 14.18, 13.36, 14.52, 13.96, 13.86, 16.41, 15.88, 14.27, 11.55, 8.22, 9.34, 8.69, 9.60, 10.93, 11.41, 15.23, 15.65, 13.95, 13.84, 10.67, 8.89, 5.35, 4.48, 5.55, 8.18, 11.33, 13.55, 12.13, 13.38, 16.99, 19.30, 21.27
 20.91, 17.91, 16.30, 14.35, 13.41, 11.41, 14.45, 12.96, 10.58, 7.78, 7.26, 4.85, 8.21, 8.07, 7.72, 6.85, 3.82, 0.00, 3.82, 6.87, 10.42, 12.78, 14.25, 11.52, 12.20, 10.49, 12.60, 12.79, 14.48, 14.88, 15.00, 18.12, 17.67, 16.71, 13.80, 10.52, 10.64, 9.46, 8.77, 9.18, 8.51, 12.23, 12.15, 10.62, 11.17, 8.52, 7.68, 5.44, 6.12, 5.85, 9.03, 11.97, 13.95, 11.60, 12.38, 15.97, 18.13, 19.49
 22.41, 19.35, 17.09, 14.80, 12.88, 10.31, 12.98, 10.82, 7.73, 5.43, 4.75, 4.59, 8.30, 9.70, 10.13, 10.20, 6.99, 3.82, 0.00, 3.82, 7.26, 10.25, 12.14, 9.93, 11.78, 11.29, 14.24, 14.97, 17.25, 17.94, 17.69, 20.90, 20.01, 19.13, 15.82, 13.07, 13.36, 12.67, 11.29, 11.41, 9.53, 12.73, 11.71, 10.72, 12.43, 10.58, 10.65, 9.12, 9.54, 7.97, 10.26, 13.33, 14.39, 11.33, 12.52, 16.11, 18.57, 19.40
 21.14, 18.16, 15.34, 12.99, 10.41, 7.96, 10.61, 8.73, 5.76, 5.64, 6.75, 8.10, 11.74, 13.47, 13.88, 13.66, 10.27, 6.87, 3.82, 0.00, 3.82, 7.00, 8.53, 6.59, 9.23, 9.93, 13.46, 14.81, 17.63, 18.84, 18.43, 21.87, 20.90, 20.58, 17.26, 14.85, 14.55, 14.02, 11.76, 11.64, 8.96, 11.34, 10.00, 10.24, 12.42, 11.71, 12.04, 11.36, 11.76, 9.40, 11.24, 13.64, 14.21, 10.63, 11.27, 14.46, 16.78, 16.98
 21.93, 18.91, 15.73, 13.04, 9.68, 6.92, 8.47, 6.37, 3.79, 6.20, 8.36, 10.84, 14.16, 16.46, 17.37, 17.06, 13.46, 10.42, 7.26, 3.82, 0.00, 3.82, 6.07, 6.00, 9.53, 11.32, 15.11, 16.51, 19.77, 21.01, 20.12, 23.48, 22.10, 22.01, 18.57, 16.79, 16.55, 16.61, 14.20, 14.38, 11.62, 13.24, 11.82, 12.99, 15.34, 15.19, 15.41, 14.77, 14.65, 11.65, 12.49, 14.45, 14.10, 10.28, 11.05, 13.76, 16.26, 16.00
 20.58, 17.47, 14.25, 11.21, 7.49, 4.80, 5.15, 4.14, 4.45, 7.83, 11.00, 13.42, 16.67, 18.94, 20.05, 19.17, 15.42, 12.78, 10.25, 7.00, 3.82, 0.00, 3.82, 5.80, 8.92, 11.14, 14.83, 16.00, 19.61, 20.80, 19.44, 22.67, 21.03, 21.38, 18.08, 16.91, 16.44, 17.09, 14.62, 15.37, 13.02, 14.22, 13.51, 15.40, 17.26, 17.43, 17.09, 16.46, 15.76, 12.30, 12.29, 13.38, 12.40, 8.70, 9.07, 11.09, 13.68, 13.24
 18.31, 15.64, 12.06, 9.72, 6.04, 5.54, 6.68, 7.53, 8.07, 11.03, 13.99, 15.94, 19.48, 21.33, 21.87, 20.80, 17.23, 14.25, 12.14, 8.53, 6.07, 3.82, 0.00, 3.82, 6.61, 9.80, 13.36, 15.22, 18.82, 20.63, 19.66, 23.10, 21.92, 22.85, 19.91, 18.51, 17.26, 17.44, 14.37, 14.56, 12.01, 12.20, 11.67, 14.35, 16.05, 17.04, 16.92, 17.11, 16.92, 13.78, 14.28, 14.69, 14.21, 10.75, 9.69, 10.78, 12.37, 11.02
 16.56, 13.97, 10.46, 8.63, 5.71, 5.68, 8.61, 9.15, 8.65, 10.46, 12.94, 14.11, 17.87, 19.18, 19.17, 18.06, 14.75, 11.52, 9.93, 6.59, 6.00, 5.80, 3.82, 0.00, 3.82, 6.79, 10.50, 12.77, 16.08, 18.16, 17.78, 21.44, 20.77, 21.64, 18.83, 16.80, 15.21, 14.68, 11.36, 11.00, 8.23, 8.59, 8.20, 10.73, 12.25, 13.28, 13.31, 13.91, 14.29, 11.68, 13.14, 13.79, 14.30, 10.85, 9.43, 11.11, 12.37, 11.45
 12.80, 10.38, 6.87, 5.91, 4.65, 6.70, 9.98, 11.52, 11.61, 12.78, 15.31, 15.69, 19.47, 20.14, 19.70, 18.01, 15.06, 12.20, 11.78, 9.23, 9.53, 8.92, 6.61, 3.82, 0.00, 3.82, 7.08, 9.76, 12.98, 15.46, 15.44, 19.16, 19.01, 20.40, 18.14, 16.00, 13.64, 12.80, 9.17, 8.75, 6.81, 6.54, 7.87, 10.63, 10.95, 12.38, 11.86, 13.01, 13.51, 11.40, 13.12, 12.94, 14.17, 11.35, 8.80, 9.81, 10.08, 9.24
 11.27, 8.52, 6.05, 5.37, 6.07, 7.73, 11.34, 12.76, 12.73, 12.82, 15.08, 14.57, 18.21, 18.23, 17.53, 15.34, 12.78, 10.49, 11.29, 9.93, 11.32, 11.14, 9.80, 6.79, 3.82, 0.00, 3.82, 6.25, 9.34, 11.78, 12.10, 15.89, 16.15, 17.54, 15.60, 13.13, 10.37, 9.13, 5.44, 5.53, 5.16, 6.20, 8.71, 10.40, 9.59, 10.33, 8.87, 9.98, 10.44, 8.99, 11.20, 10.85, 13.01, 10.81, 8.14, 9.59, 9.79, 10.24
 8.40, 6.07, 5.24, 6.39, 8.83, 11.00, 14.34, 16.11, 16.30, 16.03, 18.11, 17.00, 20.41, 19.80, 18.68, 16.05, 14.18, 12.60, 14.24, 13.46, 15.11, 14.83, 13.36, 10.50, 7.08, 3.82, 0.00, 3.82, 6.11, 9.23, 10.36, 14.05, 15.14, 17.01, 15.87, 13.39, 9.93, 8.15, 4.88, 5.03, 6.81, 7.26, 10.74, 12.04, 10.01, 10.82, 8.71, 10.33, 10.91, 10.51, 12.75, 11.67, 14.46, 13.14, 10.13, 10.82, 9.99, 10.89
 9.00, 6.00, 6.85, 6.99, 9.93, 11.57, 14.50, 16.31, 16.86, 16.09, 18.25, 16.82, 19.84, 19.00, 18.19, 15.02, 13.36, 12.79, 14.97, 14.81, 16.51, 16.00, 15.22, 12.77, 9.76, 6.25, 3.82, 0.00, 3.82, 5.87, 6.55, 10.23, 11.43, 13.45, 12.78, 10.60, 6.87, 5.85, 4.25, 6.73, 9.43, 10.82, 14.08, 14.89, 12.74, 12.55, 9.47, 9.92, 9.36, 9.22, 10.88, 9.18, 12.42, 12.04, 9.26, 9.98, 9.48, 11.64
 9.53, 7.78, 9.69, 10.65, 13.69, 15.28, 18.27, 19.90, 20.19, 19.00, 20.69, 18.68, 21.40, 19.89, 18.57, 15.24, 14.52, 14.48, 17.25, 17.63, 19.77, 19.61, 18.82, 16.08, 12.98, 9.34, 6.11, 3.82, 0.00, 3.82, 6.62, 9.64, 12.00, 13.99, 14.13, 11.77, 8.04, 6.05, 5.98, 7.60, 11.13, 12.40, 15.86, 16.09, 13.21, 12.80, 9.50, 10.32, 10.27, 11.43, 13.38, 11.83, 15.39, 15.42, 12.92, 13.58, 12.73, 14.89
 12.35, 10.22, 12.36, 12.46, 15.34, 16.31, 18.92, 20.34, 20.77, 19.13, 20.73, 18.46, 20.67, 18.96, 18.01, 14.35, 13.96, 14.88, 17.94, 18.84, 21.01, 20.80, 20.63, 18.16, 15.46, 11.78, 9.23, 5.87, 3.82, 0.00, 3.82, 6.21, 8.92, 10.70, 11.50, 9.53, 6.21, 5.44, 7.47, 10.12, 13.65, 15.58, 18.77, 18.66, 15.99, 14.79, 11.09, 10.65, 9.49, 11.00, 12.29, 10.60, 14.29, 15.12, 13.25, 14.13, 13.86, 16.72
 13.29, 10.45, 12.37, 11.51, 14.18, 14.80, 16.81, 18.35, 19.29, 17.77, 19.78, 17.91, 20.00, 18.79, 18.61, 14.88, 13.86, 15.00, 17.69, 18.43, 20.12, 19.44, 19.66, 17.78, 15.44, 12.10, 10.36, 6.55, 6.62, 3.82, 0.00, 3.82, 5.39, 7.66, 8.50, 7.55, 4.65, 6.39, 8.45, 11.91, 14.91, 17.05, 20.02, 20.23, 18.09, 16.82, 13.10, 11.85, 9.54, 10.00, 10.10, 7.67, 11.13, 12.66, 11.08, 11.83, 12.12, 15.49
 15.75, 13.30, 15.67, 14.86, 17.56, 18.05, 19.61, 21.15, 22.29, 20.62, 22.53, 20.55, 22.16, 20.76, 20.78, 16.98, 16.41, 18.12, 20.90, 21.87, 23.48, 22.67, 23.10, 21.44, 19.16, 15.89, 14.05, 10.23, 9.64, 6.21, 3.82, 0.00, 3.83, 6.41, 8.90, 9.16, 7.55, 9.60, 12.16, 15.55, 18.66, 20.82, 23.82, 23.91, 21.67, 20.20, 16.40, 14.88, 12.31, 13.00, 12.46, 9.94, 12.87, 15.18, 14.02, 14.43, 14.66, 18.26
 17.45, 14.45, 16.21, 14.53, 16.65, 16.58, 17.54, 18.93, 20.39, 18.80, 20.94, 19.37, 20.81, 19.94, 20.66, 17.00, 15.88, 17.67, 20.01, 20.90, 22.10, 21.03, 21.92, 20.77, 19.01, 16.15, 15.14, 11.43, 12.00, 8.92, 5.39, 3.83, 0.00, 3.82, 6.14, 7.81, 7.40, 10.63, 12.97, 16.70, 19.29, 21.68, 24.33, 24.58, 22.86, 21.27, 17.58, 15.51, 12.29, 12.08, 10.46, 7.75, 9.95, 12.86, 12.36, 12.91, 13.96, 17.73
 20.58, 17.41, 18.72, 16.66, 18.19, 17.34, 18.26, 18.90, 19.94, 17.79, 19.43, 17.64, 18.46, 17.50, 18.61, 15.11, 14.27, 16.71, 19.13, 20.58, 22.01, 21.38, 22.85, 21.64, 20.40, 17.54, 17.01, 13.45, 13.99, 10.70, 7.66, 6.41, 3.82, 0.00, 3.82, 6.20, 7.65, 10.99, 13.87, 17.57, 19.99, 22.86, 25.13, 24.93, 23.46, 21.32, 17.71, 14.97, 11.41, 11.47, 9.61, 8.18, 10.13, 12.99, 13.52, 14.94, 16.67, 20.35
 20.62, 17.11, 17.63, 15.03, 15.85, 14.40, 15.26, 15.45, 16.30, 14.08, 15.78, 14.29, 15.24, 14.82, 16.33, 13.11, 11.55, 13.80, 15.82, 17.26, 18.57, 18.08, 19.91, 18.83, 18.14, 15.60, 15.87, 12.78, 14.13, 11.50, 8.50, 8.90, 6.14, 3.82, 0.00, 3.82, 6.46, 10.04, 12.41, 16.08, 17.90, 20.99, 22.83, 22.64, 21.68, 19.49, 16.16, 13.14, 9.34, 8.55, 6.11, 5.64, 7.32, 9.76, 11.02, 13.16, 15.58, 19.01
 19.21, 15.80, 16.09, 13.79, 14.62, 13.24, 15.01, 14.97, 15.09, 12.53, 13.84, 11.77, 13.12, 12.22, 13.14, 9.71, 8.22, 10.52, 13.07, 14.85, 16.79, 16.91, 18.51, 16.80, 16.00, 13.13, 13.39, 10.60, 11.77, 9.53, 7.55, 9.16, 7.81, 6.20, 3.82, 0.00, 3.82, 6.72, 9.29, 12.76, 14.68, 17.97, 19.76, 19.23, 18.16, 15.78, 12.46, 9.34, 5.55, 5.57, 4.87, 5.62, 8.55, 9.62, 10.47, 13.18, 15.38, 18.49
 15.50, 12.21, 12.81, 11.07, 12.65, 12.23, 14.54, 15.25, 15.56, 13.57, 15.26, 13.28, 15.39, 14.35, 14.43, 10.84, 9.34, 10.64, 13.36, 14.55, 16.55, 16.44, 17.26, 15.21, 13.64, 10.37, 9.93, 6.87, 8.04, 6.21, 4.65, 7.55, 7.40, 7.65, 6.46, 3.82, 0.00, 3.82, 6.24, 9.96, 12.39, 15.29, 17.62, 17.43, 15.87, 14.02, 10.44, 8.26, 5.24, 5.53, 6.18, 5.38, 9.17, 9.85, 9.23, 11.44, 12.88, 15.92
 14.63, 11.83, 12.33, 11.44, 13.15, 13.15, 16.16, 16.74, 16.42, 14.37, 15.55, 13.15, 15.53, 13.99, 13.07, 9.58, 8.69, 9.46, 12.67, 14.02, 16.61, 17.09, 17.44, 14.68, 12.80, 9.13, 8.15, 5.85, 6.05, 5.44, 6.39, 9.60, 10.63, 10.99, 10.04, 6.72, 3.82, 0.00, 3.82, 6.89, 9.90, 12.82, 15.28, 14.68, 12.66, 10.73, 6.98, 5.51, 4.28, 6.24, 8.70, 8.65, 12.38, 12.16, 11.07, 13.31, 14.16, 16.65
 12.61, 9.80, 9.39, 8.74, 10.28, 10.81, 14.24, 15.08, 14.70, 13.35, 14.89, 13.10, 16.18, 15.23, 14.19, 11.30, 9.60, 8.77, 11.29, 11.76, 14.20, 14.62, 14.37, 11.36, 9.17, 5.44, 4.88, 4.25, 5.98, 7.47, 8.45, 12.16, 12.97, 13.87, 12.41, 9.29, 6.24, 3.82, 0.00, 3.82, 6.53, 9.19, 11.81, 11.79, 9.93, 8.91, 5.72, 5.87, 6.06, 6.45, 9.35, 9.25, 12.57, 11.41, 9.60, 11.71, 12.27, 14.07
 13.00, 11.00, 10.05, 10.33, 11.49, 12.33, 16.07, 16.72, 15.78, 14.67, 15.74, 13.98, 17.24, 16.19, 14.47, 12.26, 10.93, 9.18, 11.41, 11.64, 14.38, 15.37, 14.56, 11.00, 8.75, 5.53, 5.03, 6.73, 7.60, 10.12, 11.91, 15.55, 16.70, 17.57, 16.08, 12.76, 9.96, 6.89, 3.82, 0.00, 3.82, 6.18, 8.89, 8.59, 6.22, 5.94, 3.82, 6.34, 8.44, 9.18, 12.54, 12.87, 15.93, 14.18, 12.27, 14.23, 14.37, 15.32
 14.74, 12.72, 10.63, 10.52, 10.47, 11.01, 14.82, 15.10, 13.72, 13.14, 14.14, 13.08, 16.66, 16.29, 14.77, 13.36, 11.41, 8.51, 9.53, 8.96, 11.62, 13.02, 12.01, 8.23, 6.81, 5.16, 6.81, 9.43, 11.13, 13.65, 14.91, 18.66, 19.29, 19.99, 17.90, 14.68, 12.39, 9.90, 6.53, 3.82, 0.00, 3.82, 5.38, 5.57, 4.82, 5.58, 5.74, 7.99, 10.21, 9.97, 13.27, 14.13, 16.54, 14.00, 12.34, 14.49, 14.95, 15.16
 13.57, 12.36, 9.94, 10.89, 11.01, 12.52, 16.15, 16.95, 15.89, 16.04, 17.30, 16.65, 20.29, 20.04, 18.41, 17.10, 15.23, 12.23, 12.73, 11.34, 13.24, 14.22, 12.20, 8.59, 6.54, 6.20, 7.26, 10.82, 12.40, 15.58, 17.05, 20.82, 21.68, 22.86, 20.99, 17.97, 15.29, 12.82, 9.19, 6.18, 3.82, 0.00, 3.82, 5.89, 5.10, 7.92, 8.76, 11.60, 13.82, 13.41, 16.42, 16.74, 18.97, 16.38, 14.13, 15.49, 15.17, 14.53
 17.19, 15.84, 13.01, 13.31, 12.38, 13.12, 16.58, 16.71, 15.01, 15.39, 16.18, 15.99, 19.60, 19.77, 18.21, 17.67, 15.65, 12.15, 11.71, 10.00, 11.82, 13.51, 11.67, 8.20, 7.87, 8.71, 10.74, 14.08, 15.86, 18.77, 20.02, 23.82, 24.33, 25.13, 22.83, 19.76, 17.62, 15.28, 11.81, 8.89, 5.38, 3.82, 0.00, 3.82, 5.71, 8.38, 10.41, 12.90, 15.32, 14.64, 17.66, 18.63, 20.44, 17.37, 15.71, 17.46, 17.66, 16.71
 19.24, 17.78, 15.45, 15.57, 14.82, 14.95, 18.56, 18.13, 15.86, 15.38, 15.33, 14.48, 17.77, 17.49, 15.46, 15.36, 13.95, 10.62, 10.72, 10.24, 12.99, 15.40, 14.35, 10.73, 10.63, 10.40, 12.04, 14.89, 16.09, 18.66, 20.23, 23.91, 24.58, 24.93, 22.64, 19.23, 17.43, 14.68, 11.79, 8.59, 5.57, 5.89, 3.82, 0.00, 3.82, 5.58, 8.63, 11.15, 14.18, 14.27, 17.71, 19.20, 21.34, 18.39, 17.24, 19.52, 20.03, 19.64
 16.91, 15.78, 14.13, 14.86, 15.07, 15.75, 19.54, 19.61, 17.80, 16.98, 17.17, 15.67, 18.88, 17.93, 15.52, 14.72, 13.84, 11.17, 12.43, 12.42, 15.34, 17.26, 16.05, 12.25, 10.95, 9.59, 10.01, 12.74, 13.21, 15.99, 18.09, 21.67, 22.86, 23.46, 21.68, 18.16, 15.87, 12.66, 9.93, 6.22, 4.82, 5.10, 5.71, 3.82, 0.00, 3.82, 6.37, 9.78, 13.07, 13.87, 17.47, 18.49, 21.16, 18.72, 17.12, 19.14, 19.20, 19.16
 18.49, 16.84, 15.55, 15.62, 15.80, 15.75, 19.51, 19.12, 17.03, 15.43, 15.11, 12.96, 15.82, 14.46, 11.82, 11.08, 10.67, 8.52, 10.58, 11.71, 15.19, 17.43, 17.04, 13.28, 12.38, 10.33, 10.82, 12.55, 12.80, 14.79, 16.82, 20.20, 21.27, 21.32, 19.49, 15.78, 14.02, 10.73, 8.91, 5.94, 5.58, 7.92, 8.38, 5.58, 3.82, 0.00, 3.82, 6.70, 10.35, 11.81, 15.59, 17.12, 19.95, 17.73, 16.74, 19.30, 19.91, 20.51
 16.47, 14.48, 13.78, 13.67, 14.45, 14.48, 18.18, 18.12, 16.57, 14.69, 14.86, 12.38, 15.19, 13.55, 11.25, 9.32, 8.89, 7.68, 10.65, 12.04, 15.41, 17.09, 16.92, 13.31, 11.86, 8.87, 8.71, 9.47, 9.50, 11.09, 13.10, 16.40, 17.58, 17.71, 16.16, 12.46, 10.44, 6.98, 5.72, 3.82, 5.74, 8.76, 10.41, 8.63, 6.37, 3.82, 0.00, 3.82, 7.23, 9.20, 12.93, 14.08, 17.26, 15.60, 14.50, 17.02, 17.64, 18.87
 18.23, 15.64, 15.06, 14.06, 14.56, 13.77, 17.14, 16.67, 15.10, 12.57, 12.54, 9.62, 12.08, 10.29, 8.54, 5.93, 5.35, 5.44, 9.12, 11.36, 14.77, 16.46, 17.11, 13.91, 13.01, 9.98, 10.33, 9.92, 10.32, 10.65, 11.85, 14.88, 15.51, 14.97, 13.14, 9.34, 8.26, 5.51, 5.87, 6.34, 7.99, 11.60, 12.90, 11.15, 9.78, 6.70, 3.82, 0.00, 3.82, 6.48, 10.14, 11.90, 15.03, 13.66, 13.37, 16.38, 17.70, 19.47
 18.30, 15.23, 14.92, 13.22, 13.78, 12.60, 15.47, 15.07, 14.07, 11.32, 11.86, 9.10, 11.26, 9.81, 9.38, 6.01, 4.48, 6.12, 9.54, 11.76, 14.65, 15.76, 16.92, 14.29, 13.51, 10.44, 10.91, 9.36, 10.27, 9.49, 9.54, 12.31, 12.29, 11.41, 9.34, 5.55, 5.24, 4.28, 6.06, 8.44, 10.21, 13.82, 15.32, 14.18, 13.07, 10.35, 7.23, 3.82, 0.00, 3.82, 6.86, 8.69, 11.84, 11.10, 11.31, 14.45, 16.23, 18.57
 17.87, 14.40, 13.46, 10.97, 10.84, 9.10, 11.74, 11.31, 10.67, 8.29, 9.84, 8.19, 10.94, 10.81, 11.37, 8.68, 5.55, 5.85, 7.97, 9.40, 11.65, 12.30, 13.78, 11.68, 11.40, 8.99, 10.51, 9.22, 11.43, 11.00, 10.00, 13.00, 12.08, 11.47, 8.55, 5.57, 5.53, 6.24, 6.45, 9.18, 9.97, 13.41, 14.64, 14.27, 13.87, 11.81, 9.20, 6.48, 3.82, 0.00, 3.81, 6.21, 8.74, 7.39, 8.00, 11.51, 13.87, 16.10
 19.05, 15.33, 14.56, 11.46, 11.16, 8.98, 10.44, 10.10, 10.46, 8.37, 10.61, 9.77, 11.89, 12.39, 13.87, 11.23, 8.18, 9.03, 10.26, 11.24, 12.49, 12.29, 14.28, 13.14, 13.12, 11.20, 12.75, 10.88, 13.38, 12.29, 10.10, 12.46, 10.46, 9.61, 6.11, 4.87, 6.18, 8.70, 9.35, 12.54, 13.27, 16.42, 17.66, 17.71, 17.47, 15.59, 12.93, 10.14, 6.86, 3.81, 0.00, 3.82, 5.39, 5.06, 6.89, 10.29, 13.28, 15.92
 16.55, 12.79, 12.60, 9.60, 10.26, 9.18, 10.32, 11.31, 12.68, 11.46, 14.16, 13.47, 15.69, 15.92, 17.05, 13.99, 11.33, 11.97, 13.33, 13.64, 14.45, 13.38, 14.69, 13.79, 12.94, 10.85, 11.67, 9.18, 11.83, 10.60, 7.67, 9.94, 7.75, 8.18, 5.64, 5.62, 5.38, 8.65, 9.25, 12.87, 14.13, 16.74, 18.63, 19.20, 18.49, 17.12, 14.08, 11.90, 8.69, 6.21, 3.82, 0.00, 3.82, 5.30, 5.44, 7.78, 10.43, 13.59
 18.83, 15.03, 14.37, 10.87, 10.59, 8.86, 8.50, 9.46, 11.65, 11.09, 14.24, 14.45, 16.47, 17.48, 19.22, 16.58, 13.55, 13.95, 14.39, 14.21, 14.10, 12.40, 14.21, 14.30, 14.17, 13.01, 14.46, 12.42, 15.39, 14.29, 11.13, 12.87, 9.95, 10.13, 7.32, 8.55, 9.17, 12.38, 12.57, 15.93, 16.54, 18.97, 20.44, 21.34, 21.16, 19.95, 17.26, 15.03, 11.84, 8.74, 5.39, 3.82, 0.00, 3.82, 5.53, 7.45, 10.87, 13.77
 18.54, 14.75, 13.19, 9.46, 8.06, 5.43, 5.59, 6.07, 8.03, 7.94, 11.45, 12.21, 14.79, 16.22, 17.82, 15.64, 12.13, 11.60, 11.33, 10.63, 10.28, 8.70, 10.75, 10.85, 11.35, 10.81, 13.14, 12.04, 15.42, 15.12, 12.66, 15.18, 12.86, 12.99, 9.76, 9.62, 9.85, 12.16, 11.41, 14.18, 14.00, 16.38, 17.37, 18.39, 18.72, 17.73, 15.60, 13.66, 11.10, 7.39, 5.06, 5.30, 3.82, 0.00, 3.82, 7.03, 10.68, 12.76
 14.83, 11.09, 9.46, 5.72, 5.13, 4.46, 5.75, 7.96, 10.00, 10.43, 13.90, 14.30, 17.32, 18.26, 19.17, 16.68, 13.38, 12.38, 12.52, 11.27, 11.05, 9.07, 9.69, 9.43, 8.80, 8.14, 10.13, 9.26, 12.92, 13.25, 11.08, 14.02, 12.36, 13.52, 11.02, 10.47, 9.23, 11.07, 9.60, 12.27, 12.34, 14.13, 15.71, 17.24, 17.12, 16.74, 14.50, 13.37, 11.31, 8.00, 6.89, 5.44, 5.53, 3.82, 0.00, 3.82, 7.09, 9.24
 13.18, 9.66, 8.33, 4.99, 5.55, 6.84, 7.02, 10.34, 13.01, 14.03, 17.60, 18.11, 21.13, 22.00, 22.78, 20.11, 16.99, 15.97, 16.11, 14.46, 13.76, 11.09, 10.78, 11.11, 9.81, 9.59, 10.82, 9.98, 13.58, 14.13, 11.83, 14.43, 12.91, 14.94, 13.16, 13.18, 11.44, 13.31, 11.71, 14.23, 14.49, 15.49, 17.46, 19.52, 19.14, 19.30, 17.02, 16.38, 14.45, 11.51, 10.29, 7.78, 7.45, 7.03, 3.82, 0.00, 3.81, 6.33
 10.01, 6.95, 6.13, 4.48, 6.80, 9.55, 10.21, 13.71, 16.16, 17.25, 20.69, 20.93, 24.12, 24.63, 24.95, 22.12, 19.30, 18.13, 18.57, 16.78, 16.26, 13.68, 12.37, 12.37, 10.08, 9.79, 9.99, 9.48, 12.73, 13.86, 12.12, 14.66, 13.96, 16.67, 15.58, 15.38, 12.88, 14.16, 12.27, 14.37, 14.95, 15.17, 17.66, 20.03, 19.20, 19.91, 17.64, 17.70, 16.23, 13.87, 13.28, 10.43, 10.87, 10.68, 7.09, 3.81, 0.00, 3.82
 10.29, 8.14, 6.03, 5.42, 6.62, 10.04, 10.63, 14.23, 16.58, 18.32, 21.77, 22.40, 25.84, 26.59, 26.75, 24.24, 21.27, 19.49, 19.40, 16.98, 16.00, 13.24, 11.02, 11.45, 9.24, 10.24, 10.89, 11.64, 14.89, 16.72, 15.49, 18.26, 17.73, 20.35, 19.01, 18.49, 15.92, 16.65, 14.07, 15.32, 15.16, 14.53, 16.71, 19.64, 19.16, 20.51, 18.87, 19.47, 18.57, 16.10, 15.92, 13.59, 13.77, 12.76, 9.24, 6.33, 3.82, 0.00
