 0.00, 3.80, 6.88, 10.61, 13.85, 16.83, 20.40, 22.34, 25.63, 27.55, 30.77, 30.10, 26.32, 24.47, 27.72, 28.46, 28.56, 25.52, 23.43, 24.44, 23.69, 20.13, 19.64, 21.17, 18.94, 15.72, 17.37, 17.71, 14.03, 13.15, 9.56, 9.67, 9.69, 10.89, 13.41, 14.38, 17.82, 19.70, 17.76, 18.23, 15.63, 16.03, 14.59, 15.07, 16.93, 19.62, 22.25, 23.80, 21.10, 20.32, 24.04, 23.79, 21.83, 23.79, 22.89, 26.13, 26.79, 25.57, 22.61, 19.30, 16.33, 12.58, 10.63, 6.91, 5.68, 4.51, 7.24, 9.65, 9.94, 6.76, 8.10, 11.54, 10.96, 9.99, 12.64, 15.09, 14.82, 15.14, 18.12, 19.53, 19.33, 21.13, 23.67, 24.49, 28.09
 3.80, 0.00, 3.84, 7.19, 10.75, 13.57, 17.28, 19.42, 22.50, 24.60, 27.95, 27.64, 23.85, 22.26, 25.70, 26.75, 26.67, 23.36, 21.69, 23.02, 21.91, 18.27, 18.48, 20.06, 17.44, 14.63, 16.98, 17.06, 13.65, 13.82, 10.47, 10.89, 9.64, 10.63, 12.25, 13.30, 16.39, 18.48, 17.24, 17.91, 15.50, 15.97, 14.76, 14.38, 16.72, 19.51, 21.64, 23.58, 21.00, 19.56, 23.15, 23.19, 20.81, 22.27, 20.93, 23.90, 24.12, 22.78, 20.12, 16.67, 14.01, 10.36, 8.40, 5.52, 5.54, 6.65, 9.17, 10.94, 9.82, 6.24, 5.90, 9.41, 9.13, 7.18, 9.42, 12.29, 12.14, 11.89, 14.79, 16.61, 16.40, 17.82, 20.44, 21.59, 25.18
 6.88, 3.84, 0.00, 3.83, 7.02, 10.01, 13.62, 15.86, 19.03, 21.28, 24.51, 24.24, 20.44, 19.15, 22.73, 24.15, 24.34, 20.94, 19.28, 21.13, 20.21, 16.40, 17.01, 19.12, 16.66, 13.95, 16.87, 17.43, 14.53, 15.36, 12.07, 11.70, 9.24, 9.08, 9.58, 10.24, 12.95, 15.09, 14.35, 15.19, 13.15, 13.99, 13.47, 12.81, 15.82, 18.20, 19.79, 21.69, 18.99, 17.14, 20.51, 20.48, 17.75, 18.84, 17.47, 20.30, 20.46, 19.00, 16.32, 12.83, 10.26, 6.66, 5.33, 3.82, 6.27, 8.88, 11.86, 13.93, 12.25, 8.58, 7.90, 10.61, 9.57, 6.39, 8.82, 11.49, 10.44, 9.44, 12.80, 14.56, 13.64, 14.92, 17.93, 18.92, 22.32
 10.61, 7.19, 3.83, 0.00, 3.82, 6.67, 10.38, 13.05, 15.89, 18.50, 21.77, 21.97, 18.23, 17.48, 21.23, 23.11, 23.23, 19.62, 18.47, 20.79, 19.63, 15.89, 17.31, 19.50, 16.90, 14.82, 18.23, 18.66, 16.30, 17.85, 14.94, 14.67, 11.62, 11.01, 10.17, 10.50, 12.24, 14.36, 14.60, 15.71, 14.24, 15.24, 15.19, 13.86, 17.18, 19.35, 20.26, 22.38, 19.85, 17.39, 20.36, 20.53, 17.38, 17.71, 15.92, 18.23, 17.80, 16.06, 13.84, 10.21, 8.50, 5.76, 5.62, 6.63, 9.46, 12.49, 15.22, 16.91, 14.61, 11.25, 9.61, 11.52, 10.76, 6.95, 8.13, 10.81, 9.64, 7.35, 10.55, 12.79, 11.51, 12.00, 15.29, 16.64, 19.85
 13.85, 10.75, 7.02, 3.82, 0.00, 3.81, 6.99, 9.98, 12.87, 15.74, 18.73, 19.02, 15.33, 15.18, 18.99, 21.33, 21.84, 18.26, 17.19, 20.05, 19.22, 15.55, 17.30, 19.92, 17.72, 15.87, 19.49, 20.35, 18.50, 20.32, 17.52, 16.71, 13.22, 11.68, 9.60, 9.14, 9.75, 11.68, 12.80, 14.08, 13.34, 14.71, 15.47, 14.05, 17.70, 19.25, 19.52, 21.44, 18.90, 16.12, 18.59, 18.62, 15.15, 14.81, 13.05, 14.98, 14.40, 12.39, 10.20, 6.48, 5.56, 4.33, 6.24, 8.71, 12.08, 15.39, 18.31, 20.24, 17.86, 14.55, 13.15, 14.56, 13.33, 9.52, 10.54, 12.45, 10.45, 7.57, 10.73, 12.57, 10.28, 10.37, 14.08, 15.08, 17.84
 16.83, 13.57, 10.01, 6.67, 3.81, 0.00, 3.83, 6.64, 9.26, 12.13, 15.30, 15.92, 12.37, 12.50, 16.30, 18.88, 19.15, 15.50, 15.04, 18.11, 17.06, 13.72, 16.13, 18.64, 16.50, 15.40, 19.19, 19.96, 18.78, 21.18, 18.90, 18.26, 14.53, 13.15, 10.45, 10.58, 10.38, 12.74, 14.65, 15.39, 14.70, 15.53, 16.25, 14.11, 17.63, 19.03, 18.64, 20.89, 18.88, 15.61, 17.61, 18.23, 14.76, 13.83, 11.30, 12.66, 11.49, 9.84, 8.42, 5.48, 5.63, 6.55, 7.79, 11.14, 14.14, 17.75, 20.31, 21.94, 19.11, 16.22, 14.67, 15.15, 13.81, 10.30, 10.58, 11.57, 9.37, 6.06, 8.49, 10.04, 7.35, 6.80, 10.62, 11.66, 14.22
 20.40, 17.28, 13.62, 10.38, 6.99, 3.83, 0.00, 3.84, 6.07, 9.35, 12.07, 13.02, 9.75, 10.93, 14.55, 17.65, 18.26, 14.85, 14.71, 18.20, 17.47, 14.57, 17.23, 19.92, 18.25, 17.53, 21.27, 22.31, 21.61, 24.16, 22.05, 21.12, 17.27, 15.46, 12.16, 11.81, 10.36, 12.32, 15.07, 15.74, 15.75, 16.67, 17.95, 15.79, 19.28, 20.07, 18.98, 21.01, 19.23, 15.76, 16.95, 17.60, 14.03, 12.17, 9.53, 9.86, 8.04, 6.12, 5.61, 4.16, 6.34, 8.94, 10.78, 14.38, 17.48, 21.14, 23.75, 25.48, 22.62, 19.82, 18.41, 18.61, 17.08, 13.81, 13.98, 14.38, 11.91, 8.91, 10.49, 11.31, 8.00, 6.72, 10.36, 10.84, 12.48
 22.34, 19.42, 15.86, 13.05, 9.98, 6.64, 3.84, 0.00, 3.82, 5.98, 8.77, 9.35, 6.04, 7.39, 10.85, 14.08, 14.77, 11.58, 11.70, 15.34, 14.87, 12.47, 15.28, 17.97, 16.83, 16.57, 20.14, 21.41, 21.35, 24.12, 22.44, 21.39, 17.53, 15.75, 12.22, 12.46, 10.74, 13.18, 16.08, 15.91, 15.79, 16.08, 17.34, 14.86, 18.01, 18.39, 16.69, 18.81, 17.60, 13.93, 14.55, 15.77, 12.58, 10.51, 7.18, 7.05, 5.26, 5.35, 5.37, 6.22, 7.57, 10.77, 11.98, 15.84, 18.59, 22.34, 24.72, 26.43, 23.49, 21.01, 20.00, 19.64, 17.65, 14.94, 15.24, 14.69, 11.83, 9.71, 10.77, 10.30, 6.68, 6.11, 8.87, 8.13, 9.27
 25.63, 22.50, 19.03, 15.89, 12.87, 9.26, 6.07, 3.82, 0.00, 3.88, 6.58, 8.66, 6.70, 9.04, 11.71, 15.12, 15.44, 12.51, 13.65, 17.14, 16.34, 14.63, 17.83, 20.11, 18.94, 19.31, 22.84, 23.80, 24.05, 27.08, 25.65, 24.87, 21.03, 19.47, 16.00, 16.24, 14.30, 16.34, 19.52, 19.47, 19.54, 19.77, 20.94, 18.25, 21.15, 21.51, 19.47, 21.68, 20.86, 17.15, 17.28, 18.73, 15.74, 13.19, 9.95, 8.44, 5.15, 5.62, 7.78, 9.18, 11.23, 14.34, 15.50, 19.34, 21.99, 25.75, 27.96, 29.39, 26.23, 23.96, 22.60, 21.91, 20.30, 17.72, 17.35, 16.61, 14.28, 12.02, 11.99, 11.60, 8.66, 6.70, 8.40, 8.03, 7.85
 27.55, 24.60, 21.28, 18.50, 15.74, 12.13, 9.35, 5.98, 3.88, 0.00, 3.87, 5.79, 4.94, 7.15, 8.83, 12.15, 12.31, 9.89, 11.64, 14.92, 14.32, 13.44, 16.64, 18.67, 18.06, 18.94, 22.14, 23.21, 24.07, 27.24, 26.26, 25.45, 21.74, 20.35, 16.95, 17.70, 15.82, 18.19, 21.26, 20.55, 20.41, 20.04, 21.04, 18.14, 20.54, 20.57, 18.02, 20.32, 20.18, 16.49, 16.06, 18.10, 15.72, 13.33, 9.91, 8.08, 5.56, 8.07, 9.93, 11.99, 13.35, 16.53, 17.17, 21.04, 23.32, 27.07, 29.00, 30.36, 27.17, 25.25, 24.23, 23.08, 21.17, 19.15, 18.89, 17.40, 14.96, 13.58, 13.15, 11.66, 9.13, 8.15, 8.30, 6.46, 4.86
 30.77, 27.95, 24.51, 21.77, 18.73, 15.30, 12.07, 8.77, 6.58, 3.87, 0.00, 3.80, 5.52, 8.63, 9.02, 12.47, 13.28, 11.85, 13.45, 16.68, 16.71, 16.25, 19.10, 21.24, 21.14, 21.99, 24.97, 26.34, 27.37, 30.44, 29.45, 28.36, 24.67, 22.95, 19.39, 19.74, 17.33, 19.21, 22.53, 21.74, 22.09, 21.84, 23.25, 20.65, 22.93, 22.39, 19.44, 21.23, 21.31, 17.84, 16.59, 18.46, 16.41, 13.53, 10.79, 7.85, 5.61, 8.73, 11.10, 14.01, 15.71, 19.22, 20.22, 24.10, 26.51, 30.24, 32.29, 33.83, 30.75, 28.76, 27.90, 26.84, 24.76, 22.74, 22.69, 21.19, 18.59, 17.29, 17.02, 15.40, 12.81, 11.99, 12.03, 9.90, 7.32
 30.10, 27.64, 24.24, 21.97, 19.02, 15.92, 13.02, 9.35, 8.66, 5.79, 3.80, 0.00, 3.82, 6.39, 5.88, 9.41, 11.07, 10.23, 11.09, 14.32, 15.14, 14.79, 17.09, 19.47, 19.95, 20.56, 23.23, 25.06, 26.22, 29.07, 28.15, 26.72, 23.18, 21.30, 17.81, 18.27, 15.90, 17.94, 21.01, 19.67, 19.98, 19.46, 20.99, 18.64, 20.68, 19.65, 16.46, 17.92, 18.24, 14.99, 13.27, 15.28, 13.73, 11.14, 8.70, 6.04, 5.93, 9.69, 10.94, 14.11, 15.12, 18.65, 19.49, 23.26, 25.52, 29.15, 31.20, 32.97, 30.13, 28.15, 27.81, 26.80, 24.27, 22.49, 23.00, 21.30, 18.30, 17.58, 17.81, 15.65, 12.90, 13.18, 13.36, 10.39, 8.34
 26.32, 23.85, 20.44, 18.23, 15.33, 12.37, 9.75, 6.04, 6.70, 4.94, 5.52, 3.82, 0.00, 3.79, 5.70, 9.42, 11.01, 9.07, 9.23, 12.92, 13.55, 12.32, 14.67, 17.39, 17.49, 17.65, 20.60, 22.45, 23.21, 25.96, 24.78, 23.33, 19.69, 17.74, 14.18, 14.67, 12.51, 14.90, 17.85, 16.63, 16.72, 16.33, 17.84, 15.47, 17.92, 17.23, 14.48, 16.18, 15.92, 12.40, 11.48, 13.33, 11.16, 8.78, 5.56, 3.89, 4.12, 7.55, 7.90, 10.68, 11.37, 14.84, 15.70, 19.47, 21.85, 25.50, 27.67, 29.53, 26.75, 24.59, 24.25, 23.48, 20.91, 18.92, 19.65, 18.21, 15.02, 14.16, 14.89, 12.95, 9.76, 10.41, 11.39, 8.63, 8.02
 24.47, 22.26, 19.15, 17.48, 15.18, 12.50, 10.93, 7.39, 9.04, 7.15, 8.63, 6.39, 3.79, 0.00, 3.82, 6.76, 8.22, 6.05, 5.47, 9.23, 10.10, 8.86, 10.96, 13.72, 14.13, 14.30, 17.02, 19.04, 20.01, 22.73, 21.83, 20.43, 16.96, 15.37, 12.18, 13.54, 12.22, 15.31, 17.60, 15.80, 15.11, 13.98, 14.95, 12.33, 14.41, 13.78, 11.00, 13.17, 13.27, 9.67, 9.18, 11.77, 10.12, 9.06, 5.65, 6.35, 7.62, 10.52, 9.80, 11.71, 11.15, 14.06, 14.08, 17.67, 19.56, 23.10, 25.00, 26.80, 24.11, 22.21, 22.28, 21.28, 18.41, 16.93, 17.98, 16.12, 12.78, 12.82, 13.70, 11.10, 8.30, 10.28, 10.90, 7.61, 8.10
 27.72, 25.70, 22.73, 21.23, 18.99, 16.30, 14.55, 10.85, 11.71, 8.83, 9.02, 5.88, 5.70, 3.82, 0.00, 3.77, 6.12, 5.94, 5.87, 8.73, 10.35, 10.45, 12.04, 14.36, 15.57, 16.20, 18.32, 20.47, 22.01, 24.70, 24.22, 22.76, 19.58, 18.12, 15.19, 16.63, 15.23, 18.09, 20.32, 18.11, 17.51, 15.99, 16.90, 14.44, 15.76, 14.51, 11.09, 12.92, 13.99, 10.91, 9.27, 12.34, 11.75, 10.81, 8.25, 8.15, 9.75, 13.21, 12.91, 15.28, 14.79, 17.69, 17.56, 20.99, 22.59, 25.98, 27.65, 29.38, 26.77, 25.17, 25.48, 24.20, 21.23, 20.19, 21.22, 18.98, 15.81, 16.28, 16.78, 13.77, 11.57, 13.46, 13.27, 9.54, 8.88
 28.46, 26.75, 24.15, 23.11, 21.33, 18.88, 17.65, 14.08, 15.12, 12.15, 12.47, 9.41, 9.42, 6.76, 3.77, 0.00, 3.82, 5.70, 5.22, 6.40, 8.84, 9.98, 10.73, 12.53, 14.53, 15.44, 16.84, 19.13, 21.15, 23.72, 23.73, 22.34, 19.61, 18.59, 16.25, 18.22, 17.40, 20.47, 22.21, 19.53, 18.44, 16.24, 16.58, 14.17, 14.55, 13.03, 9.40, 11.37, 13.39, 10.92, 9.23, 12.84, 13.21, 13.21, 11.07, 11.65, 13.49, 16.87, 16.25, 18.30, 17.22, 19.65, 18.92, 21.99, 23.03, 26.16, 27.43, 29.04, 26.60, 25.41, 26.13, 24.57, 21.42, 21.04, 22.24, 19.61, 16.60, 17.86, 18.25, 14.82, 13.36, 15.81, 15.12, 11.32, 10.99
 28.56, 26.67, 24.34, 23.23, 21.84, 19.15, 18.26, 14.77, 15.44, 12.31, 13.28, 11.07, 11.01, 8.22, 6.12, 3.82, 0.00, 3.84, 5.52, 5.37, 6.40, 8.74, 10.09, 10.84, 12.64, 14.45, 15.76, 17.40, 19.84, 22.77, 23.23, 22.44, 19.82, 19.48, 17.44, 19.93, 19.51, 22.87, 24.55, 22.03, 20.50, 18.08, 17.72, 14.75, 14.74, 14.05, 10.89, 13.65, 15.77, 13.18, 12.34, 16.04, 16.12, 16.16, 13.45, 14.02, 15.06, 18.33, 18.00, 19.62, 18.49, 20.62, 19.36, 22.38, 23.05, 26.16, 27.01, 28.15, 25.46, 24.71, 25.22, 23.17, 20.31, 20.35, 21.05, 18.02, 15.55, 17.13, 16.82, 13.15, 12.64, 14.99, 13.48, 9.83, 9.67
 25.52, 23.36, 20.94, 19.62, 18.26, 15.50, 14.85, 11.58, 12.51, 9.89, 11.85, 10.23, 9.07, 6.05, 5.94, 5.70, 3.84, 0.00, 3.88, 5.44, 4.99, 6.02, 8.55, 9.78, 10.53, 12.20, 14.30, 15.69, 17.67, 20.81, 20.92, 20.29, 17.34, 17.02, 14.81, 17.35, 17.07, 20.58, 22.33, 20.19, 18.57, 16.43, 16.03, 12.70, 13.41, 13.46, 10.79, 14.00, 15.26, 12.11, 12.11, 15.57, 14.81, 14.70, 11.46, 12.32, 12.90, 15.75, 15.33, 16.50, 15.37, 17.39, 16.11, 19.30, 20.17, 23.47, 24.50, 25.62, 22.71, 21.73, 21.91, 19.96, 17.23, 16.93, 17.47, 14.59, 12.03, 13.36, 13.06, 9.47, 8.81, 11.26, 9.99, 6.39, 7.32
 23.43, 21.69, 19.28, 18.47, 17.19, 15.04, 14.71, 11.70, 13.65, 11.64, 13.45, 11.09, 9.23, 5.47, 5.87, 5.22, 5.52, 3.88, 0.00, 3.85, 5.53, 5.04, 6.19, 8.66, 9.99, 10.49, 12.46, 14.69, 16.29, 18.96, 18.78, 17.59, 14.71, 14.03, 11.94, 14.55, 14.53, 18.11, 19.46, 16.96, 15.17, 12.80, 12.55, 9.54, 10.34, 9.87, 7.10, 10.28, 11.39, 8.32, 8.63, 12.11, 11.67, 12.34, 9.61, 11.48, 13.06, 15.68, 14.38, 15.41, 13.63, 15.45, 14.15, 17.10, 17.97, 21.16, 22.40, 23.97, 21.46, 20.20, 20.93, 19.45, 16.23, 15.89, 17.26, 14.71, 11.58, 13.19, 13.95, 10.58, 9.27, 12.46, 12.26, 8.93, 10.41
 24.44, 23.02, 21.13, 20.79, 20.05, 18.11, 18.20, 15.34, 17.14, 14.92, 16.68, 14.32, 12.92, 9.23, 8.73, 6.40, 5.37, 5.44, 3.85, 0.00, 3.84, 5.42, 5.06, 6.17, 8.68, 9.81, 10.69, 12.88, 15.20, 17.80, 18.35, 17.47, 15.25, 15.33, 14.08, 17.15, 17.67, 21.32, 22.24, 19.45, 17.21, 14.24, 13.14, 10.21, 9.53, 9.18, 6.74, 10.23, 12.25, 10.07, 10.53, 14.16, 14.48, 15.71, 13.31, 15.24, 16.83, 19.50, 18.17, 18.98, 16.88, 18.17, 16.25, 18.68, 18.79, 21.59, 22.24, 23.50, 21.16, 20.52, 21.63, 19.75, 16.50, 17.05, 18.41, 15.44, 12.84, 15.25, 15.69, 12.07, 11.85, 15.18, 14.37, 11.25, 12.75
 23.69, 21.91, 20.21, 19.63, 19.22, 17.06, 17.47, 14.87, 16.34, 14.32, 16.71, 15.14, 13.55, 10.10, 10.35, 8.84, 6.40, 4.99, 5.53, 3.84, 0.00, 3.90, 5.47, 5.11, 6.29, 8.69, 10.06, 11.14, 13.67, 16.83, 17.62, 17.49, 15.18, 15.88, 14.75, 18.06, 18.79, 22.59, 23.62, 21.25, 18.83, 16.07, 14.55, 11.05, 10.60, 11.53, 9.91, 13.66, 15.16, 12.62, 13.64, 17.11, 16.76, 17.65, 14.67, 16.41, 17.20, 19.61, 18.61, 18.97, 17.02, 18.05, 15.77, 18.23, 18.16, 21.05, 21.41, 22.15, 19.39, 19.06, 19.70, 17.35, 14.54, 15.32, 16.01, 12.69, 10.72, 13.30, 13.00, 9.28, 10.11, 13.22, 11.82, 9.27, 11.33
 20.13, 18.27, 16.40, 15.89, 15.55, 13.72, 14.57, 12.47, 14.63, 13.44, 16.25, 14.79, 12.32, 8.86, 10.45, 9.98, 8.74, 6.02, 5.04, 5.42, 3.90, 0.00, 3.82, 5.52, 5.28, 6.22, 8.81, 10.27, 11.78, 14.87, 14.93, 14.56, 11.81, 12.29, 11.07, 14.45, 15.46, 19.32, 20.20, 18.08, 15.56, 13.06, 11.62, 7.89, 8.51, 9.97, 8.97, 12.73, 13.25, 10.39, 12.23, 15.24, 14.31, 15.36, 12.39, 14.68, 15.53, 17.38, 15.91, 15.75, 13.48, 14.22, 11.87, 14.42, 14.64, 17.75, 18.54, 19.63, 16.86, 15.97, 16.58, 14.71, 11.62, 11.87, 13.02, 10.13, 7.44, 10.02, 10.57, 7.19, 7.39, 11.01, 10.70, 8.59, 11.50
 19.64, 18.48, 17.01, 17.31, 17.30, 16.13, 17.23, 15.28, 17.83, 16.64, 19.10, 17.09, 14.67, 10.96, 12.04, 10.73, 10.09, 8.55, 6.19, 5.06, 5.47, 3.82, 0.00, 3.79, 5.43, 4.99, 6.30, 8.96, 10.56, 13.00, 13.30, 12.51, 10.40, 11.12, 10.76, 14.37, 15.88, 19.71, 19.96, 17.36, 14.44, 11.32, 9.27, 5.98, 5.17, 6.60, 6.38, 10.16, 10.97, 9.00, 11.21, 14.12, 13.97, 15.90, 13.64, 16.45, 18.00, 19.85, 17.86, 17.66, 14.83, 15.12, 12.52, 14.32, 13.97, 16.60, 17.18, 18.55, 16.37, 15.66, 17.14, 15.53, 12.02, 12.87, 14.80, 12.16, 9.55, 12.55, 13.70, 10.66, 10.74, 14.51, 14.49, 12.31, 14.97
 21.17, 20.06, 19.12, 19.50, 19.92, 18.64, 19.92, 17.97, 20.11, 18.67, 21.24, 19.47, 17.39, 13.72, 14.36, 12.53, 10.84, 9.78, 8.66, 6.17, 5.11, 5.52, 3.79, 0.00, 3.78, 5.47, 5.25, 6.81, 9.63, 12.36, 13.70, 13.79, 12.40, 13.99, 14.13, 17.88, 19.53, 23.39, 23.60, 21.05, 17.98, 14.77, 12.22, 9.13, 7.26, 9.19, 9.27, 12.94, 14.28, 12.67, 14.63, 17.70, 17.73, 19.56, 17.11, 19.63, 20.85, 22.82, 21.13, 20.83, 18.11, 18.17, 15.19, 16.64, 15.62, 17.86, 17.67, 18.32, 16.05, 16.22, 17.67, 15.41, 12.31, 14.09, 15.45, 12.32, 10.75, 14.17, 14.53, 11.39, 12.61, 16.13, 15.34, 13.48, 16.11
 18.94, 17.44, 16.66, 16.90, 17.72, 16.50, 18.25, 16.83, 18.94, 18.06, 21.14, 19.95, 17.49, 14.13, 15.57, 14.53, 12.64, 10.53, 9.99, 8.68, 6.29, 5.28, 5.43, 3.78, 0.00, 3.89, 5.41, 5.30, 7.55, 10.99, 12.10, 12.91, 11.23, 13.26, 13.47, 17.26, 19.12, 23.01, 23.27, 21.23, 18.12, 15.34, 12.72, 9.28, 8.47, 11.32, 11.78, 15.51, 16.08, 14.03, 16.45, 19.24, 18.56, 20.10, 17.33, 19.83, 20.49, 21.99, 20.39, 19.54, 16.90, 16.56, 13.30, 14.71, 13.62, 16.04, 15.79, 16.09, 13.30, 13.50, 14.44, 11.90, 9.10, 11.03, 11.94, 8.68, 7.73, 11.34, 11.44, 8.76, 10.71, 13.99, 13.31, 12.33, 15.52
 15.72, 14.63, 13.95, 14.82, 15.87, 15.40, 17.53, 16.57, 19.31, 18.94, 21.99, 20.56, 17.65, 14.30, 16.20, 15.44, 14.45, 12.20, 10.49, 9.81, 8.69, 6.22, 4.99, 5.47, 3.89, 0.00, 3.83, 5.44, 5.84, 8.67, 8.94, 9.17, 7.41, 9.63, 10.48, 14.34, 16.71, 20.51, 20.29, 18.25, 14.89, 12.14, 9.22, 6.08, 5.60, 9.05, 10.50, 13.85, 13.68, 11.98, 15.03, 17.26, 16.53, 18.55, 16.26, 19.29, 20.36, 21.47, 19.28, 18.06, 14.93, 14.04, 10.59, 11.47, 10.21, 12.60, 12.73, 13.74, 11.39, 10.95, 12.58, 10.92, 7.37, 9.10, 11.18, 8.86, 7.15, 10.72, 12.07, 10.04, 11.02, 14.57, 14.90, 13.95, 17.32
 17.37, 16.98, 16.87, 18.23, 19.49, 19.19, 21.27, 20.14, 22.84, 22.14, 24.97, 23.23, 20.60, 17.02, 18.32, 16.84, 15.76, 14.30, 12.46, 10.69, 10.06, 8.81, 6.30, 5.25, 5.41, 3.83, 0.00, 3.87, 5.41, 7.30, 8.89, 9.31, 9.06, 11.67, 13.20, 17.04, 19.57, 23.30, 22.70, 20.32, 16.77, 13.58, 10.16, 7.99, 5.47, 8.83, 10.89, 13.93, 14.35, 13.52, 16.40, 18.68, 18.66, 21.09, 19.12, 22.22, 23.60, 24.94, 22.68, 21.62, 18.35, 17.35, 13.88, 14.09, 12.11, 13.57, 12.90, 13.64, 12.01, 12.44, 14.75, 13.00, 9.75, 12.25, 14.34, 12.00, 10.87, 14.50, 15.64, 13.46, 14.67, 18.24, 18.24, 17.05, 20.18
 17.71, 17.06, 17.43, 18.66, 20.35, 19.96, 22.31, 21.41, 23.80, 23.21, 26.34, 25.06, 22.45, 19.04, 20.47, 19.13, 17.40, 15.69, 14.69, 12.88, 11.14, 10.27, 8.96, 6.81, 5.30, 5.44, 3.87, 0.00, 3.86, 6.76, 9.23, 11.04, 11.00, 14.12, 15.66, 19.50, 22.07, 25.83, 25.37, 23.33, 19.80, 16.89, 13.49, 11.07, 9.20, 12.65, 14.42, 17.67, 18.07, 16.92, 19.78, 22.17, 21.80, 23.92, 21.57, 24.45, 25.32, 26.51, 24.54, 23.21, 20.14, 18.92, 15.23, 15.29, 12.95, 14.19, 12.80, 12.46, 10.36, 11.75, 13.57, 11.10, 8.71, 11.98, 13.21, 10.68, 10.82, 14.53, 14.96, 13.16, 15.27, 18.43, 18.02, 17.49, 20.78
 14.03, 13.65, 14.53, 16.30, 18.50, 18.78, 21.61, 21.35, 24.05, 24.07, 27.37, 26.22, 23.21, 20.01, 22.01, 21.15, 19.84, 17.67, 16.29, 15.20, 13.67, 11.78, 10.56, 9.63, 7.55, 5.84, 5.41, 3.86, 0.00, 3.82, 5.67, 8.19, 8.56, 12.13, 14.27, 17.91, 20.89, 24.46, 23.63, 21.97, 18.35, 15.88, 12.42, 10.54, 9.45, 13.23, 15.59, 18.53, 18.13, 17.09, 20.41, 22.25, 21.54, 23.78, 21.66, 24.77, 25.61, 26.29, 24.02, 22.16, 18.92, 17.04, 13.21, 12.49, 9.67, 10.53, 9.02, 8.81, 6.77, 8.06, 10.36, 8.55, 6.10, 9.61, 11.36, 9.82, 10.15, 13.55, 14.63, 13.67, 15.45, 18.48, 18.78, 18.69, 22.25
 13.15, 13.82, 15.36, 17.85, 20.32, 21.18, 24.16, 24.12, 27.08, 27.24, 30.44, 29.07, 25.96, 22.73, 24.70, 23.72, 22.77, 20.81, 18.96, 17.80, 16.83, 14.87, 13.00, 12.36, 10.99, 8.67, 7.30, 6.76, 3.82, 0.00, 3.82, 6.69, 8.77, 12.49, 15.41, 18.79, 22.11, 25.43, 24.04, 22.36, 18.62, 16.22, 12.59, 11.83, 10.41, 13.95, 16.96, 19.33, 18.68, 18.34, 21.82, 23.23, 22.79, 25.43, 23.77, 27.14, 28.28, 28.81, 26.21, 24.19, 20.71, 18.41, 14.69, 13.03, 9.60, 9.10, 6.78, 6.79, 6.62, 8.15, 11.39, 10.59, 8.51, 11.71, 13.95, 13.12, 13.29, 16.43, 17.96, 17.22, 18.64, 21.73, 22.34, 22.16, 25.71
 9.56, 10.47, 12.07, 14.94, 17.52, 18.90, 22.05, 22.44, 25.65, 26.26, 29.45, 28.15, 24.78, 21.83, 24.22, 23.73, 23.23, 20.92, 18.78, 18.35, 17.62, 14.93, 13.30, 13.70, 12.10, 8.94, 8.89, 9.23, 5.67, 3.82, 0.00, 3.79, 5.98, 9.65, 12.87, 15.88, 19.40, 22.48, 20.88, 19.54, 15.88, 14.03, 10.73, 10.49, 10.20, 13.61, 16.71, 18.81, 17.41, 17.01, 20.72, 21.63, 20.82, 23.44, 22.04, 25.51, 26.68, 26.80, 23.98, 21.66, 18.11, 15.43, 11.87, 9.63, 6.02, 5.37, 4.04, 5.95, 5.97, 5.66, 9.37, 9.77, 7.41, 9.65, 12.55, 12.57, 12.27, 14.86, 17.05, 16.78, 17.59, 20.56, 21.82, 21.77, 25.39
 9.67, 10.89, 11.70, 14.67, 16.71, 18.26, 21.12, 21.39, 24.87, 25.45, 28.36, 26.72, 23.33, 20.43, 22.76, 22.34, 22.44, 20.29, 17.59, 17.47, 17.49, 14.56, 12.51, 13.79, 12.91, 9.17, 9.31, 11.04, 8.19, 6.69, 3.79, 0.00, 3.88, 6.85, 10.47, 13.24, 16.84, 19.76, 17.88, 16.27, 12.57, 10.72, 7.53, 8.38, 8.44, 11.24, 14.56, 16.10, 14.29, 14.32, 18.06, 18.55, 17.93, 20.85, 19.95, 23.60, 25.20, 25.34, 22.21, 20.11, 16.38, 13.82, 10.68, 8.43, 5.58, 5.43, 6.20, 9.25, 9.49, 8.04, 11.56, 12.43, 9.46, 10.59, 14.10, 14.14, 12.82, 15.15, 17.90, 17.35, 17.37, 20.56, 22.18, 21.65, 25.09
 9.69, 9.64, 9.24, 11.62, 13.22, 14.53, 17.27, 17.53, 21.03, 21.74, 24.67, 23.18, 19.69, 16.96, 19.58, 19.61, 19.82, 17.34, 14.71, 15.25, 15.18, 11.81, 10.40, 12.40, 11.23, 7.41, 9.06, 11.00, 8.56, 8.77, 5.98, 3.88, 0.00, 3.79, 6.93, 10.05, 13.50, 16.69, 15.33, 13.83, 10.22, 8.53, 5.83, 5.63, 7.30, 10.06, 12.71, 14.61, 12.57, 11.73, 15.53, 16.14, 14.97, 17.55, 16.37, 19.96, 21.40, 21.49, 18.43, 16.34, 12.63, 10.29, 7.03, 5.72, 4.26, 6.63, 8.53, 11.33, 10.30, 7.98, 10.59, 11.36, 7.93, 7.99, 11.69, 11.71, 9.70, 11.73, 14.74, 14.19, 13.78, 16.93, 18.79, 18.25, 21.66
 10.89, 10.63, 9.08, 11.01, 11.68, 13.15, 15.46, 15.75, 19.47, 20.35, 22.95, 21.30, 17.74, 15.37, 18.12, 18.59, 19.48, 17.02, 14.03, 15.33, 15.88, 12.29, 11.12, 13.99, 13.26, 9.63, 11.67, 14.12, 12.13, 12.49, 9.65, 6.85, 3.79, 0.00, 3.82, 6.46, 9.99, 13.05, 11.63, 10.05, 6.51, 5.51, 4.46, 5.29, 8.25, 9.73, 11.87, 13.15, 10.39, 9.46, 13.20, 13.19, 11.72, 14.35, 13.70, 17.38, 19.13, 19.05, 15.70, 13.78, 9.99, 7.93, 5.80, 5.38, 6.31, 8.92, 11.66, 14.77, 13.79, 10.97, 12.98, 14.12, 10.78, 9.61, 13.31, 13.55, 10.77, 11.94, 15.39, 14.82, 13.41, 16.44, 18.79, 17.93, 21.04
 13.41, 12.25, 9.58, 10.17, 9.60, 10.45, 12.16, 12.22, 16.00, 16.95, 19.39, 17.81, 14.18, 12.18, 15.19, 16.25, 17.44, 14.81, 11.94, 14.08, 14.75, 11.07, 10.76, 14.13, 13.47, 10.48, 13.20, 15.66, 14.27, 15.41, 12.87, 10.47, 6.93, 3.82, 0.00, 3.87, 6.72, 10.26, 9.85, 8.33, 5.57, 5.30, 6.15, 5.68, 9.45, 10.20, 11.10, 12.49, 9.69, 7.64, 11.02, 11.06, 8.81, 10.89, 10.01, 13.64, 15.36, 15.30, 11.94, 10.34, 6.58, 5.71, 4.82, 6.78, 9.04, 12.22, 15.03, 17.86, 16.29, 13.37, 14.52, 15.36, 12.11, 10.13, 13.33, 13.39, 10.01, 10.42, 13.91, 13.20, 10.97, 13.83, 16.42, 15.35, 18.17
 14.38, 13.30, 10.24, 10.50, 9.14, 10.58, 11.81, 12.46, 16.24, 17.70, 19.74, 18.27, 14.67, 13.54, 16.63, 18.22, 19.93, 17.35, 14.55, 17.15, 18.06, 14.45, 14.37, 17.88, 17.26, 14.34, 17.04, 19.50, 17.91, 18.79, 15.88, 13.24, 10.05, 6.46, 3.87, 0.00, 3.76, 6.64, 6.10, 5.46, 4.29, 6.53, 8.87, 9.36, 13.01, 13.13, 13.72, 14.31, 10.98, 9.27, 11.96, 10.87, 7.99, 9.63, 9.78, 13.15, 14.95, 14.23, 10.54, 8.82, 5.48, 4.94, 6.58, 8.21, 11.26, 14.13, 17.41, 20.48, 19.16, 15.88, 16.73, 18.13, 15.24, 12.68, 15.70, 16.34, 13.04, 12.51, 16.13, 15.90, 13.11, 15.28, 18.37, 17.40, 19.84
 17.82, 16.39, 12.95, 12.24, 9.75, 10.38, 10.36, 10.74, 14.30, 15.82, 17.33, 15.90, 12.51, 12.22, 15.23, 17.40, 19.51, 17.07, 14.53, 17.67, 18.79, 15.46, 15.88, 19.53, 19.12, 16.71, 19.57, 22.07, 20.89, 22.11, 19.40, 16.84, 13.50, 9.99, 6.72, 3.76, 0.00, 3.90, 5.57, 5.41, 6.43, 8.77, 11.69, 11.77, 15.39, 14.93, 14.60, 14.94, 11.85, 9.73, 11.32, 9.95, 6.36, 6.68, 7.38, 10.26, 12.18, 11.33, 7.56, 6.79, 4.78, 6.56, 9.19, 11.56, 14.80, 17.82, 21.07, 24.03, 22.45, 19.19, 19.64, 20.82, 18.03, 15.23, 17.75, 18.21, 14.75, 13.66, 16.96, 16.62, 13.26, 14.91, 18.08, 16.87, 18.71
 19.70, 18.48, 15.09, 14.36, 11.68, 12.74, 12.32, 13.18, 16.34, 18.19, 19.21, 17.94, 14.90, 15.31, 18.09, 20.47, 22.87, 20.58, 18.11, 21.32, 22.59, 19.32, 19.71, 23.39, 23.01, 20.51, 23.30, 25.83, 24.46, 25.43, 22.48, 19.76, 16.69, 13.05, 10.26, 6.64, 3.90, 0.00, 3.85, 5.69, 8.43, 11.55, 14.80, 15.42, 18.96, 18.25, 17.93, 17.70, 14.42, 12.88, 13.92, 11.73, 8.45, 8.09, 9.92, 11.94, 13.74, 12.24, 8.75, 8.23, 7.63, 9.08, 12.31, 14.15, 17.56, 20.25, 23.74, 26.85, 25.51, 22.07, 22.42, 23.98, 21.41, 18.40, 20.84, 21.68, 18.36, 16.91, 20.19, 20.16, 16.70, 17.84, 21.20, 20.13, 21.64
 17.76, 17.24, 14.35, 14.60, 12.80, 14.65, 15.07, 16.08, 19.52, 21.26, 22.53, 21.01, 17.85, 17.60, 20.32, 22.21, 24.55, 22.33, 19.46, 22.24, 23.62, 20.20, 19.96, 23.60, 23.27, 20.29, 22.70, 25.37, 23.63, 24.04, 20.88, 17.88, 15.33, 11.63, 9.85, 6.10, 5.57, 3.85, 0.00, 3.82, 6.55, 10.21, 13.42, 14.89, 18.21, 17.57, 18.00, 17.44, 13.77, 13.07, 14.70, 12.13, 9.56, 10.60, 12.54, 15.14, 17.19, 15.86, 12.23, 11.09, 9.44, 9.44, 12.16, 12.97, 16.08, 18.23, 21.80, 25.17, 24.35, 20.87, 21.71, 23.64, 20.99, 18.25, 21.16, 22.20, 19.00, 18.00, 21.59, 21.60, 18.47, 20.07, 23.40, 22.38, 24.28
 18.23, 17.91, 15.19, 15.71, 14.08, 15.39, 15.74, 15.91, 19.47, 20.55, 21.74, 19.67, 16.63, 15.80, 18.11, 19.53, 22.03, 20.19, 16.96, 19.45, 21.25, 18.08, 17.36, 21.05, 21.23, 18.25, 20.32, 23.33, 21.97, 22.36, 19.54, 16.27, 13.83, 10.05, 8.33, 5.46, 5.41, 5.69, 3.82, 0.00, 3.78, 7.09, 10.67, 12.43, 15.42, 14.27, 14.63, 13.75, 10.05, 9.77, 11.38, 8.68, 6.74, 8.96, 11.09, 14.15, 16.83, 16.34, 12.64, 12.13, 9.83, 10.15, 11.97, 12.95, 15.55, 17.75, 21.03, 24.43, 23.65, 20.47, 21.78, 23.28, 20.20, 17.97, 21.11, 21.57, 18.13, 17.81, 21.31, 20.68, 17.66, 19.85, 22.79, 21.25, 23.12
 15.63, 15.50, 13.15, 14.24, 13.34, 14.70, 15.75, 15.79, 19.54, 20.41, 22.09, 19.98, 16.72, 15.11, 17.51, 18.44, 20.50, 18.57, 15.17, 17.21, 18.83, 15.56, 14.44, 17.98, 18.12, 14.89, 16.77, 19.80, 18.35, 18.62, 15.88, 12.57, 10.22, 6.51, 5.57, 4.29, 6.43, 8.43, 6.55, 3.78, 0.00, 3.73, 7.00, 9.05, 11.96, 11.24, 12.29, 11.90, 8.14, 7.94, 10.64, 8.87, 7.36, 10.35, 11.45, 15.03, 17.58, 17.42, 13.71, 12.74, 9.55, 9.05, 9.66, 10.27, 12.36, 14.52, 17.60, 20.98, 20.25, 17.26, 18.93, 20.28, 17.03, 15.23, 18.63, 18.90, 15.56, 15.85, 19.38, 18.60, 16.06, 18.73, 21.43, 19.95, 22.25
 16.03, 15.97, 13.99, 15.24, 14.71, 15.53, 16.67, 16.08, 19.77, 20.04, 21.84, 19.46, 16.33, 13.98, 15.99, 16.24, 18.08, 16.43, 12.80, 14.24, 16.07, 13.06, 11.32, 14.77, 15.34, 12.14, 13.58, 16.89, 15.88, 16.22, 14.03, 10.72, 8.53, 5.51, 5.30, 6.53, 8.77, 11.55, 10.21, 7.09, 3.73, 0.00, 3.77, 6.10, 8.47, 7.53, 8.97, 8.86, 5.38, 5.50, 8.85, 8.14, 7.69, 11.16, 11.60, 15.35, 18.04, 18.55, 15.07, 14.39, 10.94, 10.55, 9.89, 10.58, 11.77, 13.93, 16.44, 19.62, 18.83, 16.33, 18.39, 19.17, 15.59, 14.53, 17.98, 17.61, 14.26, 15.38, 18.62, 17.25, 15.16, 18.36, 20.52, 18.72, 21.13
 14.59, 14.76, 13.47, 15.19, 15.47, 16.25, 17.95, 17.34, 20.94, 21.04, 23.25, 20.99, 17.84, 14.95, 16.90, 16.58, 17.72, 16.03, 12.55, 13.14, 14.55, 11.62, 9.27, 12.22, 12.72, 9.22, 10.16, 13.49, 12.42, 12.59, 10.73, 7.53, 5.83, 4.46, 6.15, 8.87, 11.69, 14.80, 13.42, 10.67, 7.00, 3.77, 0.00, 3.82, 5.32, 5.68, 8.39, 9.26, 6.89, 7.04, 10.73, 11.05, 10.89, 14.19, 13.85, 17.60, 19.96, 20.64, 17.36, 16.33, 12.66, 11.63, 9.68, 9.75, 9.75, 11.66, 13.57, 16.54, 15.83, 13.80, 16.30, 16.75, 13.05, 12.83, 16.37, 15.71, 12.75, 14.66, 17.67, 16.18, 14.89, 18.39, 20.15, 18.53, 21.32
 15.07, 14.38, 12.81, 13.86, 14.05, 14.11, 15.79, 14.86, 18.25, 18.14, 20.65, 18.64, 15.47, 12.33, 14.44, 14.17, 14.75, 12.70, 9.54, 10.21, 11.05, 7.89, 5.98, 9.13, 9.28, 6.08, 7.99, 11.07, 10.54, 11.83, 10.49, 8.38, 5.63, 5.29, 5.68, 9.36, 11.77, 15.42, 14.89, 12.43, 9.05, 6.10, 3.82, 0.00, 3.85, 5.54, 7.29, 9.64, 8.25, 6.74, 10.37, 11.78, 11.10, 13.75, 12.40, 15.97, 17.89, 18.83, 15.95, 15.00, 11.48, 10.87, 8.37, 9.50, 9.58, 12.26, 13.83, 16.21, 14.66, 12.86, 14.81, 14.57, 10.78, 10.66, 13.78, 12.56, 9.45, 11.71, 14.35, 12.53, 11.52, 15.18, 16.60, 15.00, 17.94
 16.93, 16.72, 15.82, 17.18, 17.70, 17.63, 19.28, 18.01, 21.15, 20.54, 22.93, 20.68, 17.92, 14.41, 15.76, 14.55, 14.74, 13.41, 10.34, 9.53, 10.60, 8.51, 5.17, 7.26, 8.47, 5.60, 5.47, 9.20, 9.45, 10.41, 10.20, 8.44, 7.30, 8.25, 9.45, 13.01, 15.39, 18.96, 18.21, 15.42, 11.96, 8.47, 5.32, 3.85, 0.00, 3.81, 6.62, 9.11, 8.95, 8.51, 11.64, 13.49, 13.75, 16.63, 15.35, 18.77, 20.82, 22.15, 19.45, 18.74, 15.29, 14.65, 11.87, 12.41, 11.45, 13.35, 14.00, 16.01, 14.80, 13.89, 16.35, 15.60, 11.83, 12.87, 15.78, 14.02, 11.51, 14.45, 16.54, 14.29, 14.03, 17.83, 18.59, 16.77, 19.61
 19.62, 19.51, 18.20, 19.35, 19.25, 19.03, 20.07, 18.39, 21.51, 20.57, 22.39, 19.65, 17.23, 13.78, 14.51, 13.03, 14.05, 13.46, 9.87, 9.18, 11.53, 9.97, 6.60, 9.19, 11.32, 9.05, 8.83, 12.65, 13.23, 13.95, 13.61, 11.24, 10.06, 9.73, 10.20, 13.13, 14.93, 18.25, 17.57, 14.27, 11.24, 7.53, 5.68, 5.54, 3.81, 0.00, 3.81, 5.39, 5.83, 6.34, 8.85, 10.68, 11.84, 15.00, 14.32, 17.68, 20.29, 21.94, 19.18, 19.10, 15.83, 15.83, 13.79, 14.68, 14.32, 16.20, 17.21, 19.52, 18.51, 17.36, 19.79, 19.22, 15.41, 15.97, 18.93, 17.17, 14.24, 16.79, 18.95, 16.43, 15.54, 19.31, 20.11, 17.71, 20.00
 22.25, 21.64, 19.79, 20.26, 19.52, 18.64, 18.98, 16.69, 19.47, 18.02, 19.44, 16.46, 14.48, 11.00, 11.09, 9.40, 10.89, 10.79, 7.10, 6.74, 9.91, 8.97, 6.38, 9.27, 11.78, 10.50, 10.89, 14.42, 15.59, 16.96, 16.71, 14.56, 12.71, 11.87, 11.10, 13.72, 14.60, 17.93, 18.00, 14.63, 12.29, 8.97, 8.39, 7.29, 6.62, 3.81, 0.00, 3.85, 5.79, 5.09, 6.22, 9.10, 10.47, 13.09, 12.20, 15.14, 17.86, 20.01, 17.64, 18.27, 15.50, 16.39, 14.84, 16.58, 16.82, 19.20, 20.39, 22.55, 21.09, 19.85, 21.77, 20.92, 17.17, 17.36, 19.91, 17.84, 14.63, 16.86, 18.67, 15.75, 14.50, 18.13, 18.65, 15.73, 17.47
 23.80, 23.58, 21.69, 22.38, 21.44, 20.89, 21.01, 18.81, 21.68, 20.32, 21.23, 17.92, 16.18, 13.17, 12.92, 11.37, 13.65, 14.00, 10.28, 10.23, 13.66, 12.73, 10.16, 12.94, 15.51, 13.85, 13.93, 17.67, 18.53, 19.33, 18.81, 16.10, 14.61, 13.15, 12.49, 14.31, 14.94, 17.70, 17.44, 13.75, 11.90, 8.86, 9.26, 9.64, 9.11, 5.39, 3.85, 0.00, 3.86, 5.48, 5.45, 7.25, 9.86, 12.92, 13.15, 16.04, 19.28, 21.35, 18.75, 19.64, 16.93, 17.89, 16.86, 18.31, 18.73, 20.80, 22.22, 24.75, 23.72, 22.27, 24.45, 24.00, 20.19, 20.17, 23.02, 21.26, 17.93, 19.87, 22.01, 19.27, 17.63, 21.12, 21.94, 18.93, 20.35
 21.10, 21.00, 18.99, 19.85, 18.90, 18.88, 19.23, 17.60, 20.86, 20.18, 21.31, 18.24, 15.92, 13.27, 13.99, 13.39, 15.77, 15.26, 11.39, 12.25, 15.16, 13.25, 10.97, 14.28, 16.08, 13.68, 14.35, 18.07, 18.13, 18.68, 17.41, 14.29, 12.57, 10.39, 9.69, 10.98, 11.85, 14.42, 13.77, 10.05, 8.14, 5.38, 6.89, 8.25, 8.95, 5.83, 5.79, 3.86, 0.00, 3.77, 5.35, 5.38, 7.43, 11.05, 11.80, 15.13, 18.39, 19.85, 16.81, 17.28, 14.37, 15.02, 14.38, 15.60, 16.41, 18.48, 20.42, 23.32, 22.45, 20.50, 22.66, 22.77, 19.00, 18.47, 21.62, 20.44, 16.97, 18.50, 21.17, 18.95, 16.92, 20.30, 21.78, 19.15, 20.90
 20.32, 19.56, 17.14, 17.39, 16.12, 15.61, 15.76, 13.93, 17.15, 16.49, 17.84, 14.99, 12.40, 9.67, 10.91, 10.92, 13.18, 12.11, 8.32, 10.07, 12.62, 10.39, 9.00, 12.67, 14.03, 11.98, 13.52, 16.92, 17.09, 18.34, 17.01, 14.32, 11.73, 9.46, 7.64, 9.27, 9.73, 12.88, 13.07, 9.77, 7.94, 5.50, 7.04, 6.74, 8.51, 6.34, 5.09, 5.48, 3.77, 0.00, 3.81, 5.29, 5.62, 8.68, 8.50, 11.94, 14.95, 16.50, 13.63, 14.21, 11.46, 12.64, 12.09, 14.11, 15.37, 18.07, 20.13, 22.80, 21.35, 19.27, 20.89, 20.79, 17.10, 16.21, 19.02, 17.74, 14.10, 15.35, 17.87, 15.62, 13.35, 16.63, 18.14, 15.52, 17.29
 24.04, 23.15, 20.51, 20.36, 18.59, 17.61, 16.95, 14.55, 17.28, 16.06, 16.59, 13.27, 11.48, 9.18, 9.27, 9.23, 12.34, 12.11, 8.63, 10.53, 13.64, 12.23, 11.21, 14.63, 16.45, 15.03, 16.40, 19.78, 20.41, 21.82, 20.72, 18.06, 15.53, 13.20, 11.02, 11.96, 11.32, 13.92, 14.70, 11.38, 10.64, 8.85, 10.73, 10.37, 11.64, 8.85, 6.22, 5.45, 5.35, 3.81, 0.00, 3.79, 5.51, 7.76, 8.15, 10.77, 14.23, 16.34, 13.93, 15.47, 13.46, 15.40, 15.36, 17.69, 19.14, 21.88, 23.92, 26.53, 24.98, 22.97, 24.43, 24.14, 20.51, 19.56, 22.08, 20.58, 16.90, 17.91, 20.07, 17.55, 15.05, 18.01, 19.22, 16.13, 17.08
 23.79, 23.19, 20.48, 20.53, 18.62, 18.23, 17.60, 15.77, 18.73, 18.10, 18.46, 15.28, 13.33, 11.77, 12.34, 12.84, 16.04, 15.57, 12.11, 14.16, 17.11, 15.24, 14.12, 17.70, 19.24, 17.26, 18.68, 22.17, 22.25, 23.23, 21.63, 18.55, 16.14, 13.19, 11.06, 10.87, 9.95, 11.73, 12.13, 8.68, 8.87, 8.14, 11.05, 11.78, 13.49, 10.68, 9.10, 7.25, 5.38, 5.29, 3.79, 0.00, 3.82, 6.83, 8.84, 11.53, 15.20, 16.68, 13.85, 15.26, 13.30, 15.08, 15.69, 17.67, 19.45, 21.97, 24.40, 27.38, 26.17, 23.79, 25.35, 25.61, 22.01, 20.69, 23.50, 22.54, 18.79, 19.41, 22.03, 19.98, 17.15, 19.89, 21.65, 18.86, 19.87
 21.83, 20.81, 17.75, 17.38, 15.15, 14.76, 14.03, 12.58, 15.74, 15.72, 16.41, 13.73, 11.16, 10.12, 11.75, 13.21, 16.12, 14.81, 11.67, 14.48, 16.76, 14.31, 13.97, 17.73, 18.56, 16.53, 18.66, 21.80, 21.54, 22.79, 20.82, 17.93, 14.97, 11.72, 8.81, 7.99, 6.36, 8.45, 9.56, 6.74, 7.36, 7.69, 10.89, 11.10, 13.75, 11.84, 10.47, 9.86, 7.43, 5.62, 5.51, 3.82, 0.00, 3.84, 5.90, 8.98, 12.38, 13.33, 10.23, 11.47, 9.69, 11.83, 13.01, 15.40, 17.74, 20.60, 23.34, 26.28, 24.78, 22.10, 23.19, 23.65, 20.28, 18.40, 21.04, 20.43, 16.65, 16.66, 19.44, 17.83, 14.64, 17.03, 19.25, 16.84, 18.04
 23.79, 22.27, 18.84, 17.71, 14.81, 13.83, 12.17, 10.51, 13.19, 13.33, 13.53, 11.14, 8.78, 9.06, 10.81, 13.21, 16.16, 14.70, 12.34, 15.71, 17.65, 15.36, 15.90, 19.56, 20.10, 18.55, 21.09, 23.92, 23.78, 25.43, 23.44, 20.85, 17.55, 14.35, 10.89, 9.63, 6.68, 8.09, 10.60, 8.96, 10.35, 11.16, 14.19, 13.75, 16.63, 15.00, 13.09, 12.92, 11.05, 8.68, 7.76, 6.83, 3.84, 0.00, 3.82, 5.73, 9.18, 10.12, 7.46, 9.76, 9.30, 12.38, 14.21, 17.14, 19.89, 23.05, 25.88, 28.65, 26.81, 24.02, 24.55, 24.92, 21.83, 19.55, 21.68, 21.13, 17.40, 16.73, 19.18, 17.76, 14.20, 15.85, 18.15, 15.81, 16.43
 22.89, 20.93, 17.47, 15.92, 13.05, 11.30, 9.53, 7.18, 9.95, 9.91, 10.79, 8.70, 5.56, 5.65, 8.25, 11.07, 13.45, 11.46, 9.61, 13.31, 14.67, 12.39, 13.64, 17.11, 17.33, 16.26, 19.12, 21.57, 21.66, 23.77, 22.04, 19.95, 16.37, 13.70, 10.01, 9.78, 7.38, 9.92, 12.54, 11.09, 11.45, 11.60, 13.85, 12.40, 15.35, 14.32, 12.20, 13.15, 11.80, 8.50, 8.15, 8.84, 5.90, 3.82, 0.00, 3.79, 6.70, 8.23, 5.97, 8.27, 7.86, 11.25, 12.59, 16.01, 18.64, 22.09, 24.68, 27.08, 24.83, 22.24, 22.44, 22.40, 19.45, 17.22, 18.92, 18.08, 14.42, 13.70, 15.77, 14.20, 10.62, 12.25, 14.36, 12.01, 12.77
 26.13, 23.90, 20.30, 18.23, 14.98, 12.66, 9.86, 7.05, 8.44, 8.08, 7.85, 6.04, 3.89, 6.35, 8.15, 11.65, 14.02, 12.32, 11.48, 15.24, 16.41, 14.68, 16.45, 19.63, 19.83, 19.29, 22.22, 24.45, 24.77, 27.14, 25.51, 23.60, 19.96, 17.38, 13.64, 13.15, 10.26, 11.94, 15.14, 14.15, 15.03, 15.35, 17.60, 15.97, 18.77, 17.68, 15.14, 16.04, 15.13, 11.94, 10.77, 11.53, 8.98, 5.73, 3.79, 0.00, 3.83, 6.32, 5.84, 9.32, 10.32, 14.03, 15.68, 19.28, 22.04, 25.58, 28.15, 30.40, 27.93, 25.39, 25.22, 25.00, 22.31, 19.96, 21.15, 20.24, 16.81, 15.66, 17.12, 15.63, 12.05, 12.72, 14.51, 12.14, 11.83
 26.79, 24.12, 20.46, 17.80, 14.40, 11.49, 8.04, 5.26, 5.15, 5.56, 5.61, 5.93, 4.12, 7.62, 9.75, 13.49, 15.06, 12.90, 13.06, 16.83, 17.20, 15.53, 18.00, 20.85, 20.49, 20.36, 23.60, 25.32, 25.61, 28.28, 26.68, 25.20, 21.40, 19.13, 15.36, 14.95, 12.18, 13.74, 17.19, 16.83, 17.58, 18.04, 19.96, 17.89, 20.82, 20.29, 17.86, 19.28, 18.39, 14.95, 14.23, 15.20, 12.38, 9.18, 6.70, 3.83, 0.00, 3.77, 5.56, 8.85, 10.86, 14.59, 16.30, 20.10, 22.96, 26.64, 29.15, 31.11, 28.32, 25.81, 25.08, 24.73, 22.50, 19.93, 20.45, 19.67, 16.65, 14.89, 15.77, 14.76, 11.27, 10.79, 12.56, 10.86, 10.18
 25.57, 22.78, 19.00, 16.06, 12.39, 9.84, 6.12, 5.35, 5.62, 8.07, 8.73, 9.69, 7.55, 10.52, 13.21, 16.87, 18.33, 15.75, 15.68, 19.50, 19.61, 17.38, 19.85, 22.82, 21.99, 21.47, 24.94, 26.51, 26.29, 28.81, 26.80, 25.34, 21.49, 19.05, 15.30, 14.23, 11.33, 12.24, 15.86, 16.34, 17.42, 18.55, 20.64, 18.83, 22.15, 21.94, 20.01, 21.35, 19.85, 16.50, 16.34, 16.68, 13.33, 10.12, 8.23, 6.32, 3.77, 0.00, 3.77, 6.54, 9.60, 13.19, 15.56, 19.20, 22.41, 26.05, 28.81, 30.84, 28.12, 25.31, 24.28, 24.39, 22.48, 19.43, 19.88, 19.79, 16.95, 14.52, 15.74, 15.61, 12.02, 10.93, 13.54, 12.79, 12.72
 22.61, 20.12, 16.32, 13.84, 10.20, 8.42, 5.61, 5.37, 7.78, 9.93, 11.10, 10.94, 7.90, 9.80, 12.91, 16.25, 18.00, 15.33, 14.38, 18.17, 18.61, 15.91, 17.86, 21.13, 20.39, 19.28, 22.68, 24.54, 24.02, 26.21, 23.98, 22.21, 18.43, 15.70, 11.94, 10.54, 7.56, 8.75, 12.23, 12.64, 13.71, 15.07, 17.36, 15.95, 19.45, 19.18, 17.64, 18.75, 16.81, 13.63, 13.93, 13.85, 10.23, 7.46, 5.97, 5.84, 5.56, 3.77, 0.00, 3.85, 6.33, 10.05, 12.65, 16.14, 19.45, 22.98, 25.91, 28.22, 25.78, 22.80, 22.15, 22.60, 20.38, 17.29, 18.39, 18.49, 15.32, 13.15, 15.21, 15.01, 11.23, 11.15, 14.22, 13.25, 14.02
 19.30, 16.67, 12.83, 10.21, 6.48, 5.48, 4.16, 6.22, 9.18, 11.99, 14.01, 14.11, 10.68, 11.71, 15.28, 18.30, 19.62, 16.50, 15.41, 18.98, 18.97, 15.75, 17.66, 20.83, 19.54, 18.06, 21.62, 23.21, 22.16, 24.19, 21.66, 20.11, 16.34, 13.78, 10.34, 8.82, 6.79, 8.23, 11.09, 12.13, 12.74, 14.39, 16.33, 15.00, 18.74, 19.10, 18.27, 19.64, 17.28, 14.21, 15.47, 15.26, 11.47, 9.76, 8.27, 9.32, 8.85, 6.54, 3.85, 0.00, 3.80, 6.91, 9.88, 13.17, 16.66, 20.14, 23.17, 25.44, 23.06, 19.88, 19.02, 19.85, 17.92, 14.51, 15.64, 16.37, 13.46, 10.90, 13.45, 14.02, 10.49, 10.37, 14.00, 13.83, 15.46
 16.33, 14.01, 10.26, 8.50, 5.56, 5.63, 6.34, 7.57, 11.23, 13.35, 15.71, 15.12, 11.37, 11.15, 14.79, 17.22, 18.49, 15.37, 13.63, 16.88, 17.02, 13.48, 14.83, 18.11, 16.90, 14.93, 18.35, 20.14, 18.92, 20.71, 18.11, 16.38, 12.63, 9.99, 6.58, 5.48, 4.78, 7.63, 9.44, 9.83, 9.55, 10.94, 12.66, 11.48, 15.29, 15.83, 15.50, 16.93, 14.37, 11.46, 13.46, 13.30, 9.69, 9.30, 7.86, 10.32, 10.86, 9.60, 6.33, 3.80, 0.00, 3.81, 6.51, 9.83, 13.22, 16.70, 19.74, 22.18, 20.01, 16.81, 16.48, 17.41, 15.06, 11.85, 13.73, 14.37, 11.17, 9.34, 12.57, 12.80, 9.50, 10.66, 14.13, 13.68, 15.96
 12.58, 10.36, 6.66, 5.76, 4.33, 6.55, 8.94, 10.77, 14.34, 16.53, 19.22, 18.65, 14.84, 14.06, 17.69, 19.65, 20.62, 17.39, 15.45, 18.17, 18.05, 14.22, 15.12, 18.17, 16.56, 14.04, 17.35, 18.92, 17.04, 18.41, 15.43, 13.82, 10.29, 7.93, 5.71, 4.94, 6.56, 9.08, 9.44, 10.15, 9.05, 10.55, 11.63, 10.87, 14.65, 15.83, 16.39, 17.89, 15.02, 12.64, 15.40, 15.08, 11.83, 12.38, 11.25, 14.03, 14.59, 13.19, 10.05, 6.91, 3.81, 0.00, 3.84, 6.37, 10.01, 13.32, 16.54, 19.07, 17.18, 13.73, 13.52, 15.05, 12.88, 9.52, 11.90, 13.25, 10.48, 8.90, 12.60, 13.38, 10.85, 12.26, 15.71, 15.75, 18.56
 10.63, 8.40, 5.33, 5.62, 6.24, 7.79, 10.78, 11.98, 15.50, 17.17, 20.22, 19.49, 15.70, 14.08, 17.56, 18.92, 19.36, 16.11, 14.15, 16.25, 15.77, 11.87, 12.52, 15.19, 13.30, 10.59, 13.88, 15.23, 13.21, 14.69, 11.87, 10.68, 7.03, 5.80, 4.82, 6.58, 9.19, 12.31, 12.16, 11.97, 9.66, 9.89, 9.68, 8.37, 11.87, 13.79, 14.84, 16.86, 14.38, 12.09, 15.36, 15.69, 13.01, 14.21, 12.59, 15.68, 16.30, 15.56, 12.65, 9.88, 6.51, 3.84, 0.00, 3.89, 6.86, 10.51, 13.33, 15.67, 13.60, 10.34, 10.51, 11.71, 9.18, 6.17, 9.18, 10.23, 7.55, 7.10, 10.87, 11.40, 9.74, 11.92, 14.82, 14.91, 18.19
 6.91, 5.52, 3.82, 6.63, 8.71, 11.14, 14.38, 15.84, 19.34, 21.04, 24.10, 23.26, 19.47, 17.67, 20.99, 21.99, 22.38, 19.30, 17.10, 18.68, 18.23, 14.42, 14.32, 16.64, 14.71, 11.47, 14.09, 15.29, 12.49, 13.03, 9.63, 8.43, 5.72, 5.38, 6.78, 8.21, 11.56, 14.15, 12.97, 12.95, 10.27, 10.58, 9.75, 9.50, 12.41, 14.68, 16.58, 18.31, 15.60, 14.11, 17.69, 17.67, 15.40, 17.14, 16.01, 19.28, 20.10, 19.20, 16.14, 13.17, 9.83, 6.37, 3.89, 0.00, 3.77, 6.98, 10.21, 12.92, 11.58, 7.98, 8.92, 11.07, 8.81, 6.47, 9.99, 11.63, 9.82, 9.96, 13.53, 14.32, 13.28, 15.45, 18.20, 18.45, 21.87
 5.68, 5.54, 6.27, 9.46, 12.08, 14.14, 17.48, 18.59, 21.99, 23.32, 26.51, 25.52, 21.85, 19.56, 22.59, 23.03, 23.05, 20.17, 17.97, 18.79, 18.16, 14.64, 13.97, 15.62, 13.62, 10.21, 12.11, 12.95, 9.67, 9.60, 6.02, 5.58, 4.26, 6.31, 9.04, 11.26, 14.80, 17.56, 16.08, 15.55, 12.36, 11.77, 9.75, 9.58, 11.45, 14.32, 16.82, 18.73, 16.41, 15.37, 19.14, 19.45, 17.74, 19.89, 18.64, 22.04, 22.96, 22.41, 19.45, 16.66, 13.22, 10.01, 6.86, 3.77, 0.00, 3.77, 6.54, 9.31, 8.34, 5.01, 7.38, 9.37, 7.04, 6.44, 10.04, 11.34, 10.27, 11.50, 14.58, 15.11, 14.92, 17.41, 19.60, 19.86, 23.46
 4.51, 6.65, 8.88, 12.49, 15.39, 17.75, 21.14, 22.34, 25.75, 27.07, 30.24, 29.15, 25.50, 23.10, 25.98, 26.16, 26.16, 23.47, 21.16, 21.59, 21.05, 17.75, 16.60, 17.86, 16.04, 12.60, 13.57, 14.19, 10.53, 9.10, 5.37, 5.43, 6.63, 8.92, 12.22, 14.13, 17.82, 20.25, 18.23, 17.75, 14.52, 13.93, 11.66, 12.26, 13.35, 16.20, 19.20, 20.80, 18.48, 18.07, 21.88, 21.97, 20.60, 23.05, 22.09, 25.58, 26.64, 26.05, 22.98, 20.14, 16.70, 13.32, 10.51, 6.98, 3.77, 0.00, 3.75, 7.19, 7.87, 5.32, 8.52, 10.87, 9.26, 9.58, 12.78, 14.19, 13.67, 15.07, 17.93, 18.52, 18.60, 21.08, 23.16, 23.46, 27.09
 7.24, 9.17, 11.86, 15.22, 18.31, 20.31, 23.75, 24.72, 27.96, 29.00, 32.29, 31.20, 27.67, 25.00, 27.65, 27.43, 27.01, 24.50, 22.40, 22.24, 21.41, 18.54, 17.18, 17.67, 15.79, 12.73, 12.90, 12.80, 9.02, 6.78, 4.04, 6.20, 8.53, 11.66, 15.03, 17.41, 21.07, 23.74, 21.80, 21.03, 17.60, 16.44, 13.57, 13.83, 14.00, 17.21, 20.39, 22.22, 20.42, 20.13, 23.92, 24.40, 23.34, 25.88, 24.68, 28.15, 29.15, 28.81, 25.91, 23.17, 19.74, 16.54, 13.33, 10.21, 6.54, 3.75, 0.00, 3.76, 5.70, 5.17, 8.81, 10.39, 9.28, 10.94, 13.59, 14.57, 14.75, 16.72, 19.03, 19.45, 20.20, 22.77, 24.35, 24.73, 28.44
 9.65, 10.94, 13.93, 16.91, 20.24, 21.94, 25.48, 26.43, 29.39, 30.36, 33.83, 32.97, 29.53, 26.80, 29.38, 29.04, 28.15, 25.62, 23.97, 23.50, 22.15, 19.63, 18.55, 18.32, 16.09, 13.74, 13.64, 12.46, 8.81, 6.79, 5.95, 9.25, 11.33, 14.77, 17.86, 20.48, 24.03, 26.85, 25.17, 24.43, 20.98, 19.62, 16.54, 16.21, 16.01, 19.52, 22.55, 24.75, 23.32, 22.80, 26.53, 27.38, 26.28, 28.65, 27.08, 30.40, 31.11, 30.84, 28.22, 25.44, 22.18, 19.07, 15.67, 12.92, 9.31, 7.19, 3.76, 0.00, 3.86, 5.76, 8.61, 9.42, 9.44, 11.88, 13.62, 14.46, 15.55, 17.66, 19.34, 19.92, 21.31, 23.67, 24.84, 25.55, 29.32
 9.94, 9.82, 12.25, 14.61, 17.86, 19.11, 22.62, 23.49, 26.23, 27.17, 30.75, 30.13, 26.75, 24.11, 26.77, 26.60, 25.46, 22.71, 21.46, 21.16, 19.39, 16.86, 16.37, 16.05, 13.30, 11.39, 12.01, 10.36, 6.77, 6.62, 5.97, 9.49, 10.30, 13.79, 16.29, 19.16, 22.45, 25.51, 24.35, 23.65, 20.25, 18.83, 15.83, 14.66, 14.80, 18.51, 21.09, 23.72, 22.45, 21.35, 24.98, 26.17, 24.78, 26.81, 24.83, 27.93, 28.32, 28.12, 25.78, 23.06, 20.01, 17.18, 13.60, 11.58, 8.34, 7.87, 5.70, 3.86, 0.00, 3.76, 5.83, 5.67, 6.01, 8.83, 10.08, 10.73, 12.22, 14.36, 15.69, 16.37, 18.05, 20.24, 21.23, 22.16, 25.95
 6.76, 6.24, 8.58, 11.25, 14.55, 16.22, 19.82, 21.01, 23.96, 25.25, 28.76, 28.15, 24.59, 22.21, 25.17, 25.41, 24.71, 21.73, 20.20, 20.52, 19.06, 15.97, 15.66, 16.22, 13.50, 10.95, 12.44, 11.75, 8.06, 8.15, 5.66, 8.04, 7.98, 10.97, 13.37, 15.88, 19.19, 22.07, 20.87, 20.47, 17.26, 16.33, 13.80, 12.86, 13.89, 17.36, 19.85, 22.27, 20.50, 19.27, 22.97, 23.79, 22.10, 24.02, 22.24, 25.39, 25.81, 25.31, 22.80, 19.88, 16.81, 13.73, 10.34, 7.98, 5.01, 5.32, 5.17, 5.76, 3.76, 0.00, 3.85, 5.64, 5.05, 6.32, 8.51, 9.97, 10.67, 12.23, 14.30, 15.28, 16.24, 18.37, 19.98, 20.87, 24.66
 8.10, 5.90, 7.90, 9.61, 13.15, 14.67, 18.41, 20.00, 22.60, 24.23, 27.90, 27.81, 24.25, 22.28, 25.48, 26.13, 25.22, 21.91, 20.93, 21.63, 19.70, 16.58, 17.14, 17.67, 14.44, 12.58, 14.75, 13.57, 10.36, 11.39, 9.37, 11.56, 10.59, 12.98, 14.52, 16.73, 19.64, 22.42, 21.71, 21.78, 18.93, 18.39, 16.30, 14.81, 16.35, 19.79, 21.77, 24.45, 22.66, 20.89, 24.43, 25.35, 23.19, 24.55, 22.44, 25.22, 25.08, 24.28, 22.15, 19.02, 16.48, 13.52, 10.51, 8.92, 7.38, 8.52, 8.81, 8.61, 5.83, 3.85, 0.00, 3.80, 5.37, 5.37, 5.96, 8.49, 10.02, 10.69, 12.32, 14.15, 15.31, 16.71, 18.38, 19.94, 23.71
 11.54, 9.41, 10.61, 11.52, 14.56, 15.15, 18.61, 19.64, 21.91, 23.08, 26.84, 26.80, 23.48, 21.28, 24.20, 24.57, 23.17, 19.96, 19.45, 19.75, 17.35, 14.71, 15.53, 15.41, 11.90, 10.92, 13.00, 11.10, 8.55, 10.59, 9.77, 12.43, 11.36, 14.12, 15.36, 18.13, 20.82, 23.98, 23.64, 23.28, 20.28, 19.17, 16.75, 14.57, 15.60, 19.22, 20.92, 24.00, 22.77, 20.79, 24.14, 25.61, 23.65, 24.92, 22.40, 25.00, 24.73, 24.39, 22.60, 19.85, 17.41, 15.05, 11.71, 11.07, 9.37, 10.87, 10.39, 9.42, 5.67, 5.64, 3.80, 0.00, 3.82, 5.61, 4.90, 5.98, 8.53, 9.99, 10.64, 12.06, 14.06, 15.57, 16.48, 18.07, 21.85
 10.96, 9.13, 9.57, 10.76, 13.33, 13.81, 17.08, 17.65, 20.30, 21.17, 24.76, 24.27, 20.91, 18.41, 21.23, 21.42, 20.31, 17.23, 16.23, 16.50, 14.54, 11.62, 12.02, 12.31, 9.10, 7.37, 9.75, 8.71, 6.10, 8.51, 7.41, 9.46, 7.93, 10.78, 12.11, 15.24, 18.03, 21.41, 20.99, 20.20, 17.03, 15.59, 13.05, 10.78, 11.83, 15.41, 17.17, 20.19, 19.00, 17.10, 20.51, 22.01, 20.28, 21.83, 19.45, 22.31, 22.50, 22.48, 20.38, 17.92, 15.06, 12.88, 9.18, 8.81, 7.04, 9.26, 9.28, 9.44, 6.01, 5.05, 5.37, 3.82, 0.00, 3.86, 5.47, 5.32, 6.21, 8.61, 10.07, 10.52, 12.04, 14.35, 15.41, 16.25, 20.05
 9.99, 7.18, 6.39, 6.95, 9.52, 10.30, 13.81, 14.94, 17.72, 19.15, 22.74, 22.49, 18.92, 16.93, 20.19, 21.04, 20.35, 16.93, 15.89, 17.05, 15.32, 11.87, 12.87, 14.09, 11.03, 9.10, 12.25, 11.98, 9.61, 11.71, 9.65, 10.59, 7.99, 9.61, 10.13, 12.68, 15.23, 18.40, 18.25, 17.97, 15.23, 14.53, 12.83, 10.66, 12.87, 15.97, 17.36, 20.17, 18.47, 16.21, 19.56, 20.69, 18.40, 19.55, 17.22, 19.96, 19.93, 19.43, 17.29, 14.51, 11.85, 9.52, 6.17, 6.47, 6.44, 9.58, 10.94, 11.88, 8.83, 6.32, 5.37, 5.61, 3.86, 0.00, 3.81, 5.39, 5.13, 5.92, 8.41, 9.67, 10.21, 12.10, 14.01, 15.08, 18.82
 12.64, 9.42, 8.82, 8.13, 10.54, 10.58, 13.98, 15.24, 17.35, 18.89, 22.69, 23.00, 19.65, 17.98, 21.22, 22.24, 21.05, 17.47, 17.26, 18.41, 16.01, 13.02, 14.80, 15.45, 11.94, 11.18, 14.34, 13.21, 11.36, 13.95, 12.55, 14.10, 11.69, 13.31, 13.33, 15.70, 17.75, 20.84, 21.16, 21.11, 18.63, 17.98, 16.37, 13.78, 15.78, 18.93, 19.91, 23.02, 21.62, 19.02, 22.08, 23.50, 21.04, 21.68, 18.92, 21.15, 20.45, 19.88, 18.39, 15.64, 13.73, 11.90, 9.18, 9.99, 10.04, 12.78, 13.59, 13.62, 10.08, 8.51, 5.96, 4.90, 5.47, 3.81, 0.00, 3.73, 5.69, 5.58, 6.40, 8.73, 10.17, 11.08, 12.54, 14.48, 18.19
 15.09, 12.29, 11.49, 10.81, 12.45, 11.57, 14.38, 14.69, 16.61, 17.40, 21.19, 21.30, 18.21, 16.12, 18.98, 19.61, 18.02, 14.59, 14.71, 15.44, 12.69, 10.13, 12.16, 12.32, 8.68, 8.86, 12.00, 10.68, 9.82, 13.12, 12.57, 14.14, 11.71, 13.55, 13.39, 16.34, 18.21, 21.68, 22.20, 21.57, 18.90, 17.61, 15.71, 12.56, 14.02, 17.17, 17.84, 21.26, 20.44, 17.74, 20.58, 22.54, 20.43, 21.13, 18.08, 20.24, 19.67, 19.79, 18.49, 16.37, 14.37, 13.25, 10.23, 11.63, 11.34, 14.19, 14.57, 14.46, 10.73, 9.97, 8.49, 5.98, 5.32, 5.39, 3.73, 0.00, 3.79, 5.56, 5.22, 6.11, 8.55, 10.11, 10.61, 12.14, 15.90
 14.82, 12.14, 10.44, 9.64, 10.45, 9.37, 11.91, 11.83, 14.28, 14.96, 18.59, 18.30, 15.02, 12.78, 15.81, 16.60, 15.55, 12.03, 11.58, 12.84, 10.72, 7.44, 9.55, 10.75, 7.73, 7.15, 10.87, 10.82, 10.15, 13.29, 12.27, 12.82, 9.70, 10.77, 10.01, 13.04, 14.75, 18.36, 19.00, 18.13, 15.56, 14.26, 12.75, 9.45, 11.51, 14.24, 14.63, 17.93, 16.97, 14.10, 16.90, 18.79, 16.65, 17.40, 14.42, 16.81, 16.65, 16.95, 15.32, 13.46, 11.17, 10.48, 7.55, 9.82, 10.27, 13.67, 14.75, 15.55, 12.22, 10.67, 10.02, 8.53, 6.21, 5.13, 5.69, 3.79, 0.00, 3.74, 5.28, 4.85, 5.84, 8.46, 9.64, 10.21, 14.00
 15.14, 11.89, 9.44, 7.35, 7.57, 6.06, 8.91, 9.71, 12.02, 13.58, 17.29, 17.58, 14.16, 12.82, 16.28, 17.86, 17.13, 13.36, 13.19, 15.25, 13.30, 10.02, 12.55, 14.17, 11.34, 10.72, 14.50, 14.53, 13.55, 16.43, 14.86, 15.15, 11.73, 11.94, 10.42, 12.51, 13.66, 16.91, 18.00, 17.81, 15.85, 15.38, 14.66, 11.71, 14.45, 16.79, 16.86, 19.87, 18.50, 15.35, 17.91, 19.41, 16.66, 16.73, 13.70, 15.66, 14.89, 14.52, 13.15, 10.90, 9.34, 8.90, 7.10, 9.96, 11.50, 15.07, 16.72, 17.66, 14.36, 12.23, 10.69, 9.99, 8.61, 5.92, 5.58, 5.56, 3.74, 0.00, 3.80, 5.45, 5.04, 6.20, 8.57, 9.96, 13.53
 18.12, 14.79, 12.80, 10.55, 10.73, 8.49, 10.49, 10.77, 11.99, 13.15, 17.02, 17.81, 14.89, 13.70, 16.78, 18.25, 16.82, 13.06, 13.95, 15.69, 13.00, 10.57, 13.70, 14.53, 11.44, 12.07, 15.64, 14.96, 14.63, 17.96, 17.05, 17.90, 14.74, 15.39, 13.91, 16.13, 16.96, 20.19, 21.59, 21.31, 19.38, 18.62, 17.67, 14.35, 16.54, 18.95, 18.67, 22.01, 21.17, 17.87, 20.07, 22.03, 19.44, 19.18, 15.77, 17.12, 15.77, 15.74, 15.21, 13.45, 12.57, 12.60, 10.87, 13.53, 14.58, 17.93, 19.03, 19.34, 15.69, 14.30, 12.32, 10.64, 10.07, 8.41, 6.40, 5.22, 5.28, 3.80, 0.00, 3.79, 5.44, 5.30, 6.17, 8.63, 12.13
 19.53, 16.61, 14.56, 12.79, 12.57, 10.04, 11.31, 10.30, 11.60, 11.66, 15.40, 15.65, 12.95, 11.10, 13.77, 14.82, 13.15, 9.47, 10.58, 12.07, 9.28, 7.19, 10.66, 11.39, 8.76, 10.04, 13.46, 13.16, 13.67, 17.22, 16.78, 17.35, 14.19, 14.82, 13.20, 15.90, 16.62, 20.16, 21.60, 20.68, 18.60, 17.25, 16.18, 12.53, 14.29, 16.43, 15.75, 19.27, 18.95, 15.62, 17.55, 19.98, 17.83, 17.76, 14.20, 15.63, 14.76, 15.61, 15.01, 14.02, 12.80, 13.38, 11.40, 14.32, 15.11, 18.52, 19.45, 19.92, 16.37, 15.28, 14.15, 12.06, 10.52, 9.67, 8.73, 6.11, 4.85, 5.45, 3.79, 0.00, 3.81, 5.59, 5.13, 6.03, 9.79
 19.33, 16.40, 13.64, 11.51, 10.28, 7.35, 8.00, 6.68, 8.66, 9.13, 12.81, 12.90, 9.76, 8.30, 11.57, 13.36, 12.64, 8.81, 9.27, 11.85, 10.11, 7.39, 10.74, 12.61, 10.71, 11.02, 14.67, 15.27, 15.45, 18.64, 17.59, 17.37, 13.78, 13.41, 10.97, 13.11, 13.26, 16.70, 18.47, 17.66, 16.06, 15.16, 14.89, 11.52, 14.03, 15.54, 14.50, 17.63, 16.92, 13.35, 15.05, 17.15, 14.64, 14.20, 10.62, 12.05, 11.27, 12.02, 11.23, 10.49, 9.50, 10.85, 9.74, 13.28, 14.92, 18.60, 20.20, 21.31, 18.05, 16.24, 15.31, 14.06, 12.04, 10.21, 10.17, 8.55, 5.84, 5.04, 5.44, 3.81, 0.00, 3.83, 5.46, 5.28, 8.78
 21.13, 17.82, 14.92, 12.00, 10.37, 6.80, 6.72, 6.11, 6.70, 8.15, 11.99, 13.18, 10.41, 10.28, 13.46, 15.81, 14.99, 11.26, 12.46, 15.18, 13.22, 11.01, 14.51, 16.13, 13.99, 14.57, 18.24, 18.43, 18.48, 21.73, 20.56, 20.56, 16.93, 16.44, 13.83, 15.28, 14.91, 17.84, 20.07, 19.85, 18.73, 18.36, 18.39, 15.18, 17.83, 19.31, 18.13, 21.12, 20.30, 16.63, 18.01, 19.89, 17.03, 15.85, 12.25, 12.72, 10.79, 10.93, 11.15, 10.37, 10.66, 12.26, 11.92, 15.45, 17.41, 21.08, 22.77, 23.67, 20.24, 18.37, 16.71, 15.57, 14.35, 12.10, 11.08, 10.11, 8.46, 6.20, 5.30, 5.59, 3.83, 0.00, 3.86, 5.70, 8.41
 23.67, 20.44, 17.93, 15.29, 14.08, 10.62, 10.36, 8.87, 8.40, 8.30, 12.03, 13.36, 11.39, 10.90, 13.27, 15.12, 13.48, 9.99, 12.26, 14.37, 11.82, 10.70, 14.49, 15.34, 13.31, 14.90, 18.24, 18.02, 18.78, 22.34, 21.82, 22.18, 18.79, 18.79, 16.42, 18.37, 18.08, 21.20, 23.40, 22.79, 21.43, 20.52, 20.15, 16.60, 18.59, 20.11, 18.65, 21.94, 21.78, 18.14, 19.22, 21.65, 19.25, 18.15, 14.36, 14.51, 12.56, 13.54, 14.22, 14.00, 14.13, 15.71, 14.82, 18.20, 19.60, 23.16, 24.35, 24.84, 21.23, 19.98, 18.38, 16.48, 15.41, 14.01, 12.54, 10.61, 9.64, 8.57, 6.17, 5.13, 5.46, 3.86, 0.00, 3.84, 6.39
 24.49, 21.59, 18.92, 16.64, 15.08, 11.66, 10.84, 8.13, 8.03, 6.46, 9.90, 10.39, 8.63, 7.61, 9.54, 11.32, 9.83, 6.39, 8.93, 11.25, 9.27, 8.59, 12.31, 13.48, 12.33, 13.95, 17.05, 17.49, 18.69, 22.16, 21.77, 21.65, 18.25, 17.93, 15.35, 17.40, 16.87, 20.13, 22.38, 21.25, 19.95, 18.72, 18.53, 15.00, 16.77, 17.71, 15.73, 18.93, 19.15, 15.52, 16.13, 18.86, 16.84, 15.81, 12.01, 12.14, 10.86, 12.79, 13.25, 13.83, 13.68, 15.75, 14.91, 18.45, 19.86, 23.46, 24.73, 25.55, 22.16, 20.87, 19.94, 18.07, 16.25, 15.08, 14.48, 12.14, 10.21, 9.96, 8.63, 6.03, 5.28, 5.70, 3.84, 0.00, 3.81
 28.09, 25.18, 22.32, 19.85, 17.84, 14.22, 12.48, 9.27, 7.85, 4.86, 7.32, 8.34, 8.02, 8.10, 8.88, 10.99, 9.67, 7.32, 10.41, 12.75, 11.33, 11.50, 14.97, 16.11, 15.52, 17.32, 20.18, 20.78, 22.25, 25.71, 25.39, 25.09, 21.66, 21.04, 18.17, 19.84, 18.71, 21.64, 24.28, 23.12, 22.25, 21.13, 21.32, 17.94, 19.61, 20.00, 17.47, 20.35, 20.90, 17.29, 17.08, 19.87, 18.04, 16.43, 12.77, 11.83, 10.18, 12.72, 14.02, 15.46, 15.96, 18.56, 18.19, 21.87, 23.46, 27.09, 28.44, 29.32, 25.95, 24.66, 23.71, 21.85, 20.05, 18.82, 18.19, 15.90, 14.00, 13.53, 12.13, 9.79, 8.78, 8.41, 6.39, 3.81, 0.00
