 0.00, 3.76, 5.79, 8.82, 8.35, 7.69, 10.92, 12.92, 12.55, 13.60, 16.59, 17.58, 17.59, 17.74, 19.33, 22.71, 23.08, 20.86, 20.43, 17.80, 19.90, 22.39, 25.63, 24.42, 26.47, 26.42, 26.58, 27.29, 24.40, 23.83, 22.04, 18.85, 19.05, 18.83, 17.50, 15.66, 18.55, 21.05, 22.97, 23.27, 25.52, 25.57, 25.17, 28.63, 30.62, 29.12, 31.24, 29.25, 30.63, 32.00, 29.64, 26.64, 28.46, 29.59, 26.53, 26.33, 22.95, 20.43, 17.13, 14.17, 10.98, 13.60, 16.14, 13.84, 12.56, 16.34, 17.53, 15.45, 16.69, 20.24, 21.01, 24.79, 24.66, 22.98, 25.07, 28.37, 30.20, 27.21, 28.14, 24.61, 25.42, 22.27, 21.89, 18.26, 15.28, 16.50, 13.68, 11.19, 8.28, 9.26, 9.34, 5.87, 4.82, 7.87, 7.48, 4.93, 7.62, 10.32, 10.09, 10.47, 13.12, 14.93, 15.85, 16.71
 3.76, 0.00, 3.79, 5.50, 5.14, 5.86, 8.63, 10.22, 10.76, 12.17, 14.52, 15.57, 16.34, 16.86, 17.96, 21.40, 22.34, 20.30, 19.72, 17.38, 19.29, 22.16, 25.37, 23.79, 25.89, 26.13, 25.96, 26.88, 24.37, 24.03, 22.05, 19.25, 19.49, 19.96, 18.98, 17.74, 20.99, 23.18, 25.18, 25.18, 27.01, 27.02, 26.12, 29.47, 31.12, 29.62, 31.93, 30.19, 31.73, 33.49, 31.28, 28.20, 30.15, 31.64, 28.72, 28.78, 25.61, 23.09, 19.57, 17.01, 14.00, 16.75, 18.88, 16.09, 14.95, 18.66, 19.38, 16.74, 18.03, 21.50, 22.22, 25.99, 26.28, 24.91, 26.75, 29.91, 31.44, 28.27, 28.72, 25.03, 25.55, 22.28, 22.06, 18.71, 15.59, 17.03, 14.22, 12.62, 9.17, 9.22, 10.44, 7.90, 4.97, 7.92, 9.09, 6.50, 7.25, 10.79, 11.45, 10.81, 12.82, 15.37, 16.65, 16.73
 5.79, 3.79, 0.00, 3.85, 5.58, 4.80, 6.25, 9.00, 10.03, 10.31, 12.49, 14.37, 15.21, 15.04, 15.59, 19.26, 20.04, 17.63, 16.57, 14.03, 15.65, 18.51, 21.77, 20.26, 22.57, 23.12, 23.20, 24.52, 22.02, 21.34, 19.00, 16.32, 16.24, 17.02, 16.51, 15.69, 19.15, 21.11, 23.39, 23.43, 24.92, 24.59, 23.35, 26.51, 28.11, 26.87, 29.45, 28.05, 29.95, 31.83, 29.98, 26.66, 28.36, 30.20, 27.61, 27.56, 24.61, 21.83, 18.24, 16.08, 13.73, 16.98, 18.60, 15.58, 15.35, 19.10, 19.18, 16.58, 18.59, 21.72, 21.79, 25.59, 26.30, 24.66, 26.01, 29.30, 30.47, 27.07, 27.26, 23.64, 24.54, 21.58, 22.01, 18.82, 16.23, 18.40, 16.19, 14.72, 11.71, 10.80, 11.30, 9.26, 6.07, 7.17, 8.17, 5.30, 4.29, 8.09, 8.96, 7.59, 9.22, 12.11, 13.46, 13.19
 8.82, 5.50, 3.85, 0.00, 3.79, 5.07, 4.97, 6.63, 8.95, 9.74, 10.84, 12.64, 14.38, 14.78, 14.78, 18.33, 19.82, 17.82, 16.79, 14.86, 16.32, 19.55, 22.58, 20.60, 22.78, 23.54, 23.14, 24.57, 22.57, 22.28, 19.94, 17.84, 17.99, 19.44, 19.09, 18.82, 22.45, 24.07, 26.23, 25.91, 27.02, 26.80, 25.15, 28.19, 29.35, 28.03, 30.68, 29.49, 31.41, 33.65, 31.88, 28.61, 30.51, 32.58, 30.09, 30.36, 27.61, 24.99, 21.31, 19.47, 17.11, 20.21, 21.57, 18.26, 17.92, 21.47, 21.27, 18.23, 20.05, 23.06, 23.22, 26.90, 27.93, 26.69, 27.88, 30.94, 31.84, 28.37, 28.12, 24.39, 24.88, 21.83, 22.29, 19.50, 16.83, 19.02, 16.90, 16.23, 12.99, 11.51, 12.97, 11.68, 7.96, 8.83, 11.05, 8.88, 6.85, 10.49, 12.17, 10.35, 10.91, 14.21, 15.95, 14.99
 8.35, 5.14, 5.58, 3.79, 0.00, 3.80, 5.54, 5.50, 6.77, 8.91, 10.43, 11.09, 12.59, 13.79, 14.57, 17.76, 19.40, 17.95, 17.73, 16.24, 18.38, 21.77, 24.57, 22.29, 23.98, 24.19, 23.37, 24.22, 22.29, 22.54, 20.77, 18.67, 19.51, 20.86, 19.83, 19.56, 23.18, 24.69, 26.39, 25.71, 26.96, 27.27, 25.87, 29.16, 30.20, 28.44, 30.70, 29.17, 30.68, 32.95, 30.86, 27.85, 30.13, 31.98, 29.24, 29.86, 27.09, 24.89, 21.16, 19.34, 16.53, 19.13, 20.49, 17.12, 16.16, 19.48, 19.48, 16.19, 17.46, 20.60, 21.24, 24.84, 25.71, 24.86, 26.33, 29.18, 30.27, 27.00, 26.85, 23.03, 23.05, 19.71, 19.66, 16.87, 13.85, 15.70, 13.46, 13.23, 9.98, 8.28, 10.49, 9.75, 6.04, 7.46, 10.46, 9.21, 7.93, 11.29, 13.43, 12.59, 13.14, 15.90, 18.09, 17.73
 7.69, 5.86, 4.80, 5.07, 3.80, 0.00, 3.84, 5.51, 5.35, 6.32, 8.95, 10.07, 10.66, 11.07, 12.21, 15.56, 16.61, 14.86, 14.73, 13.09, 15.60, 18.91, 21.63, 19.46, 21.05, 21.03, 20.46, 21.26, 19.01, 19.07, 17.37, 15.08, 16.11, 17.37, 16.13, 16.02, 19.71, 21.01, 22.65, 21.94, 23.18, 23.49, 22.19, 25.54, 26.69, 24.90, 27.14, 25.55, 27.13, 29.31, 27.29, 24.19, 26.38, 28.27, 25.62, 26.20, 23.52, 21.31, 17.56, 16.02, 13.50, 16.25, 17.25, 13.74, 13.32, 16.69, 16.33, 13.19, 15.04, 18.00, 18.21, 21.89, 22.87, 21.72, 23.00, 25.99, 27.03, 23.68, 23.65, 19.89, 20.33, 17.19, 17.52, 14.56, 11.99, 14.47, 12.79, 12.18, 9.61, 7.34, 8.23, 7.83, 4.30, 3.99, 7.11, 6.60, 4.88, 7.73, 10.28, 10.06, 10.35, 12.62, 15.11, 15.26
 10.92, 8.63, 6.25, 4.97, 5.54, 3.84, 0.00, 3.80, 5.51, 4.97, 6.28, 8.56, 9.97, 9.92, 9.86, 13.44, 14.85, 12.99, 12.34, 11.02, 13.13, 16.70, 19.26, 16.82, 18.51, 18.96, 18.31, 19.62, 17.76, 17.74, 15.67, 13.97, 14.82, 16.82, 16.21, 16.81, 20.63, 21.54, 23.36, 22.52, 23.19, 23.20, 21.32, 24.36, 25.17, 23.61, 26.16, 25.06, 27.00, 29.49, 27.90, 24.64, 26.66, 28.99, 26.74, 27.37, 25.02, 22.69, 18.94, 17.92, 16.02, 19.01, 19.52, 15.87, 16.15, 19.34, 18.34, 15.17, 17.45, 19.93, 19.58, 23.12, 24.63, 23.48, 24.19, 27.12, 27.66, 24.09, 23.52, 19.82, 20.38, 17.58, 18.59, 16.15, 14.17, 17.09, 15.92, 15.73, 13.33, 10.67, 11.45, 11.48, 8.10, 6.71, 9.55, 8.98, 5.72, 8.04, 11.05, 9.94, 9.00, 11.72, 14.46, 13.85
 12.92, 10.22, 9.00, 6.63, 5.50, 5.51, 3.80, 0.00, 3.85, 5.27, 5.21, 6.11, 8.50, 9.80, 9.84, 12.81, 15.00, 14.06, 14.12, 13.68, 15.95, 19.67, 21.86, 18.98, 20.16, 20.37, 19.02, 19.94, 18.62, 19.32, 17.74, 16.53, 17.90, 20.11, 19.20, 19.99, 23.81, 24.51, 25.96, 24.71, 25.21, 25.65, 23.72, 26.76, 27.18, 25.29, 27.57, 26.40, 28.05, 30.78, 29.05, 26.06, 28.44, 30.75, 28.42, 29.47, 27.25, 25.30, 21.53, 20.65, 18.46, 21.03, 21.44, 17.69, 17.48, 20.31, 19.29, 15.75, 17.46, 19.84, 19.89, 23.19, 24.82, 24.25, 25.03, 27.59, 28.04, 24.61, 23.76, 19.99, 19.83, 16.80, 17.49, 15.49, 13.36, 16.03, 15.00, 15.68, 13.33, 10.28, 12.02, 12.77, 9.41, 8.43, 12.00, 11.92, 9.19, 11.36, 14.58, 13.72, 12.68, 15.19, 18.14, 17.51
 12.55, 10.76, 10.03, 8.95, 6.77, 5.35, 5.51, 3.85, 0.00, 3.79, 5.67, 5.11, 5.84, 7.60, 9.09, 11.69, 13.42, 12.84, 13.79, 13.57, 16.54, 20.15, 22.13, 19.25, 19.96, 19.46, 17.98, 18.23, 16.67, 17.74, 16.80, 15.42, 17.43, 19.34, 17.75, 18.55, 22.27, 22.78, 23.77, 22.22, 22.89, 23.80, 22.24, 25.54, 25.99, 23.70, 25.58, 24.01, 25.28, 27.93, 25.94, 23.14, 25.79, 27.88, 25.38, 26.68, 24.52, 22.96, 19.25, 18.57, 16.29, 18.41, 18.55, 14.79, 14.40, 16.90, 15.80, 12.15, 13.70, 16.02, 16.23, 19.52, 21.06, 20.65, 21.57, 24.03, 24.66, 21.37, 20.77, 16.94, 16.62, 13.37, 13.80, 11.65, 9.57, 12.47, 11.91, 12.82, 11.18, 7.63, 9.00, 10.68, 8.12, 6.41, 10.21, 11.27, 9.20, 10.58, 14.03, 14.19, 13.28, 14.98, 18.23, 18.39
 13.60, 12.17, 10.31, 9.74, 8.91, 6.32, 4.97, 5.27, 3.79, 0.00, 3.86, 5.37, 5.37, 5.05, 6.02, 9.24, 10.49, 9.31, 10.01, 9.90, 12.98, 16.58, 18.40, 15.51, 16.23, 15.84, 14.64, 15.31, 13.58, 14.29, 13.10, 11.91, 13.98, 16.21, 14.89, 16.25, 20.03, 20.18, 21.30, 19.75, 20.06, 20.68, 18.83, 21.99, 22.39, 20.27, 22.42, 21.14, 22.82, 25.55, 23.93, 20.88, 23.25, 25.66, 23.52, 24.69, 22.78, 21.05, 17.37, 17.20, 15.63, 18.06, 17.70, 13.88, 14.49, 16.97, 15.24, 11.94, 14.38, 16.21, 15.53, 18.82, 20.76, 19.92, 20.27, 22.91, 23.18, 19.63, 18.82, 15.09, 15.48, 12.79, 14.20, 12.22, 11.11, 14.58, 14.52, 14.95, 13.65, 10.21, 10.29, 11.88, 9.54, 6.58, 9.62, 10.93, 8.12, 8.42, 12.19, 12.34, 10.63, 11.97, 15.48, 15.64
 16.59, 14.52, 12.49, 10.84, 10.43, 8.95, 6.28, 5.21, 5.67, 3.86, 0.00, 3.76, 5.86, 6.06, 4.85, 7.78, 10.20, 9.64, 10.08, 10.88, 13.31, 17.07, 18.53, 15.20, 15.74, 15.80, 14.08, 15.12, 14.28, 15.27, 13.97, 13.71, 15.61, 18.43, 17.63, 19.38, 23.16, 23.07, 24.24, 22.53, 22.32, 22.81, 20.46, 23.23, 23.11, 21.14, 23.41, 22.63, 24.46, 27.52, 26.24, 23.25, 25.56, 28.27, 26.44, 27.75, 26.11, 24.41, 20.80, 20.85, 19.43, 21.91, 21.43, 17.62, 18.29, 20.60, 18.65, 15.31, 17.57, 19.07, 18.27, 21.22, 23.53, 22.98, 22.98, 25.33, 25.14, 21.58, 20.14, 16.57, 16.61, 14.24, 15.96, 14.73, 13.87, 17.21, 17.30, 18.22, 16.72, 13.20, 13.88, 15.46, 12.74, 10.25, 13.36, 14.21, 10.95, 11.50, 15.21, 14.66, 12.38, 14.08, 17.56, 16.99
 17.58, 15.57, 14.37, 12.64, 11.09, 10.07, 8.56, 6.11, 5.11, 5.37, 3.76, 0.00, 3.76, 6.24, 6.55, 7.99, 10.81, 11.38, 12.83, 13.98, 16.75, 20.44, 21.69, 18.26, 18.25, 17.71, 15.42, 15.59, 15.08, 16.84, 16.30, 16.09, 18.49, 21.08, 19.73, 21.39, 25.09, 24.92, 25.63, 23.57, 23.44, 24.49, 22.44, 25.35, 25.05, 22.63, 24.41, 23.29, 24.60, 27.73, 26.14, 23.53, 26.26, 28.72, 26.70, 28.41, 26.84, 25.58, 22.01, 22.08, 20.33, 22.31, 21.75, 17.97, 18.09, 19.97, 18.11, 14.54, 16.12, 17.47, 17.18, 19.86, 22.14, 22.17, 22.38, 24.35, 24.25, 20.96, 19.48, 15.86, 15.06, 12.33, 13.54, 12.75, 11.88, 14.94, 15.39, 17.02, 15.89, 12.18, 13.33, 15.56, 13.20, 11.00, 14.49, 15.82, 13.15, 13.78, 17.55, 17.49, 15.58, 17.03, 20.61, 20.41
 17.59, 16.34, 15.21, 14.38, 12.59, 10.66, 9.97, 8.50, 5.84, 5.37, 5.86, 3.76, 0.00, 3.78, 6.16, 7.05, 8.85, 9.74, 12.08, 13.35, 16.65, 20.11, 21.15, 17.86, 17.43, 16.18, 13.92, 13.39, 12.51, 14.59, 14.72, 14.40, 17.33, 19.62, 17.75, 19.51, 23.03, 22.58, 22.87, 20.53, 20.45, 21.91, 20.19, 23.28, 23.05, 20.29, 21.69, 20.22, 21.24, 24.30, 22.55, 20.08, 22.99, 25.31, 23.24, 25.17, 23.75, 22.85, 19.44, 19.88, 18.33, 19.92, 18.93, 15.25, 15.56, 16.98, 14.79, 11.35, 13.06, 14.00, 13.49, 16.12, 18.48, 18.56, 18.68, 20.59, 20.55, 17.30, 16.02, 12.31, 11.54, 8.71, 10.16, 9.43, 9.33, 12.75, 13.91, 15.49, 15.15, 11.38, 11.65, 14.48, 12.95, 10.16, 13.20, 15.37, 13.17, 12.95, 16.73, 17.46, 15.61, 16.26, 19.99, 20.46
 17.74, 16.86, 15.04, 14.78, 13.79, 11.07, 9.92, 9.80, 7.60, 5.05, 6.06, 6.24, 3.78, 0.00, 3.83, 5.44, 5.97, 6.08, 8.58, 10.04, 13.48, 16.73, 17.60, 14.42, 13.95, 12.62, 10.77, 10.65, 9.24, 10.93, 10.95, 10.79, 13.87, 16.30, 14.59, 16.81, 20.27, 19.51, 19.91, 17.61, 17.25, 18.43, 16.51, 19.55, 19.37, 16.74, 18.43, 17.17, 18.64, 21.71, 20.32, 17.52, 20.09, 22.72, 20.96, 22.67, 21.45, 20.37, 17.04, 17.92, 17.03, 18.87, 17.50, 13.87, 15.08, 16.57, 13.90, 10.98, 13.59, 14.23, 12.77, 15.50, 18.11, 17.56, 17.17, 19.40, 19.10, 15.53, 14.18, 10.55, 10.96, 8.94, 11.38, 10.46, 11.01, 14.78, 15.98, 16.85, 16.60, 13.01, 12.30, 14.83, 13.47, 10.00, 12.24, 14.57, 12.13, 10.96, 14.71, 15.58, 13.28, 13.35, 17.17, 17.81
 19.33, 17.96, 15.59, 14.78, 14.57, 12.21, 9.86, 9.84, 9.09, 6.02, 4.85, 6.55, 6.16, 3.83, 0.00, 3.83, 5.48, 5.18, 6.63, 8.81, 11.55, 14.96, 15.61, 12.07, 11.73, 11.24, 9.28, 10.34, 9.67, 10.90, 10.16, 10.83, 13.36, 16.45, 15.59, 18.14, 21.67, 20.82, 21.62, 19.54, 18.69, 19.29, 16.72, 19.27, 18.74, 16.60, 18.81, 18.29, 20.29, 23.53, 22.67, 19.71, 21.87, 24.86, 23.52, 25.00, 23.94, 22.53, 19.24, 20.16, 19.54, 21.79, 20.51, 16.89, 18.38, 20.13, 17.43, 14.65, 17.39, 18.02, 16.34, 18.89, 21.68, 21.01, 20.26, 22.46, 21.75, 18.09, 16.25, 13.01, 13.62, 12.19, 14.89, 14.24, 14.63, 18.33, 19.25, 20.06, 19.32, 15.74, 15.38, 17.40, 15.44, 12.11, 14.36, 16.00, 12.86, 11.89, 15.59, 15.64, 12.72, 13.19, 16.93, 16.82
 22.71, 21.40, 19.26, 18.33, 17.76, 15.56, 13.44, 12.81, 11.69, 9.24, 7.78, 7.99, 7.05, 5.44, 3.83, 0.00, 3.79, 6.13, 8.66, 11.70, 14.25, 17.30, 17.20, 13.52, 12.09, 10.94, 7.89, 8.08, 8.74, 11.04, 11.40, 12.93, 15.84, 18.93, 17.88, 20.74, 24.04, 22.71, 22.99, 20.43, 19.09, 20.12, 17.55, 19.79, 18.61, 16.12, 17.81, 17.46, 19.15, 22.70, 22.03, 19.49, 21.81, 24.87, 23.83, 25.75, 25.17, 24.26, 21.24, 22.61, 22.16, 24.00, 22.29, 18.83, 20.33, 21.47, 18.44, 15.84, 18.27, 18.18, 16.32, 18.19, 21.39, 21.19, 20.01, 21.64, 20.42, 16.99, 14.51, 11.68, 11.77, 11.06, 14.14, 14.50, 15.64, 19.21, 20.75, 22.03, 21.74, 18.04, 17.67, 20.19, 18.54, 15.19, 17.44, 19.46, 16.53, 15.33, 19.00, 19.32, 16.33, 16.38, 20.13, 20.17
 23.08, 22.34, 20.04, 19.82, 19.40, 16.61, 14.85, 15.00, 13.42, 10.49, 10.20, 10.81, 8.85, 5.97, 5.48, 3.79, 0.00, 3.82, 7.29, 10.48, 13.23, 15.76, 15.31, 11.96, 10.03, 7.98, 5.19, 4.95, 4.95, 7.49, 8.63, 10.48, 13.75, 16.61, 15.40, 18.56, 21.55, 19.81, 19.82, 17.12, 15.49, 16.61, 14.12, 16.37, 15.19, 12.47, 14.08, 13.71, 15.58, 19.10, 18.67, 16.04, 18.18, 21.36, 20.59, 22.49, 22.22, 21.49, 18.77, 20.65, 20.76, 22.43, 20.28, 17.13, 19.19, 20.02, 16.66, 14.71, 17.50, 16.99, 14.47, 16.18, 19.49, 18.92, 17.28, 19.02, 17.61, 14.05, 11.60, 9.05, 10.22, 10.33, 13.88, 14.16, 15.90, 19.58, 21.37, 22.24, 22.36, 18.85, 17.70, 20.22, 19.11, 15.44, 16.91, 19.31, 16.69, 14.67, 18.04, 18.87, 15.86, 15.03, 18.73, 19.30
 20.86, 20.30, 17.63, 17.82, 17.95, 14.86, 12.99, 14.06, 12.84, 9.31, 9.64, 11.38, 9.74, 6.08, 5.18, 6.13, 3.82, 0.00, 3.81, 6.72, 9.63, 12.19, 12.20, 9.04, 8.04, 6.66, 5.72, 7.16, 5.35, 5.74, 5.41, 6.94, 10.01, 13.02, 12.18, 15.40, 18.50, 16.97, 17.55, 15.38, 14.01, 14.43, 11.70, 14.18, 13.68, 11.50, 13.91, 13.61, 16.08, 19.20, 18.82, 15.66, 17.34, 20.61, 19.77, 21.09, 20.51, 19.20, 16.36, 18.09, 18.45, 20.55, 18.62, 15.46, 17.89, 19.25, 16.08, 14.28, 17.57, 17.59, 14.98, 17.27, 20.21, 18.95, 17.52, 19.88, 18.86, 15.08, 13.33, 10.68, 12.67, 12.35, 15.64, 15.01, 16.24, 20.06, 21.33, 21.58, 21.39, 18.11, 16.66, 18.59, 17.39, 13.65, 14.61, 16.70, 13.99, 11.63, 14.77, 15.48, 12.35, 11.32, 14.96, 15.55
 20.43, 19.72, 16.57, 16.79, 17.73, 14.73, 12.34, 14.12, 13.79, 10.01, 10.08, 12.83, 12.08, 8.58, 6.63, 8.66, 7.29, 3.81, 0.00, 3.80, 5.94, 8.72, 9.10, 5.87, 6.35, 6.83, 7.35, 10.08, 8.37, 7.10, 4.46, 5.94, 7.69, 11.26, 11.52, 14.68, 17.84, 16.60, 17.95, 16.48, 15.20, 14.65, 11.49, 13.61, 13.47, 12.31, 15.43, 15.64, 18.59, 21.43, 21.32, 17.89, 18.98, 22.34, 21.64, 22.38, 21.59, 19.67, 16.81, 18.23, 18.78, 21.40, 19.85, 16.75, 19.33, 21.22, 18.36, 16.61, 20.08, 20.55, 18.03, 20.57, 23.27, 21.63, 20.32, 22.98, 22.08, 18.28, 16.76, 14.28, 16.45, 15.94, 19.04, 17.97, 18.67, 22.49, 23.23, 23.09, 22.39, 19.32, 17.96, 19.20, 17.61, 14.08, 14.73, 16.06, 13.00, 10.72, 13.46, 13.45, 9.91, 9.11, 12.47, 12.44
 17.80, 17.38, 14.03, 14.86, 16.24, 13.09, 11.02, 13.68, 13.57, 9.90, 10.88, 13.98, 13.35, 10.04, 8.81, 11.70, 10.48, 6.72, 3.80, 0.00, 3.81, 6.88, 8.76, 6.75, 8.79, 9.63, 10.92, 13.38, 10.95, 8.94, 5.56, 4.59, 4.98, 8.44, 9.14, 11.83, 15.14, 14.53, 16.52, 15.77, 15.21, 14.14, 11.37, 13.80, 14.65, 13.92, 17.18, 17.06, 20.04, 22.40, 22.06, 18.40, 19.23, 22.34, 21.35, 21.54, 20.25, 17.79, 14.79, 15.71, 16.31, 19.30, 18.21, 15.21, 17.84, 20.21, 17.81, 16.21, 19.81, 20.81, 18.50, 21.46, 23.69, 21.61, 20.75, 23.83, 23.44, 19.64, 18.79, 16.14, 18.52, 17.57, 20.25, 18.49, 18.66, 22.36, 22.58, 21.86, 20.91, 18.25, 16.69, 17.24, 15.68, 12.40, 12.40, 13.23, 10.31, 7.83, 10.03, 9.86, 6.33, 5.40, 8.75, 8.84
 19.90, 19.29, 15.65, 16.32, 18.38, 15.60, 13.13, 15.95, 16.54, 12.98, 13.31, 16.75, 16.65, 13.48, 11.55, 14.25, 13.23, 9.63, 5.94, 3.81, 0.00, 3.79, 6.27, 5.08, 8.46, 10.62, 12.49, 15.62, 13.62, 11.14, 7.34, 7.19, 5.53, 9.03, 11.09, 13.60, 16.53, 15.98, 18.41, 18.15, 17.33, 15.54, 12.45, 14.03, 14.87, 15.08, 18.70, 19.21, 22.51, 24.75, 24.82, 21.14, 21.45, 24.68, 24.05, 23.88, 22.72, 19.99, 17.30, 18.12, 19.01, 22.20, 21.27, 18.52, 21.22, 23.71, 21.41, 19.94, 23.56, 24.59, 22.21, 25.08, 27.32, 25.11, 24.09, 27.17, 26.61, 22.84, 21.85, 19.49, 21.97, 21.22, 24.00, 22.29, 22.36, 26.03, 26.05, 25.21, 23.96, 21.46, 20.07, 20.20, 18.39, 15.48, 15.31, 15.42, 12.43, 10.42, 11.74, 10.64, 7.03, 6.55, 8.50, 7.34
 22.39, 22.16, 18.51, 19.55, 21.77, 18.91, 16.70, 19.67, 20.15, 16.58, 17.07, 20.44, 20.11, 16.73, 14.96, 17.30, 15.76, 12.19, 8.72, 6.88, 3.79, 0.00, 3.76, 5.31, 8.83, 11.25, 14.00, 17.22, 15.16, 12.03, 8.35, 8.42, 5.57, 8.29, 11.29, 13.80, 16.01, 15.21, 17.85, 18.07, 17.05, 14.54, 11.47, 12.23, 13.44, 14.56, 18.32, 19.24, 22.78, 24.65, 25.17, 21.50, 21.15, 24.39, 24.21, 23.61, 22.73, 19.89, 17.78, 18.88, 20.42, 23.52, 22.44, 20.18, 23.22, 25.55, 23.24, 22.29, 26.01, 26.84, 24.19, 26.86, 29.04, 26.52, 25.24, 28.34, 27.67, 24.04, 23.21, 21.33, 24.20, 23.84, 26.74, 25.05, 25.35, 28.99, 29.07, 27.96, 26.88, 24.60, 22.87, 22.81, 21.34, 18.49, 17.71, 17.78, 15.25, 12.90, 13.33, 12.42, 9.39, 7.95, 8.49, 7.56
 25.63, 25.37, 21.77, 22.58, 24.57, 21.63, 19.26, 21.86, 22.13, 18.40, 18.53, 21.69, 21.15, 17.60, 15.61, 17.20, 15.31, 12.20, 9.10, 8.76, 6.27, 3.76, 0.00, 3.87, 6.50, 9.25, 12.39, 15.77, 14.25, 11.06, 7.94, 9.48, 7.63, 10.34, 13.01, 16.05, 17.93, 16.38, 18.50, 18.33, 16.56, 14.05, 10.56, 10.35, 10.77, 12.40, 16.23, 17.80, 21.50, 23.49, 24.52, 21.05, 20.45, 23.94, 24.30, 23.92, 23.63, 21.21, 19.43, 21.12, 22.92, 25.74, 24.18, 22.02, 25.26, 27.18, 24.49, 23.72, 27.45, 27.79, 24.81, 27.07, 29.54, 27.16, 25.37, 28.16, 27.03, 23.52, 22.32, 20.95, 23.92, 24.13, 27.35, 26.12, 26.91, 30.65, 31.14, 30.29, 29.48, 26.96, 25.15, 25.52, 24.17, 21.02, 20.42, 20.93, 18.33, 15.75, 16.52, 15.97, 12.78, 11.04, 11.90, 11.32
 24.42, 23.79, 20.26, 20.60, 22.29, 19.46, 16.82, 18.98, 19.25, 15.51, 15.20, 18.26, 17.86, 14.42, 12.07, 13.52, 11.96, 9.04, 5.87, 6.75, 5.08, 5.31, 3.87, 0.00, 3.83, 6.98, 9.34, 12.95, 11.80, 9.29, 6.13, 8.43, 7.89, 11.42, 13.27, 16.54, 19.02, 17.50, 19.28, 18.46, 16.62, 14.88, 11.20, 11.75, 11.44, 12.01, 15.74, 17.10, 20.62, 23.12, 23.87, 20.43, 20.49, 24.09, 24.15, 24.32, 23.93, 21.74, 19.49, 21.14, 22.43, 25.22, 23.62, 21.01, 24.00, 25.90, 23.05, 21.82, 25.44, 25.76, 22.91, 25.18, 27.89, 25.89, 24.16, 26.80, 25.56, 21.91, 20.33, 18.64, 21.24, 21.32, 24.60, 23.61, 24.40, 28.21, 28.84, 28.39, 27.55, 24.71, 23.22, 23.97, 22.36, 19.06, 19.10, 19.85, 16.86, 14.50, 16.15, 15.57, 11.95, 10.77, 12.74, 12.02
 26.47, 25.89, 22.57, 22.78, 23.98, 21.05, 18.51, 20.16, 19.96, 16.23, 15.74, 18.25, 17.43, 13.95, 11.73, 12.09, 10.03, 8.04, 6.35, 8.79, 8.46, 8.83, 6.50, 3.83, 0.00, 3.77, 6.18, 9.85, 9.43, 7.44, 5.78, 9.28, 10.07, 13.39, 14.49, 18.12, 20.45, 18.36, 19.44, 17.98, 15.55, 14.39, 10.62, 10.89, 9.47, 9.53, 13.02, 14.73, 18.17, 20.98, 21.99, 18.86, 19.04, 22.79, 23.17, 23.79, 23.90, 22.27, 20.21, 22.35, 23.70, 26.10, 24.04, 21.47, 24.51, 25.92, 22.70, 21.60, 25.11, 24.88, 21.80, 23.59, 26.61, 24.90, 22.75, 24.98, 23.30, 19.80, 17.78, 16.54, 19.10, 19.75, 23.29, 22.86, 24.20, 28.02, 29.14, 29.03, 28.59, 25.53, 23.95, 25.25, 23.87, 20.31, 20.56, 21.90, 18.99, 16.41, 18.46, 18.40, 14.80, 13.31, 15.70, 15.50
 26.42, 26.13, 23.12, 23.54, 24.19, 21.03, 18.96, 20.37, 19.46, 15.84, 15.80, 17.71, 16.18, 12.62, 11.24, 10.94, 7.98, 6.66, 6.83, 9.63, 10.62, 11.25, 9.25, 6.98, 3.77, 0.00, 3.81, 6.68, 6.05, 4.41, 4.91, 8.64, 10.64, 13.51, 13.68, 17.47, 19.66, 17.19, 17.58, 15.55, 12.85, 12.45, 8.99, 9.75, 7.99, 6.69, 9.80, 11.26, 14.56, 17.55, 18.53, 15.57, 16.02, 19.78, 20.21, 21.23, 21.63, 20.52, 18.61, 21.15, 22.55, 24.51, 22.06, 19.65, 22.73, 23.65, 20.20, 19.37, 22.76, 22.10, 18.82, 20.28, 23.41, 21.85, 19.45, 21.46, 19.62, 16.19, 14.09, 13.14, 15.89, 16.96, 20.60, 20.46, 22.27, 26.02, 27.55, 27.57, 27.61, 24.50, 22.66, 24.39, 23.45, 19.70, 19.89, 21.85, 19.27, 16.37, 18.62, 19.28, 15.91, 13.96, 16.72, 17.28
 26.58, 25.96, 23.20, 23.14, 23.37, 20.46, 18.31, 19.02, 17.98, 14.64, 14.08, 15.42, 13.92, 10.77, 9.28, 7.89, 5.19, 5.72, 7.35, 10.92, 12.49, 14.00, 12.39, 9.34, 6.18, 3.81, 0.00, 3.88, 5.09, 6.03, 7.26, 10.59, 13.20, 16.23, 15.87, 19.52, 22.05, 19.75, 19.85, 17.36, 14.83, 15.23, 12.13, 13.27, 11.27, 9.19, 11.33, 12.33, 14.98, 18.45, 19.06, 16.42, 17.61, 21.23, 21.35, 22.92, 23.24, 22.42, 20.22, 22.59, 23.47, 25.27, 22.84, 20.11, 22.77, 23.54, 20.01, 18.71, 21.79, 20.99, 17.94, 19.22, 22.62, 21.65, 19.33, 20.97, 18.97, 15.57, 12.87, 11.64, 13.65, 14.74, 18.47, 18.83, 20.76, 24.47, 26.23, 26.77, 26.85, 23.48, 22.03, 24.19, 23.09, 19.34, 20.20, 22.34, 19.59, 17.11, 19.94, 20.55, 17.16, 15.77, 18.99, 19.38
 27.29, 26.88, 24.52, 24.57, 24.22, 21.26, 19.62, 19.94, 18.23, 15.31, 15.12, 15.59, 13.39, 10.65, 10.34, 8.08, 4.95, 7.16, 10.08, 13.38, 15.62, 17.22, 15.77, 12.95, 9.85, 6.68, 3.88, 0.00, 3.84, 6.82, 9.50, 12.22, 15.43, 17.99, 16.85, 20.37, 22.74, 20.27, 19.68, 16.66, 14.13, 15.48, 13.08, 14.55, 12.53, 9.49, 10.34, 10.64, 12.50, 16.23, 16.61, 14.46, 16.19, 19.57, 19.63, 21.74, 22.31, 22.11, 20.08, 22.66, 23.43, 24.70, 21.98, 19.42, 21.89, 22.06, 18.37, 17.28, 19.99, 18.63, 15.53, 16.25, 19.84, 19.30, 16.79, 17.94, 15.69, 12.50, 9.40, 8.55, 10.33, 12.09, 15.88, 16.82, 19.30, 22.80, 25.05, 25.86, 26.44, 23.06, 21.50, 24.12, 23.44, 19.68, 20.60, 23.25, 20.88, 18.33, 21.29, 22.43, 19.35, 17.79, 21.17, 22.05
 24.40, 24.37, 22.02, 22.57, 22.29, 19.01, 17.76, 18.62, 16.67, 13.58, 14.28, 15.08, 12.51, 9.24, 9.67, 8.74, 4.95, 5.35, 8.37, 10.95, 13.62, 15.16, 14.25, 11.80, 9.43, 6.05, 5.09, 3.84, 0.00, 3.78, 6.88, 8.92, 12.42, 14.61, 13.14, 16.60, 18.95, 16.56, 16.05, 13.12, 10.94, 12.30, 10.13, 12.35, 11.26, 8.04, 9.34, 8.82, 11.05, 14.46, 14.46, 11.73, 13.49, 16.86, 16.59, 18.44, 18.74, 18.34, 16.25, 18.87, 19.80, 21.11, 18.37, 15.89, 18.62, 18.95, 15.28, 14.45, 17.52, 16.42, 13.14, 14.41, 17.70, 16.59, 14.27, 16.09, 14.42, 10.81, 8.67, 7.12, 9.95, 11.17, 14.83, 14.99, 17.33, 20.92, 22.94, 23.29, 23.93, 20.79, 18.79, 21.19, 20.80, 16.99, 17.41, 20.17, 18.12, 15.23, 17.95, 19.45, 16.64, 14.69, 18.03, 19.36
 23.83, 24.03, 21.34, 22.28, 22.54, 19.07, 17.74, 19.32, 17.74, 14.29, 15.27, 16.84, 14.59, 10.93, 10.90, 11.04, 7.49, 5.74, 7.10, 8.94, 11.14, 12.03, 11.06, 9.29, 7.44, 4.41, 6.03, 6.82, 3.78, 0.00, 3.83, 6.19, 9.26, 11.38, 10.47, 14.20, 16.35, 13.83, 13.83, 11.49, 9.17, 9.46, 6.70, 9.01, 8.52, 5.99, 8.57, 8.57, 11.70, 14.51, 14.90, 11.66, 12.50, 16.10, 16.10, 17.22, 17.45, 16.52, 14.60, 17.32, 18.78, 20.43, 17.80, 15.55, 18.75, 19.45, 15.98, 15.51, 18.96, 18.25, 14.87, 16.50, 19.40, 17.59, 15.32, 17.66, 16.27, 12.67, 11.30, 10.03, 13.30, 14.20, 17.64, 17.15, 19.10, 22.75, 24.36, 24.15, 24.56, 21.67, 19.39, 21.21, 20.83, 17.04, 16.81, 19.24, 17.23, 13.97, 16.12, 17.56, 14.71, 12.24, 15.19, 16.64
 22.04, 22.05, 19.00, 19.94, 20.77, 17.37, 15.67, 17.74, 16.80, 13.10, 13.97, 16.30, 14.72, 10.95, 10.16, 11.40, 8.63, 5.41, 4.46, 5.56, 7.34, 8.35, 7.94, 6.13, 5.78, 4.91, 7.26, 9.50, 6.88, 3.83, 0.00, 3.78, 6.05, 8.98, 9.11, 12.80, 15.32, 13.35, 14.38, 12.91, 11.20, 10.36, 7.06, 9.29, 9.51, 8.39, 11.70, 12.00, 15.27, 17.77, 18.05, 14.55, 15.06, 18.56, 18.32, 18.84, 18.51, 16.79, 14.52, 16.69, 18.08, 20.36, 18.27, 15.78, 18.96, 20.38, 17.30, 16.46, 20.11, 20.09, 17.03, 19.24, 21.87, 19.81, 18.03, 20.75, 19.74, 16.05, 14.91, 13.12, 16.13, 16.33, 19.57, 18.53, 19.80, 23.54, 24.59, 24.10, 23.95, 21.15, 19.06, 20.32, 19.48, 15.83, 15.52, 17.31, 14.97, 11.81, 13.78, 14.63, 11.50, 9.18, 12.06, 13.06
 18.85, 19.25, 16.32, 17.84, 18.67, 15.08, 13.97, 16.53, 15.42, 11.91, 13.71, 16.09, 14.40, 10.79, 10.83, 12.93, 10.48, 6.94, 5.94, 4.59, 7.19, 8.42, 9.48, 8.43, 9.28, 8.64, 10.59, 12.22, 8.92, 6.19, 3.78, 0.00, 3.82, 6.13, 5.69, 9.19, 12.05, 10.67, 12.19, 11.25, 10.66, 9.73, 7.37, 10.49, 11.87, 10.76, 13.72, 13.17, 16.13, 18.15, 17.84, 14.11, 14.72, 17.79, 16.95, 17.09, 16.10, 13.92, 11.30, 13.10, 14.49, 16.97, 15.20, 12.72, 15.97, 17.74, 15.06, 14.33, 18.09, 18.57, 15.80, 18.51, 20.62, 18.20, 17.02, 20.20, 19.87, 16.17, 15.83, 13.62, 16.65, 16.23, 18.98, 17.25, 18.08, 21.70, 22.37, 21.42, 21.21, 18.77, 16.40, 17.24, 16.67, 13.16, 12.25, 14.01, 12.11, 8.61, 10.21, 11.55, 8.97, 6.10, 9.14, 10.89
 19.05, 19.49, 16.24, 17.99, 19.51, 16.11, 14.82, 17.90, 17.43, 13.98, 15.61, 18.49, 17.33, 13.87, 13.36, 15.84, 13.75, 10.01, 7.69, 4.98, 5.53, 5.57, 7.63, 7.89, 10.07, 10.64, 13.20, 15.43, 12.42, 9.26, 6.05, 3.82, 0.00, 3.80, 5.85, 8.73, 11.32, 10.46, 12.96, 13.08, 12.72, 10.70, 8.34, 10.69, 12.66, 12.68, 15.99, 15.90, 19.09, 20.73, 20.68, 16.91, 16.88, 19.84, 19.18, 18.63, 17.45, 14.65, 12.31, 13.61, 15.30, 18.18, 16.91, 14.76, 17.98, 20.15, 17.90, 17.28, 21.03, 21.85, 19.23, 22.05, 23.91, 21.21, 20.19, 23.51, 23.29, 19.69, 19.48, 17.42, 20.48, 19.95, 22.57, 20.58, 21.00, 24.53, 24.74, 23.41, 22.80, 20.69, 18.42, 18.52, 17.74, 14.67, 13.31, 14.15, 12.29, 9.03, 9.47, 10.10, 7.60, 4.34, 6.18, 7.77
 18.83, 19.96, 17.02, 19.44, 20.86, 17.37, 16.82, 20.11, 19.34, 16.21, 18.43, 21.08, 19.62, 16.30, 16.45, 18.93, 16.61, 13.02, 11.26, 8.44, 9.03, 8.29, 10.34, 11.42, 13.39, 13.51, 16.23, 17.99, 14.61, 11.38, 8.98, 6.13, 3.80, 0.00, 3.81, 5.86, 7.77, 7.25, 10.35, 11.43, 11.88, 9.49, 8.42, 10.90, 13.76, 13.92, 16.83, 16.31, 19.27, 20.23, 20.03, 16.32, 15.85, 18.33, 17.56, 16.38, 14.95, 11.78, 9.91, 11.17, 13.53, 16.26, 15.09, 13.68, 17.06, 19.15, 17.30, 17.35, 21.01, 21.90, 19.36, 22.18, 23.53, 20.43, 19.65, 23.16, 23.36, 20.01, 20.49, 18.65, 21.91, 21.37, 23.68, 21.37, 21.74, 24.99, 25.07, 23.25, 22.88, 21.29, 18.59, 18.29, 18.15, 15.42, 13.15, 13.99, 13.12, 9.69, 8.80, 10.28, 9.10, 5.37, 5.42, 8.50
 17.50, 18.98, 16.51, 19.09, 19.83, 16.13, 16.21, 19.20, 17.75, 14.89, 17.63, 19.73, 17.75, 14.59, 15.59, 17.88, 15.40, 12.18, 11.52, 9.14, 11.09, 11.29, 13.01, 13.27, 14.49, 13.68, 15.87, 16.85, 13.14, 10.47, 9.11, 5.69, 5.85, 3.81, 0.00, 3.83, 6.38, 5.60, 7.96, 8.53, 9.70, 8.40, 8.24, 11.59, 14.31, 13.51, 15.81, 14.49, 16.97, 17.86, 17.11, 13.41, 13.49, 15.69, 14.39, 13.53, 11.83, 8.89, 6.50, 8.30, 10.70, 13.05, 11.50, 10.10, 13.65, 15.47, 13.55, 13.89, 17.50, 18.29, 15.79, 18.65, 19.81, 16.67, 16.11, 19.72, 20.23, 16.96, 17.86, 15.90, 19.13, 18.49, 20.55, 18.15, 18.70, 21.82, 22.13, 20.33, 20.43, 18.88, 15.83, 15.92, 16.35, 13.47, 10.99, 12.73, 12.39, 8.65, 8.24, 10.88, 10.08, 6.48, 7.77, 11.15
 15.66, 17.74, 15.69, 18.82, 19.56, 16.02, 16.81, 19.99, 18.55, 16.25, 19.38, 21.39, 19.51, 16.81, 18.14, 20.74, 18.56, 15.40, 14.68, 11.83, 13.60, 13.80, 16.05, 16.54, 18.12, 17.47, 19.52, 20.37, 16.60, 14.20, 12.80, 9.19, 8.73, 5.86, 3.83, 0.00, 3.85, 5.55, 8.39, 10.01, 12.24, 11.08, 11.71, 14.87, 17.87, 17.17, 19.22, 17.59, 19.66, 20.08, 18.90, 15.43, 15.50, 16.96, 15.14, 13.71, 11.15, 7.56, 5.12, 5.39, 8.13, 10.68, 9.99, 9.26, 12.42, 14.59, 13.61, 14.21, 17.48, 18.79, 16.87, 19.94, 20.43, 17.08, 17.27, 21.03, 22.15, 19.14, 20.55, 18.47, 21.45, 20.40, 21.88, 19.01, 19.03, 21.72, 21.53, 19.16, 19.20, 18.34, 15.17, 14.48, 15.40, 13.25, 9.97, 11.25, 12.01, 8.77, 6.92, 10.11, 10.71, 7.70, 7.78, 11.56
 18.55, 20.99, 19.15, 22.45, 23.18, 19.71, 20.63, 23.81, 22.27, 20.03, 23.16, 25.09, 23.03, 20.27, 21.67, 24.04, 21.55, 18.50, 17.84, 15.14, 16.53, 16.01, 17.93, 19.02, 20.45, 19.66, 22.05, 22.74, 18.95, 16.35, 15.32, 12.05, 11.32, 7.77, 6.38, 3.85, 0.00, 3.79, 6.80, 9.68, 12.29, 10.82, 12.45, 15.13, 18.53, 18.17, 19.87, 18.20, 20.09, 19.79, 18.79, 15.63, 14.97, 15.86, 14.33, 12.05, 9.59, 5.76, 5.52, 6.25, 9.88, 11.50, 10.67, 11.26, 14.38, 15.95, 15.25, 16.64, 19.66, 20.65, 18.65, 21.32, 21.44, 17.81, 17.91, 21.58, 22.84, 20.24, 22.07, 20.51, 23.71, 23.01, 24.41, 21.63, 21.89, 24.32, 24.23, 21.63, 22.01, 21.51, 18.13, 17.35, 18.71, 16.81, 13.32, 14.52, 15.69, 12.59, 10.37, 13.38, 14.20, 11.07, 10.28, 14.12
 21.05, 23.18, 21.11, 24.07, 24.69, 21.01, 21.54, 24.51, 22.78, 20.18, 23.07, 24.92, 22.58, 19.51, 20.82, 22.71, 19.81, 16.97, 16.60, 14.53, 15.98, 15.21, 16.38, 17.50, 18.36, 17.19, 19.75, 20.27, 16.56, 13.83, 13.35, 10.67, 10.46, 7.25, 5.60, 5.55, 3.79, 0.00, 3.78, 6.68, 8.80, 7.12, 9.22, 11.82, 15.22, 14.83, 16.32, 14.77, 16.80, 16.45, 15.90, 12.68, 11.58, 12.87, 11.99, 9.85, 8.45, 5.40, 5.84, 8.44, 12.09, 13.31, 11.41, 11.87, 15.45, 16.42, 14.93, 16.55, 19.74, 20.08, 17.51, 19.76, 20.29, 16.67, 16.00, 19.50, 20.31, 17.75, 19.45, 18.37, 21.86, 21.72, 23.52, 21.22, 22.11, 24.78, 25.25, 23.06, 23.74, 22.76, 19.30, 19.21, 20.46, 17.98, 14.92, 16.69, 17.24, 13.70, 12.36, 15.28, 15.20, 11.60, 11.50, 15.19
 22.97, 25.18, 23.39, 26.23, 26.39, 22.65, 23.36, 25.96, 23.77, 21.30, 24.24, 25.63, 22.87, 19.91, 21.62, 22.99, 19.82, 17.55, 17.95, 16.52, 18.41, 17.85, 18.50, 19.28, 19.44, 17.58, 19.85, 19.68, 16.05, 13.83, 14.38, 12.19, 12.96, 10.35, 7.96, 8.39, 6.80, 3.78, 0.00, 3.77, 6.59, 6.30, 9.48, 12.06, 15.10, 14.14, 14.75, 12.66, 14.06, 13.21, 12.51, 9.63, 8.37, 9.17, 8.35, 6.19, 5.62, 4.33, 6.10, 9.57, 13.09, 13.35, 10.62, 11.69, 15.25, 15.30, 13.56, 15.83, 18.74, 18.45, 15.69, 17.37, 17.77, 14.13, 13.12, 16.41, 17.27, 15.15, 17.29, 16.74, 20.26, 20.54, 22.25, 20.29, 21.72, 24.20, 25.15, 23.19, 24.44, 23.40, 19.77, 20.24, 21.88, 19.26, 16.40, 18.79, 19.43, 15.83, 15.06, 18.25, 17.99, 14.41, 14.93, 18.56
 23.27, 25.18, 23.43, 25.91, 25.71, 21.94, 22.52, 24.71, 22.22, 19.75, 22.53, 23.57, 20.53, 17.61, 19.54, 20.43, 17.12, 15.38, 16.48, 15.77, 18.15, 18.07, 18.33, 18.46, 17.98, 15.55, 17.36, 16.66, 13.12, 11.49, 12.91, 11.25, 13.08, 11.43, 8.53, 10.01, 9.68, 6.68, 3.77, 0.00, 3.79, 5.67, 8.53, 11.47, 13.78, 11.96, 12.09, 9.46, 10.60, 10.23, 9.27, 6.04, 5.63, 7.19, 6.24, 5.94, 6.29, 6.53, 7.04, 10.85, 13.71, 13.76, 10.42, 10.88, 14.46, 14.03, 11.54, 13.78, 16.68, 15.85, 12.71, 14.10, 14.96, 11.57, 9.93, 13.15, 13.71, 11.42, 13.54, 13.17, 16.73, 17.33, 19.23, 17.69, 19.62, 22.22, 23.66, 22.20, 23.70, 22.25, 18.69, 19.86, 21.42, 18.45, 16.16, 19.07, 19.33, 15.68, 15.83, 19.02, 18.25, 14.80, 16.22, 19.59
 25.52, 27.01, 24.92, 27.02, 26.96, 23.18, 23.19, 25.21, 22.89, 20.06, 22.32, 23.44, 20.45, 17.25, 18.69, 19.09, 15.49, 14.01, 15.20, 15.21, 17.33, 17.05, 16.56, 16.62, 15.55, 12.85, 14.83, 14.13, 10.94, 9.17, 11.20, 10.66, 12.72, 11.88, 9.70, 12.24, 12.29, 8.80, 6.59, 3.79, 0.00, 3.82, 6.16, 8.66, 10.39, 8.39, 8.35, 6.10, 8.11, 8.37, 8.67, 5.32, 4.16, 7.48, 8.10, 8.55, 9.90, 10.16, 10.33, 14.09, 16.80, 17.18, 13.81, 13.63, 17.24, 16.82, 13.80, 15.54, 18.58, 17.34, 13.78, 14.70, 16.36, 13.48, 10.92, 13.55, 13.05, 10.58, 11.86, 12.09, 15.90, 17.16, 19.65, 18.71, 21.00, 23.90, 25.63, 24.59, 25.95, 24.04, 20.73, 22.20, 23.30, 19.98, 18.19, 21.07, 20.68, 16.93, 17.56, 20.32, 18.87, 15.37, 17.06, 20.03
 25.57, 27.02, 24.59, 26.80, 27.27, 23.49, 23.20, 25.65, 23.80, 20.68, 22.81, 24.49, 21.91, 18.43, 19.29, 20.12, 16.61, 14.43, 14.65, 14.14, 15.54, 14.54, 14.05, 14.88, 14.39, 12.45, 15.23, 15.48, 12.30, 9.46, 10.36, 9.73, 10.70, 9.49, 8.40, 11.08, 10.82, 7.12, 6.30, 5.67, 3.82, 0.00, 3.80, 5.95, 8.81, 8.23, 9.43, 8.60, 11.35, 11.50, 12.33, 9.12, 7.22, 10.20, 11.07, 10.36, 11.28, 10.42, 10.67, 14.18, 17.27, 18.24, 15.33, 15.08, 18.87, 19.08, 16.34, 17.80, 21.12, 20.36, 16.93, 18.26, 19.85, 16.78, 14.56, 17.34, 16.84, 14.26, 15.14, 15.07, 18.92, 19.92, 22.55, 21.31, 23.19, 26.26, 27.59, 26.26, 27.19, 25.35, 22.10, 23.06, 23.85, 20.60, 18.55, 20.88, 20.34, 16.52, 16.63, 19.04, 17.55, 13.84, 14.90, 17.78
 25.17, 26.12, 23.35, 25.15, 25.87, 22.19, 21.32, 23.72, 22.24, 18.83, 20.46, 22.44, 20.19, 16.51, 16.72, 17.55, 14.12, 11.70, 11.49, 11.37, 12.45, 11.47, 10.56, 11.20, 10.62, 8.99, 12.13, 13.08, 10.13, 6.70, 7.06, 7.37, 8.34, 8.42, 8.24, 11.71, 12.45, 9.22, 9.48, 8.53, 6.16, 3.80, 0.00, 3.81, 6.27, 5.98, 8.62, 8.82, 12.28, 13.47, 14.48, 11.10, 9.95, 13.40, 14.12, 13.88, 14.46, 13.15, 12.45, 15.60, 18.27, 19.81, 17.14, 16.06, 19.80, 20.46, 17.48, 18.16, 21.71, 21.13, 17.65, 19.22, 21.33, 18.58, 16.30, 19.02, 18.09, 15.05, 15.02, 14.59, 18.35, 19.30, 22.30, 21.21, 22.98, 26.37, 27.63, 26.58, 27.10, 24.90, 22.00, 23.03, 23.22, 19.76, 18.22, 20.32, 19.09, 15.36, 15.97, 17.78, 15.64, 12.13, 13.59, 15.86
 28.63, 29.47, 26.51, 28.19, 29.16, 25.54, 24.36, 26.76, 25.54, 21.99, 23.23, 25.35, 23.28, 19.55, 19.27, 19.79, 16.37, 14.18, 13.61, 13.80, 14.03, 12.23, 10.35, 11.75, 10.89, 9.75, 13.27, 14.55, 12.35, 9.01, 9.29, 10.49, 10.69, 10.90, 11.59, 14.87, 15.13, 11.82, 12.06, 11.47, 8.66, 5.95, 3.81, 0.00, 3.78, 5.79, 8.45, 10.00, 13.59, 14.53, 16.39, 13.48, 11.60, 15.02, 16.55, 16.12, 17.23, 16.08, 15.88, 19.02, 21.88, 23.41, 20.73, 19.83, 23.59, 24.16, 21.14, 21.90, 25.41, 24.64, 21.05, 22.27, 24.49, 21.82, 19.22, 21.59, 20.24, 17.51, 17.16, 17.30, 21.04, 22.38, 25.56, 24.74, 26.64, 30.06, 31.39, 30.39, 30.85, 28.59, 25.77, 26.75, 26.81, 23.34, 21.86, 23.73, 22.33, 18.69, 19.13, 20.58, 18.26, 14.86, 15.84, 17.69
 30.62, 31.12, 28.11, 29.35, 30.20, 26.69, 25.17, 27.18, 25.99, 22.39, 23.11, 25.05, 23.05, 19.37, 18.74, 18.61, 15.19, 13.68, 13.47, 14.65, 14.87, 13.44, 10.77, 11.44, 9.47, 7.99, 11.27, 12.53, 11.26, 8.52, 9.51, 11.87, 12.66, 13.76, 14.31, 17.87, 18.53, 15.22, 15.10, 13.78, 10.39, 8.81, 6.27, 3.78, 0.00, 3.81, 6.64, 9.38, 13.02, 14.62, 16.86, 14.30, 12.84, 16.50, 18.25, 18.48, 19.88, 19.10, 18.65, 21.85, 24.40, 25.90, 23.04, 21.83, 25.46, 25.86, 22.53, 23.00, 26.42, 25.33, 21.64, 22.50, 25.16, 22.94, 19.99, 21.89, 19.95, 17.29, 16.19, 16.70, 20.21, 21.96, 25.41, 25.12, 27.29, 30.80, 32.42, 31.84, 32.33, 29.74, 27.15, 28.52, 28.34, 24.69, 23.73, 25.75, 23.96, 20.45, 21.48, 22.71, 19.96, 16.90, 18.38, 19.77
 29.12, 29.62, 26.87, 28.03, 28.44, 24.90, 23.61, 25.29, 23.70, 20.27, 21.14, 22.63, 20.29, 16.74, 16.60, 16.12, 12.47, 11.50, 12.31, 13.92, 15.08, 14.56, 12.40, 12.01, 9.53, 6.69, 9.19, 9.49, 8.04, 5.99, 8.39, 10.76, 12.68, 13.92, 13.51, 17.17, 18.17, 14.83, 14.14, 11.96, 8.39, 8.23, 5.98, 5.79, 3.81, 0.00, 3.83, 6.12, 9.81, 12.04, 13.93, 11.38, 10.71, 14.51, 15.94, 16.83, 18.23, 17.88, 17.16, 20.49, 22.73, 23.95, 20.89, 19.53, 23.01, 23.12, 19.60, 20.03, 23.29, 21.95, 18.22, 18.90, 21.73, 19.79, 16.73, 18.47, 16.43, 13.64, 12.39, 12.96, 16.47, 18.39, 21.85, 21.79, 24.21, 27.66, 29.54, 29.21, 29.95, 27.25, 24.67, 26.43, 26.40, 22.67, 21.95, 24.39, 22.67, 19.17, 20.65, 22.22, 19.51, 16.53, 18.64, 20.29
 31.24, 31.93, 29.45, 30.68, 30.70, 27.14, 26.16, 27.57, 25.58, 22.42, 23.41, 24.41, 21.69, 18.43, 18.81, 17.81, 14.08, 13.91, 15.43, 17.18, 18.70, 18.32, 16.23, 15.74, 13.02, 9.80, 11.33, 10.34, 9.34, 8.57, 11.70, 13.72, 15.99, 16.83, 15.81, 19.22, 19.87, 16.32, 14.75, 12.09, 8.35, 9.43, 8.62, 8.45, 6.64, 3.83, 0.00, 3.74, 6.82, 9.04, 11.48, 9.81, 9.11, 12.67, 14.60, 16.00, 18.03, 18.50, 18.24, 21.82, 24.08, 24.75, 21.36, 20.39, 23.74, 23.21, 19.61, 20.48, 23.38, 21.47, 17.67, 17.58, 20.40, 18.74, 15.27, 16.36, 13.91, 11.77, 10.63, 12.30, 15.71, 18.23, 21.54, 21.92, 24.78, 27.98, 30.24, 30.07, 31.25, 28.61, 25.90, 27.97, 28.31, 24.59, 23.86, 26.66, 25.23, 21.70, 23.22, 25.17, 22.65, 19.60, 21.78, 23.72
 29.25, 30.19, 28.05, 29.49, 29.17, 25.55, 25.06, 26.40, 24.01, 21.14, 22.63, 23.29, 20.22, 17.17, 18.29, 17.46, 13.71, 13.61, 15.64, 17.06, 19.21, 19.24, 17.80, 17.10, 14.73, 11.26, 12.33, 10.64, 8.82, 8.57, 12.00, 13.17, 15.90, 16.31, 14.49, 17.59, 18.20, 14.77, 12.66, 9.46, 6.10, 8.60, 8.82, 10.00, 9.38, 6.12, 3.74, 0.00, 3.77, 6.31, 8.00, 6.17, 6.29, 9.75, 11.24, 13.10, 15.09, 15.99, 15.77, 19.40, 21.52, 21.80, 18.26, 17.51, 20.73, 19.87, 16.29, 17.50, 20.20, 18.13, 14.33, 14.14, 16.78, 15.06, 11.55, 12.77, 10.63, 8.39, 8.10, 9.82, 13.40, 15.82, 18.83, 19.09, 22.07, 25.05, 27.42, 27.19, 28.68, 26.22, 23.33, 25.53, 26.26, 22.64, 21.78, 24.87, 23.84, 20.30, 21.82, 24.20, 22.06, 18.97, 21.30, 23.64
 30.63, 31.73, 29.95, 31.41, 30.68, 27.13, 27.00, 28.05, 25.28, 22.82, 24.46, 24.60, 21.24, 18.64, 20.29, 19.15, 15.58, 16.08, 18.59, 20.04, 22.51, 22.78, 21.50, 20.62, 18.17, 14.56, 14.98, 12.50, 11.05, 11.70, 15.27, 16.13, 19.09, 19.27, 16.97, 19.66, 20.09, 16.80, 14.06, 10.60, 8.11, 11.35, 12.28, 13.59, 13.02, 9.81, 6.82, 3.77, 0.00, 3.86, 5.29, 5.33, 6.38, 8.68, 10.15, 12.79, 15.14, 16.87, 16.95, 20.55, 22.47, 22.13, 18.43, 18.06, 20.90, 19.36, 15.87, 17.47, 19.61, 16.98, 13.33, 12.19, 14.69, 13.44, 9.64, 9.91, 7.38, 6.24, 6.73, 9.49, 12.58, 15.37, 17.97, 18.63, 21.95, 24.54, 27.25, 27.20, 29.14, 26.81, 23.88, 26.36, 27.46, 23.98, 23.18, 26.55, 25.84, 22.43, 24.01, 26.67, 24.78, 21.77, 24.19, 26.73
 32.00, 33.49, 31.83, 33.65, 32.95, 29.31, 29.49, 30.78, 27.93, 25.55, 27.52, 27.73, 24.30, 21.71, 23.53, 22.70, 19.10, 19.20, 21.43, 22.40, 24.75, 24.65, 23.49, 23.12, 20.98, 17.55, 18.45, 16.23, 14.46, 14.51, 17.77, 18.15, 20.73, 20.23, 17.86, 20.08, 19.79, 16.45, 13.21, 10.23, 8.37, 11.50, 13.47, 14.53, 14.62, 12.04, 9.04, 6.31, 3.86, 0.00, 3.83, 5.38, 4.89, 5.81, 8.31, 10.68, 13.70, 16.00, 16.92, 20.61, 22.89, 22.15, 18.38, 18.80, 21.66, 19.81, 16.73, 19.01, 20.96, 18.32, 14.88, 13.55, 15.21, 13.56, 9.91, 10.05, 8.32, 8.39, 10.07, 12.67, 15.68, 18.24, 20.40, 20.76, 23.97, 26.28, 28.89, 28.49, 30.64, 28.69, 25.48, 27.71, 29.20, 25.92, 24.62, 27.98, 27.70, 24.17, 25.25, 28.17, 26.64, 23.38, 25.36, 28.23
 29.64, 31.28, 29.98, 31.88, 30.86, 27.29, 27.90, 29.05, 25.94, 23.93, 26.24, 26.14, 22.55, 20.32, 22.67, 22.03, 18.67, 18.82, 21.32, 22.06, 24.82, 25.17, 24.52, 23.87, 21.99, 18.53, 19.06, 16.61, 14.46, 14.90, 18.05, 17.84, 20.68, 20.03, 17.11, 18.90, 18.79, 15.90, 12.51, 9.27, 8.67, 12.33, 14.48, 16.39, 16.86, 13.93, 11.48, 8.00, 5.29, 3.83, 0.00, 3.78, 5.52, 5.28, 5.89, 9.19, 11.69, 14.37, 15.08, 18.53, 20.43, 19.30, 15.51, 16.10, 18.61, 16.40, 13.48, 16.04, 17.63, 14.91, 11.69, 10.26, 11.50, 9.83, 6.25, 6.57, 5.92, 6.19, 9.11, 11.14, 13.87, 16.01, 17.66, 17.83, 21.02, 23.03, 25.69, 25.28, 27.67, 25.92, 22.67, 25.00, 26.79, 23.71, 22.42, 25.95, 26.01, 22.67, 23.80, 26.96, 25.76, 22.69, 24.83, 27.86
 26.64, 28.20, 26.66, 28.61, 27.85, 24.19, 24.64, 26.06, 23.14, 20.88, 23.25, 23.53, 20.08, 17.52, 19.71, 19.49, 16.04, 15.66, 17.89, 18.40, 21.14, 21.50, 21.05, 20.43, 18.86, 15.57, 16.42, 14.46, 11.73, 11.66, 14.55, 14.11, 16.91, 16.32, 13.41, 15.43, 15.63, 12.68, 9.63, 6.04, 5.32, 9.12, 11.10, 13.48, 14.30, 11.38, 9.81, 6.17, 5.33, 5.38, 3.78, 0.00, 3.77, 5.53, 5.41, 8.12, 9.95, 11.81, 12.04, 15.61, 17.65, 17.07, 13.32, 13.45, 16.41, 14.88, 11.69, 13.94, 16.21, 14.08, 10.52, 10.34, 11.95, 9.57, 6.27, 8.34, 7.96, 6.15, 8.64, 9.63, 13.00, 14.67, 16.70, 16.34, 19.23, 21.67, 23.99, 23.37, 25.40, 23.52, 20.23, 22.35, 23.89, 20.68, 19.29, 22.70, 22.60, 19.15, 20.25, 23.32, 22.05, 18.93, 21.09, 24.09
 28.46, 30.15, 28.36, 30.51, 30.13, 26.38, 26.66, 28.44, 25.79, 23.25, 25.56, 26.26, 22.99, 20.09, 21.87, 21.81, 18.18, 17.34, 18.98, 19.23, 21.45, 21.15, 20.45, 20.49, 19.04, 16.02, 17.61, 16.19, 13.49, 12.50, 15.06, 14.72, 16.88, 15.85, 13.49, 15.50, 14.97, 11.58, 8.37, 5.63, 4.16, 7.22, 9.95, 11.60, 12.84, 10.71, 9.11, 6.29, 6.38, 4.89, 5.52, 3.77, 0.00, 3.82, 5.89, 7.11, 9.82, 11.51, 12.58, 16.37, 19.04, 18.63, 14.99, 15.55, 18.82, 17.55, 14.66, 17.05, 19.51, 17.63, 14.14, 14.06, 15.38, 12.71, 9.69, 11.52, 10.96, 9.65, 11.64, 12.92, 16.47, 18.22, 20.40, 19.87, 22.57, 25.07, 27.16, 26.23, 28.07, 26.34, 22.92, 24.64, 26.14, 22.95, 21.16, 24.27, 24.19, 20.53, 21.12, 24.11, 22.85, 19.40, 21.02, 24.11
 29.59, 31.64, 30.20, 32.58, 31.98, 28.27, 28.99, 30.75, 27.88, 25.66, 28.27, 28.72, 25.31, 22.72, 24.86, 24.87, 21.36, 20.61, 22.34, 22.34, 24.68, 24.39, 23.94, 24.09, 22.79, 19.78, 21.23, 19.57, 16.86, 16.10, 18.56, 17.79, 19.84, 18.33, 15.69, 16.96, 15.86, 12.87, 9.17, 7.19, 7.48, 10.20, 13.40, 15.02, 16.50, 14.51, 12.67, 9.75, 8.68, 5.81, 5.28, 5.53, 3.82, 0.00, 3.87, 5.10, 8.60, 11.37, 13.24, 16.80, 19.47, 18.37, 14.74, 16.15, 19.06, 17.24, 14.90, 17.90, 19.84, 17.83, 14.77, 14.27, 14.71, 11.97, 9.40, 10.85, 11.12, 10.90, 13.69, 15.09, 18.27, 19.90, 21.50, 20.88, 23.55, 25.59, 27.69, 26.58, 28.79, 27.45, 23.88, 25.52, 27.49, 24.60, 22.55, 25.74, 26.17, 22.62, 22.91, 26.18, 25.37, 21.93, 23.31, 26.66
 26.53, 28.72, 27.61, 30.09, 29.24, 25.62, 26.74, 28.42, 25.38, 23.52, 26.44, 26.70, 23.24, 20.96, 23.52, 23.83, 20.59, 19.77, 21.64, 21.35, 24.05, 24.21, 24.30, 24.15, 23.17, 20.21, 21.35, 19.63, 16.59, 16.10, 18.32, 16.95, 19.18, 17.56, 14.39, 15.14, 14.33, 11.99, 8.35, 6.24, 8.10, 11.07, 14.12, 16.55, 18.25, 15.94, 14.60, 11.24, 10.15, 8.31, 5.89, 5.41, 5.89, 3.87, 0.00, 3.73, 5.97, 9.18, 10.73, 13.99, 16.29, 14.85, 11.19, 12.85, 15.48, 13.48, 11.43, 14.70, 16.43, 14.66, 11.95, 11.91, 11.78, 8.61, 6.89, 9.19, 10.62, 10.07, 13.38, 13.97, 16.89, 17.89, 19.03, 18.00, 20.43, 22.24, 24.22, 22.97, 25.32, 24.21, 20.59, 22.20, 24.45, 21.80, 19.69, 22.99, 23.77, 20.44, 20.72, 24.21, 23.75, 20.55, 22.07, 25.54
 26.33, 28.78, 27.56, 30.36, 29.86, 26.20, 27.37, 29.47, 26.68, 24.69, 27.75, 28.41, 25.17, 22.67, 25.00, 25.75, 22.49, 21.09, 22.38, 21.54, 23.88, 23.61, 23.92, 24.32, 23.79, 21.23, 22.92, 21.74, 18.44, 17.22, 18.84, 17.09, 18.63, 16.38, 13.53, 13.71, 12.05, 9.85, 6.19, 5.94, 8.55, 10.36, 13.88, 16.12, 18.48, 16.83, 16.00, 13.10, 12.79, 10.68, 9.19, 8.12, 7.11, 5.10, 3.73, 0.00, 3.80, 6.92, 9.58, 12.76, 15.66, 14.38, 11.11, 13.31, 16.15, 14.70, 13.20, 16.47, 18.44, 17.28, 14.76, 15.28, 14.90, 11.41, 10.35, 12.88, 14.30, 13.50, 16.57, 16.89, 20.03, 20.75, 21.92, 20.43, 22.42, 24.25, 25.77, 24.03, 26.13, 25.32, 21.58, 22.59, 24.89, 22.43, 19.80, 22.72, 23.76, 20.36, 19.96, 23.46, 23.33, 19.95, 20.84, 24.49
 22.95, 25.61, 24.61, 27.61, 27.09, 23.52, 25.02, 27.25, 24.52, 22.78, 26.11, 26.84, 23.75, 21.45, 23.94, 25.17, 22.22, 20.51, 21.59, 20.25, 22.72, 22.73, 23.63, 23.93, 23.90, 21.63, 23.24, 22.31, 18.74, 17.45, 18.51, 16.10, 17.45, 14.95, 11.83, 11.15, 9.59, 8.45, 5.62, 6.29, 9.90, 11.28, 14.46, 17.23, 19.88, 18.23, 18.03, 15.09, 15.14, 13.70, 11.69, 9.95, 9.82, 8.60, 5.97, 3.80, 0.00, 3.88, 6.59, 9.26, 12.10, 10.75, 7.77, 10.39, 13.10, 12.09, 11.22, 14.43, 16.42, 15.98, 13.95, 15.29, 14.55, 10.78, 10.86, 14.00, 15.96, 14.66, 17.72, 17.22, 20.17, 20.19, 21.02, 18.95, 20.37, 22.09, 23.16, 21.07, 23.03, 22.54, 18.75, 19.37, 21.85, 19.72, 16.80, 19.57, 21.02, 17.85, 17.15, 20.79, 21.13, 17.99, 18.75, 22.50
 20.43, 23.09, 21.83, 24.99, 24.89, 21.31, 22.69, 25.30, 22.96, 21.05, 24.41, 25.58, 22.85, 20.37, 22.53, 24.26, 21.49, 19.20, 19.67, 17.79, 19.99, 19.89, 21.21, 21.74, 22.27, 20.52, 22.42, 22.11, 18.34, 16.52, 16.79, 13.92, 14.65, 11.78, 8.89, 7.56, 5.76, 5.40, 4.33, 6.53, 10.16, 10.42, 13.15, 16.08, 19.10, 17.88, 18.50, 15.99, 16.87, 16.00, 14.37, 11.81, 11.51, 11.37, 9.18, 6.92, 3.88, 0.00, 3.77, 6.33, 9.84, 9.57, 7.34, 9.34, 12.41, 12.59, 11.86, 14.36, 16.87, 17.16, 15.16, 17.24, 16.85, 13.07, 13.29, 16.80, 18.50, 16.53, 19.10, 18.03, 21.12, 20.74, 21.78, 19.29, 20.19, 22.21, 22.77, 20.39, 21.75, 21.30, 17.56, 17.62, 19.79, 17.74, 14.48, 16.80, 18.26, 15.07, 13.86, 17.41, 17.98, 14.84, 15.18, 18.99
 17.13, 19.57, 18.24, 21.31, 21.16, 17.56, 18.94, 21.53, 19.25, 17.37, 20.80, 22.01, 19.44, 17.04, 19.24, 21.24, 18.77, 16.36, 16.81, 14.79, 17.30, 17.78, 19.43, 19.49, 20.21, 18.61, 20.22, 20.08, 16.25, 14.60, 14.52, 11.30, 12.31, 9.91, 6.50, 5.12, 5.52, 5.84, 6.10, 7.04, 10.33, 10.67, 12.45, 15.88, 18.65, 17.16, 18.24, 15.77, 16.95, 16.92, 15.08, 12.04, 12.58, 13.24, 10.73, 9.58, 6.59, 3.77, 0.00, 3.81, 7.02, 7.74, 5.69, 6.29, 9.70, 10.72, 9.77, 11.53, 14.40, 15.20, 13.31, 16.05, 16.02, 12.45, 12.94, 16.70, 18.32, 15.79, 17.95, 16.20, 19.09, 18.25, 19.32, 16.56, 17.13, 19.43, 19.80, 17.50, 18.56, 17.85, 14.19, 14.28, 16.19, 14.00, 10.81, 13.30, 14.60, 11.43, 10.57, 14.23, 14.74, 11.87, 12.77, 16.44
 14.17, 17.01, 16.08, 19.47, 19.34, 16.02, 17.92, 20.65, 18.57, 17.20, 20.85, 22.08, 19.88, 17.92, 20.16, 22.61, 20.65, 18.09, 18.23, 15.71, 18.12, 18.88, 21.12, 21.14, 22.35, 21.15, 22.59, 22.66, 18.87, 17.32, 16.69, 13.10, 13.61, 11.17, 8.30, 5.39, 6.25, 8.44, 9.57, 10.85, 14.09, 14.18, 15.60, 19.02, 21.85, 20.49, 21.82, 19.40, 20.55, 20.61, 18.53, 15.61, 16.37, 16.80, 13.99, 12.76, 9.26, 6.33, 3.81, 0.00, 3.85, 5.44, 5.55, 6.08, 8.44, 10.44, 10.68, 11.88, 14.39, 16.05, 14.98, 18.09, 17.64, 14.30, 15.60, 19.34, 21.30, 18.78, 20.91, 18.72, 21.20, 19.74, 20.32, 17.08, 16.81, 18.76, 18.41, 15.60, 16.30, 16.21, 12.69, 11.88, 14.03, 12.62, 8.95, 10.86, 12.99, 10.54, 8.93, 12.66, 14.10, 11.94, 12.40, 15.96
 10.98, 14.00, 13.73, 17.11, 16.53, 13.50, 16.02, 18.46, 16.29, 15.63, 19.43, 20.33, 18.33, 17.03, 19.54, 22.16, 20.76, 18.45, 18.78, 16.31, 19.01, 20.42, 22.92, 22.43, 23.70, 22.55, 23.47, 23.43, 19.80, 18.78, 18.08, 14.49, 15.30, 13.53, 10.70, 8.13, 9.88, 12.09, 13.09, 13.71, 16.80, 17.27, 18.27, 21.88, 24.40, 22.73, 24.08, 21.52, 22.47, 22.89, 20.43, 17.65, 19.04, 19.47, 16.29, 15.66, 12.10, 9.84, 7.02, 3.85, 0.00, 3.76, 5.79, 5.18, 5.87, 8.87, 9.95, 10.32, 12.35, 14.78, 14.53, 17.96, 17.32, 14.50, 16.46, 20.07, 22.27, 19.72, 21.72, 19.06, 20.94, 18.86, 18.90, 15.32, 14.31, 15.93, 15.08, 12.04, 12.58, 12.87, 9.49, 8.26, 10.83, 10.10, 6.50, 8.47, 11.25, 9.74, 8.61, 12.16, 14.01, 12.79, 13.68, 16.76
 13.60, 16.75, 16.98, 20.21, 19.13, 16.25, 19.01, 21.03, 18.41, 18.06, 21.91, 22.31, 19.92, 18.87, 21.79, 24.00, 22.43, 20.55, 21.40, 19.30, 22.20, 23.52, 25.74, 25.22, 26.10, 24.51, 25.27, 24.70, 21.11, 20.43, 20.36, 16.97, 18.18, 16.26, 13.05, 10.68, 11.50, 13.31, 13.35, 13.76, 17.18, 18.24, 19.81, 23.41, 25.90, 23.95, 24.75, 21.80, 22.13, 22.15, 19.30, 17.07, 18.63, 18.37, 14.85, 14.38, 10.75, 9.57, 7.74, 5.44, 3.76, 0.00, 3.79, 5.35, 5.02, 6.61, 8.69, 10.10, 11.28, 13.40, 13.57, 16.60, 15.24, 12.43, 14.96, 18.34, 21.01, 19.00, 21.52, 19.18, 20.88, 18.95, 18.50, 15.05, 14.38, 15.33, 14.85, 11.78, 13.34, 14.03, 10.50, 9.92, 13.18, 12.62, 9.54, 11.86, 14.67, 13.16, 12.33, 15.91, 17.61, 16.16, 17.13, 20.36
 16.14, 18.88, 18.60, 21.57, 20.49, 17.25, 19.52, 21.44, 18.55, 17.70, 21.43, 21.75, 18.93, 17.50, 20.51, 22.29, 20.28, 18.62, 19.85, 18.21, 21.27, 22.44, 24.18, 23.62, 24.04, 22.06, 22.84, 21.98, 18.37, 17.80, 18.27, 15.20, 16.91, 15.09, 11.50, 9.99, 10.67, 11.41, 10.62, 10.42, 13.81, 15.33, 17.14, 20.73, 23.04, 20.89, 21.36, 18.26, 18.43, 18.38, 15.51, 13.32, 14.99, 14.74, 11.19, 11.11, 7.77, 7.34, 5.69, 5.55, 5.79, 3.79, 0.00, 3.83, 5.46, 5.52, 6.18, 8.61, 10.30, 11.45, 10.82, 13.60, 12.51, 9.28, 11.39, 14.90, 17.44, 15.47, 18.15, 16.15, 18.16, 16.75, 16.71, 13.66, 13.97, 15.38, 15.80, 13.40, 15.33, 15.21, 11.43, 11.94, 14.85, 13.34, 10.55, 13.57, 15.62, 13.34, 13.08, 16.82, 17.78, 15.73, 17.11, 20.51
 13.84, 16.09, 15.58, 18.26, 17.12, 13.74, 15.87, 17.69, 14.79, 13.88, 17.62, 17.97, 15.25, 13.87, 16.89, 18.83, 17.13, 15.46, 16.75, 15.21, 18.52, 20.18, 22.02, 21.01, 21.47, 19.65, 20.11, 19.42, 15.89, 15.55, 15.78, 12.72, 14.76, 13.68, 10.10, 9.26, 11.26, 11.87, 11.69, 10.88, 13.63, 15.08, 16.06, 19.83, 21.83, 19.53, 20.39, 17.51, 18.06, 18.80, 16.10, 13.45, 15.55, 16.15, 12.85, 13.31, 10.39, 9.34, 6.29, 6.08, 5.18, 5.35, 3.83, 0.00, 3.81, 5.57, 5.05, 5.83, 8.46, 10.15, 9.41, 12.87, 12.61, 9.89, 11.66, 15.22, 17.30, 14.71, 16.75, 14.12, 15.96, 14.12, 14.33, 11.06, 11.10, 13.18, 13.57, 11.52, 13.00, 12.19, 8.40, 9.39, 11.79, 9.79, 7.41, 10.88, 12.42, 10.20, 10.78, 14.33, 14.93, 13.26, 15.27, 18.31
 12.56, 14.95, 15.35, 17.92, 16.16, 13.32, 16.15, 17.48, 14.40, 14.49, 18.29, 18.09, 15.56, 15.08, 18.38, 20.33, 19.19, 17.89, 19.33, 17.84, 21.22, 23.22, 25.26, 24.00, 24.51, 22.73, 22.77, 21.89, 18.62, 18.75, 18.96, 15.97, 17.98, 17.06, 13.65, 12.42, 14.38, 15.45, 15.25, 14.46, 17.24, 18.87, 19.80, 23.59, 25.46, 23.01, 23.74, 20.73, 20.90, 21.66, 18.61, 16.41, 18.82, 19.06, 15.48, 16.15, 13.10, 12.41, 9.70, 8.44, 5.87, 5.02, 5.46, 3.81, 0.00, 3.88, 5.64, 5.61, 6.63, 9.38, 10.13, 13.55, 12.63, 10.68, 13.35, 16.50, 18.99, 16.75, 18.83, 16.00, 17.05, 14.62, 13.86, 10.23, 9.35, 10.54, 10.45, 8.05, 10.05, 9.94, 6.26, 7.31, 10.47, 9.50, 7.73, 10.94, 13.05, 11.88, 12.55, 15.82, 16.88, 15.91, 17.89, 20.65
 16.34, 18.66, 19.10, 21.47, 19.48, 16.69, 19.34, 20.31, 16.90, 16.97, 20.60, 19.97, 16.98, 16.57, 20.13, 21.47, 20.02, 19.25, 21.22, 20.21, 23.71, 25.55, 27.18, 25.90, 25.92, 23.65, 23.54, 22.06, 18.95, 19.45, 20.38, 17.74, 20.15, 19.15, 15.47, 14.59, 15.95, 16.42, 15.30, 14.03, 16.82, 19.08, 20.46, 24.16, 25.86, 23.12, 23.21, 19.87, 19.36, 19.81, 16.40, 14.88, 17.55, 17.24, 13.48, 14.70, 12.09, 12.59, 10.72, 10.44, 8.87, 6.61, 5.52, 5.57, 3.88, 0.00, 3.82, 5.73, 5.47, 7.05, 8.15, 10.92, 9.26, 7.46, 10.73, 13.51, 16.42, 14.79, 17.37, 15.05, 15.91, 13.92, 12.79, 9.71, 9.93, 10.51, 11.49, 9.78, 12.69, 12.52, 9.13, 10.88, 14.02, 12.85, 11.41, 14.78, 16.66, 15.14, 15.95, 19.36, 20.10, 18.73, 20.81, 23.76
 17.53, 19.38, 19.18, 21.27, 19.48, 16.33, 18.34, 19.29, 15.80, 15.24, 18.65, 18.11, 14.79, 13.90, 17.43, 18.44, 16.66, 16.08, 18.36, 17.81, 21.41, 23.24, 24.49, 23.05, 22.70, 20.20, 20.01, 18.37, 15.28, 15.98, 17.30, 15.06, 17.90, 17.30, 13.55, 13.61, 15.25, 14.93, 13.56, 11.54, 13.80, 16.34, 17.48, 21.14, 22.53, 19.60, 19.61, 16.29, 15.87, 16.73, 13.48, 11.69, 14.66, 14.90, 11.43, 13.20, 11.22, 11.86, 9.77, 10.68, 9.95, 8.69, 6.18, 5.05, 5.64, 3.82, 0.00, 3.79, 5.32, 5.49, 4.89, 8.12, 7.65, 5.53, 7.87, 10.96, 13.36, 11.28, 13.67, 11.32, 12.54, 10.96, 10.64, 7.98, 9.39, 11.08, 12.81, 11.85, 14.36, 13.17, 9.75, 12.16, 14.58, 12.44, 11.35, 15.08, 16.14, 14.05, 15.42, 18.77, 18.80, 17.12, 19.61, 22.50
 15.45, 16.74, 16.58, 18.23, 16.19, 13.19, 15.17, 15.75, 12.15, 11.94, 15.31, 14.54, 11.35, 10.98, 14.65, 15.84, 14.71, 14.28, 16.61, 16.21, 19.94, 22.29, 23.72, 21.82, 21.60, 19.37, 18.71, 17.28, 14.45, 15.51, 16.46, 14.33, 17.28, 17.35, 13.89, 14.21, 16.64, 16.55, 15.83, 13.78, 15.54, 17.80, 18.16, 21.90, 23.00, 20.03, 20.48, 17.50, 17.47, 19.01, 16.04, 13.94, 17.05, 17.90, 14.70, 16.47, 14.43, 14.36, 11.53, 11.88, 10.32, 10.10, 8.61, 5.83, 5.61, 5.73, 3.79, 0.00, 3.77, 5.46, 5.59, 9.35, 9.74, 8.72, 10.55, 13.32, 15.17, 12.61, 14.09, 10.95, 11.54, 9.01, 8.61, 5.23, 6.00, 8.51, 10.16, 9.77, 11.82, 9.95, 6.89, 9.99, 11.81, 9.51, 9.46, 13.19, 13.79, 12.24, 14.33, 17.23, 17.07, 16.04, 18.94, 21.33
 16.69, 18.03, 18.59, 20.05, 17.46, 15.04, 17.45, 17.46, 13.70, 14.38, 17.57, 16.12, 13.06, 13.59, 17.39, 18.27, 17.50, 17.57, 20.08, 19.81, 23.56, 26.01, 27.45, 25.44, 25.11, 22.76, 21.79, 19.99, 17.52, 18.96, 20.11, 18.09, 21.03, 21.01, 17.50, 17.48, 19.66, 19.74, 18.74, 16.68, 18.58, 21.12, 21.71, 25.41, 26.42, 23.29, 23.38, 20.20, 19.61, 20.96, 17.63, 16.21, 19.51, 19.84, 16.43, 18.44, 16.42, 16.87, 14.40, 14.39, 12.35, 11.28, 10.30, 8.46, 6.63, 5.47, 5.32, 3.77, 0.00, 3.80, 6.43, 9.34, 8.76, 8.90, 11.56, 13.61, 15.93, 14.09, 15.79, 12.92, 12.58, 9.83, 7.90, 4.65, 5.04, 5.83, 8.13, 8.32, 11.26, 9.97, 7.59, 10.86, 13.10, 11.68, 11.98, 15.45, 16.43, 15.45, 17.41, 20.25, 20.38, 19.61, 22.41, 24.77
 20.24, 21.50, 21.72, 23.06, 20.60, 18.00, 19.93, 19.84, 16.02, 16.21, 19.07, 17.47, 14.00, 14.23, 18.02, 18.18, 16.99, 17.59, 20.55, 20.81, 24.59, 26.84, 27.79, 25.76, 24.88, 22.10, 20.99, 18.63, 16.42, 18.25, 20.09, 18.57, 21.85, 21.90, 18.29, 18.79, 20.65, 20.08, 18.45, 15.85, 17.34, 20.36, 21.13, 24.64, 25.33, 21.95, 21.47, 18.13, 16.98, 18.32, 14.91, 14.08, 17.63, 17.83, 14.66, 17.28, 15.98, 17.16, 15.20, 16.05, 14.78, 13.40, 11.45, 10.15, 9.38, 7.05, 5.49, 5.46, 3.80, 0.00, 3.81, 5.72, 5.39, 6.54, 8.79, 10.19, 12.47, 11.09, 12.98, 10.69, 10.15, 8.24, 6.43, 4.92, 7.50, 8.34, 11.43, 12.05, 15.02, 13.46, 11.14, 14.47, 16.53, 14.61, 14.84, 18.51, 19.15, 17.64, 19.72, 22.68, 22.37, 21.16, 24.09, 26.58
 21.01, 22.22, 21.79, 23.22, 21.24, 18.21, 19.58, 19.89, 16.23, 15.53, 18.27, 17.18, 13.49, 12.77, 16.34, 16.32, 14.47, 14.98, 18.03, 18.50, 22.21, 24.19, 24.81, 22.91, 21.80, 18.82, 17.94, 15.53, 13.14, 14.87, 17.03, 15.80, 19.23, 19.36, 15.79, 16.87, 18.65, 17.51, 15.69, 12.71, 13.78, 16.93, 17.65, 21.05, 21.64, 18.22, 17.67, 14.33, 13.33, 14.88, 11.69, 10.52, 14.14, 14.77, 11.95, 14.76, 13.95, 15.16, 13.31, 14.98, 14.53, 13.57, 10.82, 9.41, 10.13, 8.15, 4.89, 5.59, 6.43, 3.81, 0.00, 3.83, 5.42, 5.28, 5.99, 8.02, 9.74, 7.66, 9.66, 7.46, 8.04, 7.13, 7.22, 6.30, 9.47, 11.41, 14.26, 14.55, 17.07, 15.10, 12.40, 15.57, 17.32, 14.70, 14.61, 18.41, 18.64, 16.48, 18.60, 21.60, 20.86, 19.19, 22.18, 24.74
 24.79, 25.99, 25.59, 26.90, 24.84, 21.89, 23.12, 23.19, 19.52, 18.82, 21.22, 19.86, 16.12, 15.50, 18.89, 18.19, 16.18, 17.27, 20.57, 21.46, 25.08, 26.86, 27.07, 25.18, 23.59, 20.28, 19.22, 16.25, 14.41, 16.50, 19.24, 18.51, 22.05, 22.18, 18.65, 19.94, 21.32, 19.76, 17.37, 14.10, 14.70, 18.26, 19.22, 22.27, 22.50, 18.90, 17.58, 14.14, 12.19, 13.55, 10.26, 10.34, 14.06, 14.27, 11.91, 15.28, 15.29, 17.24, 16.05, 18.09, 17.96, 16.60, 13.60, 12.87, 13.55, 10.92, 8.12, 9.35, 9.34, 5.72, 3.83, 0.00, 3.78, 5.45, 5.03, 5.08, 6.80, 6.07, 8.46, 7.70, 7.72, 8.23, 8.20, 8.86, 12.40, 13.76, 17.03, 17.66, 20.44, 18.54, 16.03, 19.27, 21.07, 18.48, 18.44, 22.24, 22.40, 20.15, 22.24, 25.26, 24.35, 22.48, 25.45, 28.07
 24.66, 26.28, 26.30, 27.93, 25.71, 22.87, 24.63, 24.82, 21.06, 20.76, 23.53, 22.14, 18.48, 18.11, 21.68, 21.39, 19.49, 20.21, 23.27, 23.69, 27.32, 29.04, 29.54, 27.89, 26.61, 23.41, 22.62, 19.84, 17.70, 19.40, 21.87, 20.62, 23.91, 23.53, 19.81, 20.43, 21.44, 20.29, 17.77, 14.96, 16.36, 19.85, 21.33, 24.49, 25.16, 21.73, 20.40, 16.78, 14.69, 15.21, 11.50, 11.95, 15.38, 14.71, 11.78, 14.90, 14.55, 16.85, 16.02, 17.64, 17.32, 15.24, 12.51, 12.61, 12.63, 9.26, 7.65, 9.74, 8.76, 5.39, 5.42, 3.78, 0.00, 3.80, 5.70, 5.77, 8.93, 9.09, 12.03, 11.33, 11.35, 11.20, 10.14, 9.99, 12.89, 13.38, 16.44, 16.69, 19.91, 18.67, 16.00, 18.96, 21.34, 19.26, 18.82, 22.57, 23.36, 21.27, 22.93, 26.20, 25.82, 23.95, 26.62, 29.49
 22.98, 24.91, 24.66, 26.69, 24.86, 21.72, 23.48, 24.25, 20.65, 19.92, 22.98, 22.17, 18.56, 17.56, 21.01, 21.19, 18.92, 18.95, 21.63, 21.61, 25.11, 26.52, 27.16, 25.89, 24.90, 21.85, 21.65, 19.30, 16.59, 17.59, 19.81, 18.20, 21.21, 20.43, 16.67, 17.08, 17.81, 16.67, 14.13, 11.57, 13.48, 16.78, 18.58, 21.82, 22.94, 19.79, 18.74, 15.06, 13.44, 13.56, 9.83, 9.57, 12.71, 11.97, 8.61, 11.41, 10.78, 13.07, 12.45, 14.30, 14.50, 12.43, 9.28, 9.89, 10.68, 7.46, 5.53, 8.72, 8.90, 6.54, 5.28, 5.45, 3.80, 0.00, 3.85, 6.15, 9.37, 8.75, 12.11, 11.28, 12.47, 12.29, 11.97, 10.88, 13.39, 14.43, 16.92, 16.39, 19.37, 18.28, 15.08, 17.57, 20.09, 17.88, 16.77, 20.49, 21.46, 19.04, 20.26, 23.71, 23.49, 21.31, 23.68, 26.78
 25.07, 26.75, 26.01, 27.88, 26.33, 23.00, 24.19, 25.03, 21.57, 20.27, 22.98, 22.38, 18.68, 17.17, 20.26, 20.01, 17.28, 17.52, 20.32, 20.75, 24.09, 25.24, 25.37, 24.16, 22.75, 19.45, 19.33, 16.79, 14.27, 15.32, 18.03, 17.02, 20.19, 19.65, 16.11, 17.27, 17.91, 16.00, 13.12, 9.93, 10.92, 14.56, 16.30, 19.22, 19.99, 16.73, 15.27, 11.55, 9.64, 9.91, 6.25, 6.27, 9.69, 9.40, 6.89, 10.35, 10.86, 13.29, 12.94, 15.60, 16.46, 14.96, 11.39, 11.66, 13.35, 10.73, 7.87, 10.55, 11.56, 8.79, 5.99, 5.03, 5.70, 3.85, 0.00, 3.79, 6.11, 5.35, 9.02, 9.10, 10.99, 11.90, 12.62, 12.29, 15.35, 16.99, 19.68, 19.38, 22.06, 20.48, 17.32, 19.92, 21.99, 19.27, 18.26, 22.00, 22.44, 19.60, 21.01, 24.32, 23.57, 21.06, 23.54, 26.56
 28.37, 29.91, 29.30, 30.94, 29.18, 25.99, 27.12, 27.59, 24.03, 22.91, 25.33, 24.35, 20.59, 19.40, 22.46, 21.64, 19.02, 19.88, 22.98, 23.83, 27.17, 28.34, 28.16, 26.80, 24.98, 21.46, 20.97, 17.94, 16.09, 17.66, 20.75, 20.20, 23.51, 23.16, 19.72, 21.03, 21.58, 19.50, 16.41, 13.15, 13.55, 17.34, 19.02, 21.59, 21.89, 18.47, 16.36, 12.77, 9.91, 10.05, 6.57, 8.34, 11.52, 10.85, 9.19, 12.88, 14.00, 16.80, 16.70, 19.34, 20.07, 18.34, 14.90, 15.22, 16.50, 13.51, 10.96, 13.32, 13.61, 10.19, 8.02, 5.08, 5.77, 6.15, 3.79, 0.00, 3.74, 5.50, 8.95, 10.11, 11.15, 12.76, 13.20, 13.84, 17.24, 18.48, 21.59, 21.75, 24.65, 23.02, 20.14, 23.00, 25.06, 22.38, 21.70, 25.48, 25.81, 23.09, 24.69, 27.93, 27.02, 24.58, 27.17, 30.10
 30.20, 31.44, 30.47, 31.84, 30.27, 27.03, 27.66, 28.04, 24.66, 23.18, 25.14, 24.25, 20.55, 19.10, 21.75, 20.42, 17.61, 18.86, 22.08, 23.44, 26.61, 27.67, 27.03, 25.56, 23.30, 19.62, 18.97, 15.69, 14.42, 16.27, 19.74, 19.87, 23.29, 23.36, 20.23, 22.15, 22.84, 20.31, 17.27, 13.71, 13.05, 16.84, 18.09, 20.24, 19.95, 16.43, 13.91, 10.63, 7.38, 8.32, 5.92, 7.96, 10.96, 11.12, 10.62, 14.30, 15.96, 18.50, 18.32, 21.30, 22.27, 21.01, 17.44, 17.30, 18.99, 16.42, 13.36, 15.17, 15.93, 12.47, 9.74, 6.80, 8.93, 9.37, 6.11, 3.74, 0.00, 3.83, 6.38, 8.81, 10.04, 12.63, 13.91, 15.18, 18.83, 20.52, 23.75, 24.18, 26.81, 24.75, 22.04, 25.04, 26.67, 23.65, 23.23, 26.97, 26.80, 23.93, 25.79, 28.79, 27.41, 24.89, 27.64, 30.34
 27.21, 28.27, 27.07, 28.37, 27.00, 23.68, 24.09, 24.61, 21.37, 19.63, 21.58, 20.96, 17.30, 15.53, 18.09, 16.99, 14.05, 15.08, 18.28, 19.64, 22.84, 24.04, 23.52, 21.91, 19.80, 16.19, 15.57, 12.50, 10.81, 12.67, 16.05, 16.17, 19.69, 20.01, 16.96, 19.14, 20.24, 17.75, 15.15, 11.42, 10.58, 14.26, 15.05, 17.51, 17.29, 13.64, 11.77, 8.39, 6.24, 8.39, 6.19, 6.15, 9.65, 10.90, 10.07, 13.50, 14.66, 16.53, 15.79, 18.78, 19.72, 19.00, 15.47, 14.71, 16.75, 14.79, 11.28, 12.61, 14.09, 11.09, 7.66, 6.07, 9.09, 8.75, 5.35, 5.50, 3.83, 0.00, 3.80, 5.41, 7.69, 10.11, 12.09, 12.96, 16.51, 18.76, 21.77, 22.11, 24.37, 22.07, 19.35, 22.30, 23.62, 20.40, 20.07, 23.75, 23.31, 20.38, 22.41, 25.25, 23.71, 21.27, 24.16, 26.71
 28.14, 28.72, 27.26, 28.12, 26.85, 23.65, 23.52, 23.76, 20.77, 18.82, 20.14, 19.48, 16.02, 14.18, 16.25, 14.51, 11.60, 13.33, 16.76, 18.79, 21.85, 23.21, 22.32, 20.33, 17.78, 14.09, 12.87, 9.40, 8.67, 11.30, 14.91, 15.83, 19.48, 20.49, 17.86, 20.55, 22.07, 19.45, 17.29, 13.54, 11.86, 15.14, 15.02, 17.16, 16.19, 12.39, 10.63, 8.10, 6.73, 10.07, 9.11, 8.64, 11.64, 13.69, 13.38, 16.57, 17.72, 19.10, 17.95, 20.91, 21.72, 21.52, 18.15, 16.75, 18.83, 17.37, 13.67, 14.09, 15.79, 12.98, 9.66, 8.46, 12.03, 12.11, 9.02, 8.95, 6.38, 3.80, 0.00, 3.85, 6.00, 9.26, 12.07, 13.57, 17.15, 19.75, 22.80, 23.56, 25.44, 22.71, 20.40, 23.50, 24.25, 20.81, 21.02, 24.55, 23.52, 20.71, 23.17, 25.58, 23.55, 21.34, 24.51, 26.62
 24.61, 25.03, 23.64, 24.39, 23.03, 19.89, 19.82, 19.99, 16.94, 15.09, 16.57, 15.86, 12.31, 10.55, 13.01, 11.68, 9.05, 10.68, 14.28, 16.14, 19.49, 21.33, 20.95, 18.64, 16.54, 13.14, 11.64, 8.55, 7.12, 10.03, 13.12, 13.62, 17.42, 18.65, 15.90, 18.47, 20.51, 18.37, 16.74, 13.17, 12.09, 15.07, 14.59, 17.30, 16.70, 12.96, 12.30, 9.82, 9.49, 12.67, 11.14, 9.63, 12.92, 15.09, 13.97, 16.89, 17.22, 18.03, 16.20, 18.72, 19.06, 19.18, 16.15, 14.12, 16.00, 15.05, 11.32, 10.95, 12.92, 10.69, 7.46, 7.70, 11.33, 11.28, 9.10, 10.11, 8.81, 5.41, 3.85, 0.00, 3.87, 6.07, 9.28, 10.32, 13.69, 16.60, 19.46, 20.26, 21.91, 19.02, 16.87, 20.03, 20.58, 17.13, 17.65, 21.15, 20.03, 17.46, 20.19, 22.50, 20.54, 18.69, 22.08, 24.04
 25.42, 25.55, 24.54, 24.88, 23.05, 20.33, 20.38, 19.83, 16.62, 15.48, 16.61, 15.06, 11.54, 10.96, 13.62, 11.77, 10.22, 12.67, 16.45, 18.52, 21.97, 24.20, 23.92, 21.24, 19.10, 15.89, 13.65, 10.33, 9.95, 13.30, 16.13, 16.65, 20.48, 21.91, 19.13, 21.45, 23.71, 21.86, 20.26, 16.73, 15.90, 18.92, 18.35, 21.04, 20.21, 16.47, 15.71, 13.40, 12.58, 15.68, 13.87, 13.00, 16.47, 18.27, 16.89, 20.03, 20.17, 21.12, 19.09, 21.20, 20.94, 20.88, 18.16, 15.96, 17.05, 15.91, 12.54, 11.54, 12.58, 10.15, 8.04, 7.72, 11.35, 12.47, 10.99, 11.15, 10.04, 7.69, 6.00, 3.87, 0.00, 3.78, 6.75, 9.09, 12.64, 15.15, 18.38, 19.87, 21.62, 18.62, 17.06, 20.58, 21.03, 17.87, 19.03, 22.51, 21.37, 19.35, 22.38, 24.53, 22.64, 21.30, 24.86, 26.59
 22.27, 22.28, 21.58, 21.83, 19.71, 17.19, 17.58, 16.80, 13.37, 12.79, 14.24, 12.33, 8.71, 8.94, 12.19, 11.06, 10.33, 12.35, 15.94, 17.57, 21.22, 23.84, 24.13, 21.32, 19.75, 16.96, 14.74, 12.09, 11.17, 14.20, 16.33, 16.23, 19.95, 21.37, 18.49, 20.40, 23.01, 21.72, 20.54, 17.33, 17.16, 19.92, 19.30, 22.38, 21.96, 18.39, 18.23, 15.82, 15.37, 18.24, 16.01, 14.67, 18.22, 19.90, 17.89, 20.75, 20.19, 20.74, 18.25, 19.74, 18.86, 18.95, 16.75, 14.12, 14.62, 13.92, 10.96, 9.01, 9.83, 8.24, 7.13, 8.23, 11.20, 12.29, 11.90, 12.76, 12.63, 10.11, 9.26, 6.07, 3.78, 0.00, 3.79, 5.72, 9.01, 11.69, 14.78, 16.46, 18.07, 15.00, 13.74, 17.39, 17.74, 14.83, 16.39, 19.78, 18.76, 17.22, 20.40, 22.46, 20.87, 20.00, 23.62, 25.25
 21.89, 22.06, 22.01, 22.29, 19.66, 17.52, 18.59, 17.49, 13.80, 14.20, 15.96, 13.54, 10.16, 11.38, 14.89, 14.14, 13.88, 15.64, 19.04, 20.25, 24.00, 26.74, 27.35, 24.60, 23.29, 20.60, 18.47, 15.88, 14.83, 17.64, 19.57, 18.98, 22.57, 23.68, 20.55, 21.88, 24.41, 23.52, 22.25, 19.23, 19.65, 22.55, 22.30, 25.56, 25.41, 21.85, 21.54, 18.83, 17.97, 20.40, 17.66, 16.70, 20.40, 21.50, 19.03, 21.92, 21.02, 21.78, 19.32, 20.32, 18.90, 18.50, 16.71, 14.33, 13.86, 12.79, 10.64, 8.61, 7.90, 6.43, 7.22, 8.20, 10.14, 11.97, 12.62, 13.20, 13.91, 12.09, 12.07, 9.28, 6.75, 3.79, 0.00, 3.84, 7.09, 8.77, 12.28, 14.39, 16.45, 13.76, 12.81, 16.62, 17.38, 15.11, 16.76, 20.15, 19.67, 18.59, 21.59, 23.79, 22.71, 22.08, 25.57, 27.32
 18.26, 18.71, 18.82, 19.50, 16.87, 14.56, 16.15, 15.49, 11.65, 12.22, 14.73, 12.75, 9.43, 10.46, 14.24, 14.50, 14.16, 15.01, 17.97, 18.49, 22.29, 25.05, 26.12, 23.61, 22.86, 20.46, 18.83, 16.82, 14.99, 17.15, 18.53, 17.25, 20.58, 21.37, 18.15, 19.01, 21.63, 21.22, 20.29, 17.69, 18.71, 21.31, 21.21, 24.74, 25.12, 21.79, 21.92, 19.09, 18.63, 20.76, 17.83, 16.34, 19.87, 20.88, 18.00, 20.43, 18.95, 19.29, 16.56, 17.08, 15.32, 15.05, 13.66, 11.06, 10.23, 9.71, 7.98, 5.23, 4.65, 4.92, 6.30, 8.86, 9.99, 10.88, 12.29, 13.84, 15.18, 12.96, 13.57, 10.32, 9.09, 5.72, 3.84, 0.00, 3.83, 6.29, 9.36, 10.91, 12.97, 10.44, 9.07, 12.85, 13.89, 11.79, 13.22, 16.63, 16.55, 15.60, 18.39, 20.72, 20.08, 19.55, 22.86, 24.74
 15.28, 15.59, 16.23, 16.83, 13.85, 11.99, 14.17, 13.36, 9.57, 11.11, 13.87, 11.88, 9.33, 11.01, 14.63, 15.64, 15.90, 16.24, 18.67, 18.66, 22.36, 25.35, 26.91, 24.40, 24.20, 22.27, 20.76, 19.30, 17.33, 19.10, 19.80, 18.08, 21.00, 21.74, 18.70, 19.03, 21.89, 22.11, 21.72, 19.62, 21.00, 23.19, 22.98, 26.64, 27.29, 24.21, 24.78, 22.07, 21.95, 23.97, 21.02, 19.23, 22.57, 23.55, 20.43, 22.42, 20.37, 20.19, 17.13, 16.81, 14.31, 14.38, 13.97, 11.10, 9.35, 9.93, 9.39, 6.00, 5.04, 7.50, 9.47, 12.40, 12.89, 13.39, 15.35, 17.24, 18.83, 16.51, 17.15, 13.69, 12.64, 9.01, 7.09, 3.83, 0.00, 3.83, 5.88, 7.69, 9.36, 6.82, 6.23, 9.99, 10.89, 9.58, 11.49, 14.46, 14.65, 14.53, 17.22, 19.29, 19.11, 19.20, 22.33, 23.99
 16.50, 17.03, 18.40, 19.02, 15.70, 14.47, 17.09, 16.03, 12.47, 14.58, 17.21, 14.94, 12.75, 14.78, 18.33, 19.21, 19.58, 20.06, 22.49, 22.36, 26.03, 28.99, 30.65, 28.21, 28.02, 26.02, 24.47, 22.80, 20.92, 22.75, 23.54, 21.70, 24.53, 24.99, 21.82, 21.72, 24.32, 24.78, 24.20, 22.22, 23.90, 26.26, 26.37, 30.06, 30.80, 27.66, 27.98, 25.05, 24.54, 26.28, 23.03, 21.67, 25.07, 25.59, 22.24, 24.25, 22.09, 22.21, 19.43, 18.76, 15.93, 15.33, 15.38, 13.18, 10.54, 10.51, 11.08, 8.51, 5.83, 8.34, 11.41, 13.76, 13.38, 14.43, 16.99, 18.48, 20.52, 18.76, 19.75, 16.60, 15.15, 11.69, 8.77, 6.29, 3.83, 0.00, 3.84, 6.61, 9.11, 7.85, 7.93, 11.16, 12.61, 12.31, 13.96, 16.64, 17.42, 17.65, 19.96, 22.10, 22.35, 22.52, 25.44, 27.19
 13.68, 14.22, 16.19, 16.90, 13.46, 12.79, 15.92, 15.00, 11.91, 14.52, 17.30, 15.39, 13.91, 15.98, 19.25, 20.75, 21.37, 21.33, 23.23, 22.58, 26.05, 29.07, 31.14, 28.84, 29.14, 27.55, 26.23, 25.05, 22.94, 24.36, 24.59, 22.37, 24.74, 25.07, 22.13, 21.53, 24.23, 25.25, 25.15, 23.66, 25.63, 27.59, 27.63, 31.39, 32.42, 29.54, 30.24, 27.42, 27.25, 28.89, 25.69, 23.99, 27.16, 27.69, 24.22, 25.77, 23.16, 22.77, 19.80, 18.41, 15.08, 14.85, 15.80, 13.57, 10.45, 11.49, 12.81, 10.16, 8.13, 11.43, 14.26, 17.03, 16.44, 16.92, 19.68, 21.59, 23.75, 21.77, 22.80, 19.46, 18.38, 14.78, 12.28, 9.36, 5.88, 3.84, 0.00, 3.79, 5.68, 5.49, 6.62, 8.88, 10.29, 11.11, 12.80, 14.78, 15.97, 16.91, 18.88, 20.74, 21.50, 22.14, 24.75, 26.32
 11.19, 12.62, 14.72, 16.23, 13.23, 12.18, 15.73, 15.68, 12.82, 14.95, 18.22, 17.02, 15.49, 16.85, 20.06, 22.03, 22.24, 21.58, 23.09, 21.86, 25.21, 27.96, 30.29, 28.39, 29.03, 27.57, 26.77, 25.86, 23.29, 24.15, 24.10, 21.42, 23.41, 23.25, 20.33, 19.16, 21.63, 23.06, 23.19, 22.20, 24.59, 26.26, 26.58, 30.39, 31.84, 29.21, 30.07, 27.19, 27.20, 28.49, 25.28, 23.37, 26.23, 26.58, 22.97, 24.03, 21.07, 20.39, 17.50, 15.60, 12.04, 11.78, 13.40, 11.52, 8.05, 9.78, 11.85, 9.77, 8.32, 12.05, 14.55, 17.66, 16.69, 16.39, 19.38, 21.75, 24.18, 22.11, 23.56, 20.26, 19.87, 16.46, 14.39, 10.91, 7.69, 6.61, 3.79, 0.00, 3.81, 5.42, 5.17, 6.19, 8.70, 10.03, 10.69, 12.49, 14.47, 15.34, 16.64, 18.75, 20.06, 20.54, 22.72, 24.55
 8.28, 9.17, 11.71, 12.99, 9.98, 9.61, 13.33, 13.33, 11.18, 13.65, 16.72, 15.89, 15.15, 16.60, 19.32, 21.74, 22.36, 21.39, 22.39, 20.91, 23.96, 26.88, 29.48, 27.55, 28.59, 27.61, 26.85, 26.44, 23.93, 24.56, 23.95, 21.21, 22.80, 22.88, 20.43, 19.20, 22.01, 23.74, 24.44, 23.70, 25.95, 27.19, 27.10, 30.85, 32.33, 29.95, 31.25, 28.68, 29.14, 30.64, 27.67, 25.40, 28.07, 28.79, 25.32, 26.13, 23.03, 21.75, 18.56, 16.30, 12.58, 13.34, 15.33, 13.00, 10.05, 12.69, 14.36, 11.82, 11.26, 15.02, 17.07, 20.44, 19.91, 19.37, 22.06, 24.65, 26.81, 24.37, 25.44, 21.91, 21.62, 18.07, 16.45, 12.97, 9.36, 9.11, 5.68, 3.81, 0.00, 3.78, 5.36, 4.80, 6.02, 8.52, 9.76, 10.51, 12.35, 14.09, 15.38, 16.83, 18.34, 19.47, 21.51, 22.86
 9.26, 9.22, 10.80, 11.51, 8.28, 7.34, 10.67, 10.28, 7.63, 10.21, 13.20, 12.18, 11.38, 13.01, 15.74, 18.04, 18.85, 18.11, 19.32, 18.25, 21.46, 24.60, 26.96, 24.71, 25.53, 24.50, 23.48, 23.06, 20.79, 21.67, 21.15, 18.77, 20.69, 21.29, 18.88, 18.34, 21.51, 22.76, 23.40, 22.25, 24.04, 25.35, 24.90, 28.59, 29.74, 27.25, 28.61, 26.22, 26.81, 28.69, 25.92, 23.52, 26.34, 27.45, 24.21, 25.32, 22.54, 21.30, 17.85, 16.21, 12.87, 14.03, 15.21, 12.19, 9.94, 12.52, 13.17, 9.95, 9.97, 13.46, 15.10, 18.54, 18.67, 18.28, 20.48, 23.02, 24.75, 22.07, 22.71, 19.02, 18.62, 15.00, 13.76, 10.44, 6.82, 7.85, 5.49, 5.42, 3.78, 0.00, 3.80, 5.32, 5.12, 6.20, 8.66, 10.03, 10.76, 12.28, 14.43, 15.74, 16.51, 17.66, 20.23, 21.38
 9.34, 10.44, 11.30, 12.97, 10.49, 8.23, 11.45, 12.02, 9.00, 10.29, 13.88, 13.33, 11.65, 12.30, 15.38, 17.67, 17.70, 16.66, 17.96, 16.69, 20.07, 22.87, 25.15, 23.22, 23.95, 22.66, 22.03, 21.50, 18.79, 19.39, 19.06, 16.40, 18.42, 18.59, 15.83, 15.17, 18.13, 19.30, 19.77, 18.69, 20.73, 22.10, 22.00, 25.77, 27.15, 24.67, 25.90, 23.33, 23.88, 25.48, 22.67, 20.23, 22.92, 23.88, 20.59, 21.58, 18.75, 17.56, 14.19, 12.69, 9.49, 10.50, 11.43, 8.40, 6.26, 9.13, 9.75, 6.89, 7.59, 11.14, 12.40, 16.03, 16.00, 15.08, 17.32, 20.14, 22.04, 19.35, 20.40, 16.87, 17.06, 13.74, 12.81, 9.07, 6.23, 7.93, 6.62, 5.17, 5.36, 3.80, 0.00, 3.82, 5.54, 5.21, 6.22, 8.75, 10.02, 10.45, 12.32, 14.43, 15.25, 15.65, 18.15, 19.90
 5.87, 7.90, 9.26, 11.68, 9.75, 7.83, 11.48, 12.77, 10.68, 11.88, 15.46, 15.56, 14.48, 14.83, 17.40, 20.19, 20.22, 18.59, 19.20, 17.24, 20.20, 22.81, 25.52, 23.97, 25.25, 24.39, 24.19, 24.12, 21.19, 21.21, 20.32, 17.24, 18.52, 18.29, 15.92, 14.48, 17.35, 19.21, 20.24, 19.86, 22.20, 23.06, 23.03, 26.75, 28.52, 26.43, 27.97, 25.53, 26.36, 27.71, 25.00, 22.35, 24.64, 25.52, 22.20, 22.59, 19.37, 17.62, 14.28, 11.88, 8.26, 9.92, 11.94, 9.39, 7.31, 10.88, 12.16, 9.99, 10.86, 14.47, 15.57, 19.27, 18.96, 17.57, 19.92, 23.00, 25.04, 22.30, 23.50, 20.03, 20.58, 17.39, 16.62, 12.85, 9.99, 11.16, 8.88, 6.19, 4.80, 5.32, 3.82, 0.00, 3.79, 5.49, 5.23, 6.32, 8.76, 9.92, 10.78, 12.68, 14.38, 15.13, 16.97, 18.65
 4.82, 4.97, 6.07, 7.96, 6.04, 4.30, 8.10, 9.41, 8.12, 9.54, 12.74, 13.20, 12.95, 13.47, 15.44, 18.54, 19.11, 17.39, 17.61, 15.68, 18.39, 21.34, 24.17, 22.36, 23.87, 23.45, 23.09, 23.44, 20.80, 20.83, 19.48, 16.67, 17.74, 18.15, 16.35, 15.40, 18.71, 20.46, 21.88, 21.42, 23.30, 23.85, 23.22, 26.81, 28.34, 26.40, 28.31, 26.26, 27.46, 29.20, 26.79, 23.89, 26.14, 27.49, 24.45, 24.89, 21.85, 19.79, 16.19, 14.03, 10.83, 13.18, 14.85, 11.79, 10.47, 14.02, 14.58, 11.81, 13.10, 16.53, 17.32, 21.07, 21.34, 20.09, 21.99, 25.06, 26.67, 23.62, 24.25, 20.58, 21.03, 17.74, 17.38, 13.89, 10.89, 12.61, 10.29, 8.70, 6.02, 5.12, 5.54, 3.79, 0.00, 3.83, 5.55, 5.29, 6.40, 8.75, 10.27, 11.10, 12.49, 14.09, 16.13, 17.06
 7.87, 7.92, 7.17, 8.83, 7.46, 3.99, 6.71, 8.43, 6.41, 6.58, 10.25, 11.00, 10.16, 10.00, 12.11, 15.19, 15.44, 13.65, 14.08, 12.40, 15.48, 18.49, 21.02, 19.06, 20.31, 19.70, 19.34, 19.68, 16.99, 17.04, 15.83, 13.16, 14.67, 15.42, 13.47, 13.25, 16.81, 17.98, 19.26, 18.45, 19.98, 20.60, 19.76, 23.34, 24.69, 22.67, 24.59, 22.64, 23.98, 25.92, 23.71, 20.68, 22.95, 24.60, 21.80, 22.43, 19.72, 17.74, 14.00, 12.62, 10.10, 12.62, 13.34, 9.79, 9.50, 12.85, 12.44, 9.51, 11.68, 14.61, 14.70, 18.48, 19.26, 17.88, 19.27, 22.38, 23.65, 20.40, 20.81, 17.13, 17.87, 14.83, 15.11, 11.79, 9.58, 12.31, 11.11, 10.03, 8.52, 6.20, 5.21, 5.49, 3.83, 0.00, 3.87, 5.51, 5.12, 6.12, 8.74, 10.00, 10.40, 11.48, 14.16, 15.30
 7.48, 9.09, 8.17, 11.05, 10.46, 7.11, 9.55, 12.00, 10.21, 9.62, 13.36, 14.49, 13.20, 12.24, 14.36, 17.44, 16.91, 14.61, 14.73, 12.40, 15.31, 17.71, 20.42, 19.10, 20.56, 19.89, 20.20, 20.60, 17.41, 16.81, 15.52, 12.25, 13.31, 13.15, 10.99, 9.97, 13.32, 14.92, 16.40, 16.16, 18.19, 18.55, 18.22, 21.86, 23.73, 21.95, 23.86, 21.78, 23.18, 24.62, 22.42, 19.29, 21.16, 22.55, 19.69, 19.80, 16.80, 14.48, 10.81, 8.95, 6.50, 9.54, 10.55, 7.41, 7.73, 11.41, 11.35, 9.46, 11.98, 14.84, 14.61, 18.44, 18.82, 16.77, 18.26, 21.70, 23.23, 20.07, 21.02, 17.65, 19.03, 16.39, 16.76, 13.22, 11.49, 13.96, 12.80, 10.69, 9.76, 8.66, 6.22, 5.23, 5.55, 3.87, 0.00, 3.81, 5.38, 4.95, 6.10, 8.55, 9.77, 9.99, 12.06, 13.98
 4.93, 6.50, 5.30, 8.88, 9.21, 6.60, 8.98, 11.92, 11.27, 10.93, 14.21, 15.82, 15.37, 14.57, 16.00, 19.46, 19.31, 16.70, 16.06, 13.23, 15.42, 17.78, 20.93, 19.85, 21.90, 21.85, 22.34, 23.25, 20.17, 19.24, 17.31, 14.01, 14.15, 13.99, 12.73, 11.25, 14.52, 16.69, 18.79, 19.07, 21.07, 20.88, 20.32, 23.73, 25.75, 24.39, 26.66, 24.87, 26.55, 27.98, 25.95, 22.70, 24.27, 25.74, 22.99, 22.72, 19.57, 16.80, 13.30, 10.86, 8.47, 11.86, 13.57, 10.88, 10.94, 14.78, 15.08, 13.19, 15.45, 18.51, 18.41, 22.24, 22.57, 20.49, 22.00, 25.48, 26.97, 23.75, 24.55, 21.15, 22.51, 19.78, 20.15, 16.63, 14.46, 16.64, 14.78, 12.49, 10.51, 10.03, 8.75, 6.32, 5.29, 5.51, 3.81, 0.00, 3.86, 5.53, 5.39, 6.48, 8.81, 10.12, 11.37, 12.64
 7.62, 7.25, 4.29, 6.85, 7.93, 4.88, 5.72, 9.19, 9.20, 8.12, 10.95, 13.15, 13.17, 12.13, 12.86, 16.53, 16.69, 13.99, 13.00, 10.31, 12.43, 15.25, 18.33, 16.86, 18.99, 19.27, 19.59, 20.88, 18.12, 17.23, 14.97, 12.11, 12.29, 13.12, 12.39, 12.01, 15.69, 17.24, 19.43, 19.33, 20.68, 20.34, 19.09, 22.33, 23.96, 22.67, 25.23, 23.84, 25.84, 27.70, 26.01, 22.60, 24.19, 26.17, 23.77, 23.76, 21.02, 18.26, 14.60, 12.99, 11.25, 14.67, 15.62, 12.42, 13.05, 16.66, 16.14, 13.79, 16.43, 19.15, 18.64, 22.40, 23.36, 21.46, 22.44, 25.81, 26.80, 23.31, 23.52, 20.03, 21.37, 18.76, 19.67, 16.55, 14.65, 17.42, 15.97, 14.47, 12.35, 10.76, 10.02, 8.76, 6.40, 5.12, 5.38, 3.86, 0.00, 3.82, 5.65, 5.27, 6.12, 8.32, 10.35, 10.78
 10.32, 10.79, 8.09, 10.49, 11.29, 7.73, 8.04, 11.36, 10.58, 8.42, 11.50, 13.78, 12.95, 10.96, 11.89, 15.33, 14.67, 11.63, 10.72, 7.83, 10.42, 12.90, 15.75, 14.50, 16.41, 16.37, 17.11, 18.33, 15.23, 13.97, 11.81, 8.61, 9.03, 9.69, 8.65, 8.77, 12.59, 13.70, 15.83, 15.68, 16.93, 16.52, 15.36, 18.69, 20.45, 19.17, 21.70, 20.30, 22.43, 24.17, 22.67, 19.15, 20.53, 22.62, 20.44, 20.36, 17.85, 15.07, 11.43, 10.54, 9.74, 13.16, 13.34, 10.20, 11.88, 15.14, 14.05, 12.24, 15.45, 17.64, 16.48, 20.15, 21.27, 19.04, 19.60, 23.09, 23.93, 20.38, 20.71, 17.46, 19.35, 17.22, 18.59, 15.60, 14.53, 17.65, 16.91, 15.34, 14.09, 12.28, 10.45, 9.92, 8.75, 6.12, 4.95, 5.53, 3.82, 0.00, 3.84, 5.28, 5.06, 5.42, 8.12, 9.56
 10.09, 11.45, 8.96, 12.17, 13.43, 10.28, 11.05, 14.58, 14.03, 12.19, 15.21, 17.55, 16.73, 14.71, 15.59, 19.00, 18.04, 14.77, 13.46, 10.03, 11.74, 13.33, 16.52, 16.15, 18.46, 18.62, 19.94, 21.29, 17.95, 16.12, 13.78, 10.21, 9.47, 8.80, 8.24, 6.92, 10.37, 12.36, 15.06, 15.83, 17.56, 16.63, 15.97, 19.13, 21.48, 20.65, 23.22, 21.82, 24.01, 25.25, 23.80, 20.25, 21.12, 22.91, 20.72, 19.96, 17.15, 13.86, 10.57, 8.93, 8.61, 12.33, 13.08, 10.78, 12.55, 15.95, 15.42, 14.33, 17.41, 19.72, 18.60, 22.24, 22.93, 20.26, 21.01, 24.69, 25.79, 22.41, 23.17, 20.19, 22.38, 20.40, 21.59, 18.39, 17.22, 19.96, 18.88, 16.64, 15.38, 14.43, 12.32, 10.78, 10.27, 8.74, 6.10, 5.39, 5.65, 3.84, 0.00, 3.78, 5.75, 5.50, 6.24, 8.44
 10.47, 10.81, 7.59, 10.35, 12.59, 10.06, 9.94, 13.72, 14.19, 12.34, 14.66, 17.49, 17.46, 15.58, 15.64, 19.32, 18.87, 15.48, 13.45, 9.86, 10.64, 12.42, 15.97, 15.57, 18.40, 19.28, 20.55, 22.43, 19.45, 17.56, 14.63, 11.55, 10.10, 10.28, 10.88, 10.11, 13.38, 15.28, 18.25, 19.02, 20.32, 19.04, 17.78, 20.58, 22.71, 22.22, 25.17, 24.20, 26.67, 28.17, 26.96, 23.32, 24.11, 26.18, 24.21, 23.46, 20.79, 17.41, 14.23, 12.66, 12.16, 15.91, 16.82, 14.33, 15.82, 19.36, 18.77, 17.23, 20.25, 22.68, 21.60, 25.26, 26.20, 23.71, 24.32, 27.93, 28.79, 25.25, 25.58, 22.50, 24.53, 22.46, 23.79, 20.72, 19.29, 22.10, 20.74, 18.75, 16.83, 15.74, 14.43, 12.68, 11.10, 10.00, 8.55, 6.48, 5.27, 5.28, 3.78, 0.00, 3.79, 5.80, 5.96, 6.26
 13.12, 12.82, 9.22, 10.91, 13.14, 10.35, 9.00, 12.68, 13.28, 10.63, 12.38, 15.58, 15.61, 13.28, 12.72, 16.33, 15.86, 12.35, 9.91, 6.33, 7.03, 9.39, 12.78, 11.95, 14.80, 15.91, 17.16, 19.35, 16.64, 14.71, 11.50, 8.97, 7.60, 9.10, 10.08, 10.71, 14.20, 15.20, 17.99, 18.25, 18.87, 17.55, 15.64, 18.26, 19.96, 19.51, 22.65, 22.06, 24.78, 26.64, 25.76, 22.05, 22.85, 25.37, 23.75, 23.33, 21.13, 17.98, 14.74, 14.10, 14.01, 17.61, 17.78, 14.93, 16.88, 20.10, 18.80, 17.07, 20.38, 22.37, 20.86, 24.35, 25.82, 23.49, 23.57, 27.02, 27.41, 23.71, 23.55, 20.54, 22.64, 20.87, 22.71, 20.08, 19.11, 22.35, 21.50, 20.06, 18.34, 16.51, 15.25, 14.38, 12.49, 10.40, 9.77, 8.81, 6.12, 5.06, 5.75, 3.79, 0.00, 3.80, 5.66, 5.14
 14.93, 15.37, 12.11, 14.21, 15.90, 12.62, 11.72, 15.19, 14.98, 11.97, 14.08, 17.03, 16.26, 13.35, 13.19, 16.38, 15.03, 11.32, 9.11, 5.40, 6.55, 7.95, 11.04, 10.77, 13.31, 13.96, 15.77, 17.79, 14.69, 12.24, 9.18, 6.10, 4.34, 5.37, 6.48, 7.70, 11.07, 11.60, 14.41, 14.80, 15.37, 13.84, 12.13, 14.86, 16.90, 16.53, 19.60, 18.97, 21.77, 23.38, 22.69, 18.93, 19.40, 21.93, 20.55, 19.95, 17.99, 14.84, 11.87, 11.94, 12.79, 16.16, 15.73, 13.26, 15.91, 18.73, 17.12, 16.04, 19.61, 21.16, 19.19, 22.48, 23.95, 21.31, 21.06, 24.58, 24.89, 21.27, 21.34, 18.69, 21.30, 20.00, 22.08, 19.55, 19.20, 22.52, 22.14, 20.54, 19.47, 17.66, 15.65, 15.13, 14.09, 11.48, 9.99, 10.12, 8.32, 5.42, 5.50, 5.80, 3.80, 0.00, 3.84, 5.59
 15.85, 16.65, 13.46, 15.95, 18.09, 15.11, 14.46, 18.14, 18.23, 15.48, 17.56, 20.61, 19.99, 17.17, 16.93, 20.13, 18.73, 14.96, 12.47, 8.75, 8.50, 8.49, 11.90, 12.74, 15.70, 16.72, 18.99, 21.17, 18.03, 15.19, 12.06, 9.14, 6.18, 5.42, 7.77, 7.78, 10.28, 11.50, 14.93, 16.22, 17.06, 14.90, 13.59, 15.84, 18.38, 18.64, 21.78, 21.30, 24.19, 25.36, 24.83, 21.09, 21.02, 23.31, 22.07, 20.84, 18.75, 15.18, 12.77, 12.40, 13.68, 17.13, 17.11, 15.27, 17.89, 20.81, 19.61, 18.94, 22.41, 24.09, 22.18, 25.45, 26.62, 23.68, 23.54, 27.17, 27.64, 24.16, 24.51, 22.08, 24.86, 23.62, 25.57, 22.86, 22.33, 25.44, 24.75, 22.72, 21.51, 20.23, 18.15, 16.97, 16.13, 14.16, 12.06, 11.37, 10.35, 8.12, 6.24, 5.96, 5.66, 3.84, 0.00, 3.85
 16.71, 16.73, 13.19, 14.99, 17.73, 15.26, 13.85, 17.51, 18.39, 15.64, 16.99, 20.41, 20.46, 17.81, 16.82, 20.17, 19.30, 15.55, 12.44, 8.84, 7.34, 7.56, 11.32, 12.02, 15.50, 17.28, 19.38, 22.05, 19.36, 16.64, 13.06, 10.89, 7.77, 8.50, 11.15, 11.56, 14.12, 15.19, 18.56, 19.59, 20.03, 17.78, 15.86, 17.69, 19.77, 20.29, 23.72, 23.64, 26.73, 28.23, 27.86, 24.09, 24.11, 26.66, 25.54, 24.49, 22.50, 18.99, 16.44, 15.96, 16.76, 20.36, 20.51, 18.31, 20.65, 23.76, 22.50, 21.33, 24.77, 26.58, 24.74, 28.07, 29.49, 26.78, 26.56, 30.10, 30.34, 26.71, 26.62, 24.04, 26.59, 25.25, 27.32, 24.74, 23.99, 27.19, 26.32, 24.55, 22.86, 21.38, 19.90, 18.65, 17.06, 15.30, 13.98, 12.64, 10.78, 9.56, 8.44, 6.26, 5.14, 5.59, 3.85, 0.00
