 0.00, 3.83, 6.52, 10.15, 13.43, 16.79, 19.67, 23.02, 25.18, 28.92, 28.45, 24.83, 23.25, 20.26, 16.40, 13.86, 10.17, 8.24, 5.38, 5.59, 6.04, 7.11, 8.93, 12.00, 10.75, 9.37, 12.78, 14.55, 13.80, 14.34, 17.57, 18.84, 18.25, 20.08, 22.72, 23.30, 23.98, 26.27, 24.44, 25.37, 24.76, 23.63, 19.98, 18.28, 14.88, 14.20, 11.75, 12.77, 11.36, 8.88, 11.53, 13.67, 17.16, 19.96, 23.53, 26.67
 3.83, 0.00, 3.76, 6.76, 10.25, 13.44, 16.37, 19.74, 22.01, 25.68, 25.09, 21.41, 19.66, 16.54, 12.67, 10.22, 6.60, 5.65, 4.57, 6.54, 8.71, 9.15, 9.61, 12.66, 11.36, 8.77, 11.88, 13.97, 12.60, 12.35, 15.88, 17.23, 15.99, 17.59, 20.59, 21.07, 21.26, 23.67, 21.74, 23.00, 22.39, 21.55, 18.06, 16.56, 13.56, 13.05, 11.52, 12.33, 9.88, 7.50, 9.16, 11.39, 14.52, 17.33, 20.75, 23.88
 6.52, 3.76, 0.00, 3.82, 6.96, 10.31, 13.23, 16.51, 18.78, 22.53, 22.29, 18.77, 17.04, 14.27, 10.52, 8.55, 5.53, 5.54, 6.32, 7.27, 9.77, 8.87, 7.81, 10.73, 10.08, 6.81, 9.04, 11.74, 10.73, 9.60, 12.96, 14.89, 13.74, 14.74, 17.83, 18.80, 18.82, 20.85, 18.60, 19.60, 18.76, 17.80, 14.31, 12.88, 10.09, 10.10, 9.37, 10.78, 8.20, 5.14, 5.83, 7.64, 10.84, 13.68, 17.14, 20.33
 10.15, 6.76, 3.82, 0.00, 3.78, 6.69, 9.79, 13.02, 15.51, 19.18, 18.95, 15.43, 13.39, 10.56, 6.87, 5.75, 4.27, 6.59, 8.99, 10.51, 13.39, 12.32, 10.53, 12.96, 12.49, 8.78, 9.88, 12.70, 11.30, 9.00, 12.29, 14.38, 12.53, 12.86, 16.34, 17.33, 16.64, 18.62, 16.14, 17.44, 16.49, 15.86, 12.73, 11.64, 9.76, 10.08, 10.71, 11.72, 8.48, 6.42, 4.70, 6.07, 8.29, 11.10, 14.25, 17.45
 13.43, 10.25, 6.96, 3.78, 0.00, 3.85, 6.28, 9.62, 11.85, 15.59, 15.53, 12.19, 10.45, 8.38, 5.51, 5.40, 6.07, 8.44, 11.51, 12.59, 15.63, 14.19, 11.71, 13.26, 13.04, 9.34, 9.08, 11.76, 10.44, 7.15, 9.85, 12.22, 10.22, 9.69, 13.28, 14.60, 13.58, 15.19, 12.48, 13.79, 12.89, 12.65, 9.94, 9.74, 9.10, 10.54, 12.21, 13.67, 10.75, 8.78, 5.73, 4.65, 5.43, 7.56, 10.73, 13.75
 16.79, 13.44, 10.31, 6.69, 3.85, 0.00, 3.83, 6.44, 9.42, 12.96, 13.27, 10.23, 7.70, 5.95, 4.57, 6.91, 8.94, 11.93, 15.13, 16.41, 19.39, 17.78, 15.06, 16.56, 16.70, 13.08, 12.27, 14.94, 13.73, 10.09, 12.01, 14.46, 12.16, 10.61, 14.23, 15.67, 13.78, 14.96, 11.85, 13.24, 11.86, 11.80, 9.90, 9.86, 10.32, 11.51, 14.01, 14.88, 11.90, 11.02, 7.41, 6.32, 4.71, 6.50, 8.49, 11.61
 19.67, 16.37, 13.23, 9.79, 6.28, 3.83, 0.00, 3.73, 5.81, 9.40, 9.60, 6.74, 5.00, 5.26, 6.01, 8.24, 11.04, 13.72, 17.24, 18.40, 21.57, 20.03, 17.20, 17.98, 17.94, 14.55, 13.17, 15.15, 13.81, 10.04, 11.09, 13.14, 10.66, 8.31, 11.72, 13.13, 10.73, 11.56, 8.46, 10.30, 9.49, 10.58, 9.77, 11.07, 12.50, 14.44, 17.14, 18.38, 15.60, 14.43, 10.81, 8.70, 6.09, 5.32, 6.51, 8.71
 23.02, 19.74, 16.51, 13.02, 9.62, 6.44, 3.73, 0.00, 3.79, 6.84, 8.21, 6.73, 4.92, 6.90, 8.94, 11.75, 14.63, 17.41, 20.88, 21.93, 24.96, 23.14, 20.06, 20.72, 21.09, 17.84, 16.01, 18.04, 17.07, 13.26, 13.59, 15.77, 13.57, 10.58, 13.39, 15.09, 12.28, 12.16, 8.83, 10.13, 8.70, 9.94, 10.30, 11.80, 14.06, 15.92, 19.09, 20.11, 17.59, 16.94, 13.19, 11.02, 7.59, 6.03, 4.73, 6.42
 25.18, 22.01, 18.78, 15.51, 11.85, 9.42, 5.81, 3.79, 0.00, 3.83, 5.41, 5.15, 5.80, 8.98, 11.33, 13.51, 16.53, 18.90, 22.47, 23.33, 26.44, 24.72, 21.66, 21.71, 21.88, 18.95, 16.80, 18.13, 17.15, 13.57, 13.09, 14.72, 12.71, 9.31, 11.32, 12.96, 9.93, 9.07, 6.04, 7.67, 7.34, 9.94, 11.21, 13.68, 16.27, 18.68, 21.77, 23.20, 20.80, 19.71, 16.03, 13.32, 10.02, 7.16, 5.43, 4.62
 28.92, 25.68, 22.53, 19.18, 15.59, 12.96, 9.40, 6.84, 3.83, 0.00, 3.82, 6.23, 7.66, 11.40, 14.40, 16.73, 19.98, 22.41, 26.05, 27.01, 30.18, 28.51, 25.45, 25.36, 25.50, 22.65, 20.45, 21.52, 20.49, 17.08, 16.31, 17.51, 15.54, 12.19, 13.47, 14.72, 11.41, 9.97, 7.98, 9.44, 9.56, 12.48, 14.47, 17.05, 19.88, 22.24, 25.45, 26.76, 24.36, 23.45, 19.75, 17.11, 13.70, 10.78, 8.30, 5.98
 28.45, 25.09, 22.29, 18.95, 15.53, 13.27, 9.60, 8.21, 5.41, 3.82, 0.00, 3.84, 6.61, 10.32, 13.50, 15.45, 18.92, 21.30, 25.06, 26.36, 29.77, 28.57, 25.85, 25.78, 25.36, 22.43, 20.71, 21.40, 19.76, 16.65, 16.29, 16.75, 14.25, 11.51, 12.84, 13.09, 9.40, 8.94, 8.06, 10.77, 11.85, 15.02, 16.43, 18.99, 21.34, 23.67, 26.57, 27.88, 25.13, 24.00, 20.40, 17.98, 14.98, 12.31, 10.81, 9.05
 24.83, 21.41, 18.77, 15.43, 12.19, 10.23, 6.74, 6.73, 5.15, 6.23, 3.84, 0.00, 3.83, 7.00, 9.89, 11.64, 15.14, 17.60, 21.38, 22.89, 26.38, 25.37, 22.85, 23.06, 22.40, 19.28, 17.98, 18.81, 16.85, 13.71, 14.04, 14.54, 11.58, 9.29, 11.52, 11.57, 7.92, 8.81, 7.48, 10.74, 11.68, 14.45, 14.97, 17.18, 18.99, 21.16, 23.78, 25.05, 22.11, 20.84, 17.36, 15.21, 12.63, 10.54, 10.12, 9.66
 23.25, 19.66, 17.04, 13.39, 10.45, 7.70, 5.00, 4.92, 5.80, 7.66, 6.61, 3.83, 0.00, 3.84, 7.32, 10.08, 13.64, 16.67, 20.39, 22.14, 25.56, 24.44, 21.88, 22.68, 22.25, 18.81, 17.77, 19.31, 17.41, 13.96, 14.97, 16.14, 13.07, 10.94, 13.90, 14.33, 11.00, 12.06, 9.89, 12.59, 12.45, 14.35, 14.36, 15.81, 17.37, 18.98, 21.68, 22.47, 19.39, 18.63, 15.09, 13.53, 10.90, 9.81, 9.43, 10.20
 20.26, 16.54, 14.27, 10.56, 8.38, 5.95, 5.26, 6.90, 8.98, 11.40, 10.32, 7.00, 3.84, 0.00, 3.88, 7.09, 10.62, 14.00, 17.63, 19.76, 23.19, 22.31, 20.07, 21.40, 20.77, 17.11, 16.77, 18.61, 16.45, 13.16, 15.09, 16.34, 13.07, 11.80, 15.25, 15.49, 12.65, 14.46, 12.26, 14.90, 14.52, 15.76, 14.84, 15.53, 16.26, 17.33, 19.63, 20.12, 16.73, 16.12, 12.84, 12.12, 10.31, 10.53, 11.20, 12.96
 16.40, 12.67, 10.52, 6.87, 5.51, 4.57, 6.01, 8.94, 11.33, 14.40, 13.50, 9.89, 7.32, 3.88, 0.00, 3.80, 6.93, 10.48, 13.97, 16.19, 19.57, 18.82, 16.83, 18.52, 17.76, 14.00, 14.24, 16.32, 14.12, 11.07, 13.74, 15.16, 12.07, 11.57, 15.28, 15.62, 13.55, 15.72, 13.45, 15.80, 15.29, 15.91, 14.10, 14.20, 14.07, 14.87, 16.66, 17.18, 13.67, 12.76, 9.85, 9.75, 9.11, 10.41, 12.25, 14.70
 13.86, 10.22, 8.55, 5.75, 5.40, 6.91, 8.24, 11.75, 13.51, 16.73, 15.45, 11.64, 10.08, 7.09, 3.80, 0.00, 3.73, 7.00, 10.64, 13.07, 16.65, 16.42, 14.97, 16.54, 15.15, 11.49, 12.49, 14.09, 11.43, 9.10, 12.37, 13.24, 10.18, 10.87, 14.44, 14.34, 13.06, 15.78, 14.05, 16.47, 16.50, 17.18, 14.94, 15.12, 14.35, 15.34, 16.39, 17.35, 13.90, 12.17, 9.99, 9.97, 10.48, 11.78, 14.38, 16.72
 10.17, 6.60, 5.53, 4.27, 6.07, 8.94, 11.04, 14.63, 16.53, 19.98, 18.92, 15.14, 13.64, 10.62, 6.93, 3.73, 0.00, 3.76, 7.07, 9.70, 13.19, 13.27, 12.37, 14.34, 12.73, 9.16, 11.14, 12.86, 10.35, 8.90, 12.62, 13.56, 11.19, 12.57, 15.92, 15.96, 15.46, 18.16, 16.45, 18.44, 18.33, 18.47, 15.63, 15.26, 13.59, 14.23, 14.43, 15.50, 12.23, 10.02, 8.94, 9.69, 11.47, 13.41, 16.54, 19.20
 8.24, 5.65, 5.54, 6.59, 8.44, 11.93, 13.72, 17.41, 18.90, 22.41, 21.30, 17.60, 16.67, 14.00, 10.48, 7.00, 3.76, 0.00, 3.81, 6.39, 10.08, 10.80, 10.69, 12.33, 10.01, 6.98, 9.93, 10.95, 8.38, 8.39, 12.12, 12.58, 10.94, 13.17, 15.98, 15.88, 16.27, 19.02, 17.71, 19.46, 19.68, 19.75, 16.71, 16.43, 14.35, 15.23, 14.72, 16.32, 13.60, 10.67, 10.56, 11.06, 13.48, 15.21, 18.69, 21.20
 5.38, 4.57, 6.32, 8.99, 11.51, 15.13, 17.24, 20.88, 22.47, 26.05, 25.06, 21.38, 20.39, 17.63, 13.97, 10.64, 7.07, 3.81, 0.00, 3.78, 7.02, 8.72, 9.91, 11.83, 9.29, 7.34, 11.06, 11.89, 9.97, 10.97, 14.44, 14.86, 13.92, 16.36, 18.86, 18.82, 19.66, 22.33, 21.06, 22.50, 22.61, 22.30, 18.99, 18.27, 15.60, 16.03, 14.60, 16.19, 14.00, 10.98, 12.10, 13.15, 16.14, 18.17, 21.80, 24.46
 5.59, 6.54, 7.27, 10.51, 12.59, 16.41, 18.40, 21.93, 23.33, 27.01, 26.36, 22.89, 22.14, 19.76, 16.19, 13.07, 9.70, 6.39, 3.78, 0.00, 3.78, 5.42, 7.22, 8.70, 6.09, 5.42, 9.25, 9.84, 9.00, 10.67, 13.56, 14.21, 14.24, 16.58, 18.62, 19.06, 20.41, 22.65, 21.34, 22.21, 22.26, 21.62, 18.19, 17.45, 14.60, 15.34, 13.54, 15.79, 14.38, 10.91, 12.46, 13.04, 16.35, 18.25, 22.04, 24.68
 6.04, 8.71, 9.77, 13.39, 15.63, 19.39, 21.57, 24.96, 26.44, 30.18, 29.77, 26.38, 25.56, 23.19, 19.57, 16.65, 13.19, 10.08, 7.02, 3.78, 0.00, 3.81, 7.25, 8.67, 6.82, 7.78, 11.11, 11.66, 11.79, 13.69, 16.10, 16.93, 17.50, 19.70, 21.49, 22.18, 23.77, 25.77, 24.37, 24.85, 24.69, 23.63, 20.08, 18.97, 15.78, 16.17, 13.65, 15.94, 15.36, 12.08, 14.40, 15.22, 18.77, 20.84, 24.64, 27.38
 7.11, 9.15, 8.87, 12.32, 14.19, 17.78, 20.03, 23.14, 24.72, 28.51, 28.57, 25.37, 24.44, 22.31, 18.82, 16.42, 13.27, 10.80, 8.72, 5.42, 3.81, 0.00, 3.78, 5.74, 5.57, 6.47, 8.90, 10.29, 11.35, 12.55, 14.56, 16.18, 17.01, 18.56, 20.37, 21.70, 23.13, 24.66, 22.86, 22.86, 22.28, 20.80, 17.18, 15.81, 12.54, 13.03, 10.55, 13.34, 13.26, 9.85, 12.19, 12.75, 16.37, 18.54, 22.27, 25.14
 8.93, 9.61, 7.81, 10.53, 11.71, 15.06, 17.20, 20.06, 21.66, 25.45, 25.85, 22.85, 21.88, 20.07, 16.83, 14.97, 12.37, 10.69, 9.91, 7.22, 7.25, 3.78, 0.00, 3.80, 5.39, 5.13, 6.14, 8.62, 10.18, 10.41, 12.08, 14.43, 15.27, 16.14, 18.06, 19.89, 21.04, 22.18, 20.02, 19.73, 18.84, 17.14, 13.49, 12.08, 8.93, 9.98, 8.23, 11.58, 11.48, 7.90, 9.54, 9.49, 13.03, 15.16, 18.81, 21.73
 12.00, 12.66, 10.73, 12.96, 13.26, 16.56, 17.98, 20.72, 21.71, 25.36, 25.78, 23.06, 22.68, 21.40, 18.52, 16.54, 14.34, 12.33, 11.83, 8.70, 8.67, 5.74, 3.80, 0.00, 3.76, 5.48, 5.09, 6.26, 8.95, 9.89, 10.51, 12.60, 14.34, 15.24, 16.42, 18.43, 20.11, 20.92, 19.11, 18.47, 18.00, 16.54, 13.25, 12.72, 10.40, 12.43, 11.29, 14.91, 14.92, 11.34, 12.22, 11.06, 14.08, 15.33, 18.96, 21.39
 10.75, 11.36, 10.08, 12.49, 13.04, 16.70, 17.94, 21.09, 21.88, 25.50, 25.36, 22.40, 22.25, 20.77, 17.76, 15.15, 12.73, 10.01, 9.29, 6.09, 6.82, 5.57, 5.39, 3.76, 0.00, 3.80, 5.45, 5.08, 6.61, 8.74, 10.05, 11.11, 12.63, 14.42, 15.60, 16.88, 18.82, 20.21, 18.91, 18.92, 19.06, 18.29, 15.11, 15.00, 12.76, 14.70, 13.50, 16.78, 16.10, 12.32, 13.13, 12.16, 15.15, 16.23, 20.00, 22.25
 9.37, 8.77, 6.81, 8.78, 9.34, 13.08, 14.55, 17.84, 18.95, 22.65, 22.43, 19.28, 18.81, 17.11, 14.00, 11.49, 9.16, 6.98, 7.34, 5.42, 7.78, 6.47, 5.13, 5.48, 3.80, 0.00, 3.87, 5.31, 5.36, 6.12, 8.55, 10.11, 10.59, 12.16, 14.14, 15.37, 16.66, 18.30, 16.66, 17.09, 17.04, 16.39, 13.08, 12.87, 10.66, 12.53, 11.85, 14.82, 13.46, 9.69, 9.93, 9.05, 12.05, 13.45, 17.27, 19.76
 12.78, 11.88, 9.04, 9.88, 9.08, 12.27, 13.17, 16.01, 16.80, 20.45, 20.71, 17.98, 17.77, 16.77, 14.24, 12.49, 11.14, 9.93, 11.06, 9.25, 11.11, 8.90, 6.14, 5.09, 5.45, 3.87, 0.00, 3.83, 5.63, 5.05, 5.95, 8.63, 9.77, 10.30, 11.95, 14.03, 15.28, 16.17, 14.23, 14.00, 13.76, 12.95, 9.79, 10.15, 8.77, 11.61, 11.84, 15.18, 14.14, 10.58, 9.90, 7.69, 10.10, 10.85, 14.59, 16.89
 14.55, 13.97, 11.74, 12.70, 11.76, 14.94, 15.15, 18.04, 18.13, 21.52, 21.40, 18.81, 19.31, 18.61, 16.32, 14.09, 12.86, 10.95, 11.89, 9.84, 11.66, 10.29, 8.62, 6.26, 5.08, 5.31, 3.83, 0.00, 3.74, 5.50, 5.34, 6.44, 8.68, 10.07, 10.71, 12.36, 14.48, 15.45, 14.38, 14.28, 14.97, 14.87, 12.33, 13.45, 12.49, 15.42, 15.46, 18.84, 17.76, 14.11, 13.53, 11.24, 13.18, 13.12, 16.68, 18.32
 13.80, 12.60, 10.73, 11.30, 10.44, 13.73, 13.81, 17.07, 17.15, 20.49, 19.76, 16.85, 17.41, 16.45, 14.12, 11.43, 10.35, 8.38, 9.97, 9.00, 11.79, 11.35, 10.18, 8.95, 6.61, 5.36, 5.63, 3.74, 0.00, 3.88, 5.51, 5.21, 6.14, 8.64, 9.85, 10.48, 12.43, 14.25, 13.55, 14.43, 15.53, 16.06, 13.63, 14.84, 13.87, 16.51, 16.64, 19.59, 17.83, 14.25, 13.39, 11.44, 13.19, 13.14, 16.70, 18.28
 14.34, 12.35, 9.60, 9.00, 7.15, 10.09, 10.04, 13.26, 13.57, 17.08, 16.65, 13.71, 13.96, 13.16, 11.07, 9.10, 8.90, 8.39, 10.97, 10.67, 13.69, 12.55, 10.41, 9.89, 8.74, 6.12, 5.05, 5.50, 3.88, 0.00, 3.79, 5.50, 5.04, 6.06, 8.43, 9.79, 10.66, 12.24, 10.72, 11.69, 12.34, 12.87, 10.47, 11.83, 11.40, 14.20, 15.10, 17.84, 15.81, 12.58, 10.82, 8.36, 9.52, 9.38, 12.96, 14.77
 17.57, 15.88, 12.96, 12.29, 9.85, 12.01, 11.09, 13.59, 13.09, 16.31, 16.29, 14.04, 14.97, 15.09, 13.74, 12.37, 12.62, 12.12, 14.44, 13.56, 16.10, 14.56, 12.08, 10.51, 10.05, 8.55, 5.95, 5.34, 5.51, 3.79, 0.00, 3.87, 5.42, 5.10, 6.02, 8.51, 9.92, 10.42, 9.05, 9.14, 10.25, 11.09, 9.41, 11.73, 12.19, 15.57, 16.83, 19.88, 18.30, 15.14, 13.21, 10.02, 10.40, 9.06, 12.25, 13.37
 18.84, 17.23, 14.89, 14.38, 12.22, 14.46, 13.14, 15.77, 14.72, 17.51, 16.75, 14.54, 16.14, 16.34, 15.16, 13.24, 13.56, 12.58, 14.86, 14.21, 16.93, 16.18, 14.43, 12.60, 11.11, 10.11, 8.63, 6.44, 5.21, 5.50, 3.87, 0.00, 3.76, 5.48, 5.01, 5.95, 8.56, 9.73, 9.82, 10.71, 12.84, 14.42, 13.16, 15.57, 15.88, 19.10, 20.06, 23.06, 21.24, 17.95, 16.22, 13.37, 13.75, 12.22, 15.09, 15.61
 18.25, 15.99, 13.74, 12.53, 10.22, 12.16, 10.66, 13.57, 12.71, 15.54, 14.25, 11.58, 13.07, 13.07, 12.07, 10.18, 11.19, 10.94, 13.92, 14.24, 17.50, 17.01, 15.27, 14.34, 12.63, 10.59, 9.77, 8.68, 6.14, 5.04, 5.42, 3.76, 0.00, 3.82, 5.39, 5.10, 6.34, 8.71, 8.67, 10.74, 12.77, 14.67, 13.40, 15.63, 15.95, 18.84, 20.02, 22.56, 20.21, 17.22, 15.11, 12.58, 12.61, 11.24, 13.98, 14.64
 20.08, 17.59, 14.74, 12.86, 9.69, 10.61, 8.31, 10.58, 9.31, 12.19, 11.51, 9.29, 10.94, 11.80, 11.57, 10.87, 12.57, 13.17, 16.36, 16.58, 19.70, 18.56, 16.14, 15.24, 14.42, 12.16, 10.30, 10.07, 8.64, 6.06, 5.10, 5.48, 3.82, 0.00, 3.75, 5.51, 5.22, 6.24, 5.05, 7.11, 9.11, 11.40, 10.78, 13.53, 14.71, 17.83, 19.68, 22.16, 19.92, 17.29, 14.58, 11.50, 10.52, 8.25, 10.52, 10.86
 22.72, 20.59, 17.83, 16.34, 13.28, 14.23, 11.72, 13.39, 11.32, 13.47, 12.84, 11.52, 13.90, 15.25, 15.28, 14.44, 15.92, 15.98, 18.86, 18.62, 21.49, 20.37, 18.06, 16.42, 15.60, 14.14, 11.95, 10.71, 9.85, 8.43, 6.02, 5.01, 5.39, 3.75, 0.00, 3.81, 5.29, 4.93, 5.56, 6.73, 9.81, 12.50, 12.55, 15.74, 17.16, 20.57, 22.34, 25.11, 23.16, 20.35, 17.84, 14.54, 13.58, 10.86, 12.62, 12.05
 23.30, 21.07, 18.80, 17.33, 14.60, 15.67, 13.13, 15.09, 12.96, 14.72, 13.09, 11.57, 14.33, 15.49, 15.62, 14.34, 15.96, 15.88, 18.82, 19.06, 22.18, 21.70, 19.89, 18.43, 16.88, 15.37, 14.03, 12.36, 10.48, 9.79, 8.51, 5.95, 5.10, 5.51, 3.81, 0.00, 3.80, 5.53, 7.70, 9.97, 13.16, 16.02, 15.90, 18.85, 19.91, 23.09, 24.61, 27.22, 24.92, 22.06, 19.67, 16.78, 16.02, 13.62, 15.35, 14.69
 23.98, 21.26, 18.82, 16.64, 13.58, 13.78, 10.73, 12.28, 9.93, 11.41, 9.40, 7.92, 11.00, 12.65, 13.55, 13.06, 15.46, 16.27, 19.66, 20.41, 23.77, 23.13, 21.04, 20.11, 18.82, 16.66, 15.28, 14.48, 12.43, 10.66, 9.92, 8.56, 6.34, 5.22, 5.29, 3.80, 0.00, 3.83, 5.71, 9.02, 11.97, 15.16, 15.37, 18.30, 19.70, 22.67, 24.60, 26.83, 24.26, 21.84, 19.01, 16.22, 14.78, 12.21, 13.32, 12.46
 26.27, 23.67, 20.85, 18.62, 15.19, 14.96, 11.56, 12.16, 9.07, 9.97, 8.94, 8.81, 12.06, 14.46, 15.72, 15.78, 18.16, 19.02, 22.33, 22.65, 25.77, 24.66, 22.18, 20.92, 20.21, 18.30, 16.17, 15.45, 14.25, 12.24, 10.42, 9.73, 8.71, 6.24, 4.93, 5.53, 3.83, 0.00, 3.83, 6.35, 9.80, 13.39, 14.47, 17.84, 19.88, 23.11, 25.38, 27.76, 25.52, 23.20, 20.18, 16.96, 15.03, 11.77, 12.14, 10.39
 24.44, 21.74, 18.60, 16.14, 12.48, 11.85, 8.46, 8.83, 6.04, 7.98, 8.06, 7.48, 9.89, 12.26, 13.45, 14.05, 16.45, 17.71, 21.06, 21.34, 24.37, 22.86, 20.02, 19.11, 18.91, 16.66, 14.23, 14.38, 13.55, 10.72, 9.05, 9.82, 8.67, 5.05, 5.56, 7.70, 5.71, 3.83, 0.00, 3.76, 6.41, 9.91, 10.99, 14.31, 16.59, 19.76, 22.30, 24.55, 22.40, 20.33, 17.12, 13.79, 11.50, 8.06, 8.34, 7.03
 25.37, 23.00, 19.60, 17.44, 13.79, 13.24, 10.30, 10.13, 7.67, 9.44, 10.77, 10.74, 12.59, 14.90, 15.80, 16.47, 18.44, 19.46, 22.50, 22.21, 24.85, 22.86, 19.73, 18.47, 18.92, 17.09, 14.00, 14.28, 14.43, 11.69, 9.14, 10.71, 10.74, 7.11, 6.73, 9.97, 9.02, 6.35, 3.76, 0.00, 3.78, 7.37, 9.25, 12.94, 15.68, 19.11, 21.79, 24.28, 22.66, 20.59, 17.49, 13.84, 11.50, 7.78, 7.73, 6.10
 24.76, 22.39, 18.76, 16.49, 12.89, 11.86, 9.49, 8.70, 7.34, 9.56, 11.85, 11.68, 12.45, 14.52, 15.29, 16.50, 18.33, 19.68, 22.61, 22.26, 24.69, 22.28, 18.84, 18.00, 19.06, 17.04, 13.76, 14.97, 15.53, 12.34, 10.25, 12.84, 12.77, 9.11, 9.81, 13.16, 11.97, 9.80, 6.41, 3.78, 0.00, 3.86, 6.49, 10.05, 13.29, 16.55, 19.58, 21.87, 20.50, 18.85, 15.64, 12.03, 9.28, 5.64, 4.88, 4.21
 23.63, 21.55, 17.80, 15.86, 12.65, 11.80, 10.58, 9.94, 9.94, 12.48, 15.02, 14.45, 14.35, 15.76, 15.91, 17.18, 18.47, 19.75, 22.30, 21.62, 23.63, 20.80, 17.14, 16.54, 18.29, 16.39, 12.95, 14.87, 16.06, 12.87, 11.09, 14.42, 14.67, 11.40, 12.50, 16.02, 15.16, 13.39, 9.91, 7.37, 3.86, 0.00, 3.78, 6.96, 10.56, 13.73, 16.89, 19.18, 18.33, 16.92, 13.95, 10.46, 8.00, 5.52, 5.35, 6.66
 19.98, 18.06, 14.31, 12.73, 9.94, 9.90, 9.77, 10.30, 11.21, 14.47, 16.43, 14.97, 14.36, 14.84, 14.10, 14.94, 15.63, 16.71, 18.99, 18.19, 20.08, 17.18, 13.49, 13.25, 15.11, 13.08, 9.79, 12.33, 13.63, 10.47, 9.41, 13.16, 13.40, 10.78, 12.55, 15.90, 15.37, 14.47, 10.99, 9.25, 6.49, 3.78, 0.00, 3.77, 6.94, 10.35, 13.29, 15.78, 14.96, 13.28, 10.54, 7.00, 5.46, 4.57, 6.65, 9.26
 18.28, 16.56, 12.88, 11.64, 9.74, 9.86, 11.07, 11.80, 13.68, 17.05, 18.99, 17.18, 15.81, 15.53, 14.20, 15.12, 15.26, 16.43, 18.27, 17.45, 18.97, 15.81, 12.08, 12.72, 15.00, 12.87, 10.15, 13.45, 14.84, 11.83, 11.73, 15.57, 15.63, 13.53, 15.74, 18.85, 18.30, 17.84, 14.31, 12.94, 10.05, 6.96, 3.77, 0.00, 3.83, 6.80, 10.01, 12.28, 11.86, 10.64, 8.26, 5.61, 5.24, 6.79, 8.87, 12.14
 14.88, 13.56, 10.09, 9.76, 9.10, 10.32, 12.50, 14.06, 16.27, 19.88, 21.34, 18.99, 17.37, 16.26, 14.07, 14.35, 13.59, 14.35, 15.60, 14.60, 15.78, 12.54, 8.93, 10.40, 12.76, 10.66, 8.77, 12.49, 13.87, 11.40, 12.19, 15.88, 15.95, 14.71, 17.16, 19.91, 19.70, 19.88, 16.59, 15.68, 13.29, 10.56, 6.94, 3.83, 0.00, 3.79, 6.35, 9.06, 8.87, 7.23, 5.85, 4.46, 6.55, 9.26, 12.02, 15.45
 14.20, 13.05, 10.10, 10.08, 10.54, 11.51, 14.44, 15.92, 18.68, 22.24, 23.67, 21.16, 18.98, 17.33, 14.87, 15.34, 14.23, 15.23, 16.03, 15.34, 16.17, 13.03, 9.98, 12.43, 14.70, 12.53, 11.61, 15.42, 16.51, 14.20, 15.57, 19.10, 18.84, 17.83, 20.57, 23.09, 22.67, 23.11, 19.76, 19.11, 16.55, 13.73, 10.35, 6.80, 3.79, 0.00, 3.80, 5.48, 5.91, 5.66, 5.45, 6.52, 8.73, 12.09, 14.50, 18.18
 11.75, 11.52, 9.37, 10.71, 12.21, 14.01, 17.14, 19.09, 21.77, 25.45, 26.57, 23.78, 21.68, 19.63, 16.66, 16.39, 14.43, 14.72, 14.60, 13.54, 13.65, 10.55, 8.23, 11.29, 13.50, 11.85, 11.84, 15.46, 16.64, 15.10, 16.83, 20.06, 20.02, 19.68, 22.34, 24.61, 24.60, 25.38, 22.30, 21.79, 19.58, 16.89, 13.29, 10.01, 6.35, 3.80, 0.00, 3.79, 5.46, 4.62, 6.83, 8.72, 11.76, 15.10, 17.90, 21.51
 12.77, 12.33, 10.78, 11.72, 13.67, 14.88, 18.38, 20.11, 23.20, 26.76, 27.88, 25.05, 22.47, 20.12, 17.18, 17.35, 15.50, 16.32, 16.19, 15.79, 15.94, 13.34, 11.58, 14.91, 16.78, 14.82, 15.18, 18.84, 19.59, 17.84, 19.88, 23.06, 22.56, 22.16, 25.11, 27.22, 26.83, 27.76, 24.55, 24.28, 21.87, 19.18, 15.78, 12.28, 9.06, 5.48, 3.79, 0.00, 3.81, 5.74, 7.95, 10.81, 13.39, 17.05, 19.46, 23.22
 11.36, 9.88, 8.20, 8.48, 10.75, 11.90, 15.60, 17.59, 20.80, 24.36, 25.13, 22.11, 19.39, 16.73, 13.67, 13.90, 12.23, 13.60, 14.00, 14.38, 15.36, 13.26, 11.48, 14.92, 16.10, 13.46, 14.14, 17.76, 17.83, 15.81, 18.30, 21.24, 20.21, 19.92, 23.16, 24.92, 24.26, 25.52, 22.40, 22.66, 20.50, 18.33, 14.96, 11.86, 8.87, 5.91, 5.46, 3.81, 0.00, 3.80, 5.36, 8.93, 11.43, 15.22, 17.71, 21.48
 8.88, 7.50, 5.14, 6.42, 8.78, 11.02, 14.43, 16.94, 19.71, 23.45, 24.00, 20.84, 18.63, 16.12, 12.76, 12.17, 10.02, 10.67, 10.98, 10.91, 12.08, 9.85, 7.90, 11.34, 12.32, 9.69, 10.58, 14.11, 14.25, 12.58, 15.14, 17.95, 17.22, 17.29, 20.35, 22.06, 21.84, 23.20, 20.33, 20.59, 18.85, 16.92, 13.28, 10.64, 7.23, 5.66, 4.62, 5.74, 3.80, 0.00, 3.77, 6.86, 10.19, 13.71, 16.79, 20.40
 11.53, 9.16, 5.83, 4.70, 5.73, 7.41, 10.81, 13.19, 16.03, 19.75, 20.40, 17.36, 15.09, 12.84, 9.85, 9.99, 8.94, 10.56, 12.10, 12.46, 14.40, 12.19, 9.54, 12.22, 13.13, 9.93, 9.90, 13.53, 13.39, 10.82, 13.21, 16.22, 15.11, 14.58, 17.84, 19.67, 19.01, 20.18, 17.12, 17.49, 15.64, 13.95, 10.54, 8.26, 5.85, 5.45, 6.83, 7.95, 5.36, 3.77, 0.00, 3.80, 6.62, 10.27, 13.20, 16.84
 13.67, 11.39, 7.64, 6.07, 4.65, 6.32, 8.70, 11.02, 13.32, 17.11, 17.98, 15.21, 13.53, 12.12, 9.75, 9.97, 9.69, 11.06, 13.15, 13.04, 15.22, 12.75, 9.49, 11.06, 12.16, 9.05, 7.69, 11.24, 11.44, 8.36, 10.02, 13.37, 12.58, 11.50, 14.54, 16.78, 16.22, 16.96, 13.79, 13.84, 12.03, 10.46, 7.00, 5.61, 4.46, 6.52, 8.72, 10.81, 8.93, 6.86, 3.80, 0.00, 3.74, 6.90, 10.22, 13.68
 17.16, 14.52, 10.84, 8.29, 5.43, 4.71, 6.09, 7.59, 10.02, 13.70, 14.98, 12.63, 10.90, 10.31, 9.11, 10.48, 11.47, 13.48, 16.14, 16.35, 18.77, 16.37, 13.03, 14.08, 15.15, 12.05, 10.10, 13.18, 13.19, 9.52, 10.40, 13.75, 12.61, 10.52, 13.58, 16.02, 14.78, 15.03, 11.50, 11.50, 9.28, 8.00, 5.46, 5.24, 6.55, 8.73, 11.76, 13.39, 11.43, 10.19, 6.62, 3.74, 0.00, 3.82, 6.62, 10.23
 19.96, 17.33, 13.68, 11.10, 7.56, 6.50, 5.32, 6.03, 7.16, 10.78, 12.31, 10.54, 9.81, 10.53, 10.41, 11.78, 13.41, 15.21, 18.17, 18.25, 20.84, 18.54, 15.16, 15.33, 16.23, 13.45, 10.85, 13.12, 13.14, 9.38, 9.06, 12.22, 11.24, 8.25, 10.86, 13.62, 12.21, 11.77, 8.06, 7.78, 5.64, 5.52, 4.57, 6.79, 9.26, 12.09, 15.10, 17.05, 15.22, 13.71, 10.27, 6.90, 3.82, 0.00, 3.82, 6.83
 23.53, 20.75, 17.14, 14.25, 10.73, 8.49, 6.51, 4.73, 5.43, 8.30, 10.81, 10.12, 9.43, 11.20, 12.25, 14.38, 16.54, 18.69, 21.80, 22.04, 24.64, 22.27, 18.81, 18.96, 20.00, 17.27, 14.59, 16.68, 16.70, 12.96, 12.25, 15.09, 13.98, 10.52, 12.62, 15.35, 13.32, 12.14, 8.34, 7.73, 4.88, 5.35, 6.65, 8.87, 12.02, 14.50, 17.90, 19.46, 17.71, 16.79, 13.20, 10.22, 6.62, 3.82, 0.00, 3.82
 26.67, 23.88, 20.33, 17.45, 13.75, 11.61, 8.71, 6.42, 4.62, 5.98, 9.05, 9.66, 10.20, 12.96, 14.70, 16.72, 19.20, 21.20, 24.46, 24.68, 27.38, 25.14, 21.73, 21.39, 22.25, 19.76, 16.89, 18.32, 18.28, 14.77, 13.37, 15.61, 14.64, 10.86, 12.05, 14.69, 12.46, 10.39, 7.03, 6.10, 4.21, 6.66, 9.26, 12.14, 15.45, 18.18, 21.51, 23.22, 21.48, 20.40, 16.84, 13.68, 10.23, 6.83, 3.82, 0.00
