 0.00, 3.84, 6.42, 8.72, 12.44, 14.55, 18.13, 21.13, 22.08, 18.74, 18.76, 22.42, 21.89, 19.11, 21.44, 24.31, 22.64, 21.61, 25.27, 26.42, 24.44, 21.69, 20.61, 19.05, 20.52, 18.63, 21.14, 20.83, 17.04, 17.87, 20.66, 18.70, 16.09, 19.25, 20.99, 18.44, 16.68, 13.15, 10.74, 11.76, 8.37, 8.42, 11.96, 11.59, 9.55, 12.08, 14.83, 14.08, 13.98, 16.97, 18.90, 18.30, 19.66, 22.41
 3.84, 0.00, 3.78, 6.45, 9.72, 12.35, 15.93, 18.76, 20.27, 17.26, 16.87, 20.64, 20.73, 18.05, 20.01, 23.19, 22.10, 20.92, 24.37, 26.01, 24.41, 21.55, 21.13, 19.94, 21.99, 20.57, 22.91, 21.98, 18.25, 19.45, 21.75, 19.23, 16.91, 20.12, 21.24, 18.20, 16.74, 13.27, 11.87, 13.29, 10.17, 8.69, 12.14, 12.42, 9.62, 11.15, 14.49, 13.94, 12.84, 15.64, 18.11, 17.27, 17.93, 20.97
 6.42, 3.78, 0.00, 3.79, 6.72, 8.82, 12.50, 15.16, 16.63, 13.62, 13.09, 16.87, 17.06, 14.46, 16.40, 19.59, 18.73, 17.70, 21.07, 22.82, 21.55, 18.86, 18.89, 17.72, 20.12, 19.07, 21.09, 19.63, 16.05, 17.53, 19.36, 16.46, 14.52, 17.80, 18.41, 15.17, 14.23, 10.77, 10.23, 11.64, 9.10, 6.39, 9.44, 10.51, 7.80, 8.20, 11.88, 12.13, 10.82, 12.99, 15.90, 15.60, 15.84, 18.62
 8.72, 6.45, 3.79, 0.00, 3.82, 6.32, 9.69, 12.89, 14.26, 11.54, 11.80, 15.54, 15.79, 13.93, 16.25, 19.16, 18.61, 18.28, 21.53, 23.17, 22.41, 20.19, 20.45, 18.89, 21.16, 19.93, 21.34, 19.70, 16.25, 17.21, 18.55, 15.56, 13.36, 16.12, 16.48, 13.01, 11.72, 8.81, 9.28, 11.70, 10.19, 7.08, 9.97, 12.18, 10.33, 9.87, 13.59, 14.75, 13.53, 14.95, 18.20, 18.41, 18.23, 20.72
 12.44, 9.72, 6.72, 3.82, 0.00, 3.78, 6.61, 9.64, 11.62, 9.65, 9.69, 13.29, 14.27, 13.01, 14.93, 17.84, 18.04, 17.90, 20.72, 22.69, 22.53, 20.55, 21.47, 20.16, 22.75, 21.94, 22.97, 20.81, 17.73, 18.85, 19.49, 16.15, 14.51, 16.91, 16.45, 12.70, 12.04, 9.93, 11.64, 14.04, 13.15, 9.61, 11.50, 14.25, 12.47, 10.86, 14.52, 16.19, 14.46, 15.08, 18.70, 19.08, 18.16, 20.49
 14.55, 12.35, 8.82, 6.32, 3.78, 0.00, 3.74, 6.65, 8.08, 5.90, 6.19, 9.70, 10.55, 9.68, 11.77, 14.38, 14.75, 15.06, 17.70, 19.53, 19.75, 18.20, 19.42, 18.06, 20.74, 20.27, 20.87, 18.32, 15.65, 16.91, 16.96, 13.41, 12.42, 14.68, 13.58, 9.81, 10.10, 8.47, 11.09, 13.03, 13.00, 9.35, 9.99, 13.28, 12.26, 9.84, 12.99, 15.43, 14.06, 13.82, 17.44, 18.52, 17.50, 19.21
 18.13, 15.93, 12.50, 9.69, 6.61, 3.74, 0.00, 3.82, 5.30, 4.94, 6.10, 8.49, 9.82, 10.33, 12.14, 14.14, 15.19, 16.13, 18.20, 19.99, 20.88, 19.87, 21.45, 20.08, 22.69, 22.38, 22.43, 19.63, 17.46, 18.46, 17.77, 14.28, 13.72, 15.17, 13.33, 9.72, 10.49, 10.20, 13.49, 15.53, 16.14, 12.65, 12.75, 16.28, 15.67, 12.92, 15.63, 18.45, 17.09, 16.23, 19.85, 21.23, 19.82, 21.14
 21.13, 18.76, 15.16, 12.89, 9.64, 6.65, 3.82, 0.00, 3.74, 5.47, 5.19, 6.13, 8.66, 9.83, 10.57, 12.32, 14.27, 15.20, 16.55, 18.64, 20.11, 19.37, 21.55, 20.66, 23.53, 23.81, 23.70, 20.49, 18.85, 20.25, 19.08, 15.50, 15.82, 17.17, 14.69, 11.48, 13.21, 13.13, 16.49, 17.97, 18.70, 15.18, 14.53, 17.91, 17.34, 14.05, 16.20, 19.20, 17.62, 16.03, 19.57, 21.14, 19.24, 20.11
 22.08, 20.27, 16.63, 14.26, 11.62, 8.08, 5.30, 3.74, 0.00, 3.80, 5.43, 5.06, 6.26, 8.60, 10.00, 10.73, 12.41, 14.22, 15.51, 16.94, 18.64, 18.52, 20.52, 19.27, 21.79, 22.06, 21.43, 18.17, 16.99, 18.07, 16.38, 13.03, 13.76, 14.56, 11.64, 8.92, 11.29, 12.00, 15.62, 16.85, 18.31, 15.18, 13.95, 17.51, 17.75, 14.56, 16.15, 19.58, 18.69, 16.87, 20.09, 22.22, 20.73, 21.11
 18.74, 17.26, 13.62, 11.54, 9.65, 5.90, 4.94, 5.47, 3.80, 0.00, 3.80, 5.45, 5.21, 6.14, 8.67, 9.98, 10.60, 12.16, 14.27, 15.53, 16.53, 16.04, 17.61, 16.09, 18.59, 18.64, 18.32, 15.22, 13.59, 14.82, 13.64, 10.05, 10.49, 11.98, 9.62, 6.38, 8.75, 8.66, 12.10, 13.14, 14.54, 11.47, 10.18, 13.80, 14.20, 11.23, 12.93, 16.36, 15.82, 14.38, 17.55, 19.70, 18.72, 19.29
 18.76, 16.87, 13.09, 11.80, 9.69, 6.19, 6.10, 5.19, 5.43, 3.80, 0.00, 3.80, 5.38, 4.92, 6.05, 8.47, 9.74, 10.26, 12.16, 14.23, 15.22, 14.25, 16.37, 15.64, 18.71, 19.32, 19.51, 16.19, 14.55, 16.59, 15.71, 11.95, 12.81, 14.95, 12.74, 9.69, 12.06, 11.05, 13.92, 14.43, 15.12, 11.79, 10.27, 13.37, 13.13, 9.61, 11.20, 14.44, 13.33, 11.47, 14.81, 16.80, 15.39, 15.95
 22.42, 20.64, 16.87, 15.54, 13.29, 9.70, 8.49, 6.13, 5.06, 5.45, 3.80, 0.00, 3.76, 5.47, 5.31, 6.24, 8.69, 9.94, 10.74, 12.69, 14.58, 14.43, 17.01, 16.52, 19.49, 20.57, 20.24, 16.62, 15.82, 17.85, 16.23, 12.72, 14.43, 15.97, 13.09, 10.80, 13.87, 13.63, 16.71, 16.88, 18.08, 15.05, 12.93, 15.88, 16.14, 12.54, 13.23, 16.70, 15.84, 13.29, 16.17, 18.60, 16.98, 16.76
 21.89, 20.73, 17.06, 15.79, 14.27, 10.55, 9.82, 8.66, 6.26, 5.21, 5.38, 3.76, 0.00, 3.82, 5.53, 5.15, 6.20, 8.59, 9.91, 10.82, 12.52, 12.89, 14.97, 13.93, 16.51, 17.49, 16.80, 13.17, 12.72, 14.56, 12.65, 9.30, 11.53, 12.87, 9.93, 8.30, 11.83, 11.85, 14.80, 14.54, 16.35, 13.85, 11.20, 14.18, 15.30, 12.08, 12.21, 15.99, 16.00, 13.60, 16.04, 18.92, 18.01, 17.54
 19.11, 18.05, 14.46, 13.93, 13.01, 9.68, 10.33, 9.83, 8.60, 6.14, 4.92, 5.47, 3.82, 0.00, 3.79, 5.40, 5.10, 6.04, 8.55, 9.88, 10.56, 10.00, 11.97, 11.16, 14.20, 15.30, 15.37, 11.84, 10.76, 13.33, 12.33, 8.74, 10.71, 13.10, 11.05, 9.05, 12.09, 10.91, 13.16, 12.39, 13.62, 11.14, 8.22, 10.81, 11.74, 8.47, 8.41, 12.17, 12.28, 10.02, 12.47, 15.31, 14.73, 14.47
 21.44, 20.01, 16.40, 16.25, 14.93, 11.77, 12.14, 10.57, 10.00, 8.67, 6.05, 5.31, 5.53, 3.79, 0.00, 3.76, 5.43, 4.98, 6.15, 8.72, 10.01, 9.39, 12.34, 12.66, 16.04, 17.80, 18.04, 14.40, 13.75, 16.67, 15.60, 12.21, 14.44, 16.78, 14.52, 12.66, 15.76, 14.54, 16.69, 15.77, 16.56, 13.99, 11.15, 13.06, 13.45, 9.88, 9.29, 12.64, 12.19, 9.08, 11.33, 14.19, 12.97, 12.15
 24.31, 23.19, 19.59, 19.16, 17.84, 14.38, 14.14, 12.32, 10.73, 9.98, 8.47, 6.24, 5.15, 5.40, 3.76, 0.00, 3.83, 5.44, 5.10, 6.54, 9.01, 9.85, 12.78, 12.93, 15.84, 17.89, 17.43, 13.63, 13.96, 16.60, 14.80, 11.91, 14.85, 16.53, 13.86, 12.89, 16.44, 15.93, 18.24, 17.07, 18.54, 16.38, 13.15, 15.06, 16.20, 12.92, 11.74, 15.24, 15.41, 12.22, 13.77, 17.03, 16.06, 14.59
 22.64, 22.10, 18.73, 18.61, 18.04, 14.75, 15.19, 14.27, 12.41, 10.60, 9.74, 8.69, 6.20, 5.10, 5.43, 3.83, 0.00, 3.81, 5.31, 5.07, 6.35, 7.45, 9.65, 9.30, 12.04, 14.15, 13.73, 9.95, 10.50, 13.34, 11.78, 9.20, 12.42, 14.33, 12.24, 11.78, 15.18, 14.39, 16.14, 14.36, 16.05, 14.52, 10.92, 12.42, 14.27, 11.58, 9.73, 13.32, 14.38, 11.64, 12.67, 16.21, 16.11, 14.67
 21.61, 20.92, 17.70, 18.28, 17.90, 15.06, 16.13, 15.20, 14.22, 12.16, 10.26, 9.94, 8.59, 6.04, 4.98, 5.44, 3.81, 0.00, 3.80, 5.32, 5.23, 4.58, 7.68, 8.62, 12.05, 14.51, 15.03, 11.56, 11.50, 14.93, 14.22, 11.53, 14.23, 16.82, 15.20, 14.18, 17.20, 15.64, 16.89, 14.87, 15.71, 14.13, 10.65, 11.30, 12.54, 9.83, 7.38, 10.52, 11.42, 8.38, 9.01, 12.60, 12.57, 10.95
 25.27, 24.37, 21.07, 21.53, 20.72, 17.70, 18.20, 16.55, 15.51, 14.27, 12.16, 10.74, 9.91, 8.55, 6.15, 5.10, 5.31, 3.80, 0.00, 3.77, 5.70, 6.48, 10.02, 11.56, 14.66, 17.53, 17.67, 14.13, 14.77, 18.03, 16.82, 14.38, 17.43, 19.59, 17.52, 16.78, 20.11, 18.94, 20.48, 18.54, 19.50, 17.84, 14.40, 15.06, 16.16, 13.32, 10.92, 13.66, 14.22, 10.75, 10.92, 14.44, 13.87, 11.44
 26.42, 26.01, 22.82, 23.17, 22.69, 19.53, 19.99, 18.64, 16.94, 15.53, 14.23, 12.69, 10.82, 9.88, 8.72, 6.54, 5.07, 5.32, 3.77, 0.00, 3.79, 6.66, 9.26, 10.33, 12.70, 15.79, 15.41, 11.99, 13.52, 16.53, 15.02, 13.31, 16.75, 18.51, 16.58, 16.66, 20.06, 19.22, 20.57, 18.25, 19.74, 18.67, 14.95, 15.45, 17.35, 14.99, 12.20, 15.03, 16.40, 13.33, 13.02, 16.76, 16.85, 14.37
 24.44, 24.41, 21.55, 22.41, 22.53, 19.75, 20.88, 20.11, 18.64, 16.53, 15.22, 14.58, 12.52, 10.56, 10.01, 9.01, 6.35, 5.23, 5.70, 3.79, 0.00, 3.74, 5.61, 7.23, 9.72, 13.10, 13.39, 10.41, 11.70, 15.04, 14.33, 12.88, 16.00, 18.23, 17.03, 17.06, 20.05, 18.67, 19.32, 16.52, 17.68, 17.14, 13.44, 13.09, 15.19, 13.50, 10.14, 12.46, 14.49, 11.94, 10.91, 14.69, 15.58, 13.24
 21.69, 21.55, 18.86, 20.19, 20.55, 18.20, 19.87, 19.37, 18.52, 16.04, 14.25, 14.43, 12.89, 10.00, 9.39, 9.85, 7.45, 4.58, 6.48, 6.66, 3.74, 0.00, 3.79, 6.44, 9.80, 12.87, 14.11, 11.36, 11.47, 15.18, 15.25, 13.31, 15.79, 18.65, 17.79, 17.14, 19.74, 17.72, 18.04, 15.27, 15.67, 15.01, 11.60, 10.70, 12.21, 10.69, 7.07, 8.92, 10.92, 8.58, 7.27, 11.02, 12.22, 10.23
 20.61, 21.13, 18.89, 20.45, 21.47, 19.42, 21.45, 21.55, 20.52, 17.61, 16.37, 17.01, 14.97, 11.97, 12.34, 12.78, 9.65, 7.68, 10.02, 9.26, 5.61, 3.79, 0.00, 3.75, 6.65, 9.81, 11.60, 9.67, 9.72, 13.34, 14.11, 12.86, 14.98, 17.91, 17.79, 17.49, 19.64, 17.43, 17.02, 13.73, 14.11, 14.37, 11.11, 9.30, 11.53, 11.16, 7.41, 8.54, 11.61, 10.41, 8.72, 12.03, 14.16, 12.69
 19.05, 19.94, 17.72, 18.89, 20.16, 18.06, 20.08, 20.66, 19.27, 16.09, 15.64, 16.52, 13.93, 11.16, 12.66, 12.93, 9.30, 8.62, 11.56, 10.33, 7.23, 6.44, 3.75, 0.00, 3.80, 6.43, 8.11, 6.26, 6.07, 9.62, 10.63, 9.74, 11.67, 14.49, 14.79, 14.81, 16.70, 14.66, 14.06, 10.60, 11.64, 12.34, 9.00, 7.55, 10.73, 10.69, 7.60, 9.43, 12.67, 11.92, 11.22, 14.34, 16.40, 15.49
 20.52, 21.99, 20.12, 21.16, 22.75, 20.74, 22.69, 23.53, 21.79, 18.59, 18.71, 19.49, 16.51, 14.20, 16.04, 15.84, 12.04, 12.05, 14.66, 12.70, 9.72, 9.80, 6.65, 3.80, 0.00, 3.83, 5.39, 5.30, 6.18, 8.61, 9.95, 10.46, 12.16, 14.39, 15.30, 16.10, 17.64, 15.95, 14.89, 11.17, 12.69, 14.27, 11.31, 9.74, 13.31, 13.89, 11.12, 12.55, 16.03, 15.63, 14.73, 17.67, 20.00, 19.08
 18.63, 20.57, 19.07, 19.93, 21.94, 20.27, 22.38, 23.81, 22.06, 18.64, 19.32, 20.57, 17.49, 15.30, 17.80, 17.89, 14.15, 14.51, 17.53, 15.79, 13.10, 12.87, 9.81, 6.43, 3.83, 0.00, 3.76, 5.59, 5.10, 6.18, 8.71, 9.82, 10.40, 12.51, 14.31, 15.19, 15.96, 14.26, 12.57, 8.84, 10.64, 12.95, 10.69, 9.28, 13.01, 14.21, 12.31, 13.61, 17.02, 17.25, 16.87, 19.42, 21.83, 21.48
 21.14, 22.91, 21.09, 21.34, 22.97, 20.87, 22.43, 23.70, 21.43, 18.32, 19.51, 20.24, 16.80, 15.37, 18.04, 17.43, 13.73, 15.03, 17.67, 15.41, 13.39, 14.11, 11.60, 8.11, 5.39, 3.76, 0.00, 3.82, 5.39, 5.03, 6.25, 8.54, 9.74, 10.77, 12.39, 14.14, 15.20, 14.40, 13.38, 10.11, 12.86, 14.73, 12.21, 11.84, 15.65, 16.21, 14.40, 16.40, 19.58, 19.28, 19.16, 22.07, 24.11, 23.48
 20.83, 21.98, 19.63, 19.70, 20.81, 18.32, 19.63, 20.49, 18.17, 15.22, 16.19, 16.62, 13.17, 11.84, 14.40, 13.63, 9.95, 11.56, 14.13, 11.99, 10.41, 11.36, 9.67, 6.26, 5.30, 5.59, 3.82, 0.00, 3.80, 5.27, 4.95, 5.92, 8.35, 9.79, 10.33, 11.77, 13.63, 12.88, 12.74, 9.68, 12.51, 13.42, 10.27, 10.58, 14.25, 13.97, 12.06, 14.71, 17.53, 16.67, 16.86, 20.04, 21.63, 20.82
 17.04, 18.25, 16.05, 16.25, 17.73, 15.65, 17.46, 18.85, 16.99, 13.59, 14.55, 15.82, 12.72, 10.76, 13.75, 13.96, 10.50, 11.50, 14.77, 13.52, 11.70, 11.47, 9.72, 6.07, 6.18, 5.10, 5.39, 3.80, 0.00, 3.80, 5.50, 5.01, 6.01, 8.70, 9.85, 10.26, 11.48, 9.91, 9.27, 6.00, 8.73, 9.75, 6.91, 7.31, 10.99, 11.11, 9.89, 12.39, 15.07, 14.82, 15.47, 18.24, 19.88, 19.72
 17.87, 19.45, 17.53, 17.21, 18.85, 16.91, 18.46, 20.25, 18.07, 14.82, 16.59, 17.85, 14.56, 13.33, 16.67, 16.60, 13.34, 14.93, 18.03, 16.53, 15.04, 15.18, 13.34, 9.62, 8.61, 6.18, 5.03, 5.27, 3.80, 0.00, 3.79, 5.38, 5.00, 6.38, 8.71, 9.98, 10.38, 9.65, 8.76, 6.18, 9.68, 11.19, 9.28, 10.13, 13.64, 14.04, 13.41, 15.80, 18.37, 18.34, 19.19, 21.82, 23.44, 23.44
 20.66, 21.75, 19.36, 18.55, 19.49, 16.96, 17.77, 19.08, 16.38, 13.64, 15.71, 16.23, 12.65, 12.33, 15.60, 14.80, 11.78, 14.22, 16.82, 15.02, 14.33, 15.25, 14.11, 10.63, 9.95, 8.71, 6.25, 4.95, 5.50, 3.79, 0.00, 3.80, 5.38, 5.16, 6.20, 8.55, 9.95, 10.35, 10.80, 8.97, 12.60, 13.22, 10.80, 12.40, 15.79, 15.32, 14.56, 17.55, 19.84, 19.13, 20.15, 23.14, 24.31, 23.95
 18.70, 19.23, 16.46, 15.56, 16.15, 13.41, 14.28, 15.50, 13.03, 10.05, 11.95, 12.72, 9.30, 8.74, 12.21, 11.91, 9.20, 11.53, 14.38, 13.31, 12.88, 13.31, 12.86, 9.74, 10.46, 9.82, 8.54, 5.92, 5.01, 5.38, 3.80, 0.00, 3.79, 5.41, 5.08, 5.85, 8.04, 7.90, 9.17, 7.72, 11.02, 10.65, 7.95, 10.33, 13.27, 12.18, 11.82, 15.15, 16.94, 16.05, 17.56, 20.47, 21.27, 21.10
 16.09, 16.91, 14.52, 13.36, 14.51, 12.42, 13.72, 15.82, 13.76, 10.49, 12.81, 14.43, 11.53, 10.71, 14.44, 14.85, 12.42, 14.23, 17.43, 16.75, 16.00, 15.79, 14.98, 11.67, 12.16, 10.40, 9.74, 8.35, 6.01, 5.00, 5.38, 3.79, 0.00, 3.86, 5.58, 5.40, 5.58, 5.02, 5.77, 5.28, 8.81, 8.73, 7.33, 9.92, 12.55, 12.13, 12.70, 15.58, 17.22, 17.07, 18.89, 21.31, 22.23, 22.67
 19.25, 20.12, 17.80, 16.12, 16.91, 14.68, 15.17, 17.17, 14.56, 11.98, 14.95, 15.97, 12.87, 13.10, 16.78, 16.53, 14.33, 16.82, 19.59, 18.51, 18.23, 18.65, 17.91, 14.49, 14.39, 12.51, 10.77, 9.79, 8.70, 6.38, 5.16, 5.41, 3.86, 0.00, 3.75, 5.70, 5.58, 7.31, 8.53, 8.70, 12.32, 12.37, 11.15, 13.73, 16.41, 15.85, 16.33, 19.35, 20.98, 20.60, 22.41, 25.00, 25.78, 26.03
 20.99, 21.24, 18.41, 16.48, 16.45, 13.58, 13.33, 14.69, 11.64, 9.62, 12.74, 13.09, 9.93, 11.05, 14.52, 13.86, 12.24, 15.20, 17.52, 16.58, 17.03, 17.79, 17.79, 14.79, 15.30, 14.31, 12.39, 10.33, 9.85, 8.71, 6.20, 5.08, 5.58, 3.75, 0.00, 3.79, 5.88, 8.16, 10.60, 10.84, 14.23, 13.40, 11.63, 14.68, 17.11, 15.71, 16.12, 19.57, 20.83, 19.84, 21.85, 24.66, 24.96, 24.95
 18.44, 18.20, 15.17, 13.01, 12.70, 9.81, 9.72, 11.48, 8.92, 6.38, 9.69, 10.80, 8.30, 9.05, 12.66, 12.89, 11.78, 14.18, 16.78, 16.66, 17.06, 17.14, 17.49, 14.81, 16.10, 15.19, 14.14, 11.77, 10.26, 9.98, 8.55, 5.85, 5.40, 5.70, 3.79, 0.00, 3.79, 5.50, 8.82, 9.83, 12.58, 10.89, 9.58, 13.13, 14.86, 13.15, 14.30, 17.71, 18.40, 17.56, 20.06, 22.53, 22.54, 22.94
 16.68, 16.74, 14.23, 11.72, 12.04, 10.10, 10.49, 13.21, 11.29, 8.75, 12.06, 13.87, 11.83, 12.09, 15.76, 16.44, 15.18, 17.20, 20.11, 20.06, 20.05, 19.74, 19.64, 16.70, 17.64, 15.96, 15.20, 13.63, 11.48, 10.38, 9.95, 8.04, 5.58, 5.58, 5.88, 3.79, 0.00, 3.81, 6.87, 9.13, 11.67, 10.33, 10.29, 13.69, 15.17, 14.18, 15.90, 18.86, 19.52, 19.36, 21.97, 24.03, 24.25, 25.13
 13.15, 13.27, 10.77, 8.81, 9.93, 8.47, 10.20, 13.13, 12.00, 8.66, 11.05, 13.63, 11.85, 10.91, 14.54, 15.93, 14.39, 15.64, 18.94, 19.22, 18.67, 17.72, 17.43, 14.66, 15.95, 14.26, 14.40, 12.88, 9.91, 9.65, 10.35, 7.90, 5.02, 7.31, 8.16, 5.50, 3.81, 0.00, 3.81, 6.31, 8.16, 6.54, 7.07, 10.38, 11.53, 10.90, 12.95, 15.55, 16.18, 16.48, 19.07, 20.84, 21.28, 22.46
 10.74, 11.87, 10.23, 9.28, 11.64, 11.09, 13.49, 16.49, 15.62, 12.10, 13.92, 16.71, 14.80, 13.16, 16.69, 18.24, 16.14, 16.89, 20.48, 20.57, 19.32, 18.04, 17.02, 14.06, 14.89, 12.57, 13.38, 12.74, 9.27, 8.76, 10.80, 9.17, 5.77, 8.53, 10.60, 8.82, 6.87, 3.81, 0.00, 3.84, 5.23, 5.29, 6.81, 8.96, 10.29, 10.97, 12.83, 14.71, 15.84, 16.86, 19.00, 20.49, 21.55, 22.91
 11.76, 13.29, 11.64, 11.70, 14.04, 13.03, 15.53, 17.97, 16.85, 13.14, 14.43, 16.88, 14.54, 12.39, 15.77, 17.07, 14.36, 14.87, 18.54, 18.25, 16.52, 15.27, 13.73, 10.60, 11.17, 8.84, 10.11, 9.68, 6.00, 6.18, 8.97, 7.72, 5.28, 8.70, 10.84, 9.83, 9.13, 6.31, 3.84, 0.00, 3.77, 5.44, 5.26, 6.31, 8.84, 9.93, 10.71, 12.50, 14.45, 15.36, 16.85, 18.65, 20.20, 21.15
 8.37, 10.17, 9.10, 10.19, 13.15, 13.00, 16.14, 18.70, 18.31, 14.54, 15.12, 18.08, 16.35, 13.62, 16.56, 18.54, 16.05, 15.71, 19.50, 19.74, 17.68, 15.67, 14.11, 11.64, 12.69, 10.64, 12.86, 12.51, 8.73, 9.68, 12.60, 11.02, 8.81, 12.32, 14.23, 12.58, 11.67, 8.16, 5.23, 3.77, 0.00, 3.78, 5.44, 5.14, 6.34, 8.58, 9.94, 10.70, 12.37, 14.13, 15.62, 16.72, 18.47, 19.95
 8.42, 8.69, 6.39, 7.08, 9.61, 9.35, 12.65, 15.18, 15.18, 11.47, 11.79, 15.05, 13.85, 11.14, 13.99, 16.38, 14.52, 14.13, 17.84, 18.67, 17.14, 15.01, 14.37, 12.34, 14.27, 12.95, 14.73, 13.42, 9.75, 11.19, 13.22, 10.65, 8.73, 12.37, 13.40, 10.89, 10.33, 6.54, 5.29, 5.44, 3.78, 0.00, 3.80, 5.50, 5.33, 6.11, 8.64, 10.04, 10.69, 12.11, 14.40, 15.47, 16.49, 18.19
 11.96, 12.14, 9.44, 9.97, 11.50, 9.99, 12.75, 14.53, 13.95, 10.18, 10.27, 12.93, 11.20, 8.22, 11.15, 13.15, 10.92, 10.65, 14.40, 14.95, 13.44, 11.60, 11.11, 9.00, 11.31, 10.69, 12.21, 10.27, 6.91, 9.28, 10.80, 7.95, 7.33, 11.15, 11.63, 9.58, 10.29, 7.07, 6.81, 5.26, 5.44, 3.80, 0.00, 3.80, 5.49, 4.98, 6.10, 8.63, 9.95, 10.36, 12.35, 14.26, 15.32, 16.27
 11.59, 12.42, 10.51, 12.18, 14.25, 13.28, 16.28, 17.91, 17.51, 13.80, 13.37, 15.88, 14.18, 10.81, 13.06, 15.06, 12.42, 11.30, 15.06, 15.45, 13.09, 10.70, 9.30, 7.55, 9.74, 9.28, 11.84, 10.58, 7.31, 10.13, 12.40, 10.33, 9.92, 13.73, 14.68, 13.13, 13.69, 10.38, 8.96, 6.31, 5.14, 5.50, 3.80, 0.00, 3.82, 5.46, 5.15, 6.22, 8.67, 9.84, 10.81, 12.47, 14.41, 15.33
 9.55, 9.62, 7.80, 10.33, 12.47, 12.26, 15.67, 17.34, 17.75, 14.20, 13.13, 16.14, 15.30, 11.74, 13.45, 16.20, 14.27, 12.54, 16.16, 17.35, 15.19, 12.21, 11.53, 10.73, 13.31, 13.01, 15.65, 14.25, 10.99, 13.64, 15.79, 13.27, 12.55, 16.41, 17.11, 14.86, 15.17, 11.53, 10.29, 8.84, 6.34, 5.33, 5.49, 3.82, 0.00, 3.80, 5.36, 5.05, 6.05, 8.32, 9.91, 10.52, 12.21, 13.99
 12.08, 11.15, 8.20, 9.87, 10.86, 9.84, 12.92, 14.05, 14.56, 11.23, 9.61, 12.54, 12.08, 8.47, 9.88, 12.92, 11.58, 9.83, 13.32, 14.99, 13.50, 10.69, 11.16, 10.69, 13.89, 14.21, 16.21, 13.97, 11.11, 14.04, 15.32, 12.18, 12.13, 15.85, 15.71, 13.15, 14.18, 10.90, 10.97, 9.93, 8.58, 6.11, 4.98, 5.46, 3.80, 0.00, 3.84, 5.62, 5.35, 6.01, 8.71, 9.98, 10.60, 12.12
 14.83, 14.49, 11.88, 13.59, 14.52, 12.99, 15.63, 16.20, 16.15, 12.93, 11.20, 13.23, 12.21, 8.41, 9.29, 11.74, 9.73, 7.38, 10.92, 12.20, 10.14, 7.07, 7.41, 7.60, 11.12, 12.31, 14.40, 12.06, 9.89, 13.41, 14.56, 11.82, 12.70, 16.33, 16.12, 14.30, 15.90, 12.95, 12.83, 10.71, 9.94, 8.64, 6.10, 5.15, 5.36, 3.84, 0.00, 3.85, 5.55, 5.08, 6.29, 8.70, 10.04, 10.47
 14.08, 13.94, 12.13, 14.75, 16.19, 15.43, 18.45, 19.20, 19.58, 16.36, 14.44, 16.70, 15.99, 12.17, 12.64, 15.24, 13.32, 10.52, 13.66, 15.03, 12.46, 8.92, 8.54, 9.43, 12.55, 13.61, 16.40, 14.71, 12.39, 15.80, 17.55, 15.15, 15.58, 19.35, 19.57, 17.71, 18.86, 15.55, 14.71, 12.50, 10.70, 10.04, 8.63, 6.22, 5.05, 5.62, 3.85, 0.00, 3.80, 5.45, 5.30, 6.32, 8.84, 9.88
 13.98, 12.84, 10.82, 13.53, 14.46, 14.06, 17.09, 17.62, 18.69, 15.82, 13.33, 15.84, 16.00, 12.28, 12.19, 15.41, 14.38, 11.42, 14.22, 16.40, 14.49, 10.92, 11.61, 12.67, 16.03, 17.02, 19.58, 17.53, 15.07, 18.37, 19.84, 16.94, 17.22, 20.98, 20.83, 18.40, 19.52, 16.18, 15.84, 14.45, 12.37, 10.69, 9.95, 8.67, 6.05, 5.35, 5.55, 3.80, 0.00, 3.75, 5.40, 4.96, 6.19, 8.45
 16.97, 15.64, 12.99, 14.95, 15.08, 13.82, 16.23, 16.03, 16.87, 14.38, 11.47, 13.29, 13.60, 10.02, 9.08, 12.22, 11.64, 8.38, 10.75, 13.33, 11.94, 8.58, 10.41, 11.92, 15.63, 17.25, 19.28, 16.67, 14.82, 18.34, 19.13, 16.05, 17.07, 20.60, 19.84, 17.56, 19.36, 16.48, 16.86, 15.36, 14.13, 12.11, 10.36, 9.84, 8.32, 6.01, 5.08, 5.45, 3.75, 0.00, 3.83, 5.40, 5.22, 6.12
 18.90, 18.11, 15.90, 18.20, 18.70, 17.44, 19.85, 19.57, 20.09, 17.55, 14.81, 16.17, 16.04, 12.47, 11.33, 13.77, 12.67, 9.01, 10.92, 13.02, 10.91, 7.27, 8.72, 11.22, 14.73, 16.87, 19.16, 16.86, 15.47, 19.19, 20.15, 17.56, 18.89, 22.41, 21.85, 20.06, 21.97, 19.07, 19.00, 16.85, 15.62, 14.40, 12.35, 10.81, 9.91, 8.71, 6.29, 5.30, 5.40, 3.83, 0.00, 3.79, 5.50, 4.88
 18.30, 17.27, 15.60, 18.41, 19.08, 18.52, 21.23, 21.14, 22.22, 19.70, 16.80, 18.60, 18.92, 15.31, 14.19, 17.03, 16.21, 12.60, 14.44, 16.76, 14.69, 11.02, 12.03, 14.34, 17.67, 19.42, 22.07, 20.04, 18.24, 21.82, 23.14, 20.47, 21.31, 25.00, 24.66, 22.53, 24.03, 20.84, 20.49, 18.65, 16.72, 15.47, 14.26, 12.47, 10.52, 9.98, 8.70, 6.32, 4.96, 5.40, 3.79, 0.00, 3.82, 5.29
 19.66, 17.93, 15.84, 18.23, 18.16, 17.50, 19.82, 19.24, 20.73, 18.72, 15.39, 16.98, 18.01, 14.73, 12.97, 16.06, 16.11, 12.57, 13.87, 16.85, 15.58, 12.22, 14.16, 16.40, 20.00, 21.83, 24.11, 21.63, 19.88, 23.44, 24.31, 21.27, 22.23, 25.78, 24.96, 22.54, 24.25, 21.28, 21.55, 20.20, 18.47, 16.49, 15.32, 14.41, 12.21, 10.60, 10.04, 8.84, 6.19, 5.22, 5.50, 3.82, 0.00, 3.80
 22.41, 20.97, 18.62, 20.72, 20.49, 19.21, 21.14, 20.11, 21.11, 19.29, 15.95, 16.76, 17.54, 14.47, 12.15, 14.59, 14.67, 10.95, 11.44, 14.37, 13.24, 10.23, 12.69, 15.49, 19.08, 21.48, 23.48, 20.82, 19.72, 23.44, 23.95, 21.10, 22.67, 26.03, 24.95, 22.94, 25.13, 22.46, 22.91, 21.15, 19.95, 18.19, 16.27, 15.33, 13.99, 12.12, 10.47, 9.88, 8.45, 6.12, 4.88, 5.29, 3.80, 0.00
