 0.00, 3.82, 6.45, 8.61, 11.87, 14.63, 17.37, 20.44, 21.41, 25.07, 27.75, 29.14, 32.88, 33.71, 37.33, 39.01, 39.26, 36.89, 33.68, 30.47, 27.20, 24.33, 21.20, 17.72, 14.30, 10.69, 7.52, 5.71, 5.00, 6.54, 9.45, 8.87, 12.26, 14.23, 17.77, 20.52, 22.88, 26.07, 26.38, 29.13, 26.65, 26.26, 27.70, 25.84, 26.65, 26.91, 30.36, 31.95, 30.28, 27.81, 23.99, 21.25, 17.44, 14.70, 11.11, 9.99, 13.24, 16.43, 20.16, 23.13, 26.86, 30.03, 32.85, 34.72, 34.28, 37.30, 38.52, 36.97, 33.46, 33.94, 31.12, 27.97, 25.11, 22.26, 18.88, 16.03, 12.57, 9.93, 7.35, 8.46, 8.47, 6.91, 9.98, 11.76, 15.28, 17.93, 21.67, 24.02, 27.70, 29.44, 33.25, 35.97, 39.33
 3.82, 0.00, 3.81, 6.31, 9.33, 12.39, 15.10, 17.92, 18.56, 22.08, 24.86, 26.54, 30.34, 31.37, 35.04, 36.72, 37.25, 35.01, 32.02, 28.70, 25.67, 22.48, 19.60, 15.91, 12.86, 9.04, 7.01, 5.06, 6.41, 8.62, 10.39, 8.33, 10.86, 12.25, 15.48, 18.12, 20.09, 23.11, 23.09, 25.78, 23.24, 23.16, 24.74, 23.17, 24.24, 24.96, 28.50, 29.88, 28.47, 26.37, 22.59, 20.30, 16.57, 14.52, 11.30, 9.96, 12.36, 15.23, 18.78, 21.56, 25.34, 28.22, 31.32, 32.93, 32.16, 34.96, 35.89, 34.31, 30.88, 31.09, 28.11, 24.81, 22.20, 19.11, 15.95, 12.91, 9.82, 7.20, 5.82, 7.53, 6.51, 3.61, 6.34, 8.15, 11.83, 14.73, 18.38, 21.02, 24.60, 26.62, 30.41, 33.33, 36.71
 6.45, 3.81, 0.00, 3.82, 5.89, 9.31, 11.58, 14.65, 15.15, 18.78, 21.39, 22.88, 26.67, 27.62, 31.29, 33.02, 33.54, 31.24, 28.26, 24.90, 21.89, 18.68, 15.82, 12.12, 9.21, 5.43, 4.57, 3.24, 6.60, 9.30, 9.79, 7.17, 9.05, 9.44, 12.75, 14.95, 17.16, 20.08, 20.33, 23.32, 21.18, 21.09, 22.22, 20.37, 21.09, 21.76, 25.41, 26.56, 25.00, 22.94, 19.19, 17.00, 13.35, 11.64, 9.01, 7.25, 8.91, 11.65, 15.09, 17.91, 21.68, 24.53, 27.65, 29.32, 28.50, 31.35, 32.35, 30.91, 27.40, 27.66, 24.85, 21.63, 18.85, 16.01, 12.74, 10.17, 7.09, 5.88, 6.18, 9.32, 8.96, 5.47, 5.73, 5.86, 9.03, 11.50, 15.24, 17.58, 21.25, 23.08, 26.88, 29.71, 33.06
 8.61, 6.31, 3.82, 0.00, 3.82, 6.15, 9.21, 11.92, 13.19, 16.81, 19.76, 21.44, 25.15, 26.49, 30.25, 32.37, 33.14, 30.59, 27.68, 24.11, 21.07, 17.85, 14.73, 10.96, 7.88, 4.49, 4.38, 6.04, 9.60, 12.36, 12.96, 10.63, 12.22, 11.67, 14.71, 16.12, 18.24, 20.65, 20.72, 23.98, 22.16, 22.58, 23.45, 21.67, 22.06, 22.90, 26.68, 27.32, 25.55, 23.62, 20.04, 17.92, 14.51, 12.92, 11.01, 8.09, 8.98, 11.98, 14.97, 18.09, 21.69, 24.41, 27.53, 29.40, 28.28, 31.09, 31.97, 30.94, 27.35, 27.26, 24.68, 21.36, 18.78, 16.14, 13.31, 11.45, 9.24, 9.10, 9.97, 12.96, 11.97, 8.21, 7.95, 6.44, 9.05, 10.57, 14.34, 16.59, 20.26, 22.23, 25.94, 28.83, 31.95
 11.87, 9.33, 5.89, 3.82, 0.00, 3.83, 5.79, 8.77, 9.58, 13.30, 16.06, 17.65, 21.38, 22.70, 26.47, 28.59, 29.46, 26.95, 24.16, 20.54, 17.68, 14.30, 11.43, 7.61, 5.38, 3.30, 6.15, 7.78, 11.60, 14.32, 13.91, 11.22, 11.71, 9.99, 12.50, 13.18, 15.26, 17.37, 17.62, 21.08, 19.69, 20.18, 20.63, 18.74, 18.87, 19.84, 23.66, 23.99, 22.22, 20.55, 17.14, 15.45, 12.45, 11.75, 10.91, 8.20, 7.37, 9.50, 11.96, 14.89, 18.40, 20.90, 24.12, 25.90, 24.61, 27.35, 28.19, 27.26, 23.65, 23.52, 21.07, 17.83, 15.20, 12.83, 10.18, 9.16, 7.83, 9.28, 11.31, 14.71, 14.05, 10.34, 8.65, 5.68, 6.61, 7.16, 10.92, 12.86, 16.58, 18.44, 22.14, 25.01, 28.14
 14.63, 12.39, 9.31, 6.15, 3.83, 0.00, 3.84, 5.98, 8.16, 11.69, 14.71, 16.39, 19.90, 21.62, 25.44, 27.97, 29.08, 26.30, 23.64, 19.88, 17.07, 13.89, 10.89, 7.52, 5.87, 5.82, 8.38, 11.02, 14.76, 17.49, 17.21, 14.84, 15.34, 13.26, 15.42, 15.33, 17.25, 18.72, 18.86, 22.48, 21.53, 22.43, 22.55, 20.73, 20.45, 21.46, 25.27, 25.07, 23.08, 21.58, 18.51, 16.97, 14.45, 13.88, 13.65, 10.46, 9.08, 11.02, 12.62, 15.67, 18.77, 21.03, 24.13, 26.13, 24.56, 27.22, 27.96, 27.54, 23.91, 23.45, 21.40, 18.23, 15.92, 14.08, 12.15, 12.02, 11.38, 13.08, 15.06, 18.39, 17.46, 13.67, 12.07, 8.81, 8.93, 7.99, 11.15, 12.61, 16.13, 17.98, 21.45, 24.27, 27.05
 17.37, 15.10, 11.58, 9.21, 5.79, 3.84, 0.00, 3.83, 5.29, 8.96, 11.44, 12.73, 16.25, 17.82, 21.63, 24.16, 25.27, 22.49, 19.90, 16.12, 13.48, 10.23, 7.56, 4.68, 5.22, 7.15, 10.59, 12.88, 16.56, 19.15, 18.12, 15.72, 15.45, 12.61, 14.11, 13.14, 15.07, 16.12, 16.68, 20.45, 20.08, 20.88, 20.41, 18.39, 17.63, 18.59, 22.33, 21.79, 19.72, 18.45, 15.70, 14.65, 12.81, 13.16, 13.94, 11.29, 8.65, 9.28, 9.84, 12.55, 15.38, 17.40, 20.52, 22.48, 20.82, 23.49, 24.31, 24.05, 20.39, 20.00, 18.25, 15.37, 12.95, 11.84, 10.30, 11.36, 11.49, 14.13, 16.60, 20.16, 19.67, 16.02, 13.80, 10.23, 8.93, 6.59, 9.06, 9.53, 13.06, 14.48, 17.93, 20.58, 23.36
 20.44, 17.92, 14.65, 11.92, 8.77, 5.98, 3.83, 0.00, 3.80, 6.41, 9.43, 11.36, 14.59, 16.88, 20.67, 23.53, 25.15, 22.40, 20.29, 16.48, 14.47, 11.39, 9.59, 7.82, 9.00, 10.75, 13.99, 16.35, 20.11, 22.76, 21.85, 19.27, 18.80, 15.80, 16.74, 15.29, 16.50, 16.74, 16.77, 20.45, 20.42, 21.81, 21.26, 19.71, 18.97, 20.37, 23.97, 22.90, 21.05, 20.36, 18.08, 17.59, 16.22, 16.88, 17.76, 15.06, 12.45, 12.75, 12.58, 14.72, 16.98, 18.32, 21.45, 23.21, 21.01, 23.25, 23.60, 23.74, 20.29, 19.25, 17.75, 14.86, 13.28, 12.47, 12.06, 13.49, 14.38, 17.04, 19.76, 23.14, 22.22, 18.56, 16.12, 12.36, 10.56, 7.53, 8.69, 8.94, 11.78, 13.58, 16.63, 19.46, 21.89
 21.41, 18.56, 15.15, 13.19, 9.58, 8.16, 5.29, 3.80, 0.00, 3.83, 6.65, 8.95, 12.53, 14.69, 18.49, 21.01, 22.77, 20.40, 18.56, 14.83, 13.36, 9.91, 9.18, 7.74, 9.95, 11.64, 15.28, 16.90, 20.59, 23.14, 21.76, 18.87, 17.67, 14.30, 14.43, 12.52, 13.20, 13.08, 13.05, 16.75, 16.97, 18.38, 17.65, 16.28, 15.68, 17.49, 21.01, 19.83, 18.40, 18.18, 16.10, 16.30, 15.31, 16.73, 17.85, 15.83, 12.86, 12.23, 11.65, 12.96, 15.17, 16.07, 19.50, 20.76, 18.35, 20.37, 20.50, 20.36, 16.98, 15.84, 14.06, 11.07, 9.62, 8.94, 9.24, 11.31, 13.07, 16.19, 19.38, 22.70, 21.96, 18.57, 15.56, 11.79, 8.98, 5.27, 5.21, 5.19, 8.20, 10.28, 13.56, 16.66, 19.43
 25.07, 22.08, 18.78, 16.81, 13.30, 11.69, 8.96, 6.41, 3.83, 0.00, 3.81, 7.18, 10.23, 13.06, 16.67, 19.32, 21.62, 19.51, 18.34, 14.84, 14.30, 11.29, 11.63, 11.10, 13.67, 15.46, 19.09, 20.64, 24.33, 26.86, 25.38, 22.40, 20.88, 17.38, 16.88, 14.47, 14.32, 13.17, 12.69, 16.07, 16.92, 18.80, 17.80, 16.97, 16.32, 18.51, 21.68, 19.93, 18.89, 19.38, 17.94, 18.79, 18.35, 20.16, 21.50, 19.61, 16.52, 15.50, 14.29, 14.85, 16.33, 16.35, 19.71, 20.54, 17.61, 19.00, 18.55, 18.80, 15.79, 13.91, 12.53, 9.84, 9.66, 9.80, 11.40, 13.85, 16.22, 19.40, 22.78, 25.96, 25.06, 21.81, 18.60, 14.88, 11.74, 8.07, 6.06, 5.00, 6.11, 8.55, 11.16, 14.45, 16.88
 27.75, 24.86, 21.39, 19.76, 16.06, 14.71, 11.44, 9.43, 6.65, 3.81, 0.00, 3.81, 6.67, 9.49, 12.98, 15.59, 18.06, 16.14, 15.42, 12.24, 12.58, 10.13, 11.70, 12.29, 15.51, 17.78, 21.54, 22.93, 26.46, 28.84, 26.94, 24.09, 22.18, 18.45, 17.37, 14.32, 13.93, 12.04, 12.14, 15.31, 16.98, 18.57, 16.86, 15.96, 14.75, 16.86, 19.64, 17.38, 16.48, 17.52, 16.79, 18.29, 18.62, 20.99, 22.87, 21.41, 17.98, 16.20, 14.18, 13.85, 14.52, 13.77, 16.98, 17.49, 14.29, 15.41, 14.88, 15.45, 12.57, 10.58, 9.93, 8.22, 8.47, 10.05, 12.21, 15.36, 17.96, 21.46, 24.91, 28.17, 27.63, 24.53, 21.18, 17.59, 14.15, 10.45, 7.80, 4.89, 4.09, 5.27, 7.48, 10.66, 13.11
 29.14, 26.54, 22.88, 21.44, 17.65, 16.39, 12.73, 11.36, 8.95, 7.18, 3.81, 0.00, 3.82, 5.91, 9.61, 12.39, 14.60, 12.42, 11.71, 8.67, 9.63, 8.07, 10.57, 12.32, 15.95, 18.77, 22.54, 23.96, 27.28, 29.50, 27.27, 24.77, 22.76, 18.96, 17.77, 14.34, 14.38, 12.46, 13.60, 16.69, 18.76, 19.74, 17.41, 15.95, 13.89, 15.33, 17.80, 15.21, 13.91, 15.06, 14.96, 16.75, 17.79, 20.45, 22.88, 21.72, 18.03, 15.72, 12.96, 12.03, 11.83, 10.64, 13.53, 14.21, 11.08, 12.49, 12.60, 13.61, 10.55, 9.30, 9.75, 9.29, 8.92, 11.54, 13.32, 16.87, 19.20, 22.90, 26.20, 29.62, 29.54, 26.45, 23.20, 19.70, 16.31, 12.66, 10.43, 6.78, 6.05, 4.34, 6.03, 8.18, 10.66
 32.88, 30.34, 26.67, 25.15, 21.38, 19.90, 16.25, 14.59, 12.53, 10.23, 6.67, 3.82, 0.00, 3.82, 6.79, 10.06, 12.78, 10.78, 11.13, 9.02, 11.12, 10.75, 13.57, 15.79, 19.45, 22.43, 26.16, 27.68, 30.97, 33.14, 30.83, 28.44, 26.36, 22.55, 21.18, 17.59, 17.41, 15.04, 16.16, 18.79, 21.33, 22.34, 19.70, 18.46, 16.15, 17.38, 19.25, 16.13, 15.01, 16.67, 17.33, 19.42, 20.92, 23.68, 26.34, 25.23, 21.48, 19.04, 15.96, 14.65, 13.54, 11.50, 13.58, 13.94, 10.56, 11.16, 10.97, 12.99, 10.67, 9.16, 10.95, 11.58, 11.92, 14.90, 16.94, 20.56, 22.96, 26.68, 29.98, 33.40, 33.34, 30.27, 27.01, 23.50, 20.08, 16.43, 13.98, 10.38, 8.67, 6.28, 5.41, 6.08, 7.45
 33.71, 31.37, 27.62, 26.49, 22.70, 21.62, 17.82, 16.88, 14.69, 13.06, 9.49, 5.91, 3.82, 0.00, 3.83, 6.88, 9.10, 7.02, 7.67, 6.42, 9.50, 10.11, 13.55, 16.35, 20.14, 23.29, 26.97, 28.26, 31.26, 33.22, 30.58, 28.47, 26.21, 22.45, 20.86, 17.12, 17.16, 14.90, 16.81, 19.26, 22.00, 22.40, 19.33, 17.69, 14.81, 15.40, 16.77, 13.46, 12.17, 14.08, 15.45, 17.90, 20.02, 23.07, 26.08, 25.44, 21.62, 18.72, 15.26, 13.25, 11.29, 8.59, 10.13, 10.33, 7.09, 8.03, 8.87, 11.02, 8.69, 8.47, 10.92, 12.41, 12.23, 15.70, 17.44, 21.22, 23.46, 27.27, 30.44, 33.90, 34.26, 31.34, 28.13, 24.82, 21.43, 17.99, 15.77, 11.96, 10.55, 7.11, 6.02, 4.73, 6.45
 37.33, 35.04, 31.29, 30.25, 26.47, 25.44, 21.63, 20.67, 18.49, 16.67, 12.98, 9.61, 6.79, 3.83, 0.00, 3.82, 6.55, 5.43, 7.92, 8.49, 12.13, 13.43, 16.98, 19.97, 23.77, 26.96, 30.60, 31.81, 34.70, 36.55, 33.76, 31.76, 29.35, 25.64, 23.82, 20.02, 19.85, 17.34, 19.33, 21.28, 24.37, 24.61, 21.28, 19.81, 16.81, 17.13, 17.71, 14.09, 13.21, 15.59, 17.69, 20.42, 22.94, 26.13, 29.29, 28.87, 25.06, 21.99, 18.40, 16.01, 13.42, 10.12, 10.47, 9.92, 6.95, 6.52, 7.40, 10.47, 9.34, 9.43, 12.72, 15.01, 15.22, 18.87, 20.77, 24.58, 26.88, 30.70, 33.86, 37.28, 37.77, 34.95, 31.70, 28.48, 25.03, 21.67, 19.30, 15.52, 13.68, 10.14, 7.91, 4.71, 4.44
 39.01, 36.72, 33.02, 32.37, 28.59, 27.97, 24.16, 23.53, 21.01, 19.32, 15.59, 12.39, 10.06, 6.88, 3.82, 0.00, 3.83, 5.26, 8.56, 10.22, 14.00, 15.39, 19.15, 22.10, 25.91, 28.95, 32.57, 33.41, 36.08, 37.76, 34.72, 32.78, 30.08, 26.49, 24.26, 20.48, 20.02, 17.41, 19.64, 21.07, 24.38, 24.24, 20.65, 19.31, 16.27, 16.39, 16.15, 12.39, 12.23, 15.20, 17.86, 21.02, 23.87, 27.31, 30.53, 30.56, 26.80, 23.45, 19.88, 16.95, 14.06, 10.33, 10.14, 8.31, 5.76, 3.73, 5.20, 8.27, 8.24, 9.20, 12.75, 15.75, 16.07, 19.87, 21.83, 25.63, 28.02, 31.83, 34.97, 38.26, 38.98, 36.42, 33.11, 30.13, 26.63, 23.55, 21.08, 17.40, 15.40, 11.73, 9.32, 5.66, 5.58
 39.26, 37.25, 33.54, 33.14, 29.46, 29.08, 25.27, 25.15, 22.77, 21.62, 18.06, 14.60, 12.78, 9.10, 6.55, 3.83, 0.00, 3.83, 7.10, 9.97, 13.63, 15.66, 19.38, 22.58, 26.29, 29.40, 32.86, 33.57, 35.95, 37.41, 34.19, 32.61, 29.94, 26.53, 24.39, 20.74, 20.74, 18.63, 21.39, 22.86, 26.00, 25.32, 21.62, 19.80, 16.41, 15.65, 14.91, 11.42, 10.86, 13.59, 16.78, 19.92, 23.15, 26.61, 30.04, 30.40, 26.73, 23.21, 19.57, 16.41, 13.04, 9.40, 7.93, 5.92, 5.33, 4.72, 7.86, 9.85, 9.63, 11.77, 14.92, 17.86, 17.52, 21.30, 22.75, 26.49, 28.52, 32.28, 35.18, 38.48, 39.56, 37.10, 33.97, 31.18, 27.86, 24.99, 22.92, 19.26, 17.83, 14.04, 12.36, 9.04, 9.36
 36.89, 35.01, 31.24, 30.59, 26.95, 26.30, 22.49, 22.40, 20.40, 19.51, 16.14, 12.42, 10.78, 7.02, 5.43, 5.26, 3.83, 0.00, 3.81, 6.70, 10.37, 12.81, 16.37, 19.80, 23.46, 26.78, 30.18, 31.22, 33.68, 35.23, 32.17, 30.69, 28.34, 24.88, 23.20, 19.57, 20.11, 18.33, 21.14, 23.19, 26.04, 25.51, 21.99, 19.80, 16.24, 15.33, 15.42, 12.16, 10.47, 12.39, 15.19, 17.88, 20.98, 24.21, 27.71, 27.77, 24.06, 20.71, 16.95, 14.18, 10.76, 7.51, 6.02, 6.03, 5.25, 6.68, 9.76, 11.80, 10.35, 12.25, 15.06, 17.36, 16.53, 20.19, 21.29, 25.03, 26.79, 30.56, 33.36, 36.83, 37.85, 35.17, 32.18, 29.23, 26.07, 23.03, 21.30, 17.55, 16.63, 12.86, 11.80, 8.95, 9.56
 33.68, 32.02, 28.26, 27.68, 24.16, 23.64, 19.90, 20.29, 18.56, 18.34, 15.42, 11.71, 11.13, 7.67, 7.92, 8.56, 7.10, 3.81, 0.00, 3.82, 6.98, 9.87, 13.21, 16.78, 20.30, 23.68, 26.93, 28.01, 30.36, 31.85, 28.81, 27.54, 25.41, 22.05, 20.76, 17.33, 18.51, 17.38, 20.45, 22.92, 25.35, 24.61, 21.28, 18.59, 14.89, 13.51, 14.19, 11.52, 8.79, 9.68, 12.16, 14.46, 17.58, 20.66, 24.25, 24.34, 20.68, 17.35, 13.57, 10.97, 7.44, 5.00, 3.42, 5.74, 5.89, 8.93, 12.20, 13.45, 11.06, 13.28, 15.31, 16.95, 15.32, 18.70, 19.18, 22.79, 24.14, 27.84, 30.42, 33.96, 35.12, 32.41, 29.63, 26.76, 23.87, 20.96, 19.80, 16.19, 16.10, 12.56, 12.64, 10.76, 12.23
 30.47, 28.70, 24.90, 24.11, 20.54, 19.88, 16.12, 16.48, 14.83, 14.84, 12.24, 8.67, 9.02, 6.42, 8.49, 10.22, 9.97, 6.70, 3.82, 0.00, 3.82, 6.27, 9.69, 13.21, 16.82, 20.24, 23.60, 24.85, 27.44, 29.13, 26.30, 24.80, 22.83, 19.34, 18.33, 14.91, 16.29, 15.35, 18.19, 21.08, 23.20, 22.76, 19.75, 17.02, 13.55, 12.69, 14.37, 11.95, 9.04, 9.38, 10.72, 12.65, 15.23, 18.18, 21.59, 21.30, 17.55, 14.40, 10.62, 8.52, 5.83, 4.45, 5.67, 8.06, 7.04, 10.31, 12.92, 13.91, 10.78, 12.39, 13.77, 14.64, 12.71, 15.82, 16.17, 19.76, 21.09, 24.81, 27.47, 31.09, 32.02, 29.13, 26.35, 23.33, 20.46, 17.43, 16.44, 12.89, 13.29, 10.12, 11.08, 10.32, 12.41
 27.20, 25.67, 21.89, 21.07, 17.68, 17.07, 13.48, 14.47, 13.36, 14.30, 12.58, 9.63, 11.12, 9.50, 12.13, 14.00, 13.63, 10.37, 6.98, 3.82, 0.00, 3.82, 6.38, 10.12, 13.49, 17.02, 20.20, 21.63, 24.16, 25.85, 23.16, 21.87, 20.29, 16.96, 16.62, 13.64, 15.78, 15.67, 18.50, 21.76, 23.30, 22.78, 20.17, 17.11, 13.86, 12.76, 15.12, 13.53, 10.18, 9.11, 9.21, 10.08, 12.25, 14.83, 18.26, 17.80, 14.10, 11.14, 7.39, 6.30, 4.82, 6.15, 7.76, 10.75, 10.29, 13.79, 16.31, 16.83, 13.34, 14.88, 15.43, 15.44, 12.80, 15.21, 14.73, 17.98, 18.74, 22.31, 24.70, 28.41, 29.40, 26.43, 23.94, 20.98, 18.53, 15.70, 15.54, 12.45, 13.91, 11.51, 13.44, 13.50, 15.84
 24.33, 22.48, 18.68, 17.85, 14.30, 13.89, 10.23, 11.39, 9.91, 11.29, 10.13, 8.07, 10.75, 10.11, 13.43, 15.39, 15.66, 12.81, 9.87, 6.27, 3.82, 0.00, 3.83, 6.99, 10.68, 14.00, 17.45, 18.76, 21.56, 23.46, 20.91, 19.16, 17.49, 13.95, 13.66, 10.71, 12.84, 12.97, 15.49, 18.98, 20.18, 19.89, 17.66, 14.73, 12.00, 11.68, 14.74, 13.45, 10.62, 9.64, 8.51, 9.25, 10.50, 13.13, 16.14, 15.47, 11.65, 8.76, 5.30, 4.90, 5.73, 7.41, 10.30, 12.52, 11.40, 14.66, 16.58, 16.60, 12.83, 13.87, 13.54, 12.76, 9.82, 11.74, 11.14, 14.38, 15.33, 18.98, 21.60, 25.29, 26.04, 23.02, 20.37, 17.31, 14.74, 11.89, 11.88, 9.08, 11.20, 9.59, 12.41, 13.53, 16.40
 21.20, 19.60, 15.82, 14.73, 11.43, 10.89, 7.56, 9.59, 9.18, 11.63, 11.70, 10.57, 13.57, 13.55, 16.98, 19.15, 19.38, 16.37, 13.21, 9.69, 6.38, 3.83, 0.00, 3.83, 7.18, 10.77, 14.05, 15.77, 18.65, 20.66, 18.48, 16.88, 15.89, 12.65, 13.41, 11.33, 14.04, 14.92, 17.07, 20.77, 21.34, 21.13, 19.47, 16.50, 14.29, 13.94, 17.32, 16.62, 13.73, 11.98, 9.85, 9.06, 9.05, 10.73, 13.47, 12.21, 8.44, 6.35, 3.93, 6.26, 8.40, 10.94, 13.54, 16.06, 15.19, 18.49, 20.31, 20.23, 16.42, 17.24, 16.44, 14.93, 11.77, 12.59, 11.06, 13.57, 13.72, 17.06, 19.34, 23.13, 23.80, 20.58, 18.33, 15.29, 13.38, 10.87, 12.01, 10.18, 13.14, 12.46, 15.58, 17.07, 19.86
 17.72, 15.91, 12.12, 10.96, 7.61, 7.52, 4.68, 7.82, 7.74, 11.10, 12.29, 12.32, 15.79, 16.35, 19.97, 22.10, 22.58, 19.80, 16.78, 13.21, 10.12, 6.99, 3.83, 0.00, 3.83, 7.13, 10.66, 12.40, 15.59, 17.83, 16.02, 14.04, 13.38, 10.30, 11.73, 10.50, 13.26, 14.73, 16.32, 20.08, 19.99, 19.97, 18.98, 16.26, 14.87, 15.04, 18.73, 18.50, 16.03, 14.25, 11.37, 10.05, 8.55, 9.47, 11.27, 9.49, 5.88, 5.05, 5.21, 8.28, 11.34, 13.95, 16.89, 19.08, 18.04, 21.15, 22.60, 22.12, 18.32, 18.80, 17.26, 15.00, 11.79, 11.39, 9.20, 10.88, 10.63, 13.75, 16.05, 19.83, 20.23, 16.89, 14.72, 11.65, 10.18, 8.17, 10.36, 9.79, 13.38, 13.73, 17.26, 19.37, 22.37
 14.30, 12.86, 9.21, 7.88, 5.38, 5.87, 5.22, 9.00, 9.95, 13.67, 15.51, 15.95, 19.45, 20.14, 23.77, 25.91, 26.29, 23.46, 20.30, 16.82, 13.49, 10.68, 7.18, 3.83, 0.00, 3.82, 6.98, 9.25, 12.50, 14.87, 13.64, 11.92, 12.26, 10.06, 12.58, 12.48, 15.43, 17.45, 18.74, 22.42, 21.75, 21.68, 21.25, 18.59, 17.67, 17.73, 21.46, 21.68, 19.23, 17.05, 13.78, 11.60, 8.99, 8.33, 9.05, 6.34, 3.59, 5.55, 7.69, 11.22, 14.52, 17.46, 20.24, 22.55, 21.74, 24.90, 26.37, 25.75, 21.95, 22.43, 20.62, 18.05, 14.86, 13.70, 10.89, 11.30, 9.88, 12.14, 13.78, 17.55, 17.88, 14.44, 12.97, 10.32, 10.17, 9.33, 12.44, 12.83, 16.57, 17.34, 20.94, 23.17, 26.16
 10.69, 9.04, 5.43, 4.49, 3.30, 5.82, 7.15, 10.75, 11.64, 15.46, 17.78, 18.77, 22.43, 23.29, 26.96, 28.95, 29.40, 26.78, 23.68, 20.24, 17.02, 14.00, 10.77, 7.13, 3.82, 0.00, 3.82, 5.84, 9.44, 12.05, 11.45, 9.37, 10.40, 9.09, 12.22, 13.17, 15.92, 18.39, 19.23, 22.71, 21.40, 21.35, 21.57, 19.21, 18.99, 19.33, 23.09, 23.73, 21.64, 19.47, 15.90, 13.60, 10.30, 8.89, 7.94, 4.94, 4.57, 7.57, 10.63, 13.91, 17.49, 20.44, 23.38, 25.44, 24.61, 27.66, 28.92, 27.95, 24.24, 24.60, 22.33, 19.40, 16.33, 14.33, 11.16, 10.24, 7.95, 9.23, 10.50, 14.15, 14.26, 10.76, 9.77, 7.70, 8.88, 9.48, 13.16, 14.53, 18.34, 19.66, 23.38, 25.92, 29.08
 7.52, 7.01, 4.57, 4.38, 6.15, 8.38, 10.59, 13.99, 15.28, 19.09, 21.54, 22.54, 26.16, 26.97, 30.60, 32.57, 32.86, 30.18, 26.93, 23.60, 20.20, 17.45, 14.05, 10.66, 6.98, 3.82, 0.00, 3.82, 6.87, 9.48, 9.95, 8.70, 11.04, 11.03, 14.62, 16.21, 19.04, 21.80, 22.58, 25.91, 24.26, 24.06, 24.59, 22.24, 22.19, 22.29, 25.95, 26.92, 24.77, 22.30, 18.62, 15.85, 12.25, 9.76, 7.54, 4.27, 6.56, 10.18, 13.60, 16.99, 20.57, 23.75, 26.49, 28.68, 28.11, 31.26, 32.64, 31.59, 27.88, 28.36, 26.02, 23.07, 19.99, 17.81, 14.47, 12.91, 9.89, 9.73, 9.56, 12.84, 13.05, 9.79, 10.23, 9.41, 11.69, 12.96, 16.73, 18.32, 22.13, 23.47, 27.20, 29.70, 32.84
 5.71, 5.06, 3.24, 6.04, 7.78, 11.02, 12.88, 16.35, 16.90, 20.64, 22.93, 23.96, 27.68, 28.26, 31.81, 33.41, 33.57, 31.22, 28.01, 24.85, 21.63, 18.76, 15.77, 12.40, 9.25, 5.84, 3.82, 0.00, 3.82, 6.56, 6.97, 5.25, 8.08, 9.15, 12.87, 15.26, 17.97, 21.14, 21.91, 24.91, 22.91, 22.34, 23.21, 20.96, 21.37, 21.48, 25.01, 26.44, 24.64, 22.18, 18.37, 15.71, 11.91, 9.53, 6.35, 5.08, 7.80, 10.77, 14.50, 17.42, 21.15, 24.32, 27.15, 29.02, 28.62, 31.70, 33.06, 31.58, 28.01, 28.68, 26.04, 23.11, 19.98, 17.50, 13.92, 11.64, 8.04, 6.84, 5.89, 9.23, 10.05, 7.34, 8.20, 8.66, 11.36, 13.52, 17.23, 19.10, 22.85, 24.23, 28.03, 30.58, 33.96
 5.00, 6.41, 6.60, 9.60, 11.60, 14.76, 16.56, 20.11, 20.59, 24.33, 26.46, 27.28, 30.97, 31.26, 34.70, 36.08, 35.95, 33.68, 30.36, 27.44, 24.16, 21.56, 18.65, 15.59, 12.50, 9.44, 6.87, 3.82, 0.00, 2.78, 4.57, 4.81, 8.59, 10.92, 14.61, 17.45, 20.25, 23.68, 24.64, 27.41, 25.25, 24.25, 25.25, 22.92, 23.40, 23.14, 26.42, 28.28, 26.50, 23.78, 19.98, 17.07, 13.30, 10.45, 6.65, 6.95, 10.33, 13.06, 16.86, 19.60, 23.25, 26.59, 29.19, 31.06, 31.03, 34.21, 35.77, 34.10, 30.58, 31.56, 28.90, 26.14, 22.91, 20.47, 16.77, 14.32, 10.52, 8.51, 5.84, 8.16, 10.02, 8.61, 10.46, 11.89, 14.69, 17.07, 20.69, 22.49, 26.19, 27.40, 31.18, 33.58, 37.02
 6.54, 8.62, 9.30, 12.36, 14.32, 17.49, 19.15, 22.76, 23.14, 26.86, 28.84, 29.50, 33.14, 33.22, 36.55, 37.76, 37.41, 35.23, 31.85, 29.13, 25.85, 23.46, 20.66, 17.83, 14.87, 12.05, 9.48, 6.56, 2.78, 0.00, 3.82, 5.79, 9.49, 12.39, 15.91, 18.96, 21.79, 25.36, 26.48, 29.09, 26.86, 25.57, 26.60, 24.21, 24.70, 24.18, 27.23, 29.38, 27.64, 24.78, 21.04, 18.04, 14.42, 11.48, 7.71, 8.93, 12.33, 14.77, 18.53, 21.08, 24.62, 28.03, 30.45, 32.29, 32.53, 35.76, 37.46, 35.66, 32.21, 33.41, 30.76, 28.15, 24.85, 22.50, 18.76, 16.29, 12.48, 10.28, 7.08, 8.45, 10.99, 10.46, 12.55, 14.35, 17.08, 19.55, 23.07, 24.78, 28.43, 29.48, 33.24, 35.51, 38.99
 9.45, 10.39, 9.79, 12.96, 13.91, 17.21, 18.12, 21.85, 21.76, 25.38, 26.94, 27.27, 30.83, 30.58, 33.76, 34.72, 34.19, 32.17, 28.81, 26.30, 23.16, 20.91, 18.48, 16.02, 13.64, 11.45, 9.95, 6.97, 4.57, 3.82, 0.00, 3.82, 6.79, 9.68, 13.03, 16.01, 19.03, 22.66, 24.17, 26.74, 24.79, 23.16, 23.84, 21.19, 21.48, 20.69, 23.62, 25.90, 24.18, 21.28, 17.61, 14.69, 11.24, 8.69, 5.27, 7.96, 10.61, 12.25, 15.85, 18.02, 21.47, 24.86, 27.19, 28.91, 29.35, 32.59, 34.43, 32.53, 29.14, 30.62, 28.08, 25.76, 22.32, 20.30, 16.51, 14.45, 10.78, 9.43, 7.17, 9.34, 12.35, 11.60, 12.62, 13.97, 15.99, 18.18, 21.43, 22.76, 26.31, 27.01, 30.70, 32.77, 36.29
 8.87, 8.33, 7.17, 10.63, 11.22, 14.84, 15.72, 19.27, 18.87, 22.40, 24.09, 24.77, 28.44, 28.47, 31.76, 32.78, 32.61, 30.69, 27.54, 24.80, 21.87, 19.16, 16.88, 14.04, 11.92, 9.37, 8.70, 5.25, 4.81, 5.79, 3.82, 0.00, 3.82, 6.71, 10.15, 13.32, 16.02, 19.63, 20.80, 23.37, 21.28, 19.91, 20.82, 18.45, 19.11, 18.92, 22.09, 24.14, 22.71, 20.23, 16.46, 14.04, 10.45, 8.75, 5.60, 7.49, 9.42, 10.89, 14.51, 16.58, 20.24, 23.36, 26.09, 27.55, 27.56, 30.59, 32.10, 30.14, 26.78, 27.93, 25.16, 22.61, 19.34, 16.98, 13.25, 10.83, 7.11, 5.68, 4.28, 7.45, 9.97, 8.79, 9.09, 10.42, 12.38, 14.85, 18.07, 19.73, 23.24, 24.28, 28.02, 30.36, 33.95
 12.26, 10.86, 9.05, 12.22, 11.71, 15.34, 15.45, 18.80, 17.67, 20.88, 22.18, 22.76, 26.36, 26.21, 29.35, 30.08, 29.94, 28.34, 25.41, 22.83, 20.29, 17.49, 15.89, 13.38, 12.26, 10.40, 11.04, 8.08, 8.59, 9.49, 6.79, 3.82, 0.00, 3.82, 6.61, 10.07, 12.58, 16.29, 17.63, 20.02, 18.06, 16.38, 17.17, 14.78, 15.64, 15.63, 18.74, 20.88, 19.82, 17.67, 14.02, 12.31, 9.20, 8.98, 7.25, 9.45, 9.95, 10.10, 13.20, 14.53, 18.11, 20.91, 23.79, 24.85, 24.80, 27.65, 29.06, 26.87, 23.65, 24.91, 22.05, 19.69, 16.46, 14.20, 10.58, 8.37, 5.32, 5.31, 6.09, 8.97, 11.35, 10.30, 9.23, 10.12, 11.03, 13.38, 16.08, 17.57, 20.82, 21.72, 25.38, 27.68, 31.37
 14.23, 12.25, 9.44, 11.67, 9.99, 13.26, 12.61, 15.80, 14.30, 17.38, 18.45, 18.96, 22.55, 22.45, 25.64, 26.49, 26.53, 24.88, 22.05, 19.34, 16.96, 13.95, 12.65, 10.30, 10.06, 9.09, 11.03, 9.15, 10.92, 12.39, 9.68, 6.71, 3.82, 0.00, 3.82, 6.63, 9.47, 13.02, 14.57, 17.34, 15.86, 14.44, 14.69, 12.07, 12.56, 12.84, 16.28, 17.94, 16.78, 14.90, 11.25, 10.03, 7.24, 8.25, 7.94, 9.32, 8.33, 7.54, 10.14, 11.28, 14.93, 17.55, 20.65, 21.68, 21.33, 24.16, 25.50, 23.47, 20.14, 21.28, 18.51, 16.15, 12.80, 10.76, 7.05, 5.77, 3.74, 6.37, 8.73, 11.99, 13.57, 11.72, 9.57, 9.01, 8.68, 10.28, 12.72, 13.87, 17.12, 17.93, 21.60, 23.93, 27.61
 17.77, 15.48, 12.75, 14.71, 12.50, 15.42, 14.11, 16.74, 14.43, 16.88, 17.37, 17.77, 21.18, 20.86, 23.82, 24.26, 24.39, 23.20, 20.76, 18.33, 16.62, 13.66, 13.41, 11.73, 12.58, 12.22, 14.62, 12.87, 14.61, 15.91, 13.03, 10.15, 6.61, 3.82, 0.00, 3.82, 6.05, 9.79, 11.61, 14.07, 12.86, 11.04, 10.99, 8.32, 9.25, 10.06, 13.37, 15.05, 14.55, 13.36, 10.19, 10.32, 8.81, 11.03, 11.47, 12.94, 11.33, 9.48, 10.87, 10.75, 13.98, 15.95, 19.20, 19.60, 19.12, 21.62, 22.75, 20.40, 17.32, 18.54, 15.62, 13.57, 10.40, 8.64, 5.62, 5.42, 5.93, 8.83, 11.66, 14.40, 15.83, 14.34, 11.59, 10.83, 9.33, 10.46, 11.80, 12.63, 15.32, 15.95, 19.42, 21.70, 25.48
 20.52, 18.12, 14.95, 16.12, 13.18, 15.33, 13.14, 15.29, 12.52, 14.47, 14.32, 14.34, 17.59, 17.12, 20.02, 20.48, 20.74, 19.57, 17.33, 14.91, 13.64, 10.71, 11.33, 10.50, 12.48, 13.17, 16.21, 15.26, 17.45, 18.96, 16.01, 13.32, 10.07, 6.63, 3.82, 0.00, 3.81, 6.93, 9.53, 12.39, 12.20, 10.70, 9.49, 6.31, 6.15, 7.38, 11.02, 11.96, 11.39, 10.74, 8.03, 9.26, 8.92, 12.00, 13.43, 14.42, 11.87, 9.15, 9.15, 8.15, 11.01, 12.50, 15.95, 16.22, 15.44, 17.91, 19.04, 16.87, 13.63, 14.90, 12.22, 10.50, 7.05, 6.43, 4.40, 6.72, 8.43, 11.94, 15.02, 17.98, 19.11, 17.20, 14.13, 12.44, 9.92, 9.63, 10.00, 9.83, 12.21, 12.36, 15.75, 17.91, 21.68
 22.88, 20.09, 17.16, 18.24, 15.26, 17.25, 15.07, 16.50, 13.20, 14.32, 13.93, 14.38, 17.41, 17.16, 19.85, 20.02, 20.74, 20.11, 18.51, 16.29, 15.78, 12.84, 14.04, 13.26, 15.43, 15.92, 19.04, 17.97, 20.25, 21.79, 19.03, 16.02, 12.58, 9.47, 6.05, 3.81, 0.00, 3.79, 6.11, 8.62, 8.65, 7.26, 5.88, 3.53, 5.22, 8.17, 11.17, 11.71, 12.26, 12.74, 10.88, 12.80, 12.73, 15.76, 16.92, 17.76, 15.29, 12.77, 12.48, 11.04, 13.23, 13.73, 17.30, 16.80, 15.48, 17.22, 17.66, 15.12, 12.36, 13.12, 9.89, 8.13, 5.68, 4.90, 5.16, 7.43, 10.33, 13.57, 16.97, 19.51, 20.24, 18.59, 15.16, 13.53, 10.52, 10.21, 9.40, 9.47, 10.90, 11.45, 14.52, 16.95, 20.76
 26.07, 23.11, 20.08, 20.65, 17.37, 18.72, 16.12, 16.74, 13.08, 13.17, 12.04, 12.46, 15.04, 14.90, 17.34, 17.41, 18.63, 18.33, 17.38, 15.35, 15.67, 12.97, 14.92, 14.73, 17.45, 18.39, 21.80, 21.14, 23.68, 25.36, 22.66, 19.63, 16.29, 13.02, 9.79, 6.93, 3.79, 0.00, 3.83, 6.39, 8.02, 7.59, 5.07, 4.24, 5.20, 8.92, 11.33, 10.73, 11.86, 13.36, 12.42, 14.97, 15.48, 18.71, 20.19, 20.69, 17.85, 15.16, 14.09, 12.17, 13.53, 13.00, 16.58, 15.56, 13.57, 14.65, 14.50, 12.00, 9.51, 9.68, 6.23, 4.90, 3.88, 4.96, 7.41, 10.26, 13.57, 16.90, 20.45, 22.99, 23.40, 21.60, 17.98, 15.93, 12.46, 11.25, 9.13, 8.36, 8.45, 8.81, 11.39, 13.93, 17.68
 26.38, 23.09, 20.33, 20.72, 17.62, 18.86, 16.68, 16.77, 13.05, 12.69, 12.14, 13.60, 16.16, 16.81, 19.33, 19.64, 21.39, 21.14, 20.45, 18.19, 18.50, 15.49, 17.07, 16.32, 18.74, 19.23, 22.58, 21.91, 24.64, 26.48, 24.17, 20.80, 17.63, 14.57, 11.61, 9.53, 6.11, 3.83, 0.00, 3.82, 5.24, 6.64, 5.69, 7.00, 8.96, 12.71, 14.99, 14.31, 15.59, 17.12, 15.98, 18.19, 18.18, 21.04, 22.03, 22.17, 19.57, 17.42, 16.75, 15.37, 16.94, 16.37, 20.01, 18.95, 16.56, 17.15, 16.25, 13.93, 11.96, 10.96, 7.14, 4.64, 5.72, 5.04, 8.35, 10.42, 14.15, 17.12, 20.86, 23.09, 22.93, 21.20, 17.43, 15.40, 11.87, 10.92, 8.26, 8.65, 8.23, 9.97, 12.30, 15.40, 18.92
 29.13, 25.78, 23.32, 23.98, 21.08, 22.48, 20.45, 20.45, 16.75, 16.07, 15.31, 16.69, 18.79, 19.26, 21.28, 21.07, 22.86, 23.19, 22.92, 21.08, 21.76, 18.98, 20.77, 20.08, 22.42, 22.71, 25.91, 24.91, 27.41, 29.09, 26.74, 23.37, 20.02, 17.34, 14.07, 12.39, 8.62, 6.39, 3.82, 0.00, 3.83, 5.49, 5.01, 8.12, 10.73, 14.51, 16.02, 15.47, 17.51, 19.45, 18.67, 21.14, 21.28, 24.21, 25.07, 25.49, 23.07, 20.87, 20.23, 18.55, 19.84, 18.89, 22.31, 20.69, 18.37, 18.34, 16.98, 14.24, 13.23, 12.16, 8.57, 7.40, 9.20, 8.78, 11.77, 13.28, 16.96, 19.54, 23.17, 24.98, 24.81, 23.55, 19.83, 18.27, 14.99, 14.50, 11.86, 12.32, 11.25, 12.72, 14.26, 17.04, 20.36
 26.65, 23.24, 21.18, 22.16, 19.69, 21.53, 20.08, 20.42, 16.97, 16.92, 16.98, 18.76, 21.33, 22.00, 24.37, 24.38, 26.00, 26.04, 25.35, 23.20, 23.30, 20.18, 21.34, 19.99, 21.75, 21.40, 24.26, 22.91, 25.25, 26.86, 24.79, 21.28, 18.06, 15.86, 12.86, 12.20, 8.65, 8.02, 5.24, 3.83, 0.00, 3.82, 6.02, 8.90, 12.20, 15.81, 17.70, 17.81, 19.55, 20.90, 19.48, 21.42, 20.92, 23.44, 23.73, 24.19, 22.24, 20.51, 20.58, 19.42, 21.33, 21.02, 24.58, 23.31, 21.23, 21.63, 20.56, 17.80, 16.43, 15.57, 11.81, 9.77, 10.69, 8.86, 11.05, 11.44, 14.98, 17.01, 20.55, 21.98, 21.63, 20.69, 17.08, 16.04, 13.23, 13.69, 11.79, 13.31, 13.17, 15.18, 17.29, 20.30, 23.72
 26.26, 23.16, 21.09, 22.58, 20.18, 22.43, 20.88, 21.81, 18.38, 18.80, 18.57, 19.74, 22.34, 22.40, 24.61, 24.24, 25.32, 25.51, 24.61, 22.76, 22.78, 19.89, 21.13, 19.97, 21.68, 21.35, 24.06, 22.34, 24.25, 25.57, 23.16, 19.91, 16.38, 14.44, 11.04, 10.70, 7.26, 7.59, 6.64, 5.49, 3.82, 0.00, 3.81, 6.53, 10.29, 13.52, 15.11, 15.89, 17.80, 18.98, 17.60, 19.61, 19.32, 21.98, 22.37, 23.41, 21.57, 19.56, 19.69, 18.23, 20.11, 19.98, 23.35, 21.99, 20.47, 21.13, 20.58, 17.43, 16.02, 16.06, 12.46, 11.04, 11.01, 9.55, 10.89, 11.24, 14.34, 16.35, 19.63, 21.01, 21.31, 20.67, 17.26, 16.64, 14.08, 14.81, 13.44, 14.54, 14.78, 16.06, 18.28, 20.86, 24.45
 27.70, 24.74, 22.22, 23.45, 20.63, 22.55, 20.41, 21.26, 17.65, 17.80, 16.86, 17.41, 19.70, 19.33, 21.28, 20.65, 21.62, 21.99, 21.28, 19.75, 20.17, 17.66, 19.47, 18.98, 21.25, 21.57, 24.59, 23.21, 25.25, 26.60, 23.84, 20.82, 17.17, 14.69, 10.99, 9.49, 5.88, 5.07, 5.69, 5.01, 6.02, 3.81, 0.00, 3.82, 7.15, 10.58, 11.89, 12.27, 14.42, 16.05, 15.25, 17.82, 18.22, 21.34, 22.38, 23.47, 21.15, 18.59, 18.03, 15.99, 17.31, 16.75, 19.98, 18.37, 16.87, 17.44, 17.04, 13.79, 12.42, 12.85, 9.52, 9.00, 8.93, 8.83, 10.59, 12.13, 15.28, 17.92, 21.25, 23.11, 23.70, 22.67, 19.18, 18.02, 15.03, 14.92, 13.12, 13.18, 13.02, 13.51, 15.45, 17.65, 21.25
 25.84, 23.17, 20.37, 21.67, 18.74, 20.73, 18.39, 19.71, 16.28, 16.97, 15.96, 15.95, 18.46, 17.69, 19.81, 19.31, 19.80, 19.80, 18.59, 17.02, 17.11, 14.73, 16.50, 16.26, 18.59, 19.21, 22.24, 20.96, 22.92, 24.21, 21.19, 18.45, 14.78, 12.07, 8.32, 6.31, 3.53, 4.24, 7.00, 8.12, 8.90, 6.53, 3.82, 0.00, 3.83, 7.03, 9.01, 9.80, 11.34, 12.48, 11.48, 14.06, 14.68, 17.98, 19.36, 20.63, 18.17, 15.34, 14.66, 12.47, 13.91, 13.80, 17.02, 15.83, 14.78, 16.09, 16.51, 13.45, 11.30, 12.57, 9.60, 9.11, 7.51, 7.89, 8.68, 10.71, 13.39, 16.37, 19.55, 21.82, 22.82, 21.54, 18.20, 16.89, 13.98, 13.68, 12.45, 12.02, 12.59, 12.48, 14.88, 16.81, 20.57
 26.65, 24.24, 21.09, 22.06, 18.87, 20.45, 17.63, 18.97, 15.68, 16.32, 14.75, 13.89, 16.15, 14.81, 16.81, 16.27, 16.41, 16.24, 14.89, 13.55, 13.86, 12.00, 14.29, 14.87, 17.67, 18.99, 22.19, 21.37, 23.40, 24.70, 21.48, 19.11, 15.64, 12.56, 9.25, 6.15, 5.22, 5.20, 8.96, 10.73, 12.20, 10.29, 7.15, 3.83, 0.00, 3.82, 6.30, 6.51, 7.56, 8.92, 8.54, 11.70, 13.17, 16.82, 18.90, 20.11, 17.23, 13.91, 12.43, 9.59, 10.39, 10.06, 13.21, 12.12, 11.31, 13.11, 14.20, 11.46, 8.78, 10.90, 8.82, 9.13, 6.88, 8.74, 9.32, 12.18, 14.48, 17.84, 20.89, 23.58, 24.78, 23.13, 19.90, 18.16, 15.14, 14.09, 12.87, 11.37, 11.94, 10.77, 13.06, 14.42, 18.16
 26.91, 24.96, 21.76, 22.90, 19.84, 21.46, 18.59, 20.37, 17.49, 18.51, 16.86, 15.33, 17.38, 15.40, 17.13, 16.39, 15.65, 15.33, 13.51, 12.69, 12.76, 11.68, 13.94, 15.04, 17.73, 19.33, 22.29, 21.48, 23.14, 24.18, 20.69, 18.92, 15.63, 12.84, 10.06, 7.38, 8.17, 8.92, 12.71, 14.51, 15.81, 13.52, 10.58, 7.03, 3.82, 0.00, 3.83, 5.28, 5.22, 5.73, 5.88, 9.37, 11.64, 15.42, 17.94, 19.57, 16.73, 13.13, 11.41, 8.15, 8.42, 8.65, 11.15, 10.44, 10.84, 13.30, 15.30, 12.86, 10.18, 13.11, 11.86, 12.50, 9.81, 11.73, 11.37, 14.06, 15.53, 18.80, 21.39, 24.20, 25.88, 24.25, 21.38, 19.79, 17.16, 16.16, 15.52, 13.75, 14.69, 12.92, 15.07, 15.72, 19.26
 30.36, 28.50, 25.41, 26.68, 23.66, 25.27, 22.33, 23.97, 21.01, 21.68, 19.64, 17.80, 19.25, 16.77, 17.71, 16.15, 14.91, 15.42, 14.19, 14.37, 15.12, 14.74, 17.32, 18.73, 21.46, 23.09, 25.95, 25.01, 26.42, 27.23, 23.62, 22.09, 18.74, 16.28, 13.37, 11.02, 11.17, 11.33, 14.99, 16.02, 17.70, 15.11, 11.89, 9.01, 6.30, 3.83, 0.00, 3.82, 5.46, 7.02, 8.67, 12.19, 14.86, 18.58, 21.17, 23.07, 20.33, 16.69, 14.81, 11.33, 10.60, 9.96, 11.44, 9.76, 10.90, 12.77, 14.95, 12.22, 10.51, 13.93, 13.30, 14.79, 12.77, 14.97, 14.99, 17.57, 19.07, 22.16, 24.61, 27.20, 29.07, 27.68, 24.86, 23.44, 20.81, 19.83, 18.90, 16.96, 17.31, 15.14, 16.54, 16.49, 19.73
 31.95, 29.88, 26.56, 27.32, 23.99, 25.07, 21.79, 22.90, 19.83, 19.93, 17.38, 15.21, 16.13, 13.46, 14.09, 12.39, 11.42, 12.16, 11.52, 11.95, 13.53, 13.45, 16.62, 18.50, 21.68, 23.73, 26.92, 26.44, 28.28, 29.38, 25.90, 24.14, 20.88, 17.94, 15.05, 11.96, 11.71, 10.73, 14.31, 15.47, 17.81, 15.89, 12.27, 9.80, 6.51, 5.28, 3.82, 0.00, 3.81, 7.19, 9.58, 13.39, 16.25, 20.07, 22.89, 24.26, 21.13, 17.40, 14.88, 11.18, 9.64, 7.71, 9.26, 6.87, 7.35, 8.96, 11.21, 8.78, 7.05, 10.72, 10.88, 13.05, 11.56, 14.53, 15.29, 18.42, 20.36, 23.77, 26.54, 29.35, 30.86, 29.13, 26.06, 24.16, 21.13, 19.52, 18.03, 15.51, 15.22, 12.53, 13.34, 12.87, 15.99
 30.28, 28.47, 25.00, 25.55, 22.22, 23.08, 19.72, 21.05, 18.40, 18.89, 16.48, 13.91, 15.01, 12.17, 13.21, 12.23, 10.86, 10.47, 8.79, 9.04, 10.18, 10.62, 13.73, 16.03, 19.23, 21.64, 24.77, 24.64, 26.50, 27.64, 24.18, 22.71, 19.82, 16.78, 14.55, 11.39, 12.26, 11.86, 15.59, 17.51, 19.55, 17.80, 14.42, 11.34, 7.56, 5.22, 5.46, 3.81, 0.00, 3.82, 6.83, 10.53, 13.75, 17.50, 20.67, 21.88, 18.62, 14.83, 11.95, 8.19, 6.04, 4.59, 6.20, 5.30, 6.53, 9.54, 12.48, 11.01, 8.39, 11.91, 12.24, 13.83, 11.60, 14.56, 14.70, 17.95, 19.41, 22.91, 25.49, 28.59, 30.18, 28.17, 25.30, 23.21, 20.37, 18.53, 17.53, 14.77, 15.11, 12.23, 13.49, 12.96, 16.01
 27.81, 26.37, 22.94, 23.62, 20.55, 21.58, 18.45, 20.36, 18.18, 19.38, 17.52, 15.06, 16.67, 14.08, 15.59, 15.20, 13.59, 12.39, 9.68, 9.38, 9.11, 9.64, 11.98, 14.25, 17.05, 19.47, 22.30, 22.18, 23.78, 24.78, 21.28, 20.23, 17.67, 14.90, 13.36, 10.74, 12.74, 13.36, 17.12, 19.45, 20.90, 18.98, 16.05, 12.48, 8.92, 5.73, 7.02, 7.19, 3.82, 0.00, 3.82, 7.13, 10.68, 14.29, 17.64, 19.04, 15.96, 12.19, 9.50, 5.98, 4.32, 5.59, 6.87, 7.85, 9.53, 12.97, 16.01, 14.72, 11.79, 15.00, 14.90, 15.71, 12.75, 15.09, 14.27, 17.16, 17.89, 21.23, 23.41, 26.62, 28.47, 26.43, 23.92, 21.99, 19.62, 18.05, 17.84, 15.39, 16.61, 14.11, 16.00, 15.80, 18.84
 23.99, 22.59, 19.19, 20.04, 17.14, 18.51, 15.70, 18.08, 16.10, 17.94, 16.79, 14.96, 17.33, 15.45, 17.69, 17.86, 16.78, 15.19, 12.16, 10.72, 9.21, 8.51, 9.85, 11.37, 13.78, 15.90, 18.62, 18.37, 19.98, 21.04, 17.61, 16.46, 14.02, 11.25, 10.19, 8.03, 10.88, 12.42, 15.98, 18.67, 19.48, 17.60, 15.25, 11.48, 8.54, 5.88, 8.67, 9.58, 6.83, 3.82, 0.00, 3.82, 6.98, 10.72, 13.93, 15.37, 12.40, 8.66, 6.62, 3.72, 5.01, 7.79, 9.96, 11.31, 12.22, 15.67, 18.28, 16.81, 13.50, 16.16, 15.25, 15.12, 11.63, 13.13, 11.51, 14.02, 14.33, 17.58, 19.67, 22.94, 24.80, 22.72, 20.36, 18.56, 16.51, 15.32, 15.76, 13.91, 15.91, 14.17, 16.82, 17.43, 20.74
 21.25, 20.30, 17.00, 17.92, 15.45, 16.97, 14.65, 17.59, 16.30, 18.79, 18.29, 16.75, 19.42, 17.90, 20.42, 21.02, 19.92, 17.88, 14.46, 12.65, 10.08, 9.25, 9.06, 10.05, 11.60, 13.60, 15.85, 15.71, 17.07, 18.04, 14.69, 14.04, 12.31, 10.03, 10.32, 9.26, 12.80, 14.97, 18.19, 21.14, 21.42, 19.61, 17.82, 14.06, 11.70, 9.37, 12.19, 13.39, 10.53, 7.13, 3.82, 0.00, 3.81, 7.18, 10.67, 12.22, 9.57, 6.15, 5.22, 4.78, 7.16, 10.73, 12.56, 14.59, 15.55, 19.15, 21.76, 20.48, 17.03, 19.41, 18.29, 17.57, 13.84, 14.59, 12.12, 13.93, 13.24, 16.12, 17.66, 21.06, 23.08, 20.92, 19.07, 17.47, 16.11, 15.30, 16.61, 15.26, 17.91, 16.62, 19.59, 20.43, 23.65
 17.44, 16.57, 13.35, 14.51, 12.45, 14.45, 12.81, 16.22, 15.31, 18.35, 18.62, 17.79, 20.92, 20.02, 22.94, 23.87, 23.15, 20.98, 17.58, 15.23, 12.25, 10.50, 9.05, 8.55, 8.99, 10.30, 12.25, 11.91, 13.30, 14.42, 11.24, 10.45, 9.20, 7.24, 8.81, 8.92, 12.73, 15.48, 18.18, 21.28, 20.92, 19.32, 18.22, 14.68, 13.17, 11.64, 14.86, 16.25, 13.75, 10.68, 6.98, 3.81, 0.00, 3.83, 7.01, 8.61, 6.35, 3.62, 5.38, 6.96, 10.26, 13.78, 16.03, 18.02, 18.53, 22.01, 24.26, 22.88, 19.30, 21.21, 19.55, 18.10, 14.29, 14.06, 10.88, 11.79, 10.28, 12.82, 14.10, 17.61, 19.59, 17.36, 15.81, 14.46, 13.74, 13.56, 15.64, 15.12, 18.30, 17.79, 21.15, 22.55, 25.90
 14.70, 14.52, 11.64, 12.92, 11.75, 13.88, 13.16, 16.88, 16.73, 20.16, 20.99, 20.45, 23.68, 23.07, 26.13, 27.31, 26.61, 24.21, 20.66, 18.18, 14.83, 13.13, 10.73, 9.47, 8.33, 8.89, 9.76, 9.53, 10.45, 11.48, 8.69, 8.75, 8.98, 8.25, 11.03, 12.00, 15.76, 18.71, 21.04, 24.21, 23.44, 21.98, 21.34, 17.98, 16.82, 15.42, 18.58, 20.07, 17.50, 14.29, 10.72, 7.18, 3.83, 0.00, 3.83, 5.62, 4.84, 4.80, 7.84, 10.38, 13.59, 17.25, 19.31, 21.58, 22.11, 25.64, 27.88, 26.60, 22.98, 24.69, 22.93, 21.15, 17.38, 16.63, 13.12, 13.16, 10.67, 12.29, 12.66, 16.16, 18.23, 15.97, 15.22, 14.28, 14.53, 14.84, 17.58, 17.56, 21.03, 20.87, 24.34, 25.88, 29.14
 11.11, 11.30, 9.01, 11.01, 10.91, 13.65, 13.94, 17.76, 17.85, 21.50, 22.87, 22.88, 26.34, 26.08, 29.29, 30.53, 30.04, 27.71, 24.25, 21.59, 18.26, 16.14, 13.47, 11.27, 9.05, 7.94, 7.54, 6.35, 6.65, 7.71, 5.27, 5.60, 7.25, 7.94, 11.47, 13.43, 16.92, 20.19, 22.03, 25.07, 23.73, 22.37, 22.38, 19.36, 18.90, 17.94, 21.17, 22.89, 20.67, 17.64, 13.93, 10.67, 7.01, 3.83, 0.00, 3.84, 5.66, 7.39, 11.02, 13.66, 17.10, 20.64, 22.93, 25.01, 25.34, 28.74, 30.73, 29.25, 25.65, 27.11, 24.95, 22.75, 19.12, 17.63, 13.87, 12.83, 9.53, 9.99, 9.48, 12.83, 14.99, 12.95, 12.91, 12.75, 13.97, 15.17, 18.37, 19.11, 22.74, 23.14, 26.78, 28.68, 32.04
 9.99, 9.96, 7.25, 8.09, 8.20, 10.46, 11.29, 15.06, 15.83, 19.61, 21.41, 21.72, 25.23, 25.44, 28.87, 30.56, 30.40, 27.77, 24.34, 21.30, 17.80, 15.47, 12.21, 9.49, 6.34, 4.94, 4.27, 5.08, 6.95, 8.93, 7.96, 7.49, 9.45, 9.32, 12.94, 14.42, 17.76, 20.69, 22.17, 25.49, 24.19, 23.41, 23.47, 20.63, 20.11, 19.57, 23.07, 24.26, 21.88, 19.04, 15.37, 12.22, 8.61, 5.62, 3.84, 0.00, 3.82, 7.23, 10.85, 14.15, 17.64, 21.10, 23.54, 25.85, 25.76, 29.13, 30.91, 29.79, 26.06, 27.08, 24.98, 22.48, 19.02, 17.40, 13.82, 12.86, 9.73, 10.33, 10.19, 13.75, 15.01, 12.23, 12.22, 11.39, 12.82, 13.69, 17.17, 18.06, 21.84, 22.53, 26.21, 28.31, 31.51
 13.24, 12.36, 8.91, 8.98, 7.37, 9.08, 8.65, 12.45, 12.86, 16.52, 17.98, 18.03, 21.48, 21.62, 25.06, 26.80, 26.73, 24.06, 20.68, 17.55, 14.10, 11.65, 8.44, 5.88, 3.59, 4.57, 6.56, 7.80, 10.33, 12.33, 10.61, 9.42, 9.95, 8.33, 11.33, 11.87, 15.29, 17.85, 19.57, 23.07, 22.24, 21.57, 21.15, 18.17, 17.23, 16.73, 20.33, 21.13, 18.62, 15.96, 12.40, 9.57, 6.35, 4.84, 5.66, 3.82, 0.00, 3.80, 7.21, 10.66, 14.14, 17.50, 20.05, 22.37, 22.11, 25.47, 27.27, 26.32, 22.55, 23.55, 21.68, 19.36, 15.83, 14.70, 11.35, 11.39, 9.16, 11.12, 12.18, 15.97, 17.04, 14.02, 12.96, 11.15, 11.41, 11.35, 14.47, 14.81, 18.52, 18.95, 22.57, 24.57, 27.73
 16.43, 15.23, 11.65, 11.98, 9.50, 11.02, 9.28, 12.75, 12.23, 15.50, 16.20, 15.72, 19.04, 18.72, 21.99, 23.45, 23.21, 20.71, 17.35, 14.40, 11.14, 8.76, 6.35, 5.05, 5.55, 7.57, 10.18, 10.77, 13.06, 14.77, 12.25, 10.89, 10.10, 7.54, 9.48, 9.15, 12.77, 15.16, 17.42, 20.87, 20.51, 19.56, 18.59, 15.34, 13.91, 13.13, 16.69, 17.40, 14.83, 12.19, 8.66, 6.15, 3.62, 4.80, 7.39, 7.23, 3.80, 0.00, 3.81, 6.94, 10.51, 13.89, 16.48, 18.67, 18.54, 21.96, 23.92, 22.89, 19.14, 20.48, 18.80, 16.92, 13.22, 12.77, 9.66, 10.74, 9.43, 12.27, 13.94, 17.70, 19.03, 16.25, 14.51, 12.49, 11.66, 10.99, 13.36, 12.95, 16.41, 16.29, 19.80, 21.53, 24.78
 20.16, 18.78, 15.09, 14.97, 11.96, 12.62, 9.84, 12.58, 11.65, 14.29, 14.18, 12.96, 15.96, 15.26, 18.40, 19.88, 19.57, 16.95, 13.57, 10.62, 7.39, 5.30, 3.93, 5.21, 7.69, 10.63, 13.60, 14.50, 16.86, 18.53, 15.85, 14.51, 13.20, 10.14, 10.87, 9.15, 12.48, 14.09, 16.75, 20.23, 20.58, 19.69, 18.03, 14.66, 12.43, 11.41, 14.81, 14.88, 11.95, 9.50, 6.62, 5.22, 5.38, 7.84, 11.02, 10.85, 7.21, 3.81, 0.00, 3.77, 7.00, 10.34, 12.88, 15.25, 15.09, 18.60, 20.75, 20.06, 16.29, 17.80, 16.69, 15.38, 11.75, 12.40, 10.18, 12.43, 12.15, 15.43, 17.48, 21.21, 22.44, 19.61, 17.48, 15.03, 13.36, 11.69, 13.11, 11.62, 14.63, 13.76, 17.00, 18.32, 21.43
 23.13, 21.56, 17.91, 18.09, 14.89, 15.67, 12.55, 14.72, 12.96, 14.85, 13.85, 12.03, 14.65, 13.25, 16.01, 16.95, 16.41, 14.18, 10.97, 8.52, 6.30, 4.90, 6.26, 8.28, 11.22, 13.91, 16.99, 17.42, 19.60, 21.08, 18.02, 16.58, 14.53, 11.28, 10.75, 8.15, 11.04, 12.17, 15.37, 18.55, 19.42, 18.23, 15.99, 12.47, 9.59, 8.15, 11.33, 11.18, 8.19, 5.98, 3.72, 4.78, 6.96, 10.38, 13.66, 14.15, 10.66, 6.94, 3.77, 0.00, 3.80, 7.02, 9.78, 11.73, 11.77, 15.32, 17.69, 16.80, 13.13, 15.17, 14.35, 13.79, 10.25, 11.83, 10.35, 13.23, 13.70, 17.21, 19.54, 23.09, 24.47, 21.93, 19.45, 17.09, 14.86, 13.03, 13.50, 11.37, 13.66, 12.06, 14.96, 15.87, 19.09
 26.86, 25.34, 21.68, 21.69, 18.40, 18.77, 15.38, 16.98, 15.17, 16.33, 14.52, 11.83, 13.54, 11.29, 13.42, 14.06, 13.04, 10.76, 7.44, 5.83, 4.82, 5.73, 8.40, 11.34, 14.52, 17.49, 20.57, 21.15, 23.25, 24.62, 21.47, 20.24, 18.11, 14.93, 13.98, 11.01, 13.23, 13.53, 16.94, 19.84, 21.33, 20.11, 17.31, 13.91, 10.39, 8.42, 10.60, 9.64, 6.04, 4.32, 5.01, 7.16, 10.26, 13.59, 17.10, 17.64, 14.14, 10.51, 7.00, 3.80, 0.00, 3.83, 6.00, 8.36, 8.90, 12.67, 15.55, 15.09, 11.66, 14.17, 14.30, 14.69, 11.68, 14.16, 13.44, 16.63, 17.40, 20.95, 23.29, 26.80, 28.24, 25.72, 23.17, 20.71, 18.24, 16.05, 15.88, 13.07, 14.50, 11.97, 14.06, 14.06, 16.94
 30.03, 28.22, 24.53, 24.41, 20.90, 21.03, 17.40, 18.32, 16.07, 16.35, 13.77, 10.64, 11.50, 8.59, 10.12, 10.33, 9.40, 7.51, 5.00, 4.45, 6.15, 7.41, 10.94, 13.95, 17.46, 20.44, 23.75, 24.32, 26.59, 28.03, 24.86, 23.36, 20.91, 17.55, 15.95, 12.50, 13.73, 13.00, 16.37, 18.89, 21.02, 19.98, 16.75, 13.80, 10.06, 8.65, 9.96, 7.71, 4.59, 5.59, 7.79, 10.73, 13.78, 17.25, 20.64, 21.10, 17.50, 13.89, 10.34, 7.02, 3.83, 0.00, 3.83, 5.15, 5.09, 8.87, 11.90, 11.75, 8.58, 11.31, 12.25, 13.53, 11.32, 14.54, 14.80, 18.34, 19.77, 23.46, 26.12, 29.54, 30.79, 28.30, 25.44, 22.83, 19.92, 17.41, 16.38, 13.10, 13.50, 10.28, 11.49, 10.81, 13.59
 32.85, 31.32, 27.65, 27.53, 24.12, 24.13, 20.52, 21.45, 19.50, 19.71, 16.98, 13.53, 13.58, 10.13, 10.47, 10.14, 7.93, 6.02, 3.42, 5.67, 7.76, 10.30, 13.54, 16.89, 20.24, 23.38, 26.49, 27.15, 29.19, 30.45, 27.19, 26.09, 23.79, 20.65, 19.20, 15.95, 17.30, 16.58, 20.01, 22.31, 24.58, 23.35, 19.98, 17.02, 13.21, 11.15, 11.44, 9.26, 6.20, 6.87, 9.96, 12.56, 16.03, 19.31, 22.93, 23.54, 20.05, 16.48, 12.88, 9.78, 6.00, 3.83, 0.00, 3.80, 5.85, 9.31, 12.93, 13.28, 10.89, 13.85, 15.42, 17.12, 15.11, 18.36, 18.51, 21.96, 23.13, 26.73, 29.16, 32.58, 34.06, 31.60, 28.90, 26.36, 23.59, 21.10, 20.16, 16.80, 17.01, 13.57, 14.08, 12.46, 14.44
 34.72, 32.93, 29.32, 29.40, 25.90, 26.13, 22.48, 23.21, 20.76, 20.54, 17.49, 14.21, 13.94, 10.33, 9.92, 8.31, 5.92, 6.03, 5.74, 8.06, 10.75, 12.52, 16.06, 19.08, 22.55, 25.44, 28.68, 29.02, 31.06, 32.29, 28.91, 27.55, 24.85, 21.68, 19.60, 16.22, 16.80, 15.56, 18.95, 20.69, 23.31, 21.99, 18.37, 15.83, 12.12, 10.44, 9.76, 6.87, 5.30, 7.85, 11.31, 14.59, 18.02, 21.58, 25.01, 25.85, 22.37, 18.67, 15.25, 11.73, 8.36, 5.15, 3.80, 0.00, 3.83, 6.52, 10.27, 10.23, 8.58, 11.95, 13.82, 16.21, 14.78, 18.27, 18.97, 22.49, 24.11, 27.74, 30.38, 33.61, 35.06, 32.81, 29.88, 27.45, 24.42, 22.02, 20.58, 17.23, 16.79, 13.21, 13.12, 11.14, 13.18
 34.28, 32.16, 28.50, 28.28, 24.61, 24.56, 20.82, 21.01, 18.35, 17.61, 14.29, 11.08, 10.56, 7.09, 6.95, 5.76, 5.33, 5.25, 5.89, 7.04, 10.29, 11.40, 15.19, 18.04, 21.74, 24.61, 28.11, 28.62, 31.03, 32.53, 29.35, 27.56, 24.80, 21.33, 19.12, 15.44, 15.48, 13.57, 16.56, 18.37, 21.23, 20.47, 16.87, 14.78, 11.31, 10.84, 10.90, 7.35, 6.53, 9.53, 12.22, 15.55, 18.53, 22.11, 25.34, 25.76, 22.11, 18.54, 15.09, 11.77, 8.90, 5.09, 5.85, 3.83, 0.00, 3.81, 7.17, 7.65, 5.58, 8.43, 10.72, 13.26, 12.42, 16.14, 17.47, 21.18, 23.26, 27.01, 29.98, 33.23, 34.28, 31.88, 28.72, 26.01, 22.71, 20.01, 18.08, 14.56, 13.56, 9.85, 9.34, 7.37, 9.78
 37.30, 34.96, 31.35, 31.09, 27.35, 27.22, 23.49, 23.25, 20.37, 19.00, 15.41, 12.49, 11.16, 8.03, 6.52, 3.73, 4.72, 6.68, 8.93, 10.31, 13.79, 14.66, 18.49, 21.15, 24.90, 27.66, 31.26, 31.70, 34.21, 35.76, 32.59, 30.59, 27.65, 24.16, 21.62, 17.91, 17.22, 14.65, 17.15, 18.34, 21.63, 21.13, 17.44, 16.09, 13.11, 13.30, 12.77, 8.96, 9.54, 12.97, 15.67, 19.15, 22.01, 25.64, 28.74, 29.13, 25.47, 21.96, 18.60, 15.32, 12.67, 8.87, 9.31, 6.52, 3.81, 0.00, 3.82, 5.24, 5.22, 7.35, 10.50, 13.76, 13.94, 17.74, 19.67, 23.39, 25.85, 29.59, 32.74, 35.87, 36.75, 34.43, 31.08, 28.36, 24.85, 22.11, 19.66, 16.20, 14.33, 10.71, 8.92, 6.10, 7.82
 38.52, 35.89, 32.35, 31.97, 28.19, 27.96, 24.31, 23.60, 20.50, 18.55, 14.88, 12.60, 10.97, 8.87, 7.40, 5.20, 7.86, 9.76, 12.20, 12.92, 16.31, 16.58, 20.31, 22.60, 26.37, 28.92, 32.64, 33.06, 35.77, 37.46, 34.43, 32.10, 29.06, 25.50, 22.75, 19.04, 17.66, 14.50, 16.25, 16.98, 20.56, 20.58, 17.04, 16.51, 14.20, 15.30, 14.95, 11.21, 12.48, 16.01, 18.28, 21.76, 24.26, 27.88, 30.73, 30.91, 27.27, 23.92, 20.75, 17.69, 15.55, 11.90, 12.93, 10.27, 7.17, 3.82, 0.00, 3.82, 5.46, 5.58, 9.21, 12.77, 13.99, 17.66, 20.22, 23.88, 26.74, 30.45, 33.83, 36.82, 37.38, 35.09, 31.55, 28.77, 25.08, 22.29, 19.35, 16.08, 13.45, 10.28, 7.53, 4.93, 6.31
 36.97, 34.31, 30.91, 30.94, 27.26, 27.54, 24.05, 23.74, 20.36, 18.80, 15.45, 13.61, 12.99, 11.02, 10.47, 8.27, 9.85, 11.80, 13.45, 13.91, 16.83, 16.60, 20.23, 22.12, 25.75, 27.95, 31.59, 31.58, 34.10, 35.66, 32.53, 30.14, 26.87, 23.47, 20.40, 16.87, 15.12, 12.00, 13.93, 14.24, 17.80, 17.43, 13.79, 13.45, 11.46, 12.86, 12.22, 8.78, 11.01, 14.72, 16.81, 20.48, 22.88, 26.60, 29.25, 29.79, 26.32, 22.89, 20.06, 16.80, 15.09, 11.75, 13.28, 10.23, 7.65, 5.24, 3.82, 0.00, 3.83, 5.08, 7.52, 11.29, 12.42, 15.90, 18.43, 21.89, 24.82, 28.41, 31.77, 34.55, 35.24, 33.24, 29.69, 27.23, 23.59, 21.24, 18.37, 15.49, 13.12, 10.33, 8.62, 7.46, 9.85
 33.46, 30.88, 27.40, 27.35, 23.65, 23.91, 20.39, 20.29, 16.98, 15.79, 12.57, 10.55, 10.67, 8.69, 9.34, 8.24, 9.63, 10.35, 11.06, 10.78, 13.34, 12.83, 16.42, 18.32, 21.95, 24.24, 27.88, 28.01, 30.58, 32.21, 29.14, 26.78, 23.65, 20.14, 17.32, 13.63, 12.36, 9.51, 11.96, 13.23, 16.43, 16.02, 12.42, 11.30, 8.78, 10.18, 10.51, 7.05, 8.39, 11.79, 13.50, 17.03, 19.30, 22.98, 25.65, 26.06, 22.55, 19.14, 16.29, 13.13, 11.66, 8.58, 10.89, 8.58, 5.58, 5.22, 5.46, 3.83, 0.00, 3.82, 5.65, 8.92, 9.22, 12.91, 15.14, 18.76, 21.52, 25.20, 28.52, 31.48, 32.19, 30.01, 26.54, 23.95, 20.37, 17.90, 15.30, 12.23, 10.41, 7.32, 6.75, 6.44, 9.84
 33.94, 31.09, 27.66, 27.26, 23.52, 23.45, 20.00, 19.25, 15.84, 13.91, 10.58, 9.30, 9.16, 8.47, 9.43, 9.20, 11.77, 12.25, 13.28, 12.39, 14.88, 13.87, 17.24, 18.80, 22.43, 24.60, 28.36, 28.68, 31.56, 33.41, 30.62, 27.93, 24.91, 21.28, 18.54, 14.90, 13.12, 9.68, 10.96, 12.16, 15.57, 16.06, 12.85, 12.57, 10.90, 13.11, 13.93, 10.72, 11.91, 15.00, 16.16, 19.41, 21.21, 24.69, 27.11, 27.08, 23.55, 20.48, 17.80, 15.17, 14.17, 11.31, 13.85, 11.95, 8.43, 7.35, 5.58, 5.08, 3.82, 0.00, 3.83, 7.23, 8.95, 12.42, 15.35, 18.91, 22.03, 25.68, 29.22, 32.13, 32.39, 30.09, 26.46, 23.65, 19.90, 17.19, 14.04, 11.06, 8.25, 5.70, 4.02, 5.08, 8.44
 31.12, 28.11, 24.85, 24.68, 21.07, 21.40, 18.25, 17.75, 14.06, 12.53, 9.93, 9.75, 10.95, 10.92, 12.72, 12.75, 14.92, 15.06, 15.31, 13.77, 15.43, 13.54, 16.44, 17.26, 20.62, 22.33, 26.02, 26.04, 28.90, 30.76, 28.08, 25.16, 22.05, 18.51, 15.62, 12.22, 9.89, 6.23, 7.14, 8.57, 11.81, 12.46, 9.52, 9.60, 8.82, 11.86, 13.30, 10.88, 12.24, 14.90, 15.25, 18.29, 19.55, 22.93, 24.95, 24.98, 21.68, 18.80, 16.69, 14.35, 14.30, 12.25, 15.42, 13.82, 10.72, 10.50, 9.21, 7.52, 5.65, 3.83, 0.00, 3.82, 6.07, 9.09, 12.30, 15.63, 18.97, 22.49, 26.11, 28.85, 28.99, 26.85, 23.16, 20.53, 16.77, 14.44, 11.23, 8.93, 6.46, 5.42, 6.06, 8.53, 12.03
 27.97, 24.81, 21.63, 21.36, 17.83, 18.23, 15.37, 14.86, 11.07, 9.84, 8.22, 9.29, 11.58, 12.41, 15.01, 15.75, 17.86, 17.36, 16.95, 14.64, 15.44, 12.76, 14.93, 15.00, 18.05, 19.40, 23.07, 23.11, 26.14, 28.15, 25.76, 22.61, 19.69, 16.15, 13.57, 10.50, 8.13, 4.90, 4.64, 7.40, 9.77, 11.04, 9.00, 9.11, 9.13, 12.50, 14.79, 13.05, 13.83, 15.71, 15.12, 17.57, 18.10, 21.15, 22.75, 22.48, 19.36, 16.92, 15.38, 13.79, 14.69, 13.53, 17.12, 16.21, 13.26, 13.76, 12.77, 11.29, 8.92, 7.23, 3.82, 0.00, 3.81, 5.82, 9.40, 12.53, 16.03, 19.45, 23.18, 25.89, 25.74, 23.48, 19.75, 17.02, 13.22, 10.94, 7.58, 6.01, 4.18, 5.46, 7.77, 11.09, 14.57
 25.11, 22.20, 18.85, 18.78, 15.20, 15.92, 12.95, 13.28, 9.62, 9.66, 8.47, 8.92, 11.92, 12.23, 15.22, 16.07, 17.52, 16.53, 15.32, 12.71, 12.80, 9.82, 11.77, 11.79, 14.86, 16.33, 19.99, 19.98, 22.91, 24.85, 22.32, 19.34, 16.46, 12.80, 10.40, 7.05, 5.68, 3.88, 5.72, 9.20, 10.69, 11.01, 8.93, 7.51, 6.88, 9.81, 12.77, 11.56, 11.60, 12.75, 11.63, 13.84, 14.29, 17.38, 19.12, 19.02, 15.83, 13.22, 11.75, 10.25, 11.68, 11.32, 15.11, 14.78, 12.42, 13.94, 13.99, 12.42, 9.22, 8.95, 6.07, 3.81, 0.00, 3.82, 6.42, 10.02, 13.13, 16.78, 20.36, 23.32, 23.52, 21.16, 17.58, 14.86, 11.19, 8.95, 6.60, 4.75, 5.46, 5.91, 9.28, 12.15, 15.87
 22.26, 19.11, 16.01, 16.14, 12.83, 14.08, 11.84, 12.47, 8.94, 9.80, 10.05, 11.54, 14.90, 15.70, 18.87, 19.87, 21.30, 20.19, 18.70, 15.82, 15.21, 11.74, 12.59, 11.39, 13.70, 14.33, 17.81, 17.50, 20.47, 22.50, 20.30, 16.98, 14.20, 10.76, 8.64, 6.43, 4.90, 4.96, 5.04, 8.78, 8.86, 9.55, 8.83, 7.89, 8.74, 11.73, 14.97, 14.53, 14.56, 15.09, 13.13, 14.59, 14.06, 16.63, 17.63, 17.40, 14.70, 12.77, 12.40, 11.83, 14.16, 14.54, 18.36, 18.27, 16.14, 17.74, 17.66, 15.90, 12.91, 12.42, 9.09, 5.82, 3.82, 0.00, 3.81, 6.73, 10.24, 13.65, 17.38, 20.15, 20.05, 17.77, 14.08, 11.50, 7.81, 6.35, 4.58, 5.36, 7.26, 9.16, 12.59, 15.76, 19.39
 18.88, 15.95, 12.74, 13.31, 10.18, 12.15, 10.30, 12.06, 9.24, 11.40, 12.21, 13.32, 16.94, 17.44, 20.77, 21.83, 22.75, 21.29, 19.18, 16.17, 14.73, 11.14, 11.06, 9.20, 10.89, 11.16, 14.47, 13.92, 16.77, 18.76, 16.51, 13.25, 10.58, 7.05, 5.62, 4.40, 5.16, 7.41, 8.35, 11.77, 11.05, 10.89, 10.59, 8.68, 9.32, 11.37, 14.99, 15.29, 14.70, 14.27, 11.51, 12.12, 10.88, 13.12, 13.87, 13.82, 11.35, 9.66, 10.18, 10.35, 13.44, 14.80, 18.51, 18.97, 17.47, 19.67, 20.22, 18.43, 15.14, 15.35, 12.30, 9.40, 6.42, 3.81, 0.00, 3.82, 6.73, 10.38, 13.96, 16.98, 17.24, 14.88, 11.42, 9.02, 5.87, 5.45, 6.19, 7.35, 10.32, 11.74, 15.42, 18.28, 21.95
 16.03, 12.91, 10.17, 11.45, 9.16, 12.02, 11.36, 13.49, 11.31, 13.85, 15.36, 16.87, 20.56, 21.22, 24.58, 25.63, 26.49, 25.03, 22.79, 19.76, 17.98, 14.38, 13.57, 10.88, 11.30, 10.24, 12.91, 11.64, 14.32, 16.29, 14.45, 10.83, 8.37, 5.77, 5.42, 6.72, 7.43, 10.26, 10.42, 13.28, 11.44, 11.24, 12.13, 10.71, 12.18, 14.06, 17.57, 18.42, 17.95, 17.16, 14.02, 13.93, 11.79, 13.16, 12.83, 12.86, 11.39, 10.74, 12.43, 13.23, 16.63, 18.34, 21.96, 22.49, 21.18, 23.39, 23.88, 21.89, 18.76, 18.91, 15.63, 12.53, 10.02, 6.73, 3.82, 0.00, 3.82, 6.93, 10.68, 13.44, 13.52, 11.38, 7.86, 6.21, 4.15, 6.31, 8.25, 10.56, 13.54, 15.40, 19.05, 22.03, 25.69
 12.57, 9.82, 7.09, 9.24, 7.83, 11.38, 11.49, 14.38, 13.07, 16.22, 17.96, 19.20, 22.96, 23.46, 26.88, 28.02, 28.52, 26.79, 24.14, 21.09, 18.74, 15.33, 13.72, 10.63, 9.88, 7.95, 9.89, 8.04, 10.52, 12.48, 10.78, 7.11, 5.32, 3.74, 5.93, 8.43, 10.33, 13.57, 14.15, 16.96, 14.98, 14.34, 15.28, 13.39, 14.48, 15.53, 19.07, 20.36, 19.41, 17.89, 14.33, 13.24, 10.28, 10.67, 9.53, 9.73, 9.16, 9.43, 12.15, 13.70, 17.40, 19.77, 23.13, 24.11, 23.26, 25.85, 26.74, 24.82, 21.52, 22.03, 18.97, 16.03, 13.13, 10.24, 6.73, 3.82, 0.00, 3.83, 7.26, 10.48, 11.07, 8.80, 6.06, 5.39, 5.71, 8.35, 11.25, 13.35, 16.70, 18.27, 22.02, 24.80, 28.43
 9.93, 7.20, 5.88, 9.10, 9.28, 13.08, 14.13, 17.04, 16.19, 19.40, 21.46, 22.90, 26.68, 27.27, 30.70, 31.83, 32.28, 30.56, 27.84, 24.81, 22.31, 18.98, 17.06, 13.75, 12.14, 9.23, 9.73, 6.84, 8.51, 10.28, 9.43, 5.68, 5.31, 6.37, 8.83, 11.94, 13.57, 16.90, 17.12, 19.54, 17.01, 16.35, 17.92, 16.37, 17.84, 18.80, 22.16, 23.77, 22.91, 21.23, 17.58, 16.12, 12.82, 12.29, 9.99, 10.33, 11.12, 12.27, 15.43, 17.21, 20.95, 23.46, 26.73, 27.74, 27.01, 29.59, 30.45, 28.41, 25.20, 25.68, 22.49, 19.45, 16.78, 13.65, 10.38, 6.93, 3.83, 0.00, 3.82, 6.74, 7.34, 5.58, 3.95, 5.83, 8.03, 11.36, 14.42, 16.91, 20.21, 22.00, 25.73, 28.58, 32.21
 7.35, 5.82, 6.18, 9.97, 11.31, 15.06, 16.60, 19.76, 19.38, 22.78, 24.91, 26.20, 29.98, 30.44, 33.86, 34.97, 35.18, 33.36, 30.42, 27.47, 24.70, 21.60, 19.34, 16.05, 13.78, 10.50, 9.56, 5.89, 5.84, 7.08, 7.17, 4.28, 6.09, 8.73, 11.66, 15.02, 16.97, 20.45, 20.86, 23.17, 20.55, 19.63, 21.25, 19.55, 20.89, 21.39, 24.61, 26.54, 25.49, 23.41, 19.67, 17.66, 14.10, 12.66, 9.48, 10.19, 12.18, 13.94, 17.48, 19.54, 23.29, 26.12, 29.16, 30.38, 29.98, 32.74, 33.83, 31.77, 28.52, 29.22, 26.11, 23.18, 20.36, 17.38, 13.96, 10.68, 7.26, 3.82, 0.00, 3.83, 5.72, 5.02, 6.13, 8.80, 11.60, 14.83, 18.08, 20.46, 23.87, 25.51, 29.27, 31.99, 35.61
 8.46, 7.53, 9.32, 12.96, 14.71, 18.39, 20.16, 23.14, 22.70, 25.96, 28.17, 29.62, 33.40, 33.90, 37.28, 38.26, 38.48, 36.83, 33.96, 31.09, 28.41, 25.29, 23.13, 19.83, 17.55, 14.15, 12.84, 9.23, 8.16, 8.45, 9.34, 7.45, 8.97, 11.99, 14.40, 17.98, 19.51, 22.99, 23.09, 24.98, 21.98, 21.01, 23.11, 21.82, 23.58, 24.20, 27.20, 29.35, 28.59, 26.62, 22.94, 21.06, 17.61, 16.16, 12.83, 13.75, 15.97, 17.70, 21.21, 23.09, 26.80, 29.54, 32.58, 33.61, 33.23, 35.87, 36.82, 34.55, 31.48, 32.13, 28.85, 25.89, 23.32, 20.15, 16.98, 13.44, 10.48, 6.74, 3.83, 0.00, 3.84, 5.90, 7.98, 11.46, 14.41, 17.93, 20.99, 23.63, 26.87, 28.68, 32.39, 35.19, 38.86
 8.47, 6.51, 8.96, 11.97, 14.05, 17.46, 19.67, 22.22, 21.96, 25.06, 27.63, 29.54, 33.34, 34.26, 37.77, 38.98, 39.56, 37.85, 35.12, 32.02, 29.40, 26.04, 23.80, 20.23, 17.88, 14.26, 13.05, 10.05, 10.02, 10.99, 12.35, 9.97, 11.35, 13.57, 15.83, 19.11, 20.24, 23.40, 22.93, 24.81, 21.63, 21.31, 23.70, 22.82, 24.78, 25.88, 29.07, 30.86, 30.18, 28.47, 24.80, 23.08, 19.59, 18.23, 14.99, 15.01, 17.04, 19.03, 22.44, 24.47, 28.24, 30.79, 34.06, 35.06, 34.28, 36.75, 37.38, 35.24, 32.19, 32.39, 28.99, 25.74, 23.52, 20.05, 17.24, 13.52, 11.07, 7.34, 5.72, 3.84, 0.00, 3.82, 6.48, 10.20, 13.52, 17.20, 20.24, 23.29, 26.45, 28.70, 32.39, 35.46, 39.04
 6.91, 3.61, 5.47, 8.21, 10.34, 13.67, 16.02, 18.56, 18.57, 21.81, 24.53, 26.45, 30.27, 31.34, 34.95, 36.42, 37.10, 35.17, 32.41, 29.13, 26.43, 23.02, 20.58, 16.89, 14.44, 10.76, 9.79, 7.34, 8.61, 10.46, 11.60, 8.79, 10.30, 11.72, 14.34, 17.20, 18.59, 21.60, 21.20, 23.55, 20.69, 20.67, 22.67, 21.54, 23.13, 24.25, 27.68, 29.13, 28.17, 26.43, 22.72, 20.92, 17.36, 15.97, 12.95, 12.23, 14.02, 16.25, 19.61, 21.93, 25.72, 28.30, 31.60, 32.81, 31.88, 34.43, 35.09, 33.24, 30.01, 30.09, 26.85, 23.48, 21.16, 17.77, 14.88, 11.38, 8.80, 5.58, 5.02, 5.90, 3.82, 0.00, 3.82, 6.99, 10.63, 14.09, 17.41, 20.40, 23.73, 25.99, 29.72, 32.81, 36.29
 9.98, 6.34, 5.73, 7.95, 8.65, 12.07, 13.80, 16.12, 15.56, 18.60, 21.18, 23.20, 27.01, 28.13, 31.70, 33.11, 33.97, 32.18, 29.63, 26.35, 23.94, 20.37, 18.33, 14.72, 12.97, 9.77, 10.23, 8.20, 10.46, 12.55, 12.62, 9.09, 9.23, 9.57, 11.59, 14.13, 15.16, 17.98, 17.43, 19.83, 17.08, 17.26, 19.18, 18.20, 19.90, 21.38, 24.86, 26.06, 25.30, 23.92, 20.36, 19.07, 15.81, 15.22, 12.91, 12.22, 12.96, 14.51, 17.48, 19.45, 23.17, 25.44, 28.90, 29.88, 28.72, 31.08, 31.55, 29.69, 26.54, 26.46, 23.16, 19.75, 17.58, 14.08, 11.42, 7.86, 6.06, 3.95, 6.13, 7.98, 6.48, 3.82, 0.00, 3.81, 7.07, 10.74, 13.83, 16.92, 20.12, 22.47, 26.16, 29.33, 32.84
 11.76, 8.15, 5.86, 6.44, 5.68, 8.81, 10.23, 12.36, 11.79, 14.88, 17.59, 19.70, 23.50, 24.82, 28.48, 30.13, 31.18, 29.23, 26.76, 23.33, 20.98, 17.31, 15.29, 11.65, 10.32, 7.70, 9.41, 8.66, 11.89, 14.35, 13.97, 10.42, 10.12, 9.01, 10.83, 12.44, 13.53, 15.93, 15.40, 18.27, 16.04, 16.64, 18.02, 16.89, 18.16, 19.79, 23.44, 24.16, 23.21, 21.99, 18.56, 17.47, 14.46, 14.28, 12.75, 11.39, 11.15, 12.49, 15.03, 17.09, 20.71, 22.83, 26.36, 27.45, 26.01, 28.36, 28.77, 27.23, 23.95, 23.65, 20.53, 17.02, 14.86, 11.50, 9.02, 6.21, 5.39, 5.83, 8.80, 11.46, 10.20, 6.99, 3.81, 0.00, 3.82, 7.15, 10.49, 13.54, 16.86, 19.28, 22.98, 26.19, 29.58
 15.28, 11.83, 9.03, 9.05, 6.61, 8.93, 8.93, 10.56, 8.98, 11.74, 14.15, 16.31, 20.08, 21.43, 25.03, 26.63, 27.86, 26.07, 23.87, 20.46, 18.53, 14.74, 13.38, 10.18, 10.17, 8.88, 11.69, 11.36, 14.69, 17.08, 15.99, 12.38, 11.03, 8.68, 9.33, 9.92, 10.52, 12.46, 11.87, 14.99, 13.23, 14.08, 15.03, 13.98, 15.14, 17.16, 20.81, 21.13, 20.37, 19.62, 16.51, 16.11, 13.74, 14.53, 13.97, 12.82, 11.41, 11.66, 13.36, 14.86, 18.24, 19.92, 23.59, 24.42, 22.71, 24.85, 25.08, 23.59, 20.37, 19.90, 16.77, 13.22, 11.19, 7.81, 5.87, 4.15, 5.71, 8.03, 11.60, 14.41, 13.52, 10.63, 7.07, 3.82, 0.00, 3.81, 6.79, 9.90, 13.11, 15.60, 19.26, 22.53, 25.94
 17.93, 14.73, 11.50, 10.57, 7.16, 7.99, 6.59, 7.53, 5.27, 8.07, 10.45, 12.66, 16.43, 17.99, 21.67, 23.55, 24.99, 23.03, 20.96, 17.43, 15.70, 11.89, 10.87, 8.17, 9.33, 9.48, 12.96, 13.52, 17.07, 19.55, 18.18, 14.85, 13.38, 10.28, 10.46, 9.63, 10.21, 11.25, 10.92, 14.50, 13.69, 14.81, 14.92, 13.68, 14.09, 16.16, 19.83, 19.52, 18.53, 18.05, 15.32, 15.30, 13.56, 14.84, 15.17, 13.69, 11.35, 10.99, 11.69, 13.03, 16.05, 17.41, 21.10, 22.02, 20.01, 22.11, 22.29, 21.24, 17.90, 17.19, 14.44, 10.94, 8.95, 6.35, 5.45, 6.31, 8.35, 11.36, 14.83, 17.93, 17.20, 14.09, 10.74, 7.15, 3.81, 0.00, 3.82, 6.50, 9.94, 12.39, 16.04, 19.31, 22.58
 21.67, 18.38, 15.24, 14.34, 10.92, 11.15, 9.06, 8.69, 5.21, 6.06, 7.80, 10.43, 13.98, 15.77, 19.30, 21.08, 22.92, 21.30, 19.80, 16.44, 15.54, 11.88, 12.01, 10.36, 12.44, 13.16, 16.73, 17.23, 20.69, 23.07, 21.43, 18.07, 16.08, 12.72, 11.80, 10.00, 9.40, 9.13, 8.26, 11.86, 11.79, 13.44, 13.12, 12.45, 12.87, 15.52, 18.90, 18.03, 17.53, 17.84, 15.76, 16.61, 15.64, 17.58, 18.37, 17.17, 14.47, 13.36, 13.11, 13.50, 15.88, 16.38, 20.16, 20.58, 18.08, 19.66, 19.35, 18.37, 15.30, 14.04, 11.23, 7.58, 6.60, 4.58, 6.19, 8.25, 11.25, 14.42, 18.08, 20.99, 20.24, 17.41, 13.83, 10.49, 6.79, 3.82, 0.00, 3.82, 6.48, 9.47, 12.89, 16.41, 19.64
 24.02, 21.02, 17.58, 16.59, 12.86, 12.61, 9.53, 8.94, 5.19, 5.00, 4.89, 6.78, 10.38, 11.96, 15.52, 17.40, 19.26, 17.55, 16.19, 12.89, 12.45, 9.08, 10.18, 9.79, 12.83, 14.53, 18.32, 19.10, 22.49, 24.78, 22.76, 19.73, 17.57, 13.87, 12.63, 9.83, 9.47, 8.36, 8.65, 12.32, 13.31, 14.54, 13.18, 12.02, 11.37, 13.75, 16.96, 15.51, 14.77, 15.39, 13.91, 15.26, 15.12, 17.56, 19.11, 18.06, 14.81, 12.95, 11.62, 11.37, 13.07, 13.10, 16.80, 17.23, 14.56, 16.20, 16.08, 15.49, 12.23, 11.06, 8.93, 6.01, 4.75, 5.36, 7.35, 10.56, 13.35, 16.91, 20.46, 23.63, 23.29, 20.40, 16.92, 13.54, 9.90, 6.50, 3.82, 0.00, 3.82, 5.94, 9.55, 12.87, 16.11
 27.70, 24.60, 21.25, 20.26, 16.58, 16.13, 13.06, 11.78, 8.20, 6.11, 4.09, 6.05, 8.67, 10.55, 13.68, 15.40, 17.83, 16.63, 16.10, 13.29, 13.91, 11.20, 13.14, 13.38, 16.57, 18.34, 22.13, 22.85, 26.19, 28.43, 26.31, 23.24, 20.82, 17.12, 15.32, 12.21, 10.90, 8.45, 8.23, 11.25, 13.17, 14.78, 13.02, 12.59, 11.94, 14.69, 17.31, 15.22, 15.11, 16.61, 15.91, 17.91, 18.30, 21.03, 22.74, 21.84, 18.52, 16.41, 14.63, 13.66, 14.50, 13.50, 17.01, 16.79, 13.56, 14.33, 13.45, 13.12, 10.41, 8.25, 6.46, 4.18, 5.46, 7.26, 10.32, 13.54, 16.70, 20.21, 23.87, 26.87, 26.45, 23.73, 20.12, 16.86, 13.11, 9.94, 6.48, 3.82, 0.00, 3.81, 6.56, 10.26, 13.36
 29.44, 26.62, 23.08, 22.23, 18.44, 17.98, 14.48, 13.58, 10.28, 8.55, 5.27, 4.34, 6.28, 7.11, 10.14, 11.73, 14.04, 12.86, 12.56, 10.12, 11.51, 9.59, 12.46, 13.73, 17.34, 19.66, 23.47, 24.23, 27.40, 29.48, 27.01, 24.28, 21.72, 17.93, 15.95, 12.36, 11.45, 8.81, 9.97, 12.72, 15.18, 16.06, 13.51, 12.48, 10.77, 12.92, 15.14, 12.53, 12.23, 14.11, 14.17, 16.62, 17.79, 20.87, 23.14, 22.53, 18.95, 16.29, 13.76, 12.06, 11.97, 10.28, 13.57, 13.21, 9.85, 10.71, 10.28, 10.33, 7.32, 5.70, 5.42, 5.46, 5.91, 9.16, 11.74, 15.40, 18.27, 22.00, 25.51, 28.68, 28.70, 25.99, 22.47, 19.28, 15.60, 12.39, 9.47, 5.94, 3.81, 0.00, 3.81, 6.97, 10.39
 33.25, 30.41, 26.88, 25.94, 22.14, 21.45, 17.93, 16.63, 13.56, 11.16, 7.48, 6.03, 5.41, 6.02, 7.91, 9.32, 12.36, 11.80, 12.64, 11.08, 13.44, 12.41, 15.58, 17.26, 20.94, 23.38, 27.20, 28.03, 31.18, 33.24, 30.70, 28.02, 25.38, 21.60, 19.42, 15.75, 14.52, 11.39, 12.30, 14.26, 17.29, 18.28, 15.45, 14.88, 13.06, 15.07, 16.54, 13.34, 13.49, 16.00, 16.82, 19.59, 21.15, 24.34, 26.78, 26.21, 22.57, 19.80, 17.00, 14.96, 14.06, 11.49, 14.08, 13.12, 9.34, 8.92, 7.53, 8.62, 6.75, 4.02, 6.06, 7.77, 9.28, 12.59, 15.42, 19.05, 22.02, 25.73, 29.27, 32.39, 32.39, 29.72, 26.16, 22.98, 19.26, 16.04, 12.89, 9.55, 6.56, 3.81, 0.00, 3.81, 6.94
 35.97, 33.33, 29.71, 28.83, 25.01, 24.27, 20.58, 19.46, 16.66, 14.45, 10.66, 8.18, 6.08, 4.73, 4.71, 5.66, 9.04, 8.95, 10.76, 10.32, 13.50, 13.53, 17.07, 19.37, 23.17, 25.92, 29.70, 30.58, 33.58, 35.51, 32.77, 30.36, 27.68, 23.93, 21.70, 17.91, 16.95, 13.93, 15.40, 17.04, 20.30, 20.86, 17.65, 16.81, 14.42, 15.72, 16.49, 12.87, 12.96, 15.80, 17.43, 20.43, 22.55, 25.88, 28.68, 28.31, 24.57, 21.53, 18.32, 15.87, 14.06, 10.81, 12.46, 11.14, 7.37, 6.10, 4.93, 7.46, 6.44, 5.08, 8.53, 11.09, 12.15, 15.76, 18.28, 22.03, 24.80, 28.58, 31.99, 35.19, 35.46, 32.81, 29.33, 26.19, 22.53, 19.31, 16.41, 12.87, 10.26, 6.97, 3.81, 0.00, 3.82
 39.33, 36.71, 33.06, 31.95, 28.14, 27.05, 23.36, 21.89, 19.43, 16.88, 13.11, 10.66, 7.45, 6.45, 4.44, 5.58, 9.36, 9.56, 12.23, 12.41, 15.84, 16.40, 19.86, 22.37, 26.16, 29.08, 32.84, 33.96, 37.02, 38.99, 36.29, 33.95, 31.37, 27.61, 25.48, 21.68, 20.76, 17.68, 18.92, 20.36, 23.72, 24.45, 21.25, 20.57, 18.16, 19.26, 19.73, 15.99, 16.01, 18.84, 20.74, 23.65, 25.90, 29.14, 32.04, 31.51, 27.73, 24.78, 21.43, 19.09, 16.94, 13.59, 14.44, 13.18, 9.78, 7.82, 6.31, 9.85, 9.84, 8.44, 12.03, 14.57, 15.87, 19.39, 21.95, 25.69, 28.43, 32.21, 35.61, 38.86, 39.04, 36.29, 32.84, 29.58, 25.94, 22.58, 19.64, 16.11, 13.36, 10.39, 6.94, 3.82, 0.00
