 0.00, 3.80, 7.15, 9.66, 12.58, 14.94, 17.39, 18.71, 20.16, 22.82, 26.16, 25.28, 26.77, 25.26, 25.86, 23.97, 21.11, 20.78, 20.57, 17.65, 15.57, 16.42, 15.41, 11.79, 11.86, 14.65, 15.15, 15.62, 18.98, 20.40, 22.93, 25.33, 27.22, 29.69, 28.87, 30.39, 29.53, 29.05, 26.53, 26.32, 24.13, 22.11, 18.28, 16.83, 13.20, 14.47, 16.73, 17.02, 20.27, 22.00, 24.72, 27.52, 30.74, 34.20, 33.47, 30.15, 28.02, 24.72, 26.02, 22.98, 19.28, 17.66, 14.98, 13.54, 15.92
 3.80, 0.00, 3.80, 6.04, 9.22, 11.68, 14.46, 15.97, 16.97, 19.58, 22.90, 22.00, 23.34, 21.68, 22.50, 20.79, 17.72, 17.39, 17.58, 14.72, 12.26, 13.46, 13.01, 9.25, 8.96, 12.22, 12.55, 12.37, 15.63, 16.78, 19.21, 21.54, 23.43, 25.92, 25.20, 26.82, 25.93, 25.62, 23.14, 23.19, 21.29, 19.34, 15.56, 13.96, 10.38, 11.42, 13.27, 13.27, 16.49, 18.21, 20.97, 23.78, 27.06, 30.50, 29.83, 26.46, 24.45, 21.14, 22.50, 19.54, 15.91, 14.01, 11.33, 9.90, 12.61
 7.15, 3.80, 0.00, 3.79, 6.00, 7.96, 10.90, 12.25, 13.18, 15.88, 19.15, 18.26, 19.75, 18.35, 19.28, 17.38, 14.26, 14.41, 14.69, 11.56, 9.30, 11.31, 10.90, 7.15, 7.65, 11.38, 12.25, 11.20, 14.36, 14.70, 17.08, 18.93, 20.85, 23.11, 22.35, 24.30, 23.71, 23.88, 21.73, 22.39, 20.87, 19.30, 15.74, 14.15, 10.94, 11.35, 12.24, 11.21, 14.16, 15.27, 17.99, 20.56, 23.72, 27.15, 26.34, 23.07, 20.87, 17.59, 19.07, 16.28, 12.60, 10.81, 8.79, 8.41, 11.85
 9.66, 6.04, 3.79, 0.00, 3.79, 7.01, 9.80, 12.10, 12.40, 14.42, 17.87, 17.42, 18.78, 17.14, 18.75, 17.30, 13.75, 14.00, 15.24, 12.44, 9.59, 12.08, 12.74, 9.37, 8.86, 12.56, 12.54, 10.54, 12.94, 12.97, 14.68, 16.48, 17.94, 20.15, 19.21, 20.88, 20.21, 20.20, 18.11, 18.84, 17.30, 16.04, 12.64, 11.55, 8.96, 9.93, 9.95, 8.72, 11.23, 12.70, 15.12, 18.07, 21.29, 24.82, 24.47, 21.19, 19.18, 15.65, 16.70, 13.64, 10.16, 8.16, 5.35, 5.09, 8.52
 12.58, 9.22, 6.00, 3.79, 0.00, 3.78, 6.06, 8.73, 9.14, 10.84, 14.43, 14.40, 16.22, 15.15, 17.11, 15.36, 11.82, 13.06, 14.44, 11.42, 9.28, 12.61, 13.17, 10.30, 10.70, 14.34, 14.81, 12.24, 14.21, 13.19, 14.46, 15.39, 16.58, 18.21, 16.92, 18.88, 18.83, 19.34, 17.89, 19.34, 18.12, 17.53, 14.60, 13.92, 11.99, 12.55, 11.57, 9.13, 10.63, 11.02, 12.94, 15.60, 18.49, 22.12, 21.72, 18.71, 16.29, 12.67, 13.49, 10.42, 6.71, 5.61, 4.32, 6.64, 10.09
 14.94, 11.68, 7.96, 7.01, 3.78, 0.00, 3.81, 5.33, 5.54, 7.92, 11.27, 10.94, 13.07, 12.56, 14.31, 12.12, 8.87, 10.91, 11.99, 8.84, 7.76, 11.51, 11.76, 9.73, 11.00, 14.32, 15.50, 12.83, 14.71, 12.95, 14.37, 14.61, 16.10, 17.41, 16.32, 18.90, 19.21, 20.43, 19.35, 21.32, 20.65, 20.17, 17.52, 16.51, 14.70, 14.42, 13.09, 9.95, 11.02, 10.16, 12.11, 13.96, 16.60, 20.09, 19.19, 16.34, 13.56, 10.23, 11.62, 9.31, 5.77, 5.21, 6.46, 9.24, 12.75
 17.39, 14.46, 10.90, 9.80, 6.06, 3.81, 0.00, 3.81, 5.26, 6.09, 9.74, 10.59, 13.49, 13.87, 15.99, 13.58, 10.79, 13.62, 14.70, 11.64, 11.27, 15.06, 15.11, 13.25, 14.79, 18.09, 19.29, 16.49, 18.06, 15.93, 16.73, 16.27, 17.08, 17.59, 15.82, 18.32, 19.37, 20.76, 20.33, 22.63, 21.90, 22.04, 19.66, 19.25, 17.76, 17.85, 16.21, 12.91, 13.09, 11.62, 12.44, 13.94, 15.86, 19.46, 18.73, 16.46, 13.19, 9.90, 10.28, 7.91, 4.74, 6.71, 8.54, 11.97, 15.09
 18.71, 15.97, 12.25, 12.10, 8.73, 5.33, 3.81, 0.00, 3.79, 5.92, 8.57, 8.65, 11.91, 12.98, 14.40, 11.38, 9.45, 12.71, 12.99, 9.91, 10.82, 14.41, 13.86, 12.75, 15.02, 17.93, 19.79, 17.28, 19.03, 16.72, 17.95, 17.23, 18.53, 18.97, 17.65, 20.61, 21.72, 23.53, 23.13, 25.57, 25.14, 25.05, 22.63, 21.75, 20.02, 19.52, 18.04, 14.61, 14.99, 12.94, 14.05, 14.70, 16.33, 19.57, 18.13, 16.07, 12.57, 10.05, 11.29, 10.09, 7.66, 9.04, 11.39, 14.51, 17.87
 20.16, 16.97, 13.18, 12.40, 9.14, 5.54, 5.26, 3.79, 0.00, 3.82, 6.14, 5.59, 8.44, 9.28, 11.10, 8.58, 6.33, 9.85, 10.86, 8.59, 9.29, 12.86, 13.17, 12.67, 14.31, 16.82, 18.40, 15.51, 16.67, 13.89, 14.84, 13.76, 15.19, 15.68, 14.84, 18.11, 19.01, 21.16, 20.80, 23.47, 23.55, 23.46, 21.40, 20.35, 19.08, 18.12, 16.13, 12.46, 12.33, 9.75, 10.96, 11.26, 13.13, 16.27, 14.76, 12.42, 9.09, 6.60, 8.66, 8.20, 6.57, 7.19, 10.41, 13.51, 16.59
 22.82, 19.58, 15.88, 14.42, 10.84, 7.92, 6.09, 5.92, 3.82, 0.00, 3.81, 5.76, 8.79, 10.16, 12.78, 10.90, 8.93, 12.45, 14.05, 12.23, 12.62, 16.18, 16.87, 16.25, 17.54, 20.10, 21.26, 18.04, 18.63, 15.52, 15.55, 13.75, 14.26, 13.86, 12.41, 15.60, 17.16, 19.53, 19.84, 22.87, 23.09, 23.61, 22.00, 21.53, 20.81, 20.18, 17.70, 13.93, 12.78, 9.77, 9.55, 9.48, 10.58, 13.90, 12.91, 11.19, 7.58, 4.97, 5.55, 5.68, 5.71, 7.83, 11.36, 14.90, 17.45
 26.16, 22.90, 19.15, 17.87, 14.43, 11.27, 9.74, 8.57, 6.14, 3.81, 0.00, 3.81, 6.76, 9.30, 11.68, 10.09, 9.36, 12.99, 14.43, 13.40, 14.45, 17.62, 18.36, 18.47, 19.83, 21.91, 23.24, 20.04, 20.28, 16.83, 16.66, 14.21, 14.70, 13.77, 12.83, 16.33, 18.09, 20.98, 21.62, 24.92, 25.61, 26.19, 24.88, 24.25, 23.73, 22.69, 20.03, 16.23, 14.73, 11.19, 10.58, 9.05, 9.11, 11.74, 10.11, 9.15, 5.32, 4.95, 5.99, 8.14, 9.27, 10.91, 14.66, 18.00, 20.38
 25.28, 22.00, 18.26, 17.42, 14.40, 10.94, 10.59, 8.65, 5.59, 5.76, 3.81, 0.00, 3.80, 6.65, 8.23, 6.33, 6.35, 9.95, 11.00, 10.49, 12.06, 14.80, 15.49, 16.23, 17.67, 19.29, 20.92, 17.99, 18.36, 14.97, 15.42, 13.26, 14.70, 14.53, 14.50, 18.21, 19.31, 22.22, 22.33, 25.43, 26.27, 26.33, 24.83, 23.62, 22.86, 21.28, 18.86, 15.17, 14.22, 10.72, 11.27, 9.68, 10.55, 12.72, 10.29, 8.59, 5.27, 5.56, 8.43, 10.29, 10.59, 11.02, 14.71, 17.56, 20.18
 26.77, 23.34, 19.75, 18.78, 16.22, 13.07, 13.49, 11.91, 8.44, 8.79, 6.76, 3.80, 0.00, 3.79, 5.28, 5.18, 6.00, 8.54, 10.06, 10.86, 12.20, 14.22, 15.56, 16.88, 17.75, 18.73, 20.11, 17.20, 16.96, 13.40, 13.69, 11.26, 13.12, 13.22, 14.19, 18.00, 18.59, 21.70, 21.68, 24.77, 26.11, 25.96, 24.77, 23.29, 22.85, 20.80, 18.22, 14.76, 13.60, 10.08, 10.91, 8.72, 9.83, 11.25, 8.41, 6.17, 4.46, 6.25, 9.67, 11.97, 12.66, 12.17, 15.75, 18.08, 20.33
 25.26, 21.68, 18.35, 17.14, 15.15, 12.56, 13.87, 12.98, 9.28, 10.16, 9.30, 6.65, 3.79, 0.00, 3.83, 5.50, 4.88, 5.93, 8.56, 9.92, 10.28, 11.90, 14.03, 15.31, 15.45, 16.14, 17.06, 14.04, 13.40, 9.80, 10.15, 8.06, 10.65, 11.72, 13.31, 16.97, 16.79, 19.68, 19.16, 22.00, 23.49, 23.03, 21.92, 20.20, 19.95, 17.65, 15.00, 11.80, 10.73, 7.61, 9.36, 7.91, 10.25, 11.84, 9.70, 6.30, 6.06, 6.62, 10.29, 11.95, 12.36, 10.80, 13.97, 15.71, 17.66
 25.86, 22.50, 19.28, 18.75, 17.11, 14.31, 15.99, 14.40, 11.10, 12.78, 11.68, 8.23, 5.28, 3.83, 0.00, 3.80, 5.47, 5.40, 6.55, 9.05, 10.33, 10.97, 12.70, 14.88, 15.31, 15.30, 16.78, 14.43, 14.15, 11.07, 12.33, 10.93, 13.98, 15.30, 17.11, 20.75, 20.39, 23.19, 22.40, 24.99, 26.47, 25.60, 24.27, 22.07, 21.44, 18.69, 16.60, 13.79, 13.54, 10.95, 13.13, 11.68, 13.70, 14.75, 12.01, 9.17, 9.11, 10.10, 13.85, 15.43, 15.35, 13.59, 16.46, 17.79, 19.99
 23.97, 20.79, 17.38, 17.30, 15.36, 12.12, 13.58, 11.38, 8.58, 10.90, 10.09, 6.33, 5.18, 5.50, 3.80, 0.00, 3.83, 5.65, 5.39, 6.65, 8.98, 10.32, 11.04, 13.04, 14.35, 14.92, 17.02, 14.80, 15.42, 12.55, 14.24, 13.08, 15.90, 17.01, 18.08, 21.77, 21.83, 24.50, 23.74, 26.32, 27.32, 26.50, 24.74, 22.63, 21.48, 19.03, 17.26, 14.16, 14.36, 11.69, 13.89, 12.77, 14.67, 16.28, 13.44, 10.88, 9.39, 9.75, 13.45, 14.65, 13.98, 12.70, 15.65, 17.36, 20.12
 21.11, 17.72, 14.26, 13.75, 11.82, 8.87, 10.79, 9.45, 6.33, 8.93, 9.36, 6.35, 6.00, 4.88, 5.47, 3.83, 0.00, 3.84, 5.41, 5.30, 6.22, 8.56, 9.89, 10.92, 11.82, 13.06, 14.70, 12.01, 12.72, 9.79, 11.50, 10.76, 13.53, 15.00, 15.74, 19.25, 19.14, 21.48, 20.52, 22.98, 23.74, 22.93, 21.06, 19.10, 17.98, 15.82, 13.89, 10.58, 10.91, 8.49, 11.12, 10.94, 13.54, 15.87, 13.78, 10.62, 8.87, 7.76, 11.39, 11.81, 10.73, 8.99, 11.83, 13.59, 16.38
 20.78, 17.39, 14.41, 14.00, 13.06, 10.91, 13.62, 12.71, 9.85, 12.45, 12.99, 9.95, 8.54, 5.93, 5.40, 5.65, 3.84, 0.00, 3.79, 5.53, 5.28, 6.00, 8.44, 10.05, 10.00, 10.33, 11.74, 9.31, 9.81, 7.29, 9.82, 10.02, 13.48, 15.75, 17.14, 20.44, 19.60, 21.69, 20.18, 22.23, 23.18, 21.84, 20.00, 17.51, 16.43, 13.66, 12.02, 9.42, 10.42, 9.01, 12.34, 12.52, 15.55, 17.56, 15.62, 12.14, 11.46, 10.53, 14.13, 14.35, 13.15, 10.47, 12.47, 13.16, 15.63
 20.57, 17.58, 14.69, 15.24, 14.44, 11.99, 14.70, 12.99, 10.86, 14.05, 14.43, 11.00, 10.06, 8.56, 6.55, 5.39, 5.41, 3.79, 0.00, 3.82, 5.69, 5.39, 6.23, 8.95, 9.94, 9.82, 12.33, 10.91, 12.28, 10.55, 13.47, 13.79, 17.24, 19.34, 20.58, 23.97, 23.31, 25.38, 23.82, 25.74, 26.46, 24.93, 22.76, 20.04, 18.39, 15.54, 14.67, 12.38, 13.92, 12.57, 15.80, 15.77, 18.48, 20.37, 17.96, 14.82, 13.77, 13.12, 16.77, 16.97, 15.37, 13.03, 14.84, 15.46, 18.33
 17.65, 14.72, 11.56, 12.44, 11.42, 8.84, 11.64, 9.91, 8.59, 12.23, 13.40, 10.49, 10.86, 9.92, 9.05, 6.65, 5.30, 5.53, 3.82, 0.00, 3.79, 5.48, 5.02, 6.46, 8.49, 9.72, 12.43, 10.87, 13.01, 11.44, 14.32, 14.78, 17.84, 19.79, 20.33, 23.61, 23.24, 25.06, 23.54, 25.41, 25.62, 24.22, 21.68, 19.25, 17.17, 14.93, 14.27, 11.71, 13.56, 12.34, 15.48, 15.97, 18.72, 21.16, 18.99, 15.90, 14.03, 12.55, 15.83, 15.38, 13.12, 11.12, 12.71, 13.68, 17.02
 15.57, 12.26, 9.30, 9.59, 9.28, 7.76, 11.27, 10.82, 9.29, 12.62, 14.45, 12.06, 12.20, 10.28, 10.33, 8.98, 6.22, 5.28, 5.69, 3.79, 0.00, 3.81, 5.29, 5.15, 5.65, 7.55, 9.47, 7.40, 9.75, 8.61, 11.70, 12.91, 15.95, 18.37, 18.91, 21.84, 21.05, 22.46, 20.57, 22.13, 22.20, 20.60, 17.99, 15.47, 13.42, 11.20, 10.57, 8.25, 10.69, 10.40, 13.91, 15.20, 18.44, 21.15, 19.56, 16.10, 14.56, 12.42, 15.43, 14.36, 11.88, 9.05, 9.85, 10.19, 13.42
 16.42, 13.46, 11.31, 12.08, 12.61, 11.51, 15.06, 14.41, 12.86, 16.18, 17.62, 14.80, 14.22, 11.90, 10.97, 10.32, 8.56, 6.00, 5.39, 5.48, 3.81, 0.00, 3.80, 5.41, 4.87, 4.62, 7.20, 6.40, 8.94, 8.81, 12.48, 14.23, 17.68, 20.48, 21.56, 24.45, 23.22, 24.54, 22.30, 23.51, 23.78, 21.68, 19.12, 16.03, 13.90, 10.94, 11.08, 9.85, 12.65, 12.83, 16.56, 17.68, 21.00, 23.32, 21.56, 18.03, 17.08, 15.44, 18.67, 17.85, 15.56, 12.47, 12.84, 12.24, 15.03
 15.41, 13.01, 10.90, 12.74, 13.17, 11.76, 15.11, 13.86, 13.17, 16.87, 18.36, 15.49, 15.56, 14.03, 12.70, 11.04, 9.89, 8.44, 6.23, 5.02, 5.29, 3.80, 0.00, 3.82, 5.77, 5.98, 9.54, 9.57, 12.57, 12.49, 16.05, 17.53, 20.85, 23.37, 24.11, 27.11, 26.23, 27.56, 25.44, 26.67, 26.61, 24.57, 21.69, 18.73, 16.08, 13.58, 14.19, 12.84, 15.70, 15.56, 19.11, 20.09, 23.16, 25.58, 23.53, 20.23, 18.76, 17.12, 20.31, 19.39, 16.71, 14.17, 14.56, 14.29, 17.50
 11.79, 9.25, 7.15, 9.37, 10.30, 9.73, 13.25, 12.75, 12.67, 16.25, 18.47, 16.23, 16.88, 15.31, 14.88, 13.04, 10.92, 10.05, 8.95, 6.46, 5.15, 5.41, 3.82, 0.00, 3.81, 6.26, 9.10, 8.88, 12.37, 12.60, 15.98, 17.74, 20.69, 23.22, 23.47, 26.16, 25.32, 26.25, 24.03, 25.03, 24.49, 22.49, 19.30, 16.60, 13.59, 11.81, 12.73, 11.52, 14.71, 15.09, 18.54, 20.14, 23.34, 26.18, 24.55, 21.18, 19.39, 17.07, 19.77, 18.16, 15.02, 12.54, 12.15, 11.71, 15.13
 11.86, 8.96, 7.65, 8.86, 10.70, 11.00, 14.79, 15.02, 14.31, 17.54, 19.83, 17.67, 17.75, 15.45, 15.31, 14.35, 11.82, 10.00, 9.94, 8.49, 5.65, 4.87, 5.77, 3.81, 0.00, 3.81, 5.50, 5.46, 9.18, 10.29, 13.77, 16.20, 19.19, 22.16, 22.69, 25.09, 23.73, 24.35, 21.75, 22.37, 21.91, 19.55, 16.45, 13.39, 10.45, 8.23, 9.62, 9.31, 12.91, 14.13, 17.79, 19.77, 23.28, 26.06, 24.79, 21.17, 19.92, 17.50, 20.13, 18.40, 15.47, 12.33, 11.28, 9.78, 12.66
 14.65, 12.22, 11.38, 12.56, 14.34, 14.32, 18.09, 17.93, 16.82, 20.10, 21.91, 19.29, 18.73, 16.14, 15.30, 14.92, 13.06, 10.33, 9.82, 9.72, 7.55, 4.62, 5.98, 6.26, 3.81, 0.00, 3.83, 5.68, 8.91, 10.60, 14.35, 16.96, 20.32, 23.51, 24.60, 27.09, 25.42, 26.16, 23.40, 23.87, 23.82, 21.14, 18.33, 14.86, 12.28, 9.24, 10.90, 11.20, 14.66, 15.87, 19.68, 21.31, 24.84, 27.23, 25.75, 22.09, 21.35, 19.44, 22.41, 21.12, 18.55, 15.22, 14.47, 12.69, 15.01
 15.15, 12.55, 12.25, 12.54, 14.81, 15.50, 19.29, 19.79, 18.40, 21.26, 23.24, 20.92, 20.11, 17.06, 16.78, 17.02, 14.70, 11.74, 12.33, 12.43, 9.47, 7.20, 9.54, 9.10, 5.50, 3.83, 0.00, 3.82, 6.54, 9.39, 12.82, 16.02, 19.16, 22.64, 23.86, 25.94, 23.83, 24.16, 21.08, 21.11, 21.09, 18.12, 15.50, 11.81, 9.61, 6.21, 8.40, 9.90, 13.41, 15.43, 19.18, 21.21, 24.91, 27.30, 26.28, 22.50, 22.17, 20.08, 22.76, 21.28, 18.92, 15.29, 13.97, 11.41, 12.86
 15.62, 12.37, 11.20, 10.54, 12.24, 12.83, 16.49, 17.28, 15.51, 18.04, 20.04, 17.99, 17.20, 14.04, 14.43, 14.80, 12.01, 9.31, 10.91, 10.87, 7.40, 6.40, 9.57, 8.88, 5.46, 5.68, 3.82, 0.00, 3.79, 5.96, 9.34, 12.47, 15.49, 18.92, 20.04, 22.16, 20.17, 20.67, 17.79, 18.25, 18.43, 15.87, 13.42, 10.01, 8.35, 4.86, 5.36, 6.17, 9.62, 11.66, 15.37, 17.51, 21.25, 23.75, 22.95, 19.15, 18.80, 16.57, 19.12, 17.67, 15.55, 11.82, 10.76, 8.53, 10.10
 18.98, 15.63, 14.36, 12.94, 14.21, 14.71, 18.06, 19.03, 16.67, 18.63, 20.28, 18.36, 16.96, 13.40, 14.15, 15.42, 12.72, 9.81, 12.28, 13.01, 9.75, 8.94, 12.57, 12.37, 9.18, 8.91, 6.54, 3.79, 0.00, 3.82, 6.54, 10.07, 13.05, 16.72, 18.35, 20.28, 17.87, 18.42, 15.49, 15.99, 16.85, 14.37, 12.76, 9.48, 9.31, 5.88, 4.61, 5.91, 8.23, 10.57, 14.05, 16.10, 19.85, 22.02, 21.55, 17.75, 18.11, 16.20, 18.63, 17.56, 16.18, 12.39, 11.69, 9.59, 10.01
 20.40, 16.78, 14.70, 12.97, 13.19, 12.95, 15.93, 16.72, 13.89, 15.52, 16.83, 14.97, 13.40, 9.80, 11.07, 12.55, 9.79, 7.29, 10.55, 11.44, 8.61, 8.81, 12.49, 12.60, 10.29, 10.60, 9.39, 5.96, 3.82, 0.00, 3.81, 6.65, 9.97, 13.45, 15.20, 17.54, 15.51, 16.74, 14.41, 15.82, 17.04, 15.32, 14.01, 11.43, 11.53, 8.69, 6.07, 4.85, 5.86, 7.20, 10.74, 12.42, 16.14, 18.28, 17.74, 13.94, 14.35, 12.63, 15.19, 14.59, 13.70, 10.09, 10.51, 9.66, 10.52
 22.93, 19.21, 17.08, 14.68, 14.46, 14.37, 16.73, 17.95, 14.84, 15.55, 16.66, 15.42, 13.69, 10.15, 12.33, 14.24, 11.50, 9.82, 13.47, 14.32, 11.70, 12.48, 16.05, 15.98, 13.77, 14.35, 12.82, 9.34, 6.54, 3.81, 0.00, 3.82, 6.55, 10.26, 12.32, 14.35, 12.01, 13.39, 11.32, 13.16, 14.99, 13.87, 13.44, 11.67, 12.84, 10.75, 7.31, 6.03, 4.51, 5.95, 8.56, 10.37, 14.01, 16.01, 16.17, 12.53, 13.52, 11.93, 13.87, 13.52, 13.54, 10.31, 11.00, 10.60, 10.48
 25.33, 21.54, 18.93, 16.48, 15.39, 14.61, 16.27, 17.23, 13.76, 13.75, 14.21, 13.26, 11.26, 8.06, 10.93, 13.08, 10.76, 10.02, 13.79, 14.78, 12.91, 14.23, 17.53, 17.74, 16.20, 16.96, 16.02, 12.47, 10.07, 6.65, 3.82, 0.00, 3.82, 7.05, 9.58, 12.16, 10.43, 12.81, 11.82, 14.52, 16.65, 16.31, 16.19, 14.97, 16.14, 14.29, 10.75, 8.53, 5.78, 4.74, 6.17, 6.96, 10.41, 12.20, 12.47, 8.95, 10.39, 9.41, 11.25, 11.82, 12.78, 10.32, 12.14, 12.85, 13.03
 27.22, 23.43, 20.85, 17.94, 16.58, 16.10, 17.08, 18.53, 15.19, 14.26, 14.70, 14.70, 13.12, 10.65, 13.98, 15.90, 13.53, 13.48, 17.24, 17.84, 15.95, 17.68, 20.85, 20.69, 19.19, 20.32, 19.16, 15.49, 13.05, 9.97, 6.55, 3.82, 0.00, 3.81, 6.49, 8.58, 6.79, 9.62, 9.51, 12.78, 15.19, 15.70, 16.23, 15.89, 17.62, 16.46, 12.71, 10.62, 7.01, 6.07, 5.01, 6.07, 8.95, 10.78, 12.19, 9.36, 10.91, 9.88, 10.42, 11.07, 12.91, 11.23, 12.98, 14.07, 13.62
 29.69, 25.92, 23.11, 20.15, 18.21, 17.41, 17.59, 18.97, 15.68, 13.86, 13.77, 14.53, 13.22, 11.72, 15.30, 17.01, 15.00, 15.75, 19.34, 19.79, 18.37, 20.48, 23.37, 23.22, 22.16, 23.51, 22.64, 18.92, 16.72, 13.45, 10.26, 7.05, 3.81, 0.00, 3.85, 6.31, 6.09, 9.78, 11.06, 14.74, 17.08, 18.28, 19.01, 19.13, 20.83, 19.95, 16.19, 13.75, 10.03, 8.18, 5.33, 4.87, 6.23, 7.86, 10.18, 8.35, 9.95, 9.51, 9.00, 10.50, 13.30, 12.68, 14.95, 16.71, 16.42
 28.87, 25.20, 22.35, 19.21, 16.92, 16.32, 15.82, 17.65, 14.84, 12.41, 12.83, 14.50, 14.19, 13.31, 17.11, 18.08, 15.74, 17.14, 20.58, 20.33, 18.91, 21.56, 24.11, 23.47, 22.69, 24.60, 23.86, 20.04, 18.35, 15.20, 12.32, 9.58, 6.49, 3.85, 0.00, 3.82, 5.65, 9.01, 10.95, 14.74, 16.43, 18.17, 18.71, 19.39, 20.93, 20.65, 16.97, 14.29, 10.62, 8.78, 5.02, 5.58, 6.28, 8.96, 11.49, 10.09, 10.38, 9.09, 7.14, 8.09, 11.35, 11.68, 13.90, 16.22, 16.05
 30.39, 26.82, 24.30, 20.88, 18.88, 18.90, 18.32, 20.61, 18.11, 15.60, 16.33, 18.21, 18.00, 16.97, 20.75, 21.77, 19.25, 20.44, 23.97, 23.61, 21.84, 24.45, 27.11, 26.16, 25.09, 27.09, 25.94, 22.16, 20.28, 17.54, 14.35, 12.16, 8.58, 6.31, 3.82, 0.00, 3.84, 6.51, 9.49, 13.17, 14.88, 17.28, 18.42, 19.78, 21.79, 22.01, 18.36, 16.23, 12.55, 11.67, 8.19, 9.36, 9.71, 11.79, 14.81, 13.72, 14.17, 12.76, 10.43, 10.62, 13.68, 14.10, 15.57, 17.56, 16.65
 29.53, 25.93, 23.71, 20.21, 18.83, 19.21, 19.37, 21.72, 19.01, 17.16, 18.09, 19.31, 18.59, 16.79, 20.39, 21.83, 19.14, 19.60, 23.31, 23.24, 21.05, 23.22, 26.23, 25.32, 23.73, 25.42, 23.83, 20.17, 17.87, 15.51, 12.01, 10.43, 6.79, 6.09, 5.65, 3.84, 0.00, 3.80, 6.26, 9.98, 12.32, 14.41, 15.96, 17.18, 19.61, 19.70, 16.04, 14.51, 10.85, 10.91, 8.28, 10.07, 11.45, 13.32, 16.08, 14.34, 15.33, 13.82, 12.39, 12.23, 14.65, 14.07, 14.99, 16.20, 14.71
 29.05, 25.62, 23.88, 20.20, 19.34, 20.43, 20.76, 23.53, 21.16, 19.53, 20.98, 22.22, 21.70, 19.68, 23.19, 24.50, 21.48, 21.69, 25.38, 25.06, 22.46, 24.54, 27.56, 26.25, 24.35, 26.16, 24.16, 20.67, 18.42, 16.74, 13.39, 12.81, 9.62, 9.78, 9.01, 6.51, 3.80, 0.00, 3.81, 7.00, 9.16, 11.81, 13.90, 15.80, 18.61, 19.30, 15.92, 15.11, 11.90, 13.02, 10.98, 13.44, 15.09, 17.11, 19.82, 17.90, 18.66, 16.69, 15.20, 14.23, 16.08, 15.33, 15.32, 15.95, 13.72
 26.53, 23.14, 21.73, 18.11, 17.89, 19.35, 20.33, 23.13, 20.80, 19.84, 21.62, 22.33, 21.68, 19.16, 22.40, 23.74, 20.52, 20.18, 23.82, 23.54, 20.57, 22.30, 25.44, 24.03, 21.75, 23.40, 21.08, 17.79, 15.49, 14.41, 11.32, 11.82, 9.51, 11.06, 10.95, 9.49, 6.26, 3.81, 0.00, 3.81, 6.40, 8.31, 10.49, 12.22, 15.27, 15.98, 12.79, 12.66, 10.00, 12.14, 11.24, 14.21, 16.64, 18.86, 21.07, 18.56, 19.29, 17.03, 16.24, 14.84, 15.89, 14.33, 13.64, 13.45, 10.75
 26.32, 23.19, 22.39, 18.84, 19.34, 21.32, 22.63, 25.57, 23.47, 22.87, 24.92, 25.43, 24.77, 22.00, 24.99, 26.32, 22.98, 22.23, 25.74, 25.41, 22.13, 23.51, 26.67, 25.03, 22.37, 23.87, 21.11, 18.25, 15.99, 15.82, 13.16, 14.52, 12.78, 14.74, 14.74, 13.17, 9.98, 7.00, 3.81, 0.00, 3.82, 5.51, 8.70, 10.90, 14.40, 15.55, 12.99, 13.91, 12.10, 14.93, 14.64, 17.77, 20.37, 22.58, 24.68, 22.00, 22.72, 20.31, 19.72, 17.97, 18.47, 16.61, 15.14, 14.06, 10.66
 24.13, 21.29, 20.87, 17.30, 18.12, 20.65, 21.90, 25.14, 23.55, 23.09, 25.61, 26.27, 26.11, 23.49, 26.47, 27.32, 23.74, 23.18, 26.46, 25.62, 22.20, 23.78, 26.61, 24.49, 21.91, 23.82, 21.09, 18.43, 16.85, 17.04, 14.99, 16.65, 15.19, 17.08, 16.43, 14.88, 12.32, 9.16, 6.40, 3.82, 0.00, 3.83, 6.60, 9.84, 13.04, 15.08, 13.08, 14.16, 13.01, 16.06, 15.98, 19.47, 22.17, 24.80, 26.76, 23.99, 24.16, 21.29, 20.54, 18.16, 18.10, 16.43, 14.26, 12.98, 9.41
 22.11, 19.34, 19.30, 16.04, 17.53, 20.17, 22.04, 25.05, 23.46, 23.61, 26.19, 26.33, 25.96, 23.03, 25.60, 26.50, 22.93, 21.84, 24.93, 24.22, 20.60, 21.68, 24.57, 22.49, 19.55, 21.14, 18.12, 15.87, 14.37, 15.32, 13.87, 16.31, 15.70, 18.28, 18.17, 17.28, 14.41, 11.81, 8.31, 5.51, 3.83, 0.00, 3.83, 6.60, 10.10, 12.08, 10.66, 12.64, 12.39, 15.94, 16.74, 20.26, 23.37, 26.00, 27.53, 24.42, 24.64, 21.76, 21.65, 19.26, 18.64, 16.31, 13.75, 11.54, 7.73
 18.28, 15.56, 15.74, 12.64, 14.60, 17.52, 19.66, 22.63, 21.40, 22.00, 24.88, 24.83, 24.77, 21.92, 24.27, 24.74, 21.06, 20.00, 22.76, 21.68, 17.99, 19.12, 21.69, 19.30, 16.45, 18.33, 15.50, 13.42, 12.76, 14.01, 13.44, 16.19, 16.23, 19.01, 18.71, 18.42, 15.96, 13.90, 10.49, 8.70, 6.60, 3.83, 0.00, 3.83, 6.64, 9.30, 8.51, 10.63, 11.36, 15.02, 16.42, 20.07, 23.41, 26.35, 27.46, 24.14, 23.89, 20.73, 20.93, 18.19, 16.85, 14.35, 11.25, 8.51, 4.88
 16.83, 13.96, 14.15, 11.55, 13.92, 16.51, 19.25, 21.75, 20.35, 21.53, 24.25, 23.62, 23.29, 20.20, 22.07, 22.63, 19.10, 17.51, 20.04, 19.25, 15.47, 16.03, 18.73, 16.60, 13.39, 14.86, 11.81, 10.01, 9.48, 11.43, 11.67, 14.97, 15.89, 19.13, 19.39, 19.78, 17.18, 15.80, 12.22, 10.90, 9.84, 6.60, 3.83, 0.00, 3.79, 5.65, 5.55, 8.60, 10.33, 14.09, 16.30, 19.71, 23.31, 26.14, 26.77, 23.22, 23.06, 20.08, 20.97, 18.50, 16.85, 13.74, 10.79, 7.34, 4.55
 13.20, 10.38, 10.94, 8.96, 11.99, 14.70, 17.76, 20.02, 19.08, 20.81, 23.73, 22.86, 22.85, 19.95, 21.44, 21.48, 17.98, 16.43, 18.39, 17.17, 13.42, 13.90, 16.08, 13.59, 10.45, 12.28, 9.61, 8.35, 9.31, 11.53, 12.84, 16.14, 17.62, 20.83, 20.93, 21.79, 19.61, 18.61, 15.27, 14.40, 13.04, 10.10, 6.64, 3.79, 0.00, 3.83, 5.62, 8.31, 11.14, 14.54, 17.23, 20.54, 24.22, 27.24, 27.42, 23.78, 23.15, 20.03, 21.24, 18.59, 16.26, 13.10, 9.88, 6.07, 5.33
 14.47, 11.42, 11.35, 9.93, 12.55, 14.42, 17.85, 19.52, 18.12, 20.18, 22.69, 21.28, 20.80, 17.65, 18.69, 19.03, 15.82, 13.66, 15.54, 14.93, 11.20, 10.94, 13.58, 11.81, 8.23, 9.24, 6.21, 4.86, 5.88, 8.69, 10.75, 14.29, 16.46, 19.95, 20.65, 22.01, 19.70, 19.30, 15.98, 15.55, 15.08, 12.08, 9.30, 5.65, 3.83, 0.00, 3.78, 6.86, 10.16, 13.31, 16.52, 19.39, 23.18, 25.91, 25.74, 21.97, 21.63, 18.91, 20.73, 18.62, 16.44, 12.84, 10.46, 6.98, 7.13
 16.73, 13.27, 12.24, 9.95, 11.57, 13.09, 16.21, 18.04, 16.13, 17.70, 20.03, 18.86, 18.22, 15.00, 16.60, 17.26, 13.89, 12.02, 14.67, 14.27, 10.57, 11.08, 14.19, 12.73, 9.62, 10.90, 8.40, 5.36, 4.61, 6.07, 7.31, 10.75, 12.71, 16.19, 16.97, 18.36, 16.04, 15.92, 12.79, 12.99, 13.08, 10.66, 8.51, 5.55, 5.62, 3.78, 0.00, 3.80, 6.52, 9.90, 12.94, 15.87, 19.65, 22.35, 22.42, 18.70, 18.55, 15.88, 17.53, 15.64, 14.00, 10.33, 8.48, 5.67, 5.43
 17.02, 13.27, 11.21, 8.72, 9.13, 9.95, 12.91, 14.61, 12.46, 13.93, 16.23, 15.17, 14.76, 11.80, 13.79, 14.16, 10.58, 9.42, 12.38, 11.71, 8.25, 9.85, 12.84, 11.52, 9.31, 11.20, 9.90, 6.17, 5.91, 4.85, 6.03, 8.53, 10.62, 13.75, 14.29, 16.23, 14.51, 15.11, 12.66, 13.91, 14.16, 12.64, 10.63, 8.60, 8.31, 6.86, 3.80, 0.00, 3.81, 6.51, 9.81, 12.64, 16.40, 19.31, 19.19, 15.51, 14.98, 12.16, 13.94, 12.18, 10.56, 6.80, 5.96, 4.90, 6.29
 20.27, 16.49, 14.16, 11.23, 10.63, 11.02, 13.09, 14.99, 12.33, 12.78, 14.73, 14.22, 13.60, 10.73, 13.54, 14.36, 10.91, 10.42, 13.92, 13.56, 10.69, 12.65, 15.70, 14.71, 12.91, 14.66, 13.41, 9.62, 8.23, 5.86, 4.51, 5.78, 7.01, 10.03, 10.62, 12.55, 10.85, 11.90, 10.00, 12.10, 13.01, 12.39, 11.36, 10.33, 11.14, 10.16, 6.52, 3.81, 0.00, 3.82, 6.43, 9.51, 13.23, 16.10, 16.50, 12.98, 12.82, 10.12, 11.39, 10.02, 9.60, 6.40, 6.81, 7.20, 7.52
 22.00, 18.21, 15.27, 12.70, 11.02, 10.16, 11.62, 12.94, 9.75, 9.77, 11.19, 10.72, 10.08, 7.61, 10.95, 11.69, 8.49, 9.01, 12.57, 12.34, 10.40, 12.83, 15.56, 15.09, 14.13, 15.87, 15.43, 11.66, 10.57, 7.20, 5.95, 4.74, 6.07, 8.18, 8.78, 11.67, 10.91, 13.02, 12.14, 14.93, 16.06, 15.94, 15.02, 14.09, 14.54, 13.31, 9.90, 6.51, 3.82, 0.00, 3.83, 6.15, 9.90, 12.88, 12.95, 9.45, 9.00, 6.42, 8.17, 7.75, 8.10, 5.67, 8.09, 9.84, 10.96
 24.72, 20.97, 17.99, 15.12, 12.94, 12.11, 12.44, 14.05, 10.96, 9.55, 10.58, 11.27, 10.91, 9.36, 13.13, 13.89, 11.12, 12.34, 15.80, 15.48, 13.91, 16.56, 19.11, 18.54, 17.79, 19.68, 19.18, 15.37, 14.05, 10.74, 8.56, 6.17, 5.01, 5.33, 5.02, 8.19, 8.28, 10.98, 11.24, 14.64, 15.98, 16.74, 16.42, 16.30, 17.23, 16.52, 12.94, 9.81, 6.43, 3.83, 0.00, 3.80, 7.10, 10.38, 11.35, 8.56, 8.21, 5.86, 5.86, 6.09, 8.18, 7.38, 9.99, 12.29, 12.87
 27.52, 23.78, 20.56, 18.07, 15.60, 13.96, 13.94, 14.70, 11.26, 9.48, 9.05, 9.68, 8.72, 7.91, 11.68, 12.77, 10.94, 12.52, 15.77, 15.97, 15.20, 17.68, 20.09, 20.14, 19.77, 21.31, 21.21, 17.51, 16.10, 12.42, 10.37, 6.96, 6.07, 4.87, 5.58, 9.36, 10.07, 13.44, 14.21, 17.77, 19.47, 20.26, 20.07, 19.71, 20.54, 19.39, 15.87, 12.64, 9.51, 6.15, 3.80, 0.00, 3.80, 6.86, 7.56, 5.02, 5.30, 4.81, 5.31, 7.69, 10.31, 10.05, 13.22, 15.64, 16.47
 30.74, 27.06, 23.72, 21.29, 18.49, 16.60, 15.86, 16.33, 13.13, 10.58, 9.11, 10.55, 9.83, 10.25, 13.70, 14.67, 13.54, 15.55, 18.48, 18.72, 18.44, 21.00, 23.16, 23.34, 23.28, 24.84, 24.91, 21.25, 19.85, 16.14, 14.01, 10.41, 8.95, 6.23, 6.28, 9.71, 11.45, 15.09, 16.64, 20.37, 22.17, 23.37, 23.41, 23.31, 24.22, 23.18, 19.65, 16.40, 13.23, 9.90, 7.10, 3.80, 0.00, 3.82, 5.44, 5.15, 5.54, 6.66, 5.86, 9.26, 12.52, 13.14, 16.46, 19.16, 19.96
 34.20, 30.50, 27.15, 24.82, 22.12, 20.09, 19.46, 19.57, 16.27, 13.90, 11.74, 12.72, 11.25, 11.84, 14.75, 16.28, 15.87, 17.56, 20.37, 21.16, 21.15, 23.32, 25.58, 26.18, 26.06, 27.23, 27.30, 23.75, 22.02, 18.28, 16.01, 12.20, 10.78, 7.86, 8.96, 11.79, 13.32, 17.11, 18.86, 22.58, 24.80, 26.00, 26.35, 26.14, 27.24, 25.91, 22.35, 19.31, 16.10, 12.88, 10.38, 6.86, 3.82, 0.00, 3.80, 5.61, 7.58, 9.92, 9.59, 13.08, 16.29, 16.72, 20.01, 22.49, 23.12
 33.47, 29.83, 26.34, 24.47, 21.72, 19.19, 18.73, 18.13, 14.76, 12.91, 10.11, 10.29, 8.41, 9.70, 12.01, 13.44, 13.78, 15.62, 17.96, 18.99, 19.56, 21.56, 23.53, 24.55, 24.79, 25.75, 26.28, 22.95, 21.55, 17.74, 16.17, 12.47, 12.19, 10.18, 11.49, 14.81, 16.08, 19.82, 21.07, 24.68, 26.76, 27.53, 27.46, 26.77, 27.42, 25.74, 22.42, 19.19, 16.50, 12.95, 11.35, 7.56, 5.44, 3.80, 0.00, 3.81, 5.69, 9.11, 9.98, 13.63, 16.31, 16.57, 20.13, 22.63, 23.79
 30.15, 26.46, 23.07, 21.19, 18.71, 16.34, 16.46, 16.07, 12.42, 11.19, 9.15, 8.59, 6.17, 6.30, 9.17, 10.88, 10.62, 12.14, 14.82, 15.90, 16.10, 18.03, 20.23, 21.18, 21.17, 22.09, 22.50, 19.15, 17.75, 13.94, 12.53, 8.95, 9.36, 8.35, 10.09, 13.72, 14.34, 17.90, 18.56, 22.00, 23.99, 24.42, 24.14, 23.22, 23.78, 21.97, 18.70, 15.51, 12.98, 9.45, 8.56, 5.02, 5.15, 5.61, 3.81, 0.00, 3.84, 6.65, 8.53, 11.68, 13.88, 13.48, 16.93, 19.17, 20.37
 28.02, 24.45, 20.87, 19.18, 16.29, 13.56, 13.19, 12.57, 9.09, 7.58, 5.32, 5.27, 4.46, 6.06, 9.11, 9.39, 8.87, 11.46, 13.77, 14.03, 14.56, 17.08, 18.76, 19.39, 19.92, 21.35, 22.17, 18.80, 18.11, 14.35, 13.52, 10.39, 10.91, 9.95, 10.38, 14.17, 15.33, 18.66, 19.29, 22.72, 24.16, 24.64, 23.89, 23.06, 23.15, 21.63, 18.55, 14.98, 12.82, 9.00, 8.21, 5.30, 5.54, 7.58, 5.69, 3.84, 0.00, 3.82, 6.08, 9.25, 11.19, 11.47, 15.21, 17.96, 19.71
 24.72, 21.14, 17.59, 15.65, 12.67, 10.23, 9.90, 10.05, 6.60, 4.97, 4.95, 5.56, 6.25, 6.62, 10.10, 9.75, 7.76, 10.53, 13.12, 12.55, 12.42, 15.44, 17.12, 17.07, 17.50, 19.44, 20.08, 16.57, 16.20, 12.63, 11.93, 9.41, 9.88, 9.51, 9.09, 12.76, 13.82, 16.69, 17.03, 20.31, 21.29, 21.76, 20.73, 20.08, 20.03, 18.91, 15.88, 12.16, 10.12, 6.42, 5.86, 4.81, 6.66, 9.92, 9.11, 6.65, 3.82, 0.00, 3.80, 5.83, 7.42, 7.79, 11.56, 14.55, 16.43
 26.02, 22.50, 19.07, 16.70, 13.49, 11.62, 10.28, 11.29, 8.66, 5.55, 5.99, 8.43, 9.67, 10.29, 13.85, 13.45, 11.39, 14.13, 16.77, 15.83, 15.43, 18.67, 20.31, 19.77, 20.13, 22.41, 22.76, 19.12, 18.63, 15.19, 13.87, 11.25, 10.42, 9.00, 7.14, 10.43, 12.39, 15.20, 16.24, 19.72, 20.54, 21.65, 20.93, 20.97, 21.24, 20.73, 17.53, 13.94, 11.39, 8.17, 5.86, 5.31, 5.86, 9.59, 9.98, 8.53, 6.08, 3.80, 0.00, 3.82, 7.05, 8.75, 12.19, 15.52, 16.97
 22.98, 19.54, 16.28, 13.64, 10.42, 9.31, 7.91, 10.09, 8.20, 5.68, 8.14, 10.29, 11.97, 11.95, 15.43, 14.65, 11.81, 14.35, 16.97, 15.38, 14.36, 17.85, 19.39, 18.16, 18.40, 21.12, 21.28, 17.67, 17.56, 14.59, 13.52, 11.82, 11.07, 10.50, 8.09, 10.62, 12.23, 14.23, 14.84, 17.97, 18.16, 19.26, 18.19, 18.50, 18.59, 18.62, 15.64, 12.18, 10.02, 7.75, 6.09, 7.69, 9.26, 13.08, 13.63, 11.68, 9.25, 5.83, 3.82, 0.00, 3.81, 6.21, 9.13, 12.69, 14.21
 19.28, 15.91, 12.60, 10.16, 6.71, 5.77, 4.74, 7.66, 6.57, 5.71, 9.27, 10.59, 12.66, 12.36, 15.35, 13.98, 10.73, 13.15, 15.37, 13.12, 11.88, 15.56, 16.71, 15.02, 15.47, 18.55, 18.92, 15.55, 16.18, 13.70, 13.54, 12.78, 12.91, 13.30, 11.35, 13.68, 14.65, 16.08, 15.89, 18.47, 18.10, 18.64, 16.85, 16.85, 16.26, 16.44, 14.00, 10.56, 9.60, 8.10, 8.18, 10.31, 12.52, 16.29, 16.31, 13.88, 11.19, 7.42, 7.05, 3.81, 0.00, 3.81, 6.40, 10.19, 12.48
 17.66, 14.01, 10.81, 8.16, 5.61, 5.21, 6.71, 9.04, 7.19, 7.83, 10.91, 11.02, 12.17, 10.80, 13.59, 12.70, 8.99, 10.47, 13.03, 11.12, 9.05, 12.47, 14.17, 12.54, 12.33, 15.22, 15.29, 11.82, 12.39, 10.09, 10.31, 10.32, 11.23, 12.68, 11.68, 14.10, 14.07, 15.33, 14.33, 16.61, 16.43, 16.31, 14.35, 13.74, 13.10, 12.84, 10.33, 6.80, 6.40, 5.67, 7.38, 10.05, 13.14, 16.72, 16.57, 13.48, 11.47, 7.79, 8.75, 6.21, 3.81, 0.00, 3.83, 7.17, 9.66
 14.98, 11.33, 8.79, 5.35, 4.32, 6.46, 8.54, 11.39, 10.41, 11.36, 14.66, 14.71, 15.75, 13.97, 16.46, 15.65, 11.83, 12.47, 14.84, 12.71, 9.85, 12.84, 14.56, 12.15, 11.28, 14.47, 13.97, 10.76, 11.69, 10.51, 11.00, 12.14, 12.98, 14.95, 13.90, 15.57, 14.99, 15.32, 13.64, 15.14, 14.26, 13.75, 11.25, 10.79, 9.88, 10.46, 8.48, 5.96, 6.81, 8.09, 9.99, 13.22, 16.46, 20.01, 20.13, 16.93, 15.21, 11.56, 12.19, 9.13, 6.40, 3.83, 0.00, 3.81, 6.56
 13.54, 9.90, 8.41, 5.09, 6.64, 9.24, 11.97, 14.51, 13.51, 14.90, 18.00, 17.56, 18.08, 15.71, 17.79, 17.36, 13.59, 13.16, 15.46, 13.68, 10.19, 12.24, 14.29, 11.71, 9.78, 12.69, 11.41, 8.53, 9.59, 9.66, 10.60, 12.85, 14.07, 16.71, 16.22, 17.56, 16.20, 15.95, 13.45, 14.06, 12.98, 11.54, 8.51, 7.34, 6.07, 6.98, 5.67, 4.90, 7.20, 9.84, 12.29, 15.64, 19.16, 22.49, 22.63, 19.17, 17.96, 14.55, 15.52, 12.69, 10.19, 7.17, 3.81, 0.00, 3.80
 15.92, 12.61, 11.85, 8.52, 10.09, 12.75, 15.09, 17.87, 16.59, 17.45, 20.38, 20.18, 20.33, 17.66, 19.99, 20.12, 16.38, 15.63, 18.33, 17.02, 13.42, 15.03, 17.50, 15.13, 12.66, 15.01, 12.86, 10.10, 10.01, 10.52, 10.48, 13.03, 13.62, 16.42, 16.05, 16.65, 14.71, 13.72, 10.75, 10.66, 9.41, 7.73, 4.88, 4.55, 5.33, 7.13, 5.43, 6.29, 7.52, 10.96, 12.87, 16.47, 19.96, 23.12, 23.79, 20.37, 19.71, 16.43, 16.97, 14.21, 12.48, 9.66, 6.56, 3.80, 0.00
