 0.00, 3.80, 6.15, 9.75, 12.82, 14.98, 14.79, 14.64, 11.24, 12.65, 11.05, 13.18, 14.66, 17.34, 20.32, 23.73, 22.68, 22.40, 19.02, 18.81, 16.54, 15.62, 14.58, 12.64, 15.65, 16.22, 19.78, 20.32, 21.77, 21.67, 20.26, 22.60, 22.65, 25.32, 28.32, 28.30, 30.02, 28.69, 30.93, 32.36, 34.33, 32.82, 34.31, 34.42, 32.46, 32.59, 29.52, 29.92, 28.20, 29.37, 32.51, 33.12, 32.94, 32.41, 33.38, 30.82, 31.14, 29.38, 28.27, 27.12, 25.63, 23.77, 20.86, 17.70, 14.65, 11.31, 8.88, 10.99, 11.63, 15.12, 16.29, 19.94, 21.54, 24.05, 23.27, 25.82, 26.98, 28.91, 29.49, 26.12, 25.64, 21.87, 19.99, 18.34, 15.95, 17.33, 17.28, 18.93, 15.94, 13.06, 14.62, 14.77, 11.11, 11.10, 9.48, 11.05, 12.21, 12.59, 15.20
 3.80, 0.00, 3.84, 6.84, 10.12, 12.42, 13.04, 13.40, 10.46, 12.90, 12.41, 15.29, 17.00, 20.07, 22.81, 26.39, 25.62, 25.01, 21.53, 20.75, 17.97, 16.52, 14.65, 12.47, 14.90, 15.02, 18.41, 19.66, 21.38, 21.89, 20.92, 23.26, 23.68, 26.28, 29.55, 29.98, 31.98, 30.81, 33.19, 34.44, 36.09, 34.26, 35.40, 35.18, 32.88, 32.62, 29.30, 29.23, 27.20, 28.08, 31.40, 32.23, 32.44, 32.32, 33.64, 31.42, 32.15, 30.46, 29.77, 28.74, 27.59, 25.88, 23.31, 20.13, 17.46, 13.86, 12.01, 14.49, 14.75, 17.99, 18.56, 21.99, 23.10, 25.35, 24.53, 26.76, 28.07, 29.68, 29.92, 26.35, 25.76, 22.11, 20.68, 18.69, 16.57, 17.43, 17.18, 19.48, 17.04, 13.65, 15.13, 16.18, 12.89, 11.95, 9.43, 9.67, 9.78, 9.56, 11.71
 6.15, 3.84, 0.00, 3.80, 6.68, 9.03, 9.27, 9.61, 6.96, 9.82, 10.26, 13.65, 15.77, 19.23, 21.81, 25.51, 24.89, 23.74, 20.15, 18.79, 15.59, 13.98, 11.75, 10.08, 12.44, 13.16, 16.17, 17.60, 19.88, 20.38, 19.24, 21.14, 21.45, 23.74, 27.19, 27.97, 30.31, 29.53, 32.22, 33.57, 35.02, 32.92, 33.96, 33.39, 31.04, 30.45, 27.02, 26.70, 24.40, 24.97, 28.20, 29.29, 29.72, 29.62, 31.23, 29.22, 30.28, 28.97, 28.64, 28.07, 27.38, 25.38, 23.11, 19.68, 17.31, 13.52, 12.12, 15.32, 15.79, 18.69, 18.95, 22.13, 22.75, 24.52, 23.20, 24.99, 26.02, 27.24, 27.11, 23.44, 22.55, 19.01, 18.03, 16.22, 14.73, 15.83, 16.24, 18.88, 16.65, 13.33, 15.58, 16.93, 13.93, 13.40, 10.26, 10.43, 9.61, 10.19, 11.93
 9.75, 6.84, 3.80, 0.00, 3.81, 5.63, 7.07, 8.58, 7.46, 10.86, 12.42, 16.04, 18.46, 22.10, 24.53, 28.25, 27.72, 26.19, 22.55, 20.75, 17.23, 15.51, 12.79, 11.60, 13.22, 13.88, 16.27, 18.34, 21.04, 21.94, 21.02, 22.57, 22.96, 24.91, 28.53, 29.72, 32.36, 31.89, 34.77, 36.10, 37.32, 34.96, 35.75, 34.81, 32.26, 31.24, 27.62, 26.79, 24.08, 24.10, 27.34, 28.85, 29.75, 29.97, 31.98, 30.36, 31.84, 30.80, 30.87, 30.58, 30.23, 28.20, 26.20, 22.72, 20.59, 16.79, 15.58, 18.95, 19.47, 22.23, 22.25, 25.22, 25.47, 26.87, 25.33, 26.67, 27.57, 28.33, 27.71, 23.94, 22.70, 19.45, 19.18, 17.44, 16.61, 17.48, 18.04, 21.09, 19.32, 15.94, 18.24, 20.04, 17.33, 16.52, 13.08, 12.40, 10.42, 10.51, 11.06
 12.82, 10.12, 6.68, 3.81, 0.00, 3.80, 5.07, 6.28, 6.56, 10.18, 12.74, 16.52, 18.83, 22.61, 24.61, 28.34, 28.19, 26.31, 22.81, 20.45, 16.73, 14.59, 11.39, 10.59, 11.36, 12.18, 13.85, 16.26, 19.34, 20.46, 19.73, 20.92, 21.51, 23.20, 26.94, 28.56, 31.44, 31.24, 34.27, 35.48, 36.36, 33.72, 34.22, 32.94, 30.24, 28.84, 25.13, 23.94, 20.98, 20.68, 23.90, 25.62, 26.81, 27.26, 29.56, 28.29, 30.15, 29.39, 29.91, 29.96, 30.08, 28.03, 26.49, 23.06, 21.45, 17.73, 17.23, 20.81, 21.11, 23.42, 22.95, 25.52, 25.22, 26.12, 24.34, 25.17, 26.00, 26.34, 25.38, 21.56, 20.25, 17.32, 17.58, 15.80, 15.62, 16.24, 17.15, 20.47, 19.22, 16.02, 18.59, 20.75, 18.55, 17.81, 14.14, 13.22, 10.65, 11.46, 11.66
 14.98, 12.42, 9.03, 5.63, 3.80, 0.00, 3.79, 7.01, 8.60, 11.54, 14.35, 17.93, 20.72, 24.47, 26.64, 30.28, 29.85, 27.68, 24.09, 21.68, 17.89, 16.33, 13.47, 13.53, 14.42, 15.64, 16.89, 19.30, 22.61, 23.57, 22.58, 23.32, 23.51, 24.70, 28.44, 30.14, 33.21, 33.35, 36.56, 38.02, 38.95, 36.28, 36.87, 35.41, 32.82, 31.22, 27.54, 26.14, 22.94, 22.11, 25.03, 27.19, 28.67, 29.05, 31.58, 30.46, 32.47, 32.04, 32.63, 32.94, 33.13, 30.85, 29.24, 25.66, 23.90, 20.22, 19.36, 23.02, 23.80, 26.23, 26.05, 28.67, 28.41, 29.18, 27.10, 27.69, 28.11, 28.11, 26.76, 23.00, 21.10, 18.45, 19.29, 18.11, 18.45, 19.44, 20.69, 23.94, 22.58, 19.53, 22.25, 24.24, 21.86, 21.33, 17.73, 16.91, 14.31, 14.65, 14.25
 14.79, 13.04, 9.27, 7.07, 5.07, 3.79, 0.00, 3.81, 6.20, 8.35, 11.51, 14.92, 17.81, 21.53, 23.59, 27.15, 26.73, 24.34, 20.81, 18.22, 14.42, 13.09, 10.55, 11.47, 12.70, 14.77, 15.92, 17.73, 21.18, 21.62, 20.17, 20.53, 20.33, 21.29, 24.98, 26.65, 29.80, 30.14, 33.48, 35.12, 36.09, 33.45, 34.22, 32.76, 30.40, 28.90, 25.36, 24.23, 21.13, 20.42, 23.10, 25.20, 26.45, 26.43, 28.88, 27.63, 29.57, 29.38, 29.94, 30.53, 30.84, 28.30, 26.77, 23.12, 21.51, 18.02, 17.39, 21.18, 22.17, 24.32, 24.19, 26.66, 26.34, 26.90, 24.50, 24.94, 25.02, 24.94, 23.56, 19.84, 17.75, 15.04, 15.99, 15.30, 16.06, 17.59, 19.44, 22.40, 20.89, 18.27, 21.43, 23.08, 20.79, 20.87, 17.43, 17.33, 15.22, 16.39, 16.71
 14.64, 13.40, 9.61, 8.58, 6.28, 7.01, 3.81, 0.00, 3.83, 5.54, 9.18, 12.61, 15.06, 18.81, 20.49, 24.06, 24.00, 21.58, 18.24, 15.37, 11.55, 9.68, 6.91, 8.25, 9.41, 12.03, 13.07, 14.40, 17.89, 18.06, 16.48, 16.73, 16.61, 17.70, 21.42, 23.17, 26.31, 26.62, 29.95, 31.49, 32.36, 29.68, 30.42, 28.97, 26.66, 25.26, 21.79, 20.89, 18.00, 17.68, 20.36, 22.15, 23.10, 22.91, 25.21, 23.86, 25.77, 25.59, 26.22, 26.92, 27.42, 24.87, 23.60, 20.05, 18.86, 15.54, 15.62, 19.42, 20.11, 21.83, 21.37, 23.55, 22.97, 23.31, 20.80, 21.15, 21.26, 21.24, 20.01, 16.26, 14.46, 11.54, 12.31, 11.51, 12.51, 14.18, 16.39, 19.19, 17.81, 15.55, 18.95, 20.53, 18.61, 19.04, 15.73, 16.06, 14.35, 16.36, 17.34
 11.24, 10.46, 6.96, 7.46, 6.56, 8.60, 6.20, 3.83, 0.00, 3.80, 6.45, 10.22, 12.43, 16.24, 18.18, 21.88, 21.74, 19.78, 16.34, 13.94, 10.28, 8.18, 5.49, 5.68, 8.06, 10.56, 12.61, 13.49, 16.52, 16.48, 14.78, 15.72, 15.69, 17.47, 21.09, 22.36, 25.15, 24.97, 28.08, 29.58, 30.72, 28.29, 29.25, 28.24, 26.01, 25.10, 21.72, 21.36, 18.93, 19.34, 22.20, 23.44, 23.88, 23.49, 25.32, 23.50, 24.94, 24.27, 24.45, 24.71, 24.79, 22.33, 20.72, 17.13, 15.64, 12.12, 12.10, 15.88, 16.42, 18.31, 18.01, 20.48, 20.29, 21.12, 18.95, 19.95, 20.42, 21.09, 20.54, 16.82, 15.65, 12.19, 11.76, 10.46, 10.34, 12.19, 14.09, 16.69, 14.84, 12.40, 15.79, 17.12, 14.94, 15.49, 12.34, 13.18, 12.16, 14.38, 16.08
 12.65, 12.90, 9.82, 10.86, 10.18, 11.54, 8.35, 5.54, 3.80, 0.00, 3.83, 7.11, 9.57, 13.31, 15.23, 18.81, 18.54, 16.30, 12.86, 10.30, 6.56, 5.14, 4.09, 6.25, 9.12, 12.37, 14.16, 14.10, 17.02, 16.14, 13.68, 14.03, 13.20, 14.68, 18.15, 19.18, 22.02, 22.09, 25.36, 27.19, 28.51, 26.22, 27.54, 26.63, 24.82, 24.15, 21.10, 21.18, 19.06, 19.62, 22.04, 23.14, 23.22, 22.24, 23.82, 21.73, 22.93, 22.56, 22.55, 23.14, 23.27, 20.41, 18.78, 15.07, 13.68, 10.61, 10.84, 14.58, 15.56, 17.08, 17.05, 19.34, 19.23, 19.86, 17.26, 18.18, 18.10, 18.78, 18.33, 14.82, 13.45, 9.82, 9.18, 8.96, 9.40, 12.23, 14.82, 16.75, 14.58, 13.00, 16.70, 17.34, 15.27, 16.69, 14.09, 15.72, 15.31, 17.78, 19.75
 11.05, 12.41, 10.26, 12.42, 12.74, 14.35, 11.51, 9.18, 6.45, 3.83, 0.00, 3.82, 6.44, 10.13, 12.61, 16.20, 15.56, 13.78, 10.19, 8.53, 5.58, 5.26, 6.09, 7.24, 10.80, 13.76, 16.11, 15.45, 17.74, 16.33, 13.52, 14.29, 13.13, 15.02, 18.08, 18.36, 20.75, 20.42, 23.47, 25.47, 27.21, 25.35, 27.08, 26.69, 25.20, 25.12, 22.37, 23.03, 21.40, 22.45, 24.81, 25.50, 25.08, 23.75, 24.78, 22.20, 22.77, 22.06, 21.41, 21.66, 21.26, 18.29, 16.13, 12.31, 10.35, 7.32, 7.23, 10.89, 12.21, 13.86, 14.42, 17.02, 17.55, 18.69, 16.35, 17.95, 17.92, 19.27, 19.49, 16.31, 15.40, 11.67, 9.92, 9.85, 9.23, 12.49, 14.82, 16.07, 13.22, 12.01, 15.58, 15.44, 13.06, 15.10, 13.19, 15.59, 16.06, 18.50, 20.97
 13.18, 15.29, 13.65, 16.04, 16.52, 17.93, 14.92, 12.61, 10.22, 7.11, 3.82, 0.00, 3.78, 6.90, 9.77, 13.09, 12.00, 10.23, 6.53, 5.76, 4.42, 6.18, 8.72, 10.20, 13.59, 16.63, 18.86, 17.56, 19.45, 17.37, 14.07, 14.48, 12.54, 14.21, 16.69, 16.27, 18.35, 18.04, 21.06, 23.44, 25.55, 24.07, 26.27, 26.21, 25.25, 25.59, 23.30, 24.46, 23.24, 24.52, 26.51, 26.95, 26.11, 24.27, 24.85, 21.93, 21.97, 21.38, 20.27, 20.64, 20.03, 16.72, 14.33, 10.56, 8.49, 6.68, 6.70, 9.59, 11.49, 12.65, 13.78, 16.19, 17.10, 18.24, 15.79, 17.55, 17.06, 18.69, 19.31, 16.64, 15.86, 12.38, 10.19, 11.06, 10.52, 14.14, 16.63, 17.07, 13.95, 13.66, 17.08, 16.13, 13.93, 16.68, 15.50, 18.39, 19.35, 21.85, 24.51
 14.66, 17.00, 15.77, 18.46, 18.83, 20.72, 17.81, 15.06, 12.43, 9.57, 6.44, 3.78, 0.00, 3.81, 6.33, 9.88, 9.42, 8.28, 5.37, 5.31, 5.82, 6.75, 9.68, 10.59, 13.63, 16.41, 18.62, 16.65, 17.90, 15.33, 11.90, 12.55, 10.69, 12.92, 14.96, 14.08, 15.66, 14.83, 17.62, 19.88, 22.11, 20.85, 23.22, 23.53, 22.80, 23.63, 21.68, 23.36, 22.71, 24.51, 26.42, 26.32, 25.00, 22.95, 23.00, 19.77, 19.31, 18.41, 16.92, 17.11, 16.35, 13.00, 10.60, 6.87, 5.39, 4.93, 6.74, 8.61, 9.70, 9.85, 10.75, 12.78, 13.78, 14.99, 12.76, 14.94, 14.69, 16.92, 18.24, 15.97, 16.03, 12.71, 9.66, 10.31, 9.18, 12.74, 15.12, 14.79, 11.60, 12.26, 15.43, 13.96, 12.40, 15.61, 15.12, 18.37, 19.86, 22.70, 25.71
 17.34, 20.07, 19.23, 22.10, 22.61, 24.47, 21.53, 18.81, 16.24, 13.31, 10.13, 6.90, 3.81, 0.00, 3.79, 6.67, 5.75, 5.66, 4.18, 6.31, 8.61, 10.12, 13.29, 14.15, 16.96, 19.57, 21.71, 19.33, 20.07, 17.08, 13.59, 14.05, 11.84, 13.83, 14.94, 13.13, 13.91, 12.76, 15.20, 17.80, 20.48, 19.82, 22.66, 23.47, 23.32, 24.66, 23.25, 25.39, 25.19, 27.21, 28.84, 28.44, 26.72, 24.30, 23.80, 20.30, 19.16, 18.22, 16.11, 16.22, 15.09, 11.57, 8.91, 5.94, 4.98, 6.95, 8.62, 8.90, 10.05, 9.27, 10.72, 12.23, 13.72, 14.99, 13.03, 15.43, 14.91, 17.51, 19.34, 17.73, 18.10, 15.20, 12.03, 13.07, 11.93, 15.24, 17.44, 16.33, 13.16, 14.60, 17.29, 15.12, 13.95, 17.53, 17.73, 21.22, 23.08, 25.91, 29.08
 20.32, 22.81, 21.81, 24.53, 24.61, 26.64, 23.59, 20.49, 18.18, 15.23, 12.61, 9.77, 6.33, 3.79, 0.00, 3.78, 5.22, 5.32, 6.01, 7.24, 10.07, 11.04, 14.27, 15.19, 17.36, 19.89, 21.57, 18.68, 19.01, 15.61, 12.11, 12.15, 9.90, 11.88, 12.31, 10.14, 10.45, 9.01, 11.52, 14.13, 16.76, 16.17, 19.17, 20.16, 20.37, 22.03, 21.09, 23.62, 23.92, 26.23, 27.55, 26.75, 24.64, 21.98, 21.03, 17.38, 15.83, 14.96, 12.70, 13.18, 12.46, 8.72, 7.01, 5.16, 6.68, 9.23, 11.81, 11.91, 12.14, 10.25, 10.69, 10.97, 11.84, 12.46, 10.38, 12.63, 11.96, 14.87, 17.21, 16.18, 17.20, 14.81, 11.45, 12.64, 11.79, 14.78, 17.10, 15.43, 12.86, 15.13, 17.64, 15.46, 15.21, 18.78, 19.18, 22.61, 24.50, 27.65, 30.87
 23.73, 26.39, 25.51, 28.25, 28.34, 30.28, 27.15, 24.06, 21.88, 18.81, 16.20, 13.09, 9.88, 6.67, 3.78, 0.00, 3.79, 5.27, 7.94, 9.82, 13.20, 14.52, 17.88, 18.92, 20.92, 23.40, 24.89, 21.80, 21.83, 18.22, 14.89, 14.54, 12.11, 13.44, 12.79, 9.71, 8.81, 7.18, 9.15, 12.31, 15.36, 15.52, 18.95, 20.36, 21.25, 23.31, 22.95, 25.78, 26.44, 28.83, 29.81, 28.79, 26.38, 23.39, 21.96, 18.25, 16.09, 15.47, 12.79, 13.47, 12.69, 9.13, 8.05, 7.87, 9.64, 12.70, 15.01, 14.48, 14.77, 12.43, 13.04, 12.61, 13.56, 13.86, 12.11, 14.05, 12.94, 15.86, 18.50, 18.19, 19.35, 17.49, 14.36, 15.88, 15.28, 18.04, 20.26, 18.17, 15.88, 18.50, 20.69, 18.22, 18.28, 21.92, 22.64, 26.14, 28.16, 31.31, 34.59
 22.68, 25.62, 24.89, 27.72, 28.19, 29.85, 26.73, 24.00, 21.74, 18.54, 15.56, 12.00, 9.42, 5.75, 5.22, 3.79, 0.00, 3.81, 6.32, 9.42, 12.88, 14.96, 18.44, 19.62, 22.15, 24.78, 26.60, 23.84, 24.22, 20.81, 17.33, 17.12, 14.43, 15.55, 15.26, 12.28, 11.83, 10.79, 12.63, 15.90, 19.07, 19.30, 22.72, 24.02, 24.76, 26.60, 25.95, 28.52, 28.80, 30.92, 32.02, 31.35, 29.22, 26.28, 25.17, 21.53, 19.64, 19.10, 16.50, 16.95, 15.75, 12.27, 10.24, 9.26, 9.53, 12.44, 13.83, 13.06, 14.24, 12.62, 14.23, 14.68, 16.23, 17.04, 15.26, 17.30, 16.08, 18.70, 20.91, 20.27, 20.81, 18.66, 15.74, 17.46, 16.78, 19.90, 22.11, 20.38, 17.58, 19.68, 21.99, 19.39, 18.74, 22.46, 23.11, 26.69, 28.71, 31.58, 34.80
 22.40, 25.01, 23.74, 26.19, 26.31, 27.68, 24.34, 21.58, 19.78, 16.30, 13.78, 10.23, 8.28, 5.66, 5.32, 5.27, 3.81, 0.00, 3.81, 6.34, 10.09, 12.61, 16.29, 18.11, 20.56, 23.58, 25.09, 22.49, 23.39, 20.04, 16.33, 15.51, 12.32, 12.84, 12.82, 10.25, 10.86, 10.91, 13.67, 17.03, 19.74, 19.37, 22.57, 23.28, 23.86, 25.22, 24.39, 26.68, 26.66, 28.46, 29.40, 29.03, 27.15, 24.16, 23.44, 20.02, 18.67, 18.71, 16.75, 17.86, 17.36, 13.61, 12.04, 10.24, 10.49, 12.49, 13.88, 14.14, 15.59, 14.42, 15.63, 16.21, 17.13, 17.42, 14.90, 16.30, 14.51, 16.56, 18.27, 17.54, 17.63, 15.64, 13.14, 15.47, 15.54, 18.96, 21.67, 20.42, 17.78, 19.57, 22.40, 20.32, 19.50, 23.06, 23.10, 26.46, 28.02, 30.96, 33.94
 19.02, 21.53, 20.15, 22.55, 22.81, 24.09, 20.81, 18.24, 16.34, 12.86, 10.19, 6.53, 5.37, 4.18, 6.01, 7.94, 6.32, 3.81, 0.00, 3.79, 6.98, 9.83, 13.42, 15.28, 18.09, 21.20, 22.96, 20.78, 22.09, 19.12, 15.39, 14.92, 11.93, 12.82, 13.88, 12.18, 13.60, 13.58, 16.54, 19.58, 22.09, 21.26, 24.12, 24.51, 24.51, 25.47, 24.07, 25.95, 25.46, 27.03, 28.32, 28.30, 26.82, 24.18, 23.99, 20.71, 19.93, 19.77, 18.12, 18.98, 18.40, 14.68, 12.61, 9.77, 8.98, 9.95, 10.87, 11.86, 13.71, 13.38, 14.75, 16.10, 17.10, 17.75, 15.12, 16.68, 15.26, 17.14, 18.38, 16.88, 16.52, 13.93, 11.51, 13.61, 13.57, 17.23, 19.96, 19.29, 16.37, 17.49, 20.58, 18.82, 17.45, 20.83, 20.47, 23.72, 25.08, 27.85, 30.71
 18.81, 20.75, 18.79, 20.75, 20.45, 21.68, 18.22, 15.37, 13.94, 10.30, 8.53, 5.76, 5.31, 6.31, 7.24, 9.82, 9.42, 6.34, 3.79, 0.00, 3.83, 6.72, 10.43, 12.87, 15.36, 18.75, 20.11, 18.06, 19.79, 16.99, 13.24, 12.30, 9.20, 9.85, 11.66, 10.96, 13.30, 13.77, 17.19, 19.93, 21.91, 20.45, 22.90, 22.74, 22.40, 22.89, 21.23, 22.80, 22.07, 23.44, 24.69, 24.87, 23.62, 21.12, 21.35, 18.35, 18.19, 18.36, 17.40, 18.67, 18.74, 15.05, 13.60, 10.48, 10.21, 10.19, 11.59, 13.54, 14.96, 14.74, 15.31, 16.52, 16.77, 16.90, 13.77, 14.73, 13.17, 14.53, 15.28, 13.44, 12.83, 10.17, 8.01, 10.54, 11.29, 15.03, 18.17, 17.97, 15.46, 16.34, 19.78, 18.67, 17.46, 20.51, 19.59, 22.50, 23.39, 26.33, 28.98
 16.54, 17.97, 15.59, 17.23, 16.73, 17.89, 14.42, 11.55, 10.28, 6.56, 5.58, 4.42, 5.82, 8.61, 10.07, 13.20, 12.88, 10.09, 6.98, 3.83, 0.00, 3.78, 7.15, 9.98, 12.60, 16.14, 17.55, 16.07, 18.35, 16.14, 12.66, 12.01, 9.59, 10.50, 13.27, 13.53, 16.28, 16.71, 20.15, 22.54, 24.19, 22.31, 24.28, 23.72, 22.79, 22.75, 20.52, 21.53, 20.24, 21.29, 22.90, 23.47, 22.73, 20.72, 21.56, 18.92, 19.42, 19.49, 19.01, 20.14, 20.33, 16.88, 15.40, 11.87, 11.13, 9.74, 10.81, 13.67, 15.02, 15.48, 15.79, 17.43, 17.45, 17.67, 14.56, 15.38, 14.29, 15.24, 15.37, 12.72, 11.60, 8.31, 6.66, 8.70, 9.70, 13.44, 16.62, 17.21, 14.80, 14.85, 18.55, 18.08, 16.55, 19.11, 17.57, 20.09, 20.53, 23.36, 25.76
 15.62, 16.52, 13.98, 15.51, 14.59, 16.33, 13.09, 9.68, 8.18, 5.14, 5.26, 6.18, 6.75, 10.12, 11.04, 14.52, 14.96, 12.61, 9.83, 6.72, 3.78, 0.00, 3.74, 6.55, 8.86, 12.43, 13.78, 12.36, 14.79, 12.91, 9.76, 9.56, 8.21, 9.99, 13.31, 14.22, 17.00, 17.08, 20.41, 22.24, 23.50, 21.24, 22.74, 21.98, 20.53, 20.27, 17.68, 18.50, 17.12, 18.37, 20.36, 20.81, 20.17, 18.60, 19.65, 17.18, 18.05, 17.79, 17.72, 18.66, 19.11, 16.04, 14.91, 11.45, 11.15, 9.15, 10.94, 14.07, 14.57, 14.97, 14.48, 16.01, 15.52, 15.65, 12.67, 13.46, 13.12, 14.12, 14.25, 11.09, 10.56, 6.82, 4.66, 5.30, 6.35, 9.92, 13.19, 14.19, 12.18, 11.96, 15.75, 15.86, 14.66, 16.81, 14.97, 17.22, 17.49, 20.59, 23.02
 14.58, 14.65, 11.75, 12.79, 11.39, 13.47, 10.55, 6.91, 5.49, 4.09, 6.09, 8.72, 9.68, 13.29, 14.27, 17.88, 18.44, 16.29, 13.42, 10.43, 7.15, 3.74, 0.00, 3.77, 5.78, 9.42, 10.80, 10.22, 13.18, 12.26, 9.98, 10.36, 10.25, 12.18, 15.80, 17.23, 20.07, 20.00, 23.21, 24.63, 25.57, 23.01, 24.00, 22.94, 20.92, 20.20, 17.09, 17.27, 15.39, 16.41, 18.92, 19.62, 19.48, 18.61, 20.15, 18.13, 19.51, 19.05, 19.40, 20.11, 20.67, 18.05, 17.05, 13.68, 13.26, 10.54, 12.08, 15.53, 15.63, 16.42, 15.52, 17.21, 16.43, 16.62, 13.99, 14.65, 14.95, 15.66, 15.39, 11.78, 11.23, 7.56, 6.43, 5.11, 5.97, 8.59, 11.59, 13.54, 12.01, 10.83, 14.60, 15.58, 14.35, 15.70, 13.21, 14.78, 14.47, 17.58, 19.76
 12.64, 12.47, 10.08, 11.60, 10.59, 13.53, 11.47, 8.25, 5.68, 6.25, 7.24, 10.20, 10.59, 14.15, 15.19, 18.92, 19.62, 18.11, 15.28, 12.87, 9.98, 6.55, 3.77, 0.00, 3.73, 6.55, 9.00, 8.72, 11.25, 10.94, 9.46, 11.14, 12.00, 14.67, 18.13, 19.35, 21.78, 21.11, 23.93, 24.95, 25.87, 23.39, 24.18, 23.38, 21.06, 20.54, 17.28, 17.50, 15.81, 17.25, 20.21, 20.58, 20.34, 19.91, 21.23, 19.16, 20.35, 19.22, 19.40, 19.44, 19.68, 17.57, 16.44, 13.26, 12.73, 9.65, 11.33, 14.60, 13.99, 14.96, 13.71, 15.64, 14.97, 15.69, 13.83, 15.10, 16.28, 17.51, 17.70, 14.17, 14.32, 10.81, 9.11, 6.38, 5.07, 6.56, 8.68, 11.10, 9.58, 7.58, 11.22, 12.67, 11.47, 12.30, 9.62, 11.10, 11.06, 14.38, 16.91
 15.65, 14.90, 12.44, 13.22, 11.36, 14.42, 12.70, 9.41, 8.06, 9.12, 10.80, 13.59, 13.63, 16.96, 17.36, 20.92, 22.15, 20.56, 18.09, 15.36, 12.60, 8.86, 5.78, 3.73, 0.00, 3.78, 5.32, 5.46, 8.57, 9.16, 8.77, 10.38, 12.21, 14.78, 18.27, 20.05, 22.54, 21.95, 24.69, 25.27, 25.66, 22.82, 23.03, 21.84, 19.10, 18.14, 14.60, 14.39, 12.57, 14.14, 17.34, 17.58, 17.55, 17.67, 19.28, 17.71, 19.38, 18.30, 19.13, 19.33, 20.13, 18.43, 18.01, 15.32, 15.51, 12.81, 14.87, 17.93, 16.86, 17.39, 15.45, 16.72, 15.26, 15.38, 13.66, 14.30, 15.88, 16.72, 16.69, 13.17, 13.79, 10.87, 9.72, 6.29, 5.79, 5.28, 7.33, 10.38, 10.21, 8.43, 11.55, 13.75, 13.42, 13.65, 10.92, 11.52, 10.89, 14.48, 16.70
 16.22, 15.02, 13.16, 13.88, 12.18, 15.64, 14.77, 12.03, 10.56, 12.37, 13.76, 16.63, 16.41, 19.57, 19.89, 23.40, 24.78, 23.58, 21.20, 18.75, 16.14, 12.43, 9.42, 6.55, 3.78, 0.00, 3.79, 5.20, 7.35, 9.33, 10.30, 12.61, 15.09, 17.90, 21.20, 22.94, 25.15, 24.18, 26.57, 26.69, 26.88, 24.06, 23.87, 22.80, 19.73, 18.79, 15.21, 14.79, 13.21, 15.00, 18.51, 18.45, 18.49, 19.20, 20.69, 19.35, 20.97, 19.41, 20.30, 19.99, 20.68, 19.63, 19.34, 17.06, 17.32, 14.64, 16.67, 19.41, 17.77, 18.31, 15.99, 17.15, 15.59, 15.94, 15.07, 15.93, 18.15, 19.18, 19.37, 16.06, 17.08, 14.44, 13.21, 9.54, 8.21, 5.97, 5.90, 9.62, 10.27, 7.97, 10.04, 13.05, 13.17, 12.45, 9.71, 9.38, 8.61, 12.34, 14.60
 19.78, 18.41, 16.17, 16.27, 13.85, 16.89, 15.92, 13.07, 12.61, 14.16, 16.11, 18.86, 18.62, 21.71, 21.57, 24.89, 26.60, 25.09, 22.96, 20.11, 17.55, 13.78, 10.80, 9.00, 5.32, 3.79, 0.00, 3.84, 6.71, 9.24, 10.77, 12.28, 15.09, 17.43, 20.69, 22.95, 25.34, 24.73, 27.19, 27.12, 26.83, 23.67, 23.00, 21.40, 18.06, 16.50, 12.73, 11.63, 9.78, 11.51, 15.10, 15.04, 15.42, 16.65, 18.54, 17.84, 20.02, 18.88, 20.45, 20.64, 21.96, 20.99, 21.29, 19.24, 19.99, 17.58, 19.85, 22.66, 21.08, 21.26, 18.69, 19.28, 17.11, 16.65, 15.53, 15.50, 17.63, 18.03, 17.80, 14.65, 15.86, 13.94, 13.41, 9.94, 9.85, 7.38, 7.92, 11.26, 12.74, 11.21, 13.12, 16.10, 16.64, 16.04, 13.46, 12.87, 11.61, 15.09, 16.75
 20.32, 19.66, 17.60, 18.34, 16.26, 19.30, 17.73, 14.40, 13.49, 14.10, 15.45, 17.56, 16.65, 19.33, 18.68, 21.80, 23.84, 22.49, 20.78, 18.06, 16.07, 12.36, 10.22, 8.72, 5.46, 5.20, 3.84, 0.00, 3.82, 5.51, 7.19, 8.84, 12.02, 14.66, 17.64, 19.74, 21.89, 21.13, 23.48, 23.31, 22.98, 19.85, 19.29, 17.87, 14.69, 13.59, 10.03, 10.00, 9.17, 11.85, 14.95, 14.18, 13.65, 14.26, 15.59, 14.46, 16.35, 15.07, 16.62, 16.91, 18.45, 17.48, 18.15, 16.43, 17.75, 15.93, 18.75, 21.24, 19.49, 19.07, 16.24, 16.32, 13.80, 12.98, 11.79, 11.74, 14.12, 14.89, 15.25, 12.41, 14.34, 12.47, 11.25, 7.69, 7.50, 4.64, 6.06, 8.54, 10.34, 9.91, 11.99, 14.40, 15.47, 15.57, 13.65, 14.01, 13.72, 17.47, 19.66
 21.77, 21.38, 19.88, 21.04, 19.34, 22.61, 21.18, 17.89, 16.52, 17.02, 17.74, 19.45, 17.90, 20.07, 19.01, 21.83, 24.22, 23.39, 22.09, 19.79, 18.35, 14.79, 13.18, 11.25, 8.57, 7.35, 6.71, 3.82, 0.00, 3.82, 7.18, 9.58, 13.18, 16.17, 18.60, 20.34, 21.91, 20.63, 22.44, 21.72, 21.20, 18.22, 17.39, 16.41, 13.17, 12.76, 9.78, 10.60, 11.03, 14.28, 17.08, 15.54, 14.34, 14.96, 15.49, 14.18, 15.52, 13.52, 14.95, 14.70, 16.26, 16.03, 17.12, 16.15, 17.93, 16.67, 19.80, 21.73, 19.42, 18.49, 15.19, 14.62, 11.75, 10.87, 10.76, 11.12, 14.27, 15.63, 16.72, 14.51, 17.05, 15.33, 13.54, 10.07, 8.96, 5.37, 5.00, 6.33, 9.32, 9.73, 10.76, 13.07, 15.02, 15.04, 13.93, 14.45, 14.87, 18.62, 21.12
 21.67, 21.89, 20.38, 21.94, 20.46, 23.57, 21.62, 18.06, 16.48, 16.14, 16.33, 17.37, 15.33, 17.08, 15.61, 18.22, 20.81, 20.04, 19.12, 16.99, 16.14, 12.91, 12.26, 10.94, 9.16, 9.33, 9.24, 5.51, 3.82, 0.00, 3.80, 6.44, 10.00, 13.23, 15.36, 16.78, 18.17, 16.82, 18.67, 18.14, 17.84, 14.93, 14.63, 13.98, 11.26, 11.60, 9.16, 11.11, 11.98, 15.36, 17.67, 15.96, 14.11, 13.73, 13.66, 11.58, 12.39, 10.27, 11.42, 11.45, 13.18, 12.56, 13.89, 13.08, 15.34, 14.68, 18.15, 19.85, 17.67, 16.25, 12.98, 12.01, 8.91, 7.56, 6.96, 7.59, 10.84, 12.75, 14.44, 12.53, 15.37, 13.61, 11.24, 8.22, 7.11, 4.55, 5.81, 5.31, 7.74, 9.42, 11.00, 12.26, 14.27, 15.23, 14.56, 15.98, 16.89, 20.72, 23.50
 20.26, 20.92, 19.24, 21.02, 19.73, 22.58, 20.17, 16.48, 14.78, 13.68, 13.52, 14.07, 11.90, 13.59, 12.11, 14.89, 17.33, 16.33, 15.39, 13.24, 12.66, 9.76, 9.98, 9.46, 8.77, 10.30, 10.77, 7.19, 7.18, 3.80, 0.00, 3.77, 6.64, 10.21, 12.49, 13.64, 15.27, 14.11, 16.46, 16.64, 16.90, 14.18, 14.75, 14.26, 12.26, 12.81, 10.61, 12.72, 13.19, 16.19, 18.23, 16.93, 15.04, 13.82, 13.71, 10.98, 11.47, 9.82, 10.36, 10.90, 12.38, 10.70, 11.63, 10.26, 12.53, 12.05, 15.61, 17.39, 15.71, 14.29, 11.53, 10.91, 8.35, 7.18, 4.95, 6.06, 8.53, 10.79, 12.63, 10.56, 13.12, 10.99, 8.03, 5.56, 4.65, 4.55, 7.41, 6.72, 7.22, 9.21, 11.72, 12.17, 13.51, 15.27, 14.56, 16.61, 17.64, 21.44, 24.31
 22.60, 23.26, 21.14, 22.57, 20.92, 23.32, 20.53, 16.73, 15.72, 14.03, 14.29, 14.48, 12.55, 14.05, 12.15, 14.54, 17.12, 15.51, 14.92, 12.30, 12.01, 9.56, 10.36, 11.14, 10.38, 12.61, 12.28, 8.84, 9.58, 6.44, 3.77, 0.00, 3.79, 6.79, 9.13, 10.95, 13.12, 12.82, 15.64, 16.14, 16.13, 13.10, 13.72, 12.62, 10.98, 11.15, 9.25, 11.47, 12.00, 14.76, 16.16, 14.92, 12.89, 10.99, 11.00, 8.23, 9.28, 8.91, 10.17, 11.96, 14.06, 11.93, 13.26, 11.89, 14.30, 14.05, 17.46, 19.42, 18.27, 16.80, 14.44, 13.62, 11.05, 9.00, 5.62, 4.44, 5.56, 7.17, 8.90, 7.12, 10.05, 8.65, 6.17, 5.29, 6.77, 7.62, 10.88, 10.43, 10.84, 12.70, 15.44, 15.77, 16.85, 18.80, 17.84, 19.81, 20.44, 24.21, 26.83
 22.65, 23.68, 21.45, 22.96, 21.51, 23.51, 20.33, 16.61, 15.69, 13.20, 13.13, 12.54, 10.69, 11.84, 9.90, 12.11, 14.43, 12.32, 11.93, 9.20, 9.59, 8.21, 10.25, 12.00, 12.21, 15.09, 15.09, 12.02, 13.18, 10.00, 6.64, 3.79, 0.00, 3.79, 6.38, 7.92, 10.64, 10.99, 14.37, 15.72, 16.25, 13.61, 15.04, 14.16, 13.37, 13.69, 12.26, 14.36, 14.56, 16.76, 17.75, 16.95, 15.04, 12.48, 12.43, 9.43, 9.97, 10.40, 10.98, 13.17, 14.93, 12.03, 12.91, 11.17, 13.35, 13.44, 16.58, 18.52, 18.04, 16.63, 15.01, 14.49, 12.63, 10.92, 7.11, 6.22, 4.93, 6.42, 8.07, 6.56, 8.69, 7.22, 4.45, 6.02, 8.03, 10.26, 13.73, 13.19, 12.65, 14.48, 17.57, 17.35, 17.87, 20.31, 19.37, 21.69, 22.36, 26.00, 28.62
 25.32, 26.28, 23.74, 24.91, 23.20, 24.70, 21.29, 17.70, 17.47, 14.68, 15.02, 14.21, 12.92, 13.83, 11.88, 13.44, 15.55, 12.84, 12.82, 9.85, 10.50, 9.99, 12.18, 14.67, 14.78, 17.90, 17.43, 14.66, 16.17, 13.23, 10.21, 6.79, 3.79, 0.00, 3.79, 6.58, 10.07, 11.69, 15.30, 16.97, 17.27, 14.63, 16.03, 14.67, 14.35, 14.25, 13.24, 15.03, 15.11, 16.74, 17.00, 16.50, 14.74, 11.70, 11.90, 9.44, 10.42, 12.09, 13.08, 15.88, 17.91, 14.93, 15.95, 14.28, 16.29, 16.43, 19.22, 21.26, 21.22, 19.90, 18.58, 18.01, 16.18, 14.16, 10.34, 8.48, 5.61, 4.98, 5.59, 5.07, 6.64, 6.66, 5.76, 8.61, 11.39, 13.63, 17.21, 16.87, 16.42, 18.09, 21.28, 21.10, 21.46, 23.91, 22.77, 24.96, 25.32, 28.88, 31.26
 28.32, 29.55, 27.19, 28.53, 26.94, 28.44, 24.98, 21.42, 21.09, 18.15, 18.08, 16.69, 14.96, 14.94, 12.31, 12.79, 15.26, 12.82, 13.88, 11.66, 13.27, 13.31, 15.80, 18.13, 18.27, 21.20, 20.69, 17.64, 18.60, 15.36, 12.49, 9.13, 6.38, 3.79, 0.00, 3.78, 7.13, 9.53, 13.01, 14.82, 15.01, 12.71, 14.49, 13.42, 14.09, 14.58, 14.57, 16.87, 17.59, 19.38, 19.12, 18.18, 15.92, 12.37, 11.60, 8.96, 9.02, 11.37, 12.17, 15.45, 17.67, 14.77, 16.28, 15.35, 17.78, 18.64, 21.53, 23.08, 23.02, 21.23, 19.96, 18.86, 17.03, 14.68, 11.11, 8.99, 5.24, 4.62, 6.38, 7.88, 9.63, 10.34, 9.40, 12.07, 14.40, 16.47, 19.84, 18.89, 18.55, 20.74, 23.65, 23.08, 23.73, 26.42, 25.67, 28.06, 28.68, 32.29, 34.80
 28.30, 29.98, 27.97, 29.72, 28.56, 30.14, 26.65, 23.17, 22.36, 19.18, 18.36, 16.27, 14.08, 13.13, 10.14, 9.71, 12.28, 10.25, 12.18, 10.96, 13.53, 14.22, 17.23, 19.35, 20.05, 22.94, 22.95, 19.74, 20.34, 16.78, 13.64, 10.95, 7.92, 6.58, 3.78, 0.00, 3.76, 6.53, 10.13, 12.63, 13.60, 12.17, 14.82, 14.68, 15.91, 17.15, 17.37, 20.01, 20.89, 22.87, 22.81, 21.76, 19.30, 15.75, 14.44, 11.33, 10.11, 11.86, 11.50, 14.54, 16.24, 13.10, 14.40, 13.87, 16.35, 17.90, 20.71, 21.71, 21.78, 19.72, 18.87, 17.69, 16.43, 14.48, 11.25, 10.16, 6.79, 7.84, 10.14, 11.35, 12.85, 12.87, 11.18, 13.81, 15.40, 17.77, 20.91, 19.47, 18.64, 21.16, 23.91, 22.74, 23.34, 26.39, 26.08, 28.84, 29.88, 33.43, 36.20
 30.02, 31.98, 30.31, 32.36, 31.44, 33.21, 29.80, 26.31, 25.15, 22.02, 20.75, 18.35, 15.66, 13.91, 10.45, 8.81, 11.83, 10.86, 13.60, 13.30, 16.28, 17.00, 20.07, 21.78, 22.54, 25.15, 25.34, 21.89, 21.91, 18.17, 15.27, 13.12, 10.64, 10.07, 7.13, 3.76, 0.00, 3.75, 6.82, 9.63, 11.03, 10.54, 13.79, 14.54, 16.42, 18.39, 19.15, 22.20, 23.52, 25.82, 25.75, 24.32, 21.51, 17.93, 15.92, 12.63, 10.30, 11.61, 10.44, 13.31, 14.80, 11.96, 13.62, 14.03, 16.85, 19.08, 21.97, 22.35, 22.20, 19.67, 18.88, 17.20, 16.17, 14.29, 11.79, 11.23, 8.51, 10.31, 13.19, 14.67, 16.51, 16.40, 14.32, 16.50, 17.46, 19.59, 22.34, 20.32, 19.51, 22.45, 24.80, 23.20, 24.10, 27.31, 27.50, 30.47, 31.88, 35.45, 38.42
 28.69, 30.81, 29.53, 31.89, 31.24, 33.35, 30.14, 26.62, 24.97, 22.09, 20.42, 18.04, 14.83, 12.76, 9.01, 7.18, 10.79, 10.91, 13.58, 13.77, 16.71, 17.08, 20.00, 21.11, 21.95, 24.18, 24.73, 21.13, 20.63, 16.82, 14.11, 12.82, 10.99, 11.69, 9.53, 6.53, 3.75, 0.00, 3.80, 6.75, 8.98, 9.04, 12.66, 14.21, 15.96, 18.46, 19.16, 22.46, 23.98, 26.65, 27.00, 25.31, 22.33, 19.05, 16.78, 13.16, 10.24, 10.27, 8.01, 10.23, 11.29, 8.58, 10.49, 11.67, 14.84, 17.47, 20.56, 20.50, 19.91, 17.00, 16.07, 14.05, 13.25, 11.71, 9.95, 10.43, 8.91, 11.79, 15.13, 16.13, 18.32, 17.62, 14.90, 16.35, 16.50, 18.35, 20.65, 18.17, 17.31, 20.55, 22.49, 20.58, 21.76, 25.01, 25.63, 28.74, 30.52, 34.07, 37.25
 30.93, 33.19, 32.22, 34.77, 34.27, 36.56, 33.48, 29.95, 28.08, 25.36, 23.47, 21.06, 17.62, 15.20, 11.52, 9.15, 12.63, 13.67, 16.54, 17.19, 20.15, 20.41, 23.21, 23.93, 24.69, 26.57, 27.19, 23.48, 22.44, 18.67, 16.46, 15.64, 14.37, 15.30, 13.01, 10.13, 6.82, 3.80, 0.00, 3.78, 6.93, 8.54, 12.36, 14.77, 16.97, 19.99, 21.13, 24.67, 26.56, 29.47, 29.80, 27.79, 24.57, 21.40, 18.67, 15.16, 11.69, 11.14, 8.27, 9.76, 10.45, 8.78, 11.10, 13.34, 16.63, 19.65, 22.75, 22.15, 21.23, 17.94, 16.95, 14.39, 13.80, 12.42, 11.78, 12.58, 11.78, 14.74, 18.28, 19.48, 21.92, 21.24, 18.39, 19.45, 19.17, 20.62, 22.43, 19.49, 18.83, 22.35, 23.76, 21.55, 23.11, 26.34, 27.43, 30.59, 32.66, 36.19, 39.52
 32.36, 34.44, 33.57, 36.10, 35.48, 38.02, 35.12, 31.49, 29.58, 27.19, 25.47, 23.44, 19.88, 17.80, 14.13, 12.31, 15.90, 17.03, 19.58, 19.93, 22.54, 22.24, 24.63, 24.95, 25.27, 26.69, 27.12, 23.31, 21.72, 18.14, 16.64, 16.14, 15.72, 16.97, 14.82, 12.63, 9.63, 6.75, 3.78, 0.00, 3.74, 6.33, 9.88, 12.94, 15.29, 18.72, 20.26, 23.97, 26.29, 29.46, 29.81, 27.40, 23.97, 21.07, 17.98, 14.68, 10.93, 9.74, 6.85, 7.95, 9.18, 8.90, 12.05, 14.82, 18.39, 21.28, 24.63, 23.99, 22.52, 19.03, 17.43, 14.27, 13.14, 11.39, 11.70, 12.40, 12.46, 15.47, 19.20, 20.51, 23.41, 22.85, 19.97, 20.48, 19.98, 20.75, 22.12, 18.91, 18.89, 22.60, 23.53, 21.49, 23.61, 26.54, 27.82, 30.78, 32.93, 36.52, 39.87
 34.33, 36.09, 35.02, 37.32, 36.36, 38.95, 36.09, 32.36, 30.72, 28.51, 27.21, 25.55, 22.11, 20.48, 16.76, 15.36, 19.07, 19.74, 22.09, 21.91, 24.19, 23.50, 25.57, 25.87, 25.66, 26.88, 26.83, 22.98, 21.20, 17.84, 16.90, 16.13, 16.25, 17.27, 15.01, 13.60, 11.03, 8.98, 6.93, 3.74, 0.00, 3.75, 6.73, 10.03, 12.81, 16.39, 18.50, 22.26, 24.96, 28.20, 28.28, 25.56, 21.96, 19.20, 15.78, 12.94, 9.15, 8.24, 6.63, 8.41, 10.79, 11.08, 14.67, 17.23, 20.95, 23.47, 27.01, 26.71, 25.04, 21.61, 19.52, 16.16, 14.25, 11.72, 12.12, 11.90, 12.18, 14.71, 18.40, 20.11, 23.34, 23.22, 20.67, 20.99, 20.81, 21.09, 22.42, 19.30, 19.98, 23.67, 24.51, 22.94, 25.37, 27.99, 29.08, 31.74, 33.67, 37.36, 40.58
 32.82, 34.26, 32.92, 34.96, 33.72, 36.28, 33.45, 29.68, 28.29, 26.22, 25.35, 24.07, 20.85, 19.82, 16.17, 15.52, 19.30, 19.37, 21.26, 20.45, 22.31, 21.24, 23.01, 23.39, 22.82, 24.06, 23.67, 19.85, 18.22, 14.93, 14.18, 13.10, 13.61, 14.63, 12.71, 12.17, 10.54, 9.04, 8.54, 6.33, 3.75, 0.00, 3.82, 6.62, 9.21, 12.70, 14.78, 18.54, 21.27, 24.49, 24.56, 21.82, 18.22, 15.52, 12.14, 9.28, 5.56, 4.81, 4.73, 7.67, 10.95, 10.88, 14.57, 16.52, 20.27, 22.29, 25.95, 26.16, 24.46, 21.29, 18.86, 15.68, 13.10, 9.92, 9.77, 8.72, 9.22, 11.55, 15.19, 16.87, 20.30, 20.35, 18.02, 18.20, 18.36, 18.44, 19.97, 17.18, 18.24, 21.74, 22.83, 21.76, 24.18, 26.59, 27.27, 29.70, 31.31, 35.08, 38.13
 34.31, 35.40, 33.96, 35.75, 34.22, 36.87, 34.22, 30.42, 29.25, 27.54, 27.08, 26.27, 23.22, 22.66, 19.17, 18.95, 22.72, 22.57, 24.12, 22.90, 24.28, 22.74, 24.00, 24.18, 23.03, 23.87, 23.00, 19.29, 17.39, 14.63, 14.75, 13.72, 15.04, 16.03, 14.49, 14.82, 13.79, 12.66, 12.36, 9.88, 6.73, 3.82, 0.00, 3.79, 6.53, 10.23, 12.90, 16.61, 19.76, 23.09, 23.02, 19.91, 16.20, 14.00, 10.42, 8.49, 5.73, 5.05, 6.95, 9.36, 12.98, 13.50, 17.25, 19.02, 22.74, 24.35, 28.11, 28.57, 26.63, 23.58, 20.75, 17.52, 14.42, 10.90, 11.11, 9.38, 10.54, 12.15, 15.42, 17.18, 20.87, 21.23, 19.24, 18.98, 19.28, 18.69, 19.95, 17.39, 19.18, 22.50, 23.36, 22.82, 25.52, 27.50, 28.01, 30.04, 31.42, 35.22, 38.10
 34.42, 35.18, 33.39, 34.81, 32.94, 35.41, 32.76, 28.97, 28.24, 26.63, 26.69, 26.21, 23.53, 23.47, 20.16, 20.36, 24.02, 23.28, 24.51, 22.74, 23.72, 21.98, 22.94, 23.38, 21.84, 22.80, 21.40, 17.87, 16.41, 13.98, 14.26, 12.62, 14.16, 14.67, 13.42, 14.68, 14.54, 14.21, 14.77, 12.94, 10.03, 6.62, 3.79, 0.00, 3.80, 6.92, 10.04, 13.58, 16.83, 19.97, 19.59, 16.42, 12.67, 10.49, 6.83, 5.80, 4.70, 5.74, 9.02, 11.84, 15.59, 15.60, 19.12, 20.25, 23.81, 24.94, 28.66, 29.61, 27.83, 25.11, 22.21, 19.34, 15.98, 12.25, 11.63, 8.82, 9.65, 10.16, 12.89, 14.87, 18.61, 19.46, 18.04, 17.84, 18.77, 18.07, 19.67, 17.73, 19.75, 22.68, 23.89, 23.86, 26.36, 28.15, 28.16, 29.90, 30.83, 34.66, 37.28
 32.46, 32.88, 31.04, 32.26, 30.24, 32.82, 30.40, 26.66, 26.01, 24.82, 25.20, 25.25, 22.80, 23.32, 20.37, 21.25, 24.76, 23.86, 24.51, 22.40, 22.79, 20.53, 20.92, 21.06, 19.10, 19.73, 18.06, 14.69, 13.17, 11.26, 12.26, 10.98, 13.37, 14.35, 14.09, 15.91, 16.42, 15.96, 16.97, 15.29, 12.81, 9.21, 6.53, 3.80, 0.00, 3.84, 6.63, 10.22, 13.59, 16.95, 16.98, 13.71, 10.06, 8.71, 5.87, 5.39, 6.17, 6.21, 9.91, 12.17, 15.84, 15.90, 19.15, 19.84, 23.19, 23.79, 27.50, 28.75, 26.82, 24.41, 21.25, 18.68, 15.05, 11.41, 10.81, 7.93, 9.74, 10.11, 12.35, 13.55, 17.37, 18.00, 16.71, 15.87, 16.76, 15.51, 16.92, 15.43, 17.88, 20.45, 21.61, 22.11, 24.62, 26.02, 25.76, 27.15, 27.85, 31.66, 34.13
 32.59, 32.62, 30.45, 31.24, 28.84, 31.22, 28.90, 25.26, 25.10, 24.15, 25.12, 25.59, 23.63, 24.66, 22.03, 23.31, 26.60, 25.22, 25.47, 22.89, 22.75, 20.27, 20.20, 20.54, 18.14, 18.79, 16.50, 13.59, 12.76, 11.60, 12.81, 11.15, 13.69, 14.25, 14.58, 17.15, 18.39, 18.46, 19.99, 18.72, 16.39, 12.70, 10.23, 6.92, 3.84, 0.00, 3.87, 6.87, 10.39, 13.54, 13.33, 9.93, 6.30, 5.75, 4.30, 5.88, 8.53, 9.35, 13.10, 15.39, 18.93, 18.63, 21.54, 21.63, 24.67, 24.74, 28.30, 30.01, 28.25, 26.23, 23.11, 20.99, 17.35, 13.90, 12.73, 9.49, 10.85, 10.07, 11.13, 12.12, 15.76, 16.82, 16.26, 15.36, 16.85, 15.46, 17.11, 16.45, 19.00, 20.99, 22.44, 23.47, 25.70, 26.81, 26.03, 27.03, 27.20, 30.95, 33.08
 29.52, 29.30, 27.02, 27.62, 25.13, 27.54, 25.36, 21.79, 21.72, 21.10, 22.37, 23.30, 21.68, 23.25, 21.09, 22.95, 25.95, 24.39, 24.07, 21.23, 20.52, 17.68, 17.09, 17.28, 14.60, 15.21, 12.73, 10.03, 9.78, 9.16, 10.61, 9.25, 12.26, 13.24, 14.57, 17.37, 19.15, 19.16, 21.13, 20.26, 18.50, 14.78, 12.90, 10.04, 6.63, 3.87, 0.00, 3.79, 6.98, 10.48, 11.14, 8.19, 5.35, 5.81, 6.50, 7.26, 10.29, 10.58, 13.97, 15.88, 19.05, 18.46, 20.84, 20.35, 23.01, 22.54, 25.94, 27.97, 26.27, 24.68, 21.59, 20.00, 16.47, 13.46, 11.99, 9.13, 10.84, 10.12, 10.60, 10.34, 13.77, 14.38, 13.96, 12.54, 14.11, 12.50, 14.26, 14.32, 16.83, 18.29, 19.96, 21.41, 23.34, 24.20, 23.04, 23.80, 23.69, 27.41, 29.41
 29.92, 29.23, 26.70, 26.79, 23.94, 26.14, 24.23, 20.89, 21.36, 21.18, 23.03, 24.46, 23.36, 25.39, 23.62, 25.78, 28.52, 26.68, 25.95, 22.80, 21.53, 18.50, 17.27, 17.50, 14.39, 14.79, 11.63, 10.00, 10.60, 11.11, 12.72, 11.47, 14.36, 15.03, 16.87, 20.01, 22.20, 22.46, 24.67, 23.97, 22.26, 18.54, 16.61, 13.58, 10.22, 6.87, 3.79, 0.00, 3.78, 7.12, 8.05, 5.28, 4.16, 6.69, 8.96, 10.48, 13.85, 14.32, 17.63, 19.42, 22.41, 21.70, 23.76, 22.85, 25.12, 24.14, 27.27, 29.67, 28.11, 26.93, 23.91, 22.75, 19.34, 16.67, 15.08, 12.42, 13.80, 12.51, 11.91, 11.08, 13.83, 14.66, 15.02, 13.43, 15.33, 13.55, 15.23, 16.16, 18.66, 19.43, 21.21, 23.15, 24.80, 25.26, 23.61, 23.84, 23.15, 26.69, 28.24
 28.20, 27.20, 24.40, 24.08, 20.98, 22.94, 21.13, 18.00, 18.93, 19.06, 21.40, 23.24, 22.71, 25.19, 23.92, 26.44, 28.80, 26.66, 25.46, 22.07, 20.24, 17.12, 15.39, 15.81, 12.57, 13.21, 9.78, 9.17, 11.03, 11.98, 13.19, 12.00, 14.56, 15.11, 17.59, 20.89, 23.52, 23.98, 26.56, 26.29, 24.96, 21.27, 19.76, 16.83, 13.59, 10.39, 6.98, 3.78, 0.00, 3.77, 6.10, 5.27, 6.39, 8.68, 11.71, 12.90, 16.35, 16.88, 19.88, 21.58, 24.25, 23.15, 24.71, 23.23, 25.01, 23.52, 26.31, 29.07, 27.80, 27.11, 24.35, 23.76, 20.66, 18.43, 16.48, 14.14, 15.19, 13.70, 12.34, 10.57, 12.43, 13.07, 14.07, 12.43, 14.67, 13.16, 15.08, 16.79, 18.87, 18.97, 21.10, 23.32, 24.45, 24.72, 22.59, 22.54, 21.34, 24.72, 25.95
 29.37, 28.08, 24.97, 24.10, 20.68, 22.11, 20.42, 17.68, 19.34, 19.62, 22.45, 24.52, 24.51, 27.21, 26.23, 28.83, 30.92, 28.46, 27.03, 23.44, 21.29, 18.37, 16.41, 17.25, 14.14, 15.00, 11.51, 11.85, 14.28, 15.36, 16.19, 14.76, 16.76, 16.74, 19.38, 22.87, 25.82, 26.65, 29.47, 29.46, 28.20, 24.49, 23.09, 19.97, 16.95, 13.54, 10.48, 7.12, 3.77, 0.00, 3.79, 5.48, 8.31, 10.65, 14.19, 15.71, 19.33, 20.24, 23.22, 25.08, 27.69, 26.35, 27.68, 25.88, 27.36, 25.58, 28.03, 31.07, 30.12, 29.75, 27.24, 26.95, 24.02, 21.91, 19.69, 17.30, 17.82, 15.83, 13.66, 11.80, 12.61, 13.68, 15.53, 14.34, 16.96, 15.85, 17.91, 19.99, 21.77, 21.46, 23.81, 26.16, 26.90, 27.07, 24.57, 24.25, 22.55, 25.64, 26.39
 32.51, 31.40, 28.20, 27.34, 23.90, 25.03, 23.10, 20.36, 22.20, 22.04, 24.81, 26.51, 26.42, 28.84, 27.55, 29.81, 32.02, 29.40, 28.32, 24.69, 22.90, 20.36, 18.92, 20.21, 17.34, 18.51, 15.10, 14.95, 17.08, 17.67, 18.23, 16.16, 17.75, 17.00, 19.12, 22.81, 25.75, 27.00, 29.80, 29.81, 28.28, 24.56, 23.02, 19.59, 16.98, 13.33, 11.14, 8.05, 6.10, 3.79, 0.00, 3.77, 7.21, 9.45, 13.20, 15.40, 19.19, 20.74, 23.98, 26.27, 29.17, 27.76, 29.38, 27.76, 29.48, 28.01, 30.55, 33.52, 32.70, 32.09, 29.61, 29.04, 25.99, 23.49, 21.08, 18.17, 18.13, 15.51, 12.90, 11.98, 12.75, 14.78, 16.98, 16.48, 19.46, 18.66, 20.95, 22.64, 24.42, 24.49, 26.92, 29.02, 29.87, 30.31, 27.94, 27.83, 26.25, 29.37, 30.13
 33.12, 32.23, 29.29, 28.85, 25.62, 27.19, 25.20, 22.15, 23.44, 23.14, 25.50, 26.95, 26.32, 28.44, 26.75, 28.79, 31.35, 29.03, 28.30, 24.87, 23.47, 20.81, 19.62, 20.58, 17.58, 18.45, 15.04, 14.18, 15.54, 15.96, 16.93, 14.92, 16.95, 16.50, 18.18, 21.76, 24.32, 25.31, 27.79, 27.40, 25.56, 21.82, 19.91, 16.42, 13.71, 9.93, 8.19, 5.28, 5.27, 5.48, 3.77, 0.00, 3.76, 6.89, 10.32, 12.89, 16.65, 18.09, 21.55, 23.84, 26.95, 25.89, 27.90, 26.73, 28.85, 27.74, 30.62, 33.30, 32.15, 31.16, 28.40, 27.39, 24.09, 21.31, 19.23, 16.13, 16.46, 14.04, 12.13, 11.82, 13.66, 15.58, 17.08, 16.35, 19.00, 17.83, 19.90, 21.10, 23.27, 23.80, 25.92, 27.89, 29.19, 29.70, 27.71, 27.78, 26.60, 29.94, 31.04
 32.94, 32.44, 29.72, 29.75, 26.81, 28.67, 26.45, 23.10, 23.88, 23.22, 25.08, 26.11, 25.00, 26.72, 24.64, 26.38, 29.22, 27.15, 26.82, 23.62, 22.73, 20.17, 19.48, 20.34, 17.55, 18.49, 15.42, 13.65, 14.34, 14.11, 15.04, 12.89, 15.04, 14.74, 15.92, 19.30, 21.51, 22.33, 24.57, 23.97, 21.96, 18.22, 16.20, 12.67, 10.06, 6.30, 5.35, 4.16, 6.39, 8.31, 7.21, 3.76, 0.00, 3.84, 6.74, 9.49, 13.17, 14.68, 18.26, 20.69, 23.98, 23.08, 25.42, 24.65, 27.13, 26.46, 29.63, 31.98, 30.66, 29.28, 26.42, 25.02, 21.58, 18.51, 16.57, 13.24, 13.68, 11.47, 10.35, 10.74, 13.45, 15.27, 16.11, 15.45, 17.89, 16.72, 18.81, 19.36, 21.64, 22.74, 24.72, 26.33, 27.94, 28.74, 27.16, 27.64, 26.96, 30.51, 32.03
 32.41, 32.32, 29.62, 29.97, 27.26, 29.05, 26.43, 22.91, 23.49, 22.24, 23.75, 24.27, 22.95, 24.30, 21.98, 23.39, 26.28, 24.16, 24.18, 21.12, 20.72, 18.60, 18.61, 19.91, 17.67, 19.20, 16.65, 14.26, 14.96, 13.73, 13.82, 10.99, 12.48, 11.70, 12.37, 15.75, 17.93, 19.05, 21.40, 21.07, 19.20, 15.52, 14.00, 10.49, 8.71, 5.75, 5.81, 6.69, 8.68, 10.65, 9.45, 6.89, 3.84, 0.00, 3.82, 6.40, 10.18, 12.36, 15.85, 18.73, 22.08, 20.84, 23.25, 22.58, 25.21, 24.93, 28.16, 30.35, 29.24, 27.65, 25.00, 23.48, 20.18, 16.94, 14.56, 10.90, 10.55, 7.94, 7.02, 8.39, 11.48, 13.55, 14.17, 14.25, 16.88, 16.40, 18.94, 19.01, 20.85, 22.37, 24.60, 25.70, 27.23, 28.52, 27.16, 28.14, 27.80, 31.47, 33.28
 33.38, 33.64, 31.23, 31.98, 29.56, 31.58, 28.88, 25.21, 25.32, 23.82, 24.78, 24.85, 23.00, 23.80, 21.03, 21.96, 25.17, 23.44, 23.99, 21.35, 21.56, 19.65, 20.15, 21.23, 19.28, 20.69, 18.54, 15.59, 15.49, 13.66, 13.71, 11.00, 12.43, 11.90, 11.60, 14.44, 15.92, 16.78, 18.67, 17.98, 15.78, 12.14, 10.42, 6.83, 5.87, 4.30, 6.50, 8.96, 11.71, 14.19, 13.20, 10.32, 6.74, 3.82, 0.00, 3.81, 7.11, 9.59, 13.20, 16.27, 19.83, 18.88, 21.72, 21.65, 24.68, 24.95, 28.40, 30.17, 28.87, 26.84, 24.11, 22.09, 18.71, 15.18, 13.16, 9.38, 9.12, 7.20, 7.98, 10.12, 13.62, 15.36, 15.20, 15.33, 17.47, 17.00, 19.33, 18.64, 20.54, 22.64, 24.60, 25.27, 27.14, 28.68, 27.80, 29.11, 29.24, 33.02, 35.14
 30.82, 31.42, 29.22, 30.36, 28.29, 30.46, 27.63, 23.86, 23.50, 21.73, 22.20, 21.93, 19.77, 20.30, 17.38, 18.25, 21.53, 20.02, 20.71, 18.35, 18.92, 17.18, 18.13, 19.16, 17.71, 19.35, 17.84, 14.46, 14.18, 11.58, 10.98, 8.23, 9.43, 9.44, 8.96, 11.33, 12.63, 13.16, 15.16, 14.68, 12.94, 9.28, 8.49, 5.80, 5.39, 5.88, 7.26, 10.48, 12.90, 15.71, 15.40, 12.89, 9.49, 6.40, 3.81, 0.00, 3.82, 6.37, 9.72, 12.95, 16.40, 15.19, 18.01, 18.04, 21.18, 21.75, 25.27, 26.80, 25.52, 23.33, 20.73, 18.66, 15.45, 11.95, 9.67, 5.86, 5.53, 4.81, 7.28, 9.09, 12.82, 13.84, 12.88, 13.13, 14.93, 14.85, 17.32, 16.18, 17.69, 20.12, 22.14, 22.38, 24.21, 26.08, 25.47, 27.17, 27.69, 31.51, 33.94
 31.14, 32.15, 30.28, 31.84, 30.15, 32.47, 29.57, 25.77, 24.94, 22.93, 22.77, 21.97, 19.31, 19.16, 15.83, 16.09, 19.64, 18.67, 19.93, 18.19, 19.42, 18.05, 19.51, 20.35, 19.38, 20.97, 20.02, 16.35, 15.52, 12.39, 11.47, 9.28, 9.97, 10.42, 9.02, 10.11, 10.30, 10.24, 11.69, 10.93, 9.15, 5.56, 5.73, 4.70, 6.17, 8.53, 10.29, 13.85, 16.35, 19.33, 19.19, 16.65, 13.17, 10.18, 7.11, 3.82, 0.00, 3.81, 6.64, 10.22, 13.71, 12.66, 15.85, 16.56, 20.02, 21.23, 24.86, 25.87, 24.48, 21.87, 19.36, 16.86, 13.85, 10.29, 8.48, 5.43, 5.18, 6.44, 9.89, 11.71, 15.29, 15.83, 14.14, 14.51, 15.63, 15.78, 17.99, 16.10, 17.33, 20.29, 22.04, 21.68, 23.71, 25.90, 25.81, 27.90, 28.91, 32.74, 35.46
 29.38, 30.46, 28.97, 30.80, 29.39, 32.04, 29.38, 25.59, 24.27, 22.56, 22.06, 21.38, 18.41, 18.22, 14.96, 15.47, 19.10, 18.71, 19.77, 18.36, 19.49, 17.79, 19.05, 19.22, 18.30, 19.41, 18.88, 15.07, 13.52, 10.27, 9.82, 8.91, 10.40, 12.09, 11.37, 11.86, 11.61, 10.27, 11.14, 9.74, 8.24, 4.81, 5.05, 5.74, 6.21, 9.35, 10.58, 14.32, 16.88, 20.24, 20.74, 18.09, 14.68, 12.36, 9.59, 6.37, 3.81, 0.00, 3.79, 6.77, 10.41, 10.01, 13.44, 14.59, 18.19, 19.52, 23.27, 24.00, 22.16, 19.38, 16.56, 13.74, 10.53, 6.86, 6.17, 4.50, 6.53, 9.09, 12.57, 13.47, 17.09, 16.86, 14.52, 14.09, 14.28, 13.97, 15.60, 13.19, 14.62, 17.85, 19.14, 18.65, 21.03, 23.13, 23.41, 25.57, 26.92, 30.73, 33.65
 28.27, 29.77, 28.64, 30.87, 29.91, 32.63, 29.94, 26.22, 24.45, 22.55, 21.41, 20.27, 16.92, 16.11, 12.70, 12.79, 16.50, 16.75, 18.12, 17.40, 19.01, 17.72, 19.40, 19.40, 19.13, 20.30, 20.45, 16.62, 14.95, 11.42, 10.36, 10.17, 10.98, 13.08, 12.17, 11.50, 10.44, 8.01, 8.27, 6.85, 6.63, 4.73, 6.95, 9.02, 9.91, 13.10, 13.97, 17.63, 19.88, 23.22, 23.98, 21.55, 18.26, 15.85, 13.20, 9.72, 6.64, 3.79, 0.00, 3.79, 7.12, 6.65, 10.32, 12.15, 15.91, 17.84, 21.55, 21.75, 19.88, 16.76, 14.20, 11.11, 8.50, 5.46, 5.57, 6.18, 7.86, 11.24, 14.92, 15.54, 18.82, 18.05, 15.15, 14.83, 14.33, 14.47, 15.88, 12.92, 13.63, 17.21, 18.31, 17.10, 19.46, 21.93, 22.70, 25.27, 27.08, 30.79, 33.97
 27.12, 28.74, 28.07, 30.58, 29.96, 32.94, 30.53, 26.92, 24.71, 23.14, 21.66, 20.64, 17.11, 16.22, 13.18, 13.47, 16.95, 17.86, 18.98, 18.67, 20.14, 18.66, 20.11, 19.44, 19.33, 19.99, 20.64, 16.91, 14.70, 11.45, 10.90, 11.96, 13.17, 15.88, 15.45, 14.54, 13.31, 10.23, 9.76, 7.95, 8.41, 7.67, 9.36, 11.84, 12.17, 15.39, 15.88, 19.42, 21.58, 25.08, 26.27, 23.84, 20.69, 18.73, 16.27, 12.95, 10.22, 6.77, 3.79, 0.00, 3.76, 5.09, 8.74, 11.27, 14.95, 17.01, 20.70, 20.46, 18.10, 14.78, 11.96, 8.42, 5.98, 4.04, 6.48, 8.65, 11.05, 14.59, 18.14, 18.23, 21.41, 20.12, 16.88, 15.94, 14.52, 14.26, 14.85, 11.38, 12.04, 15.81, 16.23, 14.68, 17.40, 19.77, 21.07, 23.72, 25.93, 29.52, 32.88
 25.63, 27.59, 27.38, 30.23, 30.08, 33.13, 30.84, 27.42, 24.79, 23.27, 21.26, 20.03, 16.35, 15.09, 12.46, 12.69, 15.75, 17.36, 18.40, 18.74, 20.33, 19.11, 20.67, 19.68, 20.13, 20.68, 21.96, 18.45, 16.26, 13.18, 12.38, 14.06, 14.93, 17.91, 17.67, 16.24, 14.80, 11.29, 10.45, 9.18, 10.79, 10.95, 12.98, 15.59, 15.84, 18.93, 19.05, 22.41, 24.25, 27.69, 29.17, 26.95, 23.98, 22.08, 19.83, 16.40, 13.71, 10.41, 7.12, 3.76, 0.00, 3.80, 6.50, 9.76, 13.15, 15.61, 19.07, 18.22, 15.69, 12.14, 9.62, 5.89, 5.17, 5.84, 8.47, 11.53, 13.73, 17.45, 20.94, 20.65, 23.51, 21.73, 18.20, 17.16, 15.08, 15.10, 15.26, 11.60, 11.40, 15.17, 15.20, 12.91, 15.55, 18.14, 19.98, 22.92, 25.55, 28.93, 32.48
 23.77, 25.88, 25.38, 28.20, 28.03, 30.85, 28.30, 24.87, 22.33, 20.41, 18.29, 16.72, 13.00, 11.57, 8.72, 9.13, 12.27, 13.61, 14.68, 15.05, 16.88, 16.04, 18.05, 17.57, 18.43, 19.63, 20.99, 17.48, 16.03, 12.56, 10.70, 11.93, 12.03, 14.93, 14.77, 13.10, 11.96, 8.58, 8.78, 8.90, 11.08, 10.88, 13.50, 15.60, 15.90, 18.63, 18.46, 21.70, 23.15, 26.35, 27.76, 25.89, 23.08, 20.84, 18.88, 15.19, 12.66, 10.01, 6.65, 5.09, 3.80, 0.00, 3.83, 6.72, 10.39, 13.04, 16.52, 15.94, 13.98, 10.56, 8.58, 5.70, 5.42, 5.91, 6.71, 9.96, 11.45, 15.24, 18.61, 18.18, 20.71, 18.81, 15.22, 14.72, 12.93, 13.82, 14.81, 11.59, 10.56, 14.22, 15.17, 12.83, 14.72, 17.76, 19.16, 22.33, 24.76, 28.18, 31.67
 20.86, 23.31, 23.11, 26.20, 26.49, 29.24, 26.77, 23.60, 20.72, 18.78, 16.13, 14.33, 10.60, 8.91, 7.01, 8.05, 10.24, 12.04, 12.61, 13.60, 15.40, 14.91, 17.05, 16.44, 18.01, 19.34, 21.29, 18.15, 17.12, 13.89, 11.63, 13.26, 12.91, 15.95, 16.28, 14.40, 13.62, 10.49, 11.10, 12.05, 14.67, 14.57, 17.25, 19.12, 19.15, 21.54, 20.84, 23.76, 24.71, 27.68, 29.38, 27.90, 25.42, 23.25, 21.72, 18.01, 15.85, 13.44, 10.32, 8.74, 6.50, 3.83, 0.00, 3.84, 7.01, 10.11, 13.28, 12.29, 10.48, 7.02, 6.01, 4.65, 6.58, 8.58, 8.91, 12.46, 13.66, 17.33, 20.36, 19.40, 21.39, 18.95, 15.21, 14.72, 12.45, 13.92, 14.82, 11.98, 9.77, 12.99, 14.08, 11.20, 12.32, 15.74, 17.30, 20.78, 23.41, 26.58, 30.16
 17.70, 20.13, 19.68, 22.72, 23.06, 25.66, 23.12, 20.05, 17.13, 15.07, 12.31, 10.56, 6.87, 5.94, 5.16, 7.87, 9.26, 10.24, 9.77, 10.48, 11.87, 11.45, 13.68, 13.26, 15.32, 17.06, 19.24, 16.43, 16.15, 13.08, 10.26, 11.89, 11.17, 14.28, 15.35, 13.87, 14.03, 11.67, 13.34, 14.82, 17.23, 16.52, 19.02, 20.25, 19.84, 21.63, 20.35, 22.85, 23.23, 25.88, 27.76, 26.73, 24.65, 22.58, 21.65, 18.04, 16.56, 14.59, 12.15, 11.27, 9.76, 6.72, 3.84, 0.00, 3.78, 6.56, 9.89, 9.64, 8.39, 5.91, 5.55, 6.34, 7.95, 9.86, 9.04, 12.40, 13.27, 16.61, 19.12, 17.59, 19.06, 16.23, 12.51, 12.09, 9.79, 12.00, 13.42, 11.42, 8.46, 10.97, 12.92, 10.41, 10.54, 14.12, 15.05, 18.59, 20.95, 24.08, 27.55
 14.65, 17.46, 17.31, 20.59, 21.45, 23.90, 21.51, 18.86, 15.64, 13.68, 10.35, 8.49, 5.39, 4.98, 6.68, 9.64, 9.53, 10.49, 8.98, 10.21, 11.13, 11.15, 13.26, 12.73, 15.51, 17.32, 19.99, 17.75, 17.93, 15.34, 12.53, 14.30, 13.35, 16.29, 17.78, 16.35, 16.85, 14.84, 16.63, 18.39, 20.95, 20.27, 22.74, 23.81, 23.19, 24.67, 23.01, 25.12, 25.01, 27.36, 29.48, 28.85, 27.13, 25.21, 24.68, 21.18, 20.02, 18.19, 15.91, 14.95, 13.15, 10.39, 7.01, 3.78, 0.00, 3.81, 6.38, 5.93, 5.50, 4.56, 6.22, 8.73, 10.96, 13.28, 12.40, 15.61, 16.30, 19.33, 21.40, 19.42, 20.27, 17.04, 13.53, 13.13, 10.63, 13.21, 14.45, 13.17, 9.59, 10.92, 13.02, 10.46, 9.25, 12.95, 13.76, 17.45, 19.85, 22.60, 26.05
 11.31, 13.86, 13.52, 16.79, 17.73, 20.22, 18.02, 15.54, 12.12, 10.61, 7.32, 6.68, 4.93, 6.95, 9.23, 12.70, 12.44, 12.49, 9.95, 10.19, 9.74, 9.15, 10.54, 9.65, 12.81, 14.64, 17.58, 15.93, 16.67, 14.68, 12.05, 14.05, 13.44, 16.43, 18.64, 17.90, 19.08, 17.47, 19.65, 21.28, 23.47, 22.29, 24.35, 24.94, 23.79, 24.74, 22.54, 24.14, 23.52, 25.58, 28.01, 27.74, 26.46, 24.93, 24.95, 21.75, 21.23, 19.52, 17.84, 17.01, 15.61, 13.04, 10.11, 6.56, 3.81, 0.00, 3.80, 5.57, 5.44, 6.55, 7.56, 10.66, 12.31, 14.55, 13.40, 16.32, 17.16, 19.78, 21.31, 18.76, 19.24, 15.67, 12.47, 11.57, 8.89, 11.55, 12.81, 12.53, 8.83, 8.84, 11.50, 9.81, 7.66, 10.94, 10.92, 14.47, 16.57, 19.22, 22.55
 8.88, 12.01, 12.12, 15.58, 17.23, 19.36, 17.39, 15.62, 12.10, 10.84, 7.23, 6.70, 6.74, 8.62, 11.81, 15.01, 13.83, 13.88, 10.87, 11.59, 10.81, 10.94, 12.08, 11.33, 14.87, 16.67, 19.85, 18.75, 19.80, 18.15, 15.61, 17.46, 16.58, 19.22, 21.53, 20.71, 21.97, 20.56, 22.75, 24.63, 27.01, 25.95, 28.11, 28.66, 27.50, 28.30, 25.94, 27.27, 26.31, 28.03, 30.55, 30.62, 29.63, 28.16, 28.40, 25.27, 24.86, 23.27, 21.55, 20.70, 19.07, 16.52, 13.28, 9.89, 6.38, 3.80, 0.00, 3.82, 5.76, 8.45, 10.49, 13.93, 15.95, 18.33, 17.18, 19.99, 20.59, 22.98, 24.22, 21.50, 21.42, 17.74, 14.98, 14.34, 11.97, 14.62, 15.68, 15.85, 12.13, 11.31, 13.73, 12.15, 9.09, 11.89, 11.66, 15.02, 16.98, 19.02, 22.17
 10.99, 14.49, 15.32, 18.95, 20.81, 23.02, 21.18, 19.42, 15.88, 14.58, 10.89, 9.59, 8.61, 8.90, 11.91, 14.48, 13.06, 14.14, 11.86, 13.54, 13.67, 14.07, 15.53, 14.60, 17.93, 19.41, 22.66, 21.24, 21.73, 19.85, 17.39, 19.42, 18.52, 21.26, 23.08, 21.71, 22.35, 20.50, 22.15, 23.99, 26.71, 26.16, 28.57, 29.61, 28.75, 30.01, 27.97, 29.67, 29.07, 31.07, 33.52, 33.30, 31.98, 30.35, 30.17, 26.80, 25.87, 24.00, 21.75, 20.46, 18.22, 15.94, 12.29, 9.64, 5.93, 5.57, 3.82, 0.00, 3.76, 6.51, 9.64, 13.11, 15.86, 18.67, 18.06, 21.26, 21.97, 24.76, 26.43, 24.04, 24.29, 20.73, 17.67, 17.09, 14.43, 16.82, 17.47, 16.92, 13.10, 12.94, 14.57, 12.13, 9.32, 12.46, 13.32, 16.90, 19.41, 21.31, 24.65
 11.63, 14.75, 15.79, 19.47, 21.11, 23.80, 22.17, 20.11, 16.42, 15.56, 12.21, 11.49, 9.70, 10.05, 12.14, 14.77, 14.24, 15.59, 13.71, 14.96, 15.02, 14.57, 15.63, 13.99, 16.86, 17.77, 21.08, 19.49, 19.42, 17.67, 15.71, 18.27, 18.04, 21.22, 23.02, 21.78, 22.20, 19.91, 21.23, 22.52, 25.04, 24.46, 26.63, 27.83, 26.82, 28.25, 26.27, 28.11, 27.80, 30.12, 32.70, 32.15, 30.66, 29.24, 28.87, 25.52, 24.48, 22.16, 19.88, 18.10, 15.69, 13.98, 10.48, 8.39, 5.50, 5.44, 5.76, 3.76, 0.00, 3.75, 6.48, 10.16, 13.07, 16.24, 16.27, 19.76, 21.07, 24.12, 26.08, 23.74, 24.52, 21.02, 17.68, 16.45, 13.25, 14.96, 14.99, 14.08, 10.35, 10.46, 11.45, 8.62, 6.20, 9.60, 11.21, 14.94, 17.89, 20.02, 23.61
 15.12, 17.99, 18.69, 22.23, 23.42, 26.23, 24.32, 21.83, 18.31, 17.08, 13.86, 12.65, 9.85, 9.27, 10.25, 12.43, 12.62, 14.42, 13.38, 14.74, 15.48, 14.97, 16.42, 14.96, 17.39, 18.31, 21.26, 19.07, 18.49, 16.25, 14.29, 16.80, 16.63, 19.90, 21.23, 19.72, 19.67, 17.00, 17.94, 19.03, 21.61, 21.29, 23.58, 25.11, 24.41, 26.23, 24.68, 26.93, 27.11, 29.75, 32.09, 31.16, 29.28, 27.65, 26.84, 23.33, 21.87, 19.38, 16.76, 14.78, 12.14, 10.56, 7.02, 5.91, 4.56, 6.55, 8.45, 6.51, 3.75, 0.00, 3.79, 6.91, 10.19, 13.42, 13.83, 17.51, 18.93, 22.28, 24.67, 22.77, 24.03, 20.81, 17.20, 16.08, 12.91, 14.44, 14.54, 12.74, 9.26, 10.72, 11.46, 8.06, 7.33, 10.98, 12.98, 16.72, 19.77, 22.30, 25.98
 16.29, 18.56, 18.95, 22.25, 22.95, 26.05, 24.19, 21.37, 18.01, 17.05, 14.42, 13.78, 10.75, 10.72, 10.69, 13.04, 14.23, 15.63, 14.75, 15.31, 15.79, 14.48, 15.52, 13.71, 15.45, 15.99, 18.69, 16.24, 15.19, 12.98, 11.53, 14.44, 15.01, 18.58, 19.96, 18.87, 18.88, 16.07, 16.95, 17.43, 19.52, 18.86, 20.75, 22.21, 21.25, 23.11, 21.59, 23.91, 24.35, 27.24, 29.61, 28.40, 26.42, 25.00, 24.11, 20.73, 19.36, 16.56, 14.20, 11.96, 9.62, 8.58, 6.01, 5.55, 6.22, 7.56, 10.49, 9.64, 6.48, 3.79, 0.00, 3.81, 6.72, 10.16, 11.09, 14.87, 16.88, 20.29, 22.81, 20.97, 22.70, 19.66, 16.00, 14.32, 10.94, 11.72, 11.48, 9.20, 6.09, 8.42, 8.85, 5.52, 6.49, 9.84, 11.84, 15.37, 18.39, 21.30, 25.00
 19.94, 21.99, 22.13, 25.22, 25.52, 28.67, 26.66, 23.55, 20.48, 19.34, 17.02, 16.19, 12.78, 12.23, 10.97, 12.61, 14.68, 16.21, 16.10, 16.52, 17.43, 16.01, 17.21, 15.64, 16.72, 17.15, 19.28, 16.32, 14.62, 12.01, 10.91, 13.62, 14.49, 18.01, 18.86, 17.69, 17.20, 14.05, 14.39, 14.27, 16.16, 15.68, 17.52, 19.34, 18.68, 20.99, 20.00, 22.75, 23.76, 26.95, 29.04, 27.39, 25.02, 23.48, 22.09, 18.66, 16.86, 13.74, 11.11, 8.42, 5.89, 5.70, 4.65, 6.34, 8.73, 10.66, 13.93, 13.11, 10.16, 6.91, 3.81, 0.00, 3.76, 7.28, 9.11, 12.94, 15.24, 18.87, 21.80, 20.49, 22.76, 20.18, 16.47, 14.88, 11.88, 12.15, 11.93, 8.71, 6.94, 10.33, 10.38, 7.50, 9.75, 12.58, 14.59, 17.81, 20.71, 23.86, 27.52
 21.54, 23.10, 22.75, 25.47, 25.22, 28.41, 26.34, 22.97, 20.29, 19.23, 17.55, 17.10, 13.78, 13.72, 11.84, 13.56, 16.23, 17.13, 17.10, 16.77, 17.45, 15.52, 16.43, 14.97, 15.26, 15.59, 17.11, 13.80, 11.75, 8.91, 8.35, 11.05, 12.63, 16.18, 17.03, 16.43, 16.17, 13.25, 13.80, 13.14, 14.25, 13.10, 14.42, 15.98, 15.05, 17.35, 16.47, 19.34, 20.66, 24.02, 25.99, 24.09, 21.58, 20.18, 18.71, 15.45, 13.85, 10.53, 8.50, 5.98, 5.17, 5.42, 6.58, 7.95, 10.96, 12.31, 15.95, 15.86, 13.07, 10.19, 6.72, 3.76, 0.00, 3.74, 6.27, 9.89, 12.75, 16.27, 19.25, 18.11, 20.79, 18.58, 15.05, 13.21, 10.61, 10.19, 10.14, 6.56, 6.36, 10.15, 10.43, 8.74, 11.49, 13.79, 15.20, 17.99, 20.46, 23.91, 27.41
 24.05, 25.35, 24.52, 26.87, 26.12, 29.18, 26.90, 23.31, 21.12, 19.86, 18.69, 18.24, 14.99, 14.99, 12.46, 13.86, 17.04, 17.42, 17.75, 16.90, 17.67, 15.65, 16.62, 15.69, 15.38, 15.94, 16.65, 12.98, 10.87, 7.56, 7.18, 9.00, 10.92, 14.16, 14.68, 14.48, 14.29, 11.71, 12.42, 11.39, 11.72, 9.92, 10.90, 12.25, 11.41, 13.90, 13.46, 16.67, 18.43, 21.91, 23.49, 21.31, 18.51, 16.94, 15.18, 11.95, 10.29, 6.86, 5.46, 4.04, 5.84, 5.91, 8.58, 9.86, 13.28, 14.55, 18.33, 18.67, 16.24, 13.42, 10.16, 7.28, 3.74, 0.00, 3.83, 6.74, 9.91, 13.33, 16.48, 15.84, 18.94, 17.31, 14.06, 12.50, 10.84, 10.25, 10.90, 7.61, 8.57, 12.20, 12.94, 11.99, 14.65, 16.76, 17.63, 20.09, 22.10, 25.75, 29.03
 23.27, 24.53, 23.20, 25.33, 24.34, 27.10, 24.50, 20.80, 18.95, 17.26, 16.35, 15.79, 12.76, 13.03, 10.38, 12.11, 15.26, 14.90, 15.12, 13.77, 14.56, 12.67, 13.99, 13.83, 13.66, 15.07, 15.53, 11.79, 10.76, 6.96, 4.95, 5.62, 7.11, 10.34, 11.11, 11.25, 11.79, 9.95, 11.78, 11.70, 12.12, 9.77, 11.11, 11.63, 10.81, 12.73, 11.99, 15.08, 16.48, 19.69, 21.08, 19.23, 16.57, 14.56, 13.16, 9.67, 8.48, 6.17, 5.57, 6.48, 8.47, 6.71, 8.91, 9.04, 12.40, 13.40, 17.18, 18.06, 16.27, 13.83, 11.09, 9.11, 6.27, 3.83, 0.00, 3.84, 6.54, 10.00, 13.04, 12.30, 15.28, 13.73, 10.53, 9.55, 8.76, 9.15, 11.09, 8.74, 9.06, 12.28, 14.08, 13.37, 15.25, 17.62, 17.82, 20.33, 21.90, 25.64, 28.74
 25.82, 26.76, 24.99, 26.67, 25.17, 27.69, 24.94, 21.15, 19.95, 18.18, 17.95, 17.55, 14.94, 15.43, 12.63, 14.05, 17.30, 16.30, 16.68, 14.73, 15.38, 13.46, 14.65, 15.10, 14.30, 15.93, 15.50, 11.74, 11.12, 7.59, 6.06, 4.44, 6.22, 8.48, 8.99, 10.16, 11.23, 10.43, 12.58, 12.40, 11.90, 8.72, 9.38, 8.82, 7.93, 9.49, 9.13, 12.42, 14.14, 17.30, 18.17, 16.13, 13.24, 10.90, 9.38, 5.86, 5.43, 4.50, 6.18, 8.65, 11.53, 9.96, 12.46, 12.40, 15.61, 16.32, 19.99, 21.26, 19.76, 17.51, 14.87, 12.94, 9.89, 6.74, 3.84, 0.00, 3.80, 6.68, 9.81, 9.72, 13.17, 12.52, 10.10, 9.65, 10.27, 10.48, 12.89, 11.22, 12.17, 14.95, 16.96, 16.78, 18.58, 20.70, 20.44, 22.57, 23.63, 27.45, 30.26
 26.98, 28.07, 26.02, 27.57, 26.00, 28.11, 25.02, 21.26, 20.42, 18.10, 17.92, 17.06, 14.69, 14.91, 11.96, 12.94, 16.08, 14.51, 15.26, 13.17, 14.29, 13.12, 14.95, 16.28, 15.88, 18.15, 17.63, 14.12, 14.27, 10.84, 8.53, 5.56, 4.93, 5.61, 5.24, 6.79, 8.51, 8.91, 11.78, 12.46, 12.18, 9.22, 10.54, 9.65, 9.74, 10.85, 10.84, 13.80, 15.19, 17.82, 18.13, 16.46, 13.68, 10.55, 9.12, 5.53, 5.18, 6.53, 7.86, 11.05, 13.73, 11.45, 13.66, 13.27, 16.30, 17.16, 20.59, 21.97, 21.07, 18.93, 16.88, 15.24, 12.75, 9.91, 6.54, 3.80, 0.00, 3.79, 7.33, 8.07, 11.24, 11.18, 9.21, 10.23, 11.77, 12.93, 15.86, 14.50, 14.83, 17.41, 19.86, 19.46, 20.77, 23.20, 22.74, 25.01, 25.89, 29.65, 32.35
 28.91, 29.68, 27.24, 28.33, 26.34, 28.11, 24.94, 21.24, 21.09, 18.78, 19.27, 18.69, 16.92, 17.51, 14.87, 15.86, 18.70, 16.56, 17.14, 14.53, 15.24, 14.12, 15.66, 17.51, 16.72, 19.18, 18.03, 14.89, 15.63, 12.75, 10.79, 7.17, 6.42, 4.98, 4.62, 7.84, 10.31, 11.79, 14.74, 15.47, 14.71, 11.55, 12.15, 10.16, 10.11, 10.07, 10.12, 12.51, 13.70, 15.83, 15.51, 14.04, 11.47, 7.94, 7.20, 4.81, 6.44, 9.09, 11.24, 14.59, 17.45, 15.24, 17.33, 16.61, 19.33, 19.78, 22.98, 24.76, 24.12, 22.28, 20.29, 18.87, 16.27, 13.33, 10.00, 6.68, 3.79, 0.00, 3.77, 5.85, 9.07, 10.25, 9.61, 11.13, 13.63, 14.71, 17.88, 17.13, 17.69, 19.82, 22.49, 22.51, 23.64, 25.85, 24.95, 26.91, 27.29, 31.03, 33.40
 29.49, 29.92, 27.11, 27.71, 25.38, 26.76, 23.56, 20.01, 20.54, 18.33, 19.49, 19.31, 18.24, 19.34, 17.21, 18.50, 20.91, 18.27, 18.38, 15.28, 15.37, 14.25, 15.39, 17.70, 16.69, 19.37, 17.80, 15.25, 16.72, 14.44, 12.63, 8.90, 8.07, 5.59, 6.38, 10.14, 13.19, 15.13, 18.28, 19.20, 18.40, 15.19, 15.42, 12.89, 12.35, 11.13, 10.60, 11.91, 12.34, 13.66, 12.90, 12.13, 10.35, 7.02, 7.98, 7.28, 9.89, 12.57, 14.92, 18.14, 20.94, 18.61, 20.36, 19.12, 21.40, 21.31, 24.22, 26.43, 26.08, 24.67, 22.81, 21.80, 19.25, 16.48, 13.04, 9.81, 7.33, 3.77, 0.00, 3.81, 6.42, 8.81, 9.62, 11.47, 14.68, 15.83, 19.21, 19.15, 19.71, 21.27, 24.21, 24.63, 25.43, 27.41, 26.03, 27.66, 27.54, 31.17, 33.19
 26.12, 26.35, 23.44, 23.94, 21.56, 23.00, 19.84, 16.26, 16.82, 14.82, 16.31, 16.64, 15.97, 17.73, 16.18, 18.19, 20.27, 17.54, 16.88, 13.44, 12.72, 11.09, 11.78, 14.17, 13.17, 16.06, 14.65, 12.41, 14.51, 12.53, 10.56, 7.12, 6.56, 5.07, 7.88, 11.35, 14.67, 16.13, 19.48, 20.51, 20.11, 16.87, 17.18, 14.87, 13.55, 12.12, 10.34, 11.08, 10.57, 11.80, 11.98, 11.82, 10.74, 8.39, 10.12, 9.09, 11.71, 13.47, 15.54, 18.23, 20.65, 18.18, 19.40, 17.59, 19.42, 18.76, 21.50, 24.04, 23.74, 22.77, 20.97, 20.49, 18.11, 15.84, 12.30, 9.72, 8.07, 5.85, 3.81, 0.00, 3.83, 5.40, 6.58, 8.20, 11.73, 13.04, 16.58, 17.08, 17.42, 18.46, 21.62, 22.31, 22.79, 24.57, 22.88, 24.36, 24.06, 27.61, 29.55
 25.64, 25.76, 22.55, 22.70, 20.25, 21.10, 17.75, 14.46, 15.65, 13.45, 15.40, 15.86, 16.03, 18.10, 17.20, 19.35, 20.81, 17.63, 16.52, 12.83, 11.60, 10.56, 11.23, 14.32, 13.79, 17.08, 15.86, 14.34, 17.05, 15.37, 13.12, 10.05, 8.69, 6.64, 9.63, 12.85, 16.51, 18.32, 21.92, 23.41, 23.34, 20.30, 20.87, 18.61, 17.37, 15.76, 13.77, 13.83, 12.43, 12.61, 12.75, 13.66, 13.45, 11.48, 13.62, 12.82, 15.29, 17.09, 18.82, 21.41, 23.51, 20.71, 21.39, 19.06, 20.27, 19.24, 21.42, 24.29, 24.52, 24.03, 22.70, 22.76, 20.79, 18.94, 15.28, 13.17, 11.24, 9.07, 6.42, 3.83, 0.00, 3.79, 6.87, 9.26, 13.04, 14.89, 18.55, 19.51, 19.34, 19.86, 23.32, 24.06, 23.95, 25.73, 23.68, 25.08, 24.44, 27.74, 29.41
 21.87, 22.11, 19.01, 19.45, 17.32, 18.45, 15.04, 11.54, 12.19, 9.82, 11.67, 12.38, 12.71, 15.20, 14.81, 17.49, 18.66, 15.64, 13.93, 10.17, 8.31, 6.82, 7.56, 10.81, 10.87, 14.44, 13.94, 12.47, 15.33, 13.61, 10.99, 8.65, 7.22, 6.66, 10.34, 12.87, 16.40, 17.62, 21.24, 22.85, 23.22, 20.35, 21.23, 19.46, 18.00, 16.82, 14.38, 14.66, 13.07, 13.68, 14.78, 15.58, 15.27, 13.55, 15.36, 13.84, 15.83, 16.86, 18.05, 20.12, 21.73, 18.81, 18.95, 16.23, 17.04, 15.67, 17.74, 20.73, 21.02, 20.81, 19.66, 20.18, 18.58, 17.31, 13.73, 12.52, 11.18, 10.25, 8.81, 5.40, 3.79, 0.00, 3.76, 6.24, 9.88, 12.23, 15.94, 17.06, 16.40, 16.63, 20.25, 20.91, 20.50, 22.31, 20.22, 21.79, 21.32, 24.59, 26.46
 19.99, 20.68, 18.03, 19.18, 17.58, 19.29, 15.99, 12.31, 11.76, 9.18, 9.92, 10.19, 9.66, 12.03, 11.45, 14.36, 15.74, 13.14, 11.51, 8.01, 6.66, 4.66, 6.43, 9.11, 9.72, 13.21, 13.41, 11.25, 13.54, 11.24, 8.03, 6.17, 4.45, 5.76, 9.40, 11.18, 14.32, 14.90, 18.39, 19.97, 20.67, 18.02, 19.24, 18.04, 16.71, 16.26, 13.96, 15.02, 14.07, 15.53, 16.98, 17.08, 16.11, 14.17, 15.20, 12.88, 14.14, 14.52, 15.15, 16.88, 18.20, 15.22, 15.21, 12.51, 13.53, 12.47, 14.98, 17.67, 17.68, 17.20, 16.00, 16.47, 15.05, 14.06, 10.53, 10.10, 9.21, 9.61, 9.62, 6.58, 6.87, 3.76, 0.00, 3.81, 6.91, 9.78, 13.51, 14.10, 13.11, 13.78, 17.35, 17.61, 17.34, 19.47, 17.82, 19.86, 20.01, 23.43, 25.76
 18.34, 18.69, 16.22, 17.44, 15.80, 18.11, 15.30, 11.51, 10.46, 8.96, 9.85, 11.06, 10.31, 13.07, 12.64, 15.88, 17.46, 15.47, 13.61, 10.54, 8.70, 5.30, 5.11, 6.38, 6.29, 9.54, 9.94, 7.69, 10.07, 8.22, 5.56, 5.29, 6.02, 8.61, 12.07, 13.81, 16.50, 16.35, 19.45, 20.48, 20.99, 18.20, 18.98, 17.84, 15.87, 15.36, 12.54, 13.43, 12.43, 14.34, 16.48, 16.35, 15.45, 14.25, 15.33, 13.13, 14.51, 14.09, 14.83, 15.94, 17.16, 14.72, 14.72, 12.09, 13.13, 11.57, 14.34, 17.09, 16.45, 16.08, 14.32, 14.88, 13.21, 12.50, 9.55, 9.65, 10.23, 11.13, 11.47, 8.20, 9.26, 6.24, 3.81, 0.00, 3.81, 6.12, 9.85, 10.92, 10.30, 10.61, 14.10, 14.90, 14.89, 16.56, 14.78, 16.56, 16.72, 20.31, 22.74
 15.95, 16.57, 14.73, 16.61, 15.62, 18.45, 16.06, 12.51, 10.34, 9.40, 9.23, 10.52, 9.18, 11.93, 11.79, 15.28, 16.78, 15.54, 13.57, 11.29, 9.70, 6.35, 5.97, 5.07, 5.79, 8.21, 9.85, 7.50, 8.96, 7.11, 4.65, 6.77, 8.03, 11.39, 14.40, 15.40, 17.46, 16.50, 19.17, 19.98, 20.81, 18.36, 19.28, 18.77, 16.76, 16.85, 14.11, 15.33, 14.67, 16.96, 19.46, 19.00, 17.89, 16.88, 17.47, 14.93, 15.63, 14.28, 14.33, 14.52, 15.08, 12.93, 12.45, 9.79, 10.63, 8.89, 11.97, 14.43, 13.25, 12.91, 10.94, 11.88, 10.61, 10.84, 8.76, 10.27, 11.77, 13.63, 14.68, 11.73, 13.04, 9.88, 6.91, 3.81, 0.00, 3.79, 7.07, 7.94, 6.67, 6.94, 10.46, 11.11, 11.15, 12.89, 11.47, 13.67, 14.52, 18.15, 21.02
 17.33, 17.43, 15.83, 17.48, 16.24, 19.44, 17.59, 14.18, 12.19, 12.23, 12.49, 14.14, 12.74, 15.24, 14.78, 18.04, 19.90, 18.96, 17.23, 15.03, 13.44, 9.92, 8.59, 6.56, 5.28, 5.97, 7.38, 4.64, 5.37, 4.55, 4.55, 7.62, 10.26, 13.63, 16.47, 17.77, 19.59, 18.35, 20.62, 20.75, 21.09, 18.44, 18.69, 18.07, 15.51, 15.46, 12.50, 13.55, 13.16, 15.85, 18.66, 17.83, 16.72, 16.40, 17.00, 14.85, 15.78, 13.97, 14.47, 14.26, 15.10, 13.82, 13.92, 12.00, 13.21, 11.55, 14.62, 16.82, 14.96, 14.44, 11.72, 12.15, 10.19, 10.25, 9.15, 10.48, 12.93, 14.71, 15.83, 13.04, 14.89, 12.23, 9.78, 6.12, 3.79, 0.00, 3.75, 5.47, 6.00, 6.06, 8.78, 10.42, 11.36, 12.21, 10.83, 12.36, 13.15, 16.97, 19.82
 17.28, 17.18, 16.24, 18.04, 17.15, 20.69, 19.44, 16.39, 14.09, 14.82, 14.82, 16.63, 15.12, 17.44, 17.10, 20.26, 22.11, 21.67, 19.96, 18.17, 16.62, 13.19, 11.59, 8.68, 7.33, 5.90, 7.92, 6.06, 5.00, 5.81, 7.41, 10.88, 13.73, 17.21, 19.84, 20.91, 22.34, 20.65, 22.43, 22.12, 22.42, 19.97, 19.95, 19.67, 16.92, 17.11, 14.26, 15.23, 15.08, 17.91, 20.95, 19.90, 18.81, 18.94, 19.33, 17.32, 17.99, 15.60, 15.88, 14.85, 15.26, 14.81, 14.82, 13.42, 14.45, 12.81, 15.68, 17.47, 14.99, 14.54, 11.48, 11.93, 10.14, 10.90, 11.09, 12.89, 15.86, 17.88, 19.21, 16.58, 18.55, 15.94, 13.51, 9.85, 7.07, 3.75, 0.00, 3.80, 5.44, 4.86, 6.03, 8.58, 10.15, 10.10, 9.13, 10.26, 11.55, 15.30, 18.35
 18.93, 19.48, 18.88, 21.09, 20.47, 23.94, 22.40, 19.19, 16.69, 16.75, 16.07, 17.07, 14.79, 16.33, 15.43, 18.17, 20.38, 20.42, 19.29, 17.97, 17.21, 14.19, 13.54, 11.10, 10.38, 9.62, 11.26, 8.54, 6.33, 5.31, 6.72, 10.43, 13.19, 16.87, 18.89, 19.47, 20.32, 18.17, 19.49, 18.91, 19.30, 17.18, 17.39, 17.73, 15.43, 16.45, 14.32, 16.16, 16.79, 19.99, 22.64, 21.10, 19.36, 19.01, 18.64, 16.18, 16.10, 13.19, 12.92, 11.38, 11.60, 11.59, 11.98, 11.42, 13.17, 12.53, 15.85, 16.92, 14.08, 12.74, 9.20, 8.71, 6.56, 7.61, 8.74, 11.22, 14.50, 17.13, 19.15, 17.08, 19.51, 17.06, 14.10, 10.92, 7.94, 5.47, 3.80, 0.00, 3.82, 5.90, 6.19, 7.24, 9.88, 10.66, 10.95, 12.82, 14.78, 18.40, 21.67
 15.94, 17.04, 16.65, 19.32, 19.22, 22.58, 20.89, 17.81, 14.84, 14.58, 13.22, 13.95, 11.60, 13.16, 12.86, 15.88, 17.58, 17.78, 16.37, 15.46, 14.80, 12.18, 12.01, 9.58, 10.21, 10.27, 12.74, 10.34, 9.32, 7.74, 7.22, 10.84, 12.65, 16.42, 18.55, 18.64, 19.51, 17.31, 18.83, 18.89, 19.98, 18.24, 19.18, 19.75, 17.88, 19.00, 16.83, 18.66, 18.87, 21.77, 24.42, 23.27, 21.64, 20.85, 20.54, 17.69, 17.33, 14.62, 13.63, 12.04, 11.40, 10.56, 9.77, 8.46, 9.59, 8.83, 12.13, 13.10, 10.35, 9.26, 6.09, 6.94, 6.36, 8.57, 9.06, 12.17, 14.83, 17.69, 19.71, 17.42, 19.34, 16.40, 13.11, 10.30, 6.67, 6.00, 5.44, 3.82, 0.00, 3.80, 5.30, 4.96, 6.75, 8.58, 9.10, 11.90, 14.27, 17.72, 21.21
 13.06, 13.65, 13.33, 15.94, 16.02, 19.53, 18.27, 15.55, 12.40, 13.00, 12.01, 13.66, 12.26, 14.60, 15.13, 18.50, 19.68, 19.57, 17.49, 16.34, 14.85, 11.96, 10.83, 7.58, 8.43, 7.97, 11.21, 9.91, 9.73, 9.42, 9.21, 12.70, 14.48, 18.09, 20.74, 21.16, 22.45, 20.55, 22.35, 22.60, 23.67, 21.74, 22.50, 22.68, 20.45, 20.99, 18.29, 19.43, 18.97, 21.46, 24.49, 23.80, 22.74, 22.37, 22.64, 20.12, 20.29, 17.85, 17.21, 15.81, 15.17, 14.22, 12.99, 10.97, 10.92, 8.84, 11.31, 12.94, 10.46, 10.72, 8.42, 10.33, 10.15, 12.20, 12.28, 14.95, 17.41, 19.82, 21.27, 18.46, 19.86, 16.63, 13.78, 10.61, 6.94, 6.06, 4.86, 5.90, 3.80, 0.00, 3.82, 5.38, 5.57, 6.22, 5.56, 8.25, 10.56, 13.97, 17.47
 14.62, 15.13, 15.58, 18.24, 18.59, 22.25, 21.43, 18.95, 15.79, 16.70, 15.58, 17.08, 15.43, 17.29, 17.64, 20.69, 21.99, 22.40, 20.58, 19.78, 18.55, 15.75, 14.60, 11.22, 11.55, 10.04, 13.12, 11.99, 10.76, 11.00, 11.72, 15.44, 17.57, 21.28, 23.65, 23.91, 24.80, 22.49, 23.76, 23.53, 24.51, 22.83, 23.36, 23.89, 21.61, 22.44, 19.96, 21.21, 21.10, 23.81, 26.92, 25.92, 24.72, 24.60, 24.60, 22.14, 22.04, 19.14, 18.31, 16.23, 15.20, 15.17, 14.08, 12.92, 13.02, 11.50, 13.73, 14.57, 11.45, 11.46, 8.85, 10.38, 10.43, 12.94, 14.08, 16.96, 19.86, 22.49, 24.21, 21.62, 23.32, 20.25, 17.35, 14.10, 10.46, 8.78, 6.03, 6.19, 5.30, 3.82, 0.00, 3.78, 5.53, 4.71, 5.81, 7.96, 11.00, 14.03, 17.67
 14.77, 16.18, 16.93, 20.04, 20.75, 24.24, 23.08, 20.53, 17.12, 17.34, 15.44, 16.13, 13.96, 15.12, 15.46, 18.22, 19.39, 20.32, 18.82, 18.67, 18.08, 15.86, 15.58, 12.67, 13.75, 13.05, 16.10, 14.40, 13.07, 12.26, 12.17, 15.77, 17.35, 21.10, 23.08, 22.74, 23.20, 20.58, 21.55, 21.49, 22.94, 21.76, 22.82, 23.86, 22.11, 23.47, 21.41, 23.15, 23.32, 26.16, 29.02, 27.89, 26.33, 25.70, 25.27, 22.38, 21.68, 18.65, 17.10, 14.68, 12.91, 12.83, 11.20, 10.41, 10.46, 9.81, 12.15, 12.13, 8.62, 8.06, 5.52, 7.50, 8.74, 11.99, 13.37, 16.78, 19.46, 22.51, 24.63, 22.31, 24.06, 20.91, 17.61, 14.90, 11.11, 10.42, 8.58, 7.24, 4.96, 5.38, 3.78, 0.00, 3.80, 5.25, 7.73, 10.78, 14.08, 16.87, 20.63
 11.11, 12.89, 13.93, 17.33, 18.55, 21.86, 20.79, 18.61, 14.94, 15.27, 13.06, 13.93, 12.40, 13.95, 15.21, 18.28, 18.74, 19.50, 17.45, 17.46, 16.55, 14.66, 14.35, 11.47, 13.42, 13.17, 16.64, 15.47, 15.02, 14.27, 13.51, 16.85, 17.87, 21.46, 23.73, 23.34, 24.10, 21.76, 23.11, 23.61, 25.37, 24.18, 25.52, 26.36, 24.62, 25.70, 23.34, 24.80, 24.45, 26.90, 29.87, 29.19, 27.94, 27.23, 27.14, 24.21, 23.71, 21.03, 19.46, 17.40, 15.55, 14.72, 12.32, 10.54, 9.25, 7.66, 9.09, 9.32, 6.20, 7.33, 6.49, 9.75, 11.49, 14.65, 15.25, 18.58, 20.77, 23.64, 25.43, 22.79, 23.95, 20.50, 17.34, 14.89, 11.15, 11.36, 10.15, 9.88, 6.75, 5.57, 5.53, 3.80, 0.00, 3.76, 5.88, 9.52, 12.83, 15.26, 19.02
 11.10, 11.95, 13.40, 16.52, 17.81, 21.33, 20.87, 19.04, 15.49, 16.69, 15.10, 16.68, 15.61, 17.53, 18.78, 21.92, 22.46, 23.06, 20.83, 20.51, 19.11, 16.81, 15.70, 12.30, 13.65, 12.45, 16.04, 15.57, 15.04, 15.23, 15.27, 18.80, 20.31, 23.91, 26.42, 26.39, 27.31, 25.01, 26.34, 26.54, 27.99, 26.59, 27.50, 28.15, 26.02, 26.81, 24.20, 25.26, 24.72, 27.07, 30.31, 29.70, 28.74, 28.52, 28.68, 26.08, 25.90, 23.13, 21.93, 19.77, 18.14, 17.76, 15.74, 14.12, 12.95, 10.94, 11.89, 12.46, 9.60, 10.98, 9.84, 12.58, 13.79, 16.76, 17.62, 20.70, 23.20, 25.85, 27.41, 24.57, 25.73, 22.31, 19.47, 16.56, 12.89, 12.21, 10.10, 10.66, 8.58, 6.22, 4.71, 5.25, 3.76, 0.00, 3.75, 6.60, 10.27, 12.36, 16.17
 9.48, 9.43, 10.26, 13.08, 14.14, 17.73, 17.43, 15.73, 12.34, 14.09, 13.19, 15.50, 15.12, 17.73, 19.18, 22.64, 23.11, 23.10, 20.47, 19.59, 17.57, 14.97, 13.21, 9.62, 10.92, 9.71, 13.46, 13.65, 13.93, 14.56, 14.56, 17.84, 19.37, 22.77, 25.67, 26.08, 27.50, 25.63, 27.43, 27.82, 29.08, 27.27, 28.01, 28.16, 25.76, 26.03, 23.04, 23.61, 22.59, 24.57, 27.94, 27.71, 27.16, 27.16, 27.80, 25.47, 25.81, 23.41, 22.70, 21.07, 19.98, 19.16, 17.30, 15.05, 13.76, 10.92, 11.66, 13.32, 11.21, 12.98, 11.84, 14.59, 15.20, 17.63, 17.82, 20.44, 22.74, 24.95, 26.03, 22.88, 23.68, 20.22, 17.82, 14.78, 11.47, 10.83, 9.13, 10.95, 9.10, 5.56, 5.81, 7.73, 5.88, 3.75, 0.00, 3.78, 6.98, 9.47, 13.22
 11.05, 9.67, 10.43, 12.40, 13.22, 16.91, 17.33, 16.06, 13.18, 15.72, 15.59, 18.39, 18.37, 21.22, 22.61, 26.14, 26.69, 26.46, 23.72, 22.50, 20.09, 17.22, 14.78, 11.10, 11.52, 9.38, 12.87, 14.01, 14.45, 15.98, 16.61, 19.81, 21.69, 24.96, 28.06, 28.84, 30.47, 28.74, 30.59, 30.78, 31.74, 29.70, 30.04, 29.90, 27.15, 27.03, 23.80, 23.84, 22.54, 24.25, 27.83, 27.78, 27.64, 28.14, 29.11, 27.17, 27.90, 25.57, 25.27, 23.72, 22.92, 22.33, 20.78, 18.59, 17.45, 14.47, 15.02, 16.90, 14.94, 16.72, 15.37, 17.81, 17.99, 20.09, 20.33, 22.57, 25.01, 26.91, 27.66, 24.36, 25.08, 21.79, 19.86, 16.56, 13.67, 12.36, 10.26, 12.82, 11.90, 8.25, 7.96, 10.78, 9.52, 6.60, 3.78, 0.00, 3.78, 6.12, 9.85
 12.21, 9.78, 9.61, 10.42, 10.65, 14.31, 15.22, 14.35, 12.16, 15.31, 16.06, 19.35, 19.86, 23.08, 24.50, 28.16, 28.71, 28.02, 25.08, 23.39, 20.53, 17.49, 14.47, 11.06, 10.89, 8.61, 11.61, 13.72, 14.87, 16.89, 17.64, 20.44, 22.36, 25.32, 28.68, 29.88, 31.88, 30.52, 32.66, 32.93, 33.67, 31.31, 31.42, 30.83, 27.85, 27.20, 23.69, 23.15, 21.34, 22.55, 26.25, 26.60, 26.96, 27.80, 29.24, 27.69, 28.91, 26.92, 27.08, 25.93, 25.55, 24.76, 23.41, 20.95, 19.85, 16.57, 16.98, 19.41, 17.89, 19.77, 18.39, 20.71, 20.46, 22.10, 21.90, 23.63, 25.89, 27.29, 27.54, 24.06, 24.44, 21.32, 20.01, 16.72, 14.52, 13.15, 11.55, 14.78, 14.27, 10.56, 11.00, 14.08, 12.83, 10.27, 6.98, 3.78, 0.00, 3.84, 6.96
 12.59, 9.56, 10.19, 10.51, 11.46, 14.65, 16.39, 16.36, 14.38, 17.78, 18.50, 21.85, 22.70, 25.91, 27.65, 31.31, 31.58, 30.96, 27.85, 26.33, 23.36, 20.59, 17.58, 14.38, 14.48, 12.34, 15.09, 17.47, 18.62, 20.72, 21.44, 24.21, 26.00, 28.88, 32.29, 33.43, 35.45, 34.07, 36.19, 36.52, 37.36, 35.08, 35.22, 34.66, 31.66, 30.95, 27.41, 26.69, 24.72, 25.64, 29.37, 29.94, 30.51, 31.47, 33.02, 31.51, 32.74, 30.73, 30.79, 29.52, 28.93, 28.18, 26.58, 24.08, 22.60, 19.22, 19.02, 21.31, 20.02, 22.30, 21.30, 23.86, 23.91, 25.75, 25.64, 27.45, 29.65, 31.03, 31.17, 27.61, 27.74, 24.59, 23.43, 20.31, 18.15, 16.97, 15.30, 18.40, 17.72, 13.97, 14.03, 16.87, 15.26, 12.36, 9.47, 6.12, 3.84, 0.00, 3.80
 15.20, 11.71, 11.93, 11.06, 11.66, 14.25, 16.71, 17.34, 16.08, 19.75, 20.97, 24.51, 25.71, 29.08, 30.87, 34.59, 34.80, 33.94, 30.71, 28.98, 25.76, 23.02, 19.76, 16.91, 16.70, 14.60, 16.75, 19.66, 21.12, 23.50, 24.31, 26.83, 28.62, 31.26, 34.80, 36.20, 38.42, 37.25, 39.52, 39.87, 40.58, 38.13, 38.10, 37.28, 34.13, 33.08, 29.41, 28.24, 25.95, 26.39, 30.13, 31.04, 32.03, 33.28, 35.14, 33.94, 35.46, 33.65, 33.97, 32.88, 32.48, 31.67, 30.16, 27.55, 26.05, 22.55, 22.17, 24.65, 23.61, 25.98, 25.00, 27.52, 27.41, 29.03, 28.74, 30.26, 32.35, 33.40, 33.19, 29.55, 29.41, 26.46, 25.76, 22.74, 21.02, 19.82, 18.35, 21.67, 21.21, 17.47, 17.67, 20.63, 19.02, 16.17, 13.22, 9.85, 6.96, 3.80, 0.00
