 0.00, 3.82, 5.92, 9.23, 11.08, 8.99, 8.94, 12.57, 13.55, 12.01, 13.07, 15.39, 15.20, 12.27, 9.78, 12.16, 15.12, 13.57, 14.25, 17.90, 18.98, 20.55, 18.55, 19.91, 18.88, 15.29, 14.97, 16.96, 15.25, 12.15, 13.84, 15.57, 12.54, 8.79, 9.11, 9.29
 3.82, 0.00, 3.81, 6.38, 7.78, 5.46, 5.18, 8.78, 9.81, 8.55, 9.86, 11.90, 12.07, 9.62, 7.97, 11.07, 13.36, 11.73, 13.38, 16.68, 17.59, 19.66, 18.28, 19.43, 17.71, 14.44, 14.68, 15.92, 13.48, 11.01, 13.09, 13.89, 10.40, 6.67, 8.46, 8.31
 5.92, 3.81, 0.00, 3.83, 5.63, 5.29, 6.01, 8.53, 10.35, 10.40, 11.76, 12.73, 12.41, 9.81, 9.23, 11.66, 14.07, 13.39, 15.25, 18.26, 19.71, 22.19, 21.13, 22.60, 20.67, 17.47, 18.15, 19.34, 16.61, 14.54, 16.79, 17.27, 13.62, 10.09, 12.18, 11.49
 9.23, 6.38, 3.83, 0.00, 3.84, 5.59, 5.16, 6.19, 9.12, 9.83, 10.57, 10.42, 9.67, 7.45, 8.36, 10.51, 12.21, 12.16, 14.60, 16.99, 18.63, 21.59, 21.19, 22.77, 20.37, 17.54, 18.94, 19.73, 16.56, 15.31, 18.03, 17.82, 14.19, 11.15, 14.09, 13.70
 11.08, 7.78, 5.63, 3.84, 0.00, 3.84, 5.47, 5.03, 6.87, 8.89, 10.74, 10.36, 10.84, 9.84, 11.17, 13.82, 14.95, 14.44, 17.34, 19.57, 20.70, 23.68, 23.41, 24.48, 21.84, 19.32, 20.46, 20.66, 17.29, 16.24, 18.46, 17.75, 13.98, 11.45, 14.41, 13.16
 8.99, 5.46, 5.29, 5.59, 3.84, 0.00, 3.82, 5.28, 5.48, 6.39, 9.04, 9.99, 11.24, 10.22, 10.50, 13.83, 15.07, 13.62, 16.38, 18.99, 19.58, 22.15, 21.50, 22.18, 19.76, 17.16, 17.73, 17.88, 14.73, 13.27, 15.07, 14.55, 10.73, 8.12, 10.81, 9.33
 8.94, 5.18, 6.01, 5.16, 5.47, 3.82, 0.00, 3.79, 5.50, 4.81, 5.93, 7.04, 7.83, 6.72, 7.03, 10.52, 11.40, 9.84, 12.76, 15.21, 15.83, 18.56, 18.16, 19.05, 16.46, 13.92, 15.05, 15.23, 11.91, 10.88, 13.43, 12.80, 9.15, 6.57, 10.02, 9.95
 12.57, 8.78, 8.53, 6.19, 5.03, 5.28, 3.79, 0.00, 3.84, 5.38, 6.35, 5.41, 6.79, 7.28, 9.25, 12.25, 12.22, 11.20, 14.67, 16.36, 16.92, 20.03, 20.29, 21.04, 17.99, 16.05, 17.61, 17.18, 13.51, 13.41, 15.91, 14.46, 11.01, 9.46, 13.10, 12.70
 13.55, 9.81, 10.35, 9.12, 6.87, 5.48, 5.50, 3.84, 0.00, 3.82, 6.64, 6.75, 9.56, 10.53, 11.83, 15.26, 15.13, 13.35, 16.79, 18.58, 18.43, 21.18, 21.28, 21.37, 18.35, 16.70, 17.65, 16.66, 13.09, 13.00, 14.70, 12.83, 9.44, 8.76, 12.02, 10.97
 12.01, 8.55, 10.40, 9.83, 8.89, 6.39, 4.81, 5.38, 3.82, 0.00, 3.83, 6.05, 8.85, 9.48, 9.79, 13.48, 13.37, 10.84, 14.02, 16.04, 15.52, 17.92, 17.77, 17.70, 14.84, 13.10, 13.86, 12.90, 9.41, 9.20, 11.04, 9.30, 5.84, 5.39, 8.87, 8.79
 13.07, 9.86, 11.76, 10.57, 10.74, 9.04, 5.93, 6.35, 6.64, 3.83, 0.00, 3.81, 6.15, 7.30, 7.77, 11.10, 10.24, 7.54, 10.96, 12.50, 11.89, 14.55, 14.89, 15.07, 11.89, 10.42, 12.07, 11.09, 7.31, 8.14, 10.92, 9.09, 6.47, 6.44, 10.06, 11.28
 15.39, 11.90, 12.73, 10.42, 10.36, 9.99, 7.04, 5.41, 6.75, 6.05, 3.81, 0.00, 3.82, 6.66, 8.88, 11.49, 9.90, 8.46, 12.26, 12.98, 12.85, 16.09, 17.13, 17.61, 14.14, 13.10, 15.35, 14.27, 10.47, 11.82, 14.68, 12.56, 10.13, 9.99, 13.73, 14.54
 15.20, 12.07, 12.41, 9.67, 10.84, 11.24, 7.83, 6.79, 9.56, 8.85, 6.15, 3.82, 0.00, 3.83, 6.97, 8.56, 6.67, 6.54, 10.20, 10.63, 11.51, 15.12, 16.31, 17.59, 14.30, 12.94, 15.76, 15.40, 11.87, 12.98, 16.38, 14.88, 12.50, 11.59, 15.27, 16.50
 12.27, 9.62, 9.81, 7.45, 9.84, 10.22, 6.72, 7.28, 10.53, 9.48, 7.30, 6.66, 3.83, 0.00, 3.80, 5.36, 5.15, 5.49, 8.50, 9.97, 11.70, 15.07, 15.53, 17.38, 14.63, 12.38, 14.98, 15.54, 12.35, 12.42, 16.00, 15.39, 12.69, 10.73, 14.15, 15.51
 9.78, 7.97, 9.23, 8.36, 11.17, 10.50, 7.03, 9.25, 11.83, 9.79, 7.77, 8.88, 6.97, 3.80, 0.00, 3.82, 5.46, 4.39, 6.26, 9.03, 10.70, 13.44, 13.06, 15.09, 12.94, 9.98, 12.19, 13.49, 10.86, 10.06, 13.69, 13.92, 11.41, 8.98, 11.79, 13.73
 12.16, 11.07, 11.66, 10.51, 13.82, 13.83, 10.52, 12.25, 15.26, 13.48, 11.10, 11.49, 8.56, 5.36, 3.82, 0.00, 3.82, 5.27, 5.46, 7.59, 10.46, 13.22, 13.11, 15.89, 14.06, 11.31, 13.97, 15.68, 13.49, 12.97, 16.69, 17.10, 14.97, 12.68, 15.18, 17.33
 15.12, 13.36, 14.07, 12.21, 14.95, 15.07, 11.40, 12.22, 15.13, 13.37, 10.24, 9.90, 6.67, 5.15, 5.46, 3.82, 0.00, 3.82, 5.16, 5.36, 8.13, 11.54, 12.51, 15.03, 12.62, 10.77, 14.10, 15.05, 12.62, 13.22, 17.03, 16.73, 15.00, 13.55, 16.43, 18.70
 13.57, 11.73, 13.39, 12.16, 14.44, 13.62, 9.84, 11.20, 13.35, 10.84, 7.54, 8.46, 6.54, 5.49, 4.39, 5.27, 3.82, 0.00, 3.82, 5.40, 6.48, 9.62, 10.15, 12.10, 9.51, 7.39, 10.60, 11.34, 8.85, 9.47, 13.27, 12.97, 11.47, 10.39, 13.12, 15.68
 14.25, 13.38, 15.25, 14.60, 17.34, 16.38, 12.76, 14.67, 16.79, 14.02, 10.96, 12.26, 10.20, 8.50, 6.26, 5.46, 5.16, 3.82, 0.00, 3.83, 5.72, 7.88, 7.74, 10.63, 9.10, 6.64, 9.81, 11.57, 10.24, 10.34, 13.98, 14.52, 13.56, 12.34, 14.25, 17.30
 17.90, 16.68, 18.26, 16.99, 19.57, 18.99, 15.21, 16.36, 18.58, 16.04, 12.50, 12.98, 10.63, 9.97, 9.03, 7.59, 5.36, 5.40, 3.83, 0.00, 3.82, 6.69, 8.30, 11.11, 9.26, 8.31, 11.98, 13.01, 11.74, 12.91, 16.46, 16.40, 15.86, 15.25, 17.41, 20.44
 18.98, 17.59, 19.71, 18.63, 20.70, 19.58, 15.83, 16.92, 18.43, 15.52, 11.89, 12.85, 11.51, 11.70, 10.70, 10.46, 8.13, 6.48, 5.72, 3.82, 0.00, 3.82, 6.42, 8.20, 5.88, 6.27, 9.99, 10.23, 9.38, 11.35, 14.52, 14.12, 14.37, 14.65, 16.55, 19.78
 20.55, 19.66, 22.19, 21.59, 23.68, 22.15, 18.56, 20.03, 21.18, 17.92, 14.55, 16.09, 15.12, 15.07, 13.44, 13.22, 11.54, 9.62, 7.88, 6.69, 3.82, 0.00, 3.83, 5.39, 4.77, 6.12, 9.00, 9.52, 10.16, 11.89, 14.41, 14.54, 15.60, 16.19, 17.31, 20.87
 18.55, 18.28, 21.13, 21.19, 23.41, 21.50, 18.16, 20.29, 21.28, 17.77, 14.89, 17.13, 16.31, 15.53, 13.06, 13.11, 12.51, 10.15, 7.74, 8.30, 6.42, 3.83, 0.00, 3.81, 5.20, 4.75, 6.48, 8.35, 9.79, 10.33, 12.54, 13.64, 14.71, 14.94, 15.35, 19.10
 19.91, 19.43, 22.60, 22.77, 24.48, 22.18, 19.05, 21.04, 21.37, 17.70, 15.07, 17.61, 17.59, 17.38, 15.09, 15.89, 15.03, 12.10, 10.63, 11.11, 8.20, 5.39, 3.81, 0.00, 3.79, 5.23, 5.54, 6.06, 8.62, 9.69, 10.96, 11.78, 13.77, 14.90, 14.91, 18.64
 18.88, 17.71, 20.67, 20.37, 21.84, 19.76, 16.46, 17.99, 18.35, 14.84, 11.89, 14.14, 14.30, 14.63, 12.94, 14.06, 12.62, 9.51, 9.10, 9.26, 5.88, 4.77, 5.20, 3.79, 0.00, 3.80, 5.90, 5.00, 5.97, 8.22, 10.25, 10.00, 11.61, 12.97, 13.85, 17.32
 15.29, 14.44, 17.47, 17.54, 19.32, 17.16, 13.92, 16.05, 16.70, 13.10, 10.42, 13.10, 12.94, 12.38, 9.98, 11.31, 10.77, 7.39, 6.64, 8.31, 6.27, 6.12, 4.75, 5.23, 3.80, 0.00, 3.81, 5.11, 5.33, 5.89, 8.71, 9.40, 10.04, 10.39, 11.21, 14.82
 14.97, 14.68, 18.15, 18.94, 20.46, 17.73, 15.05, 17.61, 17.65, 13.86, 12.07, 15.35, 15.76, 14.98, 12.19, 13.97, 14.10, 10.60, 9.81, 11.98, 9.99, 9.00, 6.48, 5.54, 5.90, 3.81, 0.00, 3.82, 5.93, 4.87, 6.18, 8.13, 9.44, 10.04, 9.51, 13.32
 16.96, 15.92, 19.34, 19.73, 20.66, 17.88, 15.23, 17.18, 16.66, 12.90, 11.09, 14.27, 15.40, 15.54, 13.49, 15.68, 15.05, 11.34, 11.57, 13.01, 10.23, 9.52, 8.35, 6.06, 5.00, 5.11, 3.82, 0.00, 3.82, 4.98, 5.55, 5.73, 8.17, 10.15, 10.07, 13.48
 15.25, 13.48, 16.61, 16.56, 17.29, 14.73, 11.91, 13.51, 13.09, 9.41, 7.31, 10.47, 11.87, 12.35, 10.86, 13.49, 12.62, 8.85, 10.24, 11.74, 9.38, 10.16, 9.79, 8.62, 5.97, 5.33, 5.93, 3.82, 0.00, 3.82, 6.08, 4.75, 5.71, 7.70, 8.98, 11.96
 12.15, 11.01, 14.54, 15.31, 16.24, 13.27, 10.88, 13.41, 13.00, 9.20, 8.14, 11.82, 12.98, 12.42, 10.06, 12.97, 13.22, 9.47, 10.34, 12.91, 11.35, 11.89, 10.33, 9.69, 8.22, 5.89, 4.87, 4.98, 3.82, 0.00, 3.81, 4.92, 4.74, 5.37, 5.64, 9.14
 13.84, 13.09, 16.79, 18.03, 18.46, 15.07, 13.43, 15.91, 14.70, 11.04, 10.92, 14.68, 16.38, 16.00, 13.69, 16.69, 17.03, 13.27, 13.98, 16.46, 14.52, 14.41, 12.54, 10.96, 10.25, 8.71, 6.18, 5.55, 6.08, 3.81, 0.00, 3.81, 5.35, 7.04, 5.37, 8.53
 15.57, 13.89, 17.27, 17.82, 17.75, 14.55, 12.80, 14.46, 12.83, 9.30, 9.09, 12.56, 14.88, 15.39, 13.92, 17.10, 16.73, 12.97, 14.52, 16.40, 14.12, 14.54, 13.64, 11.78, 10.00, 9.40, 8.13, 5.73, 4.75, 4.92, 3.81, 0.00, 3.82, 7.23, 7.22, 9.46
 12.54, 10.40, 13.62, 14.19, 13.98, 10.73, 9.15, 11.01, 9.44, 5.84, 6.47, 10.13, 12.50, 12.69, 11.41, 14.97, 15.00, 11.47, 13.56, 15.86, 14.37, 15.60, 14.71, 13.77, 11.61, 10.04, 9.44, 8.17, 5.71, 4.74, 5.35, 3.82, 0.00, 3.80, 5.21, 6.86
 8.79, 6.67, 10.09, 11.15, 11.45, 8.12, 6.57, 9.46, 8.76, 5.39, 6.44, 9.99, 11.59, 10.73, 8.98, 12.68, 13.55, 10.39, 12.34, 15.25, 14.65, 16.19, 14.94, 14.90, 12.97, 10.39, 10.04, 10.15, 7.70, 5.37, 7.04, 7.23, 3.80, 0.00, 3.81, 5.39
 9.11, 8.46, 12.18, 14.09, 14.41, 10.81, 10.02, 13.10, 12.02, 8.87, 10.06, 13.73, 15.27, 14.15, 11.79, 15.18, 16.43, 13.12, 14.25, 17.41, 16.55, 17.31, 15.35, 14.91, 13.85, 11.21, 9.51, 10.07, 8.98, 5.64, 5.37, 7.22, 5.21, 3.81, 0.00, 3.84
 9.29, 8.31, 11.49, 13.70, 13.16, 9.33, 9.95, 12.70, 10.97, 8.79, 11.28, 14.54, 16.50, 15.51, 13.73, 17.33, 18.70, 15.68, 17.30, 20.44, 19.78, 20.87, 19.10, 18.64, 17.32, 14.82, 13.32, 13.48, 11.96, 9.14, 8.53, 9.46, 6.86, 5.39, 3.84, 0.00
